perl: warning: Setting locale failed.
perl: warning: Please check that your locale settings:
	LANGUAGE = (unset),
	LC_ALL = (unset),
	LANG = "en_US.UTF-8"
    are supported and installed on your system.
perl: warning: Falling back to the standard locale ("C").
DO
ALTER ROLE
Running as user 'root' is a security risk.
2026-10-08 05:51:40,752 54 WARNING ? odoo.tools.config: option addons_path, invalid addons directory '/mnt/extra-addons', skipped 
2026-10-08 05:51:40,752 54 WARNING ? odoo.tools.config: option addons_path, invalid addons directory '/mnt/extra-addons', skipped 
2026-10-08 05:51:40,753 54 WARNING ? odoo.tools.config: missing --http-interface/http_interface, using 0.0.0.0 by default, will change to 127.0.0.1 in 20.0 
2026-10-08 05:51:40,753 54 INFO ? odoo: Odoo version 19.0-20260926 
2026-10-08 05:51:40,754 54 INFO ? odoo: Using configuration file at /etc/odoo/odoo.conf 
2026-10-08 05:51:40,754 54 INFO ? odoo: addons paths: _NamespacePath(['/usr/lib/python3/dist-packages/odoo/addons', '/root/.local/share/Odoo/addons/19.0', '/usr/lib/python3/dist-packages/addons']) 
2026-10-08 05:51:40,754 54 INFO ? odoo: database: odoo@127.0.0.1:5432 
2026-10-08 05:51:41,231 54 INFO ? odoo.service.server: HTTP service (werkzeug) running on 4018ec6bbb63:8069 
2026-10-08 05:51:42,334 54 INFO ? werkzeug: 127.0.0.1 - - [08/Oct/2026 05:51:42] "GET /web/database/selector HTTP/1.1" 200 - 2 0.018 0.046
2026-10-08 05:51:42,632 54 INFO None odoo.service.db: Create database `bench`. 
2026-10-08 05:51:44,680 54 INFO None odoo.modules.loading: Initializing database bench 
2026-10-08 05:51:45,886 54 INFO None odoo.modules.loading: loading 1 modules... 
2026-10-08 05:51:45,887 54 INFO None odoo.modules.loading: Loading module base (1/1) 
2026-10-08 05:51:45,903 54 INFO None odoo.registry: module base: creating or updating database tables 
2026-10-08 05:51:46,078 54 INFO None odoo.models: Prepare computation of ir.module.module.menus_by_module 
2026-10-08 05:51:46,078 54 INFO None odoo.models: Prepare computation of ir.module.module.reports_by_module 
2026-10-08 05:51:46,078 54 INFO None odoo.models: Prepare computation of ir.module.module.views_by_module 
2026-10-08 05:51:46,131 54 INFO None odoo.models: Prepare computation of res.partner.user_id 
2026-10-08 05:51:46,131 54 INFO None odoo.models: Prepare computation of res.partner.commercial_partner_id 
2026-10-08 05:51:46,131 54 INFO None odoo.models: Prepare computation of res.partner.complete_name 
2026-10-08 05:51:46,131 54 INFO None odoo.models: Prepare computation of res.partner.lang 
2026-10-08 05:51:46,131 54 INFO None odoo.models: Prepare computation of res.partner.company_registry 
2026-10-08 05:51:46,131 54 INFO None odoo.models: Prepare computation of res.partner.commercial_company_name 
2026-10-08 05:51:46,131 54 INFO None odoo.models: Prepare computation of res.partner.properties 
2026-10-08 05:51:46,131 54 INFO None odoo.models: Prepare computation of res.partner.partner_share 
2026-10-08 05:51:46,147 54 INFO None odoo.models: Prepare computation of res.currency.decimal_places 
2026-10-08 05:51:46,160 54 INFO None odoo.models: Prepare computation of res.company.uses_default_logo 
2026-10-08 05:51:46,161 54 INFO None odoo.models: Prepare computation of res.company.logo_web 
2026-10-08 05:51:46,162 54 INFO None odoo.models: Computing parent_path for table res_company... 
2026-10-08 05:51:46,179 54 INFO None odoo.models: Prepare computation of res.users.signature 
2026-10-08 05:51:46,180 54 INFO None odoo.models: Prepare computation of res.users.share 
2026-10-08 05:51:47,185 54 INFO None odoo.modules.loading: loading base/data/res_bank.xml 
2026-10-08 05:51:47,189 54 INFO None odoo.modules.loading: loading base/data/res.lang.csv 
2026-10-08 05:51:47,214 54 INFO None odoo.modules.loading: loading base/data/res_lang_data.xml 
2026-10-08 05:51:47,246 54 INFO None odoo.modules.loading: loading base/data/res_partner_data.xml 
2026-10-08 05:51:47,285 54 INFO None odoo.modules.loading: loading base/data/res_currency_data.xml 
2026-10-08 05:51:47,692 54 INFO None odoo.modules.loading: loading base/data/res_company_data.xml 
2026-10-08 05:51:47,699 54 INFO None odoo.modules.loading: loading base/data/res_users_data.xml 
2026-10-08 05:51:48,273 54 INFO None odoo.modules.loading: loading base/data/report_paperformat_data.xml 
2026-10-08 05:51:48,280 54 INFO None odoo.modules.loading: loading base/data/res_country_data.xml 
2026-10-08 05:51:48,720 54 INFO None odoo.modules.loading: loading base/data/ir_demo_data.xml 
2026-10-08 05:51:48,733 54 INFO None odoo.modules.loading: loading base/security/base_groups.xml 
2026-10-08 05:51:48,877 54 INFO None odoo.modules.loading: loading base/security/base_security.xml 
2026-10-08 05:51:49,021 54 INFO None odoo.modules.loading: loading base/wizard/wizard_ir_model_menu_create_views.xml 
2026-10-08 05:51:49,031 54 INFO None odoo.modules.loading: loading base/views/base_menus.xml 
2026-10-08 05:51:49,086 54 INFO None odoo.modules.loading: loading base/views/decimal_precision_views.xml 
2026-10-08 05:51:49,101 54 INFO None odoo.modules.loading: loading base/views/res_config_views.xml 
2026-10-08 05:51:49,106 54 INFO None odoo.modules.loading: loading base/data/res.country.state.csv 
2026-10-08 05:51:49,312 54 INFO None odoo.modules.loading: loading base/views/ir_actions_views.xml 
2026-10-08 05:51:49,438 54 INFO None odoo.modules.loading: loading base/views/ir_asset_views.xml 
2026-10-08 05:51:49,453 54 INFO None odoo.modules.loading: loading base/views/ir_config_parameter_views.xml 
2026-10-08 05:51:49,469 54 INFO None odoo.modules.loading: loading base/views/ir_cron_views.xml 
2026-10-08 05:51:49,492 54 INFO None odoo.modules.loading: loading base/views/ir_cron_trigger_views.xml 
2026-10-08 05:51:49,507 54 INFO None odoo.modules.loading: loading base/views/ir_filters_views.xml 
2026-10-08 05:51:49,527 54 INFO None odoo.modules.loading: loading base/views/ir_mail_server_views.xml 
2026-10-08 05:51:49,545 54 INFO None odoo.modules.loading: loading base/views/ir_model_views.xml 
2026-10-08 05:51:49,664 54 INFO None odoo.modules.loading: loading base/views/ir_attachment_views.xml 
2026-10-08 05:51:49,683 54 INFO None odoo.modules.loading: loading base/views/ir_rule_views.xml 
2026-10-08 05:51:49,700 54 INFO None odoo.modules.loading: loading base/views/ir_sequence_views.xml 
2026-10-08 05:51:49,718 54 INFO None odoo.modules.loading: loading base/views/ir_ui_menu_views.xml 
2026-10-08 05:51:49,735 54 INFO None odoo.modules.loading: loading base/views/ir_ui_view_views.xml 
2026-10-08 05:51:52,075 54 INFO None odoo.modules.loading: loading base/views/ir_default_views.xml 
2026-10-08 05:51:52,094 54 INFO None odoo.modules.loading: loading base/data/ir_config_parameter_data.xml 
2026-10-08 05:51:52,097 54 INFO None odoo.modules.loading: loading base/data/ir_cron_data.xml 
2026-10-08 05:51:52,109 54 INFO None odoo.modules.loading: loading base/report/ir_model_report.xml 
2026-10-08 05:51:52,112 54 INFO None odoo.modules.loading: loading base/report/ir_model_templates.xml 
2026-10-08 05:51:52,119 54 INFO None odoo.modules.loading: loading base/views/ir_logging_views.xml 
2026-10-08 05:51:52,135 54 INFO None odoo.modules.loading: loading base/views/ir_qweb_widget_templates.xml 
2026-10-08 05:51:52,147 54 INFO None odoo.modules.loading: loading base/views/ir_module_views.xml 
2026-10-08 05:51:52,194 54 INFO None odoo.modules.loading: loading base/data/ir_module_category_data.xml 
2026-10-08 05:51:52,228 54 INFO None odoo.modules.loading: loading base/data/ir_module_module.xml 
2026-10-08 05:51:52,294 54 INFO None odoo.modules.loading: loading base/report/ir_module_reports.xml 
2026-10-08 05:51:52,299 54 INFO None odoo.modules.loading: loading base/report/ir_module_report_templates.xml 
2026-10-08 05:51:52,305 54 INFO None odoo.modules.loading: loading base/wizard/base_module_update_views.xml 
2026-10-08 05:51:52,317 54 INFO None odoo.modules.loading: loading base/wizard/base_language_install_views.xml 
2026-10-08 05:51:52,330 54 INFO None odoo.modules.loading: loading base/wizard/base_import_language_views.xml 
2026-10-08 05:51:52,342 54 INFO None odoo.modules.loading: loading base/wizard/base_module_upgrade_views.xml 
2026-10-08 05:51:52,357 54 INFO None odoo.modules.loading: loading base/wizard/base_module_uninstall_views.xml 
2026-10-08 05:51:52,365 54 INFO None odoo.modules.loading: loading base/wizard/base_export_language_views.xml 
2026-10-08 05:51:52,378 54 INFO None odoo.modules.loading: loading base/wizard/base_partner_merge_views.xml 
2026-10-08 05:51:52,391 54 INFO None odoo.modules.loading: loading base/data/ir_demo_failure_data.xml 
2026-10-08 05:51:52,405 54 INFO None odoo.modules.loading: loading base/views/ir_profile_views.xml 
2026-10-08 05:51:52,425 54 INFO None odoo.modules.loading: loading base/views/res_company_views.xml 
2026-10-08 05:51:52,446 54 INFO None odoo.modules.loading: loading base/views/res_lang_views.xml 
2026-10-08 05:51:52,462 54 INFO None odoo.modules.loading: loading base/views/res_partner_views.xml 
2026-10-08 05:51:52,538 54 INFO None odoo.modules.loading: loading base/views/res_bank_views.xml 
2026-10-08 05:51:52,566 54 INFO None odoo.modules.loading: loading base/views/res_country_views.xml 
2026-10-08 05:51:52,604 54 INFO None odoo.modules.loading: loading base/views/res_currency_views.xml 
2026-10-08 05:51:52,638 54 INFO None odoo.modules.loading: loading base/views/res_groups_views.xml 
2026-10-08 05:51:52,677 54 INFO None odoo.modules.loading: loading base/views/res_users_views.xml 
2026-10-08 05:51:52,760 54 INFO None odoo.modules.loading: loading base/views/res_users_apikeys_views.xml 
2026-10-08 05:51:52,765 54 INFO None odoo.modules.loading: loading base/views/res_device_views.xml 
2026-10-08 05:51:52,785 54 INFO None odoo.modules.loading: loading base/views/res_users_identitycheck_views.xml 
2026-10-08 05:51:52,792 54 INFO None odoo.modules.loading: loading base/views/res_config_settings_views.xml 
2026-10-08 05:51:52,799 54 INFO None odoo.modules.loading: loading base/views/report_paperformat_views.xml 
2026-10-08 05:51:52,822 54 INFO None odoo.modules.loading: loading base/security/ir.model.access.csv 
2026-10-08 05:51:52,928 54 INFO None odoo.modules.loading: Module base loaded in 7.04s, 8454 queries (+8454 other) 
2026-10-08 05:51:52,928 54 INFO None odoo.modules.loading: 1 modules loaded in 7.04s, 8454 queries (+8454 extra) 
2026-10-08 05:51:52,930 54 INFO None odoo.modules.loading: updating modules list 
2026-10-08 05:51:52,931 54 INFO None odoo.addons.base.models.ir_module: ALLOW access to module.update_list on [] to user __system__ #1 via n/a 
2026-10-08 05:51:53,670 54 INFO None odoo.modules.loading: loading 14 modules... 
2026-10-08 05:51:53,670 54 INFO None odoo.modules.loading: Loading module rpc (2/14) 
2026-10-08 05:51:53,690 54 INFO None odoo.modules.loading: Module rpc loaded in 0.02s, 9 queries (+9 other) 
2026-10-08 05:51:53,690 54 INFO None odoo.modules.loading: Loading module web (3/14) 
2026-10-08 05:51:53,710 54 INFO None odoo.registry: module web: creating or updating database tables 
2026-10-08 05:51:54,028 54 INFO None odoo.modules.loading: loading web/security/ir.model.access.csv 
2026-10-08 05:51:54,036 54 INFO None odoo.modules.loading: loading web/security/web_security.xml 
2026-10-08 05:51:54,046 54 INFO None odoo.modules.loading: loading web/views/webclient_templates.xml 
2026-10-08 05:51:54,093 54 INFO None odoo.modules.loading: loading web/views/report_templates.xml 
2026-10-08 05:51:54,167 54 INFO None odoo.modules.loading: loading web/views/base_document_layout_views.xml 
2026-10-08 05:51:54,181 54 INFO None odoo.modules.loading: loading web/views/partner_view.xml 
2026-10-08 05:51:54,187 54 INFO None odoo.modules.loading: loading web/views/speedscope_template.xml 
2026-10-08 05:51:54,192 54 INFO None odoo.modules.loading: loading web/views/memory_template.xml 
2026-10-08 05:51:54,197 54 INFO None odoo.modules.loading: loading web/views/speedscope_config_wizard.xml 
2026-10-08 05:51:54,202 54 INFO None odoo.modules.loading: loading web/views/neutralize_views.xml 
2026-10-08 05:51:54,209 54 INFO None odoo.modules.loading: loading web/views/ir_ui_view_views.xml 
2026-10-08 05:51:54,217 54 INFO None odoo.modules.loading: loading web/data/ir_attachment.xml 
2026-10-08 05:51:54,222 54 INFO None odoo.modules.loading: loading web/data/report_layout.xml 
2026-10-08 05:51:54,263 54 INFO None odoo.modules.loading: Module web loaded in 0.57s, 1232 queries (+1232 other) 
2026-10-08 05:51:54,263 54 INFO None odoo.modules.loading: Loading module api_doc (4/14) 
2026-10-08 05:51:54,270 54 INFO None odoo.registry: module api_doc: creating or updating database tables 
2026-10-08 05:51:54,283 54 INFO None odoo.modules.loading: loading api_doc/security/res_groups.xml 
2026-10-08 05:51:54,301 54 INFO None odoo.modules.loading: loading api_doc/views/docclient.xml 
2026-10-08 05:51:54,319 54 INFO None odoo.modules.loading: Module api_doc loaded in 0.06s, 63 queries (+63 other) 
2026-10-08 05:51:54,319 54 INFO None odoo.modules.loading: Loading module auth_totp (5/14) 
2026-10-08 05:51:54,339 54 INFO None odoo.registry: module auth_totp: creating or updating database tables 
2026-10-08 05:51:54,387 54 INFO None odoo.modules.loading: loading auth_totp/security/security.xml 
2026-10-08 05:51:54,408 54 INFO None odoo.modules.loading: loading auth_totp/security/ir.model.access.csv 
2026-10-08 05:51:54,415 54 INFO None odoo.modules.loading: loading auth_totp/data/ir_action_data.xml 
2026-10-08 05:51:54,421 54 INFO None odoo.modules.loading: loading auth_totp/views/res_users_views.xml 
2026-10-08 05:51:54,446 54 INFO None odoo.modules.loading: loading auth_totp/views/templates.xml 
2026-10-08 05:51:54,454 54 INFO None odoo.modules.loading: loading auth_totp/wizard/auth_totp_wizard_views.xml 
2026-10-08 05:51:54,475 54 INFO None odoo.modules.loading: Module auth_totp loaded in 0.16s, 218 queries (+218 other) 
2026-10-08 05:51:54,475 54 INFO None odoo.modules.loading: Loading module base_import (6/14) 
2026-10-08 05:51:54,500 54 INFO None odoo.registry: module base_import: creating or updating database tables 
2026-10-08 05:51:54,816 54 INFO None odoo.modules.loading: loading base_import/security/base_import_security.xml 
2026-10-08 05:51:54,822 54 INFO None odoo.modules.loading: loading base_import/security/ir.model.access.csv 
2026-10-08 05:51:54,836 54 INFO None odoo.modules.loading: Module base_import loaded in 0.36s, 964 queries (+964 other) 
2026-10-08 05:51:54,836 54 INFO None odoo.modules.loading: Loading module base_import_module (7/14) 
2026-10-08 05:51:54,845 54 INFO None odoo.registry: module base_import_module: creating or updating database tables 
2026-10-08 05:51:54,889 54 INFO None odoo.modules.loading: loading base_import_module/security/ir.model.access.csv 
2026-10-08 05:51:54,895 54 INFO None odoo.modules.loading: loading base_import_module/views/base_import_module_view.xml 
2026-10-08 05:51:54,911 54 INFO None odoo.modules.loading: loading base_import_module/views/ir_module_views.xml 
2026-10-08 05:51:54,951 54 INFO None odoo.modules.loading: Module base_import_module loaded in 0.11s, 172 queries (+172 other) 
2026-10-08 05:51:54,951 54 INFO None odoo.modules.loading: Loading module base_setup (8/14) 
2026-10-08 05:51:54,960 54 INFO None odoo.registry: module base_setup: creating or updating database tables 
2026-10-08 05:51:54,995 54 INFO None odoo.modules.loading: loading base_setup/data/base_setup_data.xml 
2026-10-08 05:51:54,999 54 INFO None odoo.modules.loading: loading base_setup/views/res_config_settings_views.xml 
2026-10-08 05:51:55,027 54 INFO None odoo.modules.loading: loading base_setup/views/res_partner_views.xml 
2026-10-08 05:51:55,046 54 INFO None odoo.modules.loading: Module base_setup loaded in 0.09s, 152 queries (+152 other) 
2026-10-08 05:51:55,046 54 INFO None odoo.modules.loading: Loading module bus (9/14) 
2026-10-08 05:51:55,064 54 INFO None odoo.registry: module bus: creating or updating database tables 
2026-10-08 05:51:55,125 54 INFO None odoo.modules.loading: loading bus/security/ir.model.access.csv 
2026-10-08 05:51:55,141 54 INFO None odoo.modules.loading: Module bus loaded in 0.10s, 159 queries (+159 other) 
2026-10-08 05:51:55,141 54 INFO None odoo.modules.loading: Loading module web_tour (10/14) 
2026-10-08 05:51:55,148 54 INFO None odoo.registry: module web_tour: creating or updating database tables 
2026-10-08 05:51:55,152 54 INFO None odoo.models: Prepare computation of res.users.tour_enabled 
2026-10-08 05:51:55,205 54 INFO None odoo.modules.loading: loading web_tour/security/ir.model.access.csv 
2026-10-08 05:51:55,215 54 INFO None odoo.modules.loading: loading web_tour/views/tour_views.xml 
2026-10-08 05:51:55,254 54 INFO None odoo.modules.loading: Module web_tour loaded in 0.11s, 180 queries (+180 other) 
2026-10-08 05:51:55,254 54 INFO None odoo.modules.loading: Loading module auth_passkey (11/14) 
2026-10-08 05:51:55,307 54 INFO None odoo.registry: module auth_passkey: creating or updating database tables 
2026-10-08 05:51:55,358 54 INFO None odoo.modules.loading: loading auth_passkey/views/auth_passkey_key_views.xml 
2026-10-08 05:51:55,377 54 INFO None odoo.modules.loading: loading auth_passkey/views/auth_passkey_login_templates.xml 
2026-10-08 05:51:55,389 54 INFO None odoo.modules.loading: loading auth_passkey/views/res_users_identitycheck_views.xml 
2026-10-08 05:51:55,397 54 INFO None odoo.modules.loading: loading auth_passkey/views/res_users_views.xml 
2026-10-08 05:51:55,413 54 INFO None odoo.modules.loading: loading auth_passkey/security/ir.model.access.csv 
2026-10-08 05:51:55,421 54 INFO None odoo.modules.loading: loading auth_passkey/security/security.xml 
2026-10-08 05:51:55,447 54 INFO None odoo.modules.loading: Module auth_passkey loaded in 0.19s, 218 queries (+218 other) 
2026-10-08 05:51:55,447 54 INFO None odoo.modules.loading: Loading module html_editor (12/14) 
2026-10-08 05:51:55,622 54 INFO None odoo.registry: module html_editor: creating or updating database tables 
2026-10-08 05:51:55,948 54 INFO None odoo.modules.loading: loading html_editor/security/ir.model.access.csv 
2026-10-08 05:51:55,970 54 INFO None odoo.modules.loading: Module html_editor loaded in 0.52s, 1034 queries (+1034 other) 
2026-10-08 05:51:55,971 54 INFO None odoo.modules.loading: Loading module iap (13/14) 
2026-10-08 05:51:55,974 54 INFO None odoo.registry: module iap: creating or updating database tables 
2026-10-08 05:51:56,019 54 INFO None odoo.modules.loading: loading iap/data/services.xml 
2026-10-08 05:51:56,023 54 INFO None odoo.modules.loading: loading iap/security/ir.model.access.csv 
2026-10-08 05:51:56,030 54 INFO None odoo.modules.loading: loading iap/security/ir_rule.xml 
2026-10-08 05:51:56,036 54 INFO None odoo.modules.loading: loading iap/views/iap_views.xml 
2026-10-08 05:51:56,055 54 INFO None odoo.modules.loading: loading iap/views/res_config_settings.xml 
2026-10-08 05:51:56,076 54 INFO None odoo.modules.loading: Module iap loaded in 0.11s, 185 queries (+185 other) 
2026-10-08 05:51:56,076 54 INFO None odoo.modules.loading: Loading module web_unsplash (14/14) 
2026-10-08 05:51:56,084 54 INFO None odoo.registry: module web_unsplash: creating or updating database tables 
2026-10-08 05:51:56,105 54 INFO None odoo.modules.loading: loading web_unsplash/views/res_config_settings_view.xml 
2026-10-08 05:51:56,130 54 INFO None odoo.modules.loading: Module web_unsplash loaded in 0.05s, 91 queries (+91 other) 
2026-10-08 05:51:56,130 54 INFO None odoo.modules.loading: 14 modules loaded in 2.46s, 4677 queries (+4677 extra) 
2026-10-08 05:51:56,302 54 INFO None odoo.modules.loading: Modules loaded. 
2026-10-08 05:51:56,309 54 INFO None odoo.registry: Registry changed, signaling through the database 
2026-10-08 05:51:56,314 54 INFO None odoo.registry: Registry loaded in 11.653s 
2026-10-08 05:51:56,912 54 INFO None odoo.addons.base.models.res_users: Login successful for login:admin from 127.0.0.1 
2026-10-08 05:51:56,925 54 INFO None werkzeug: 127.0.0.1 - - [08/Oct/2026 05:51:56] "POST /web/database/create HTTP/1.1" 303 - 20032 9.615 4.971
Database created
API key generated
2026-10-08 05:51:58,097 54 INFO bench odoo.addons.base.models.ir_http: Generating routing map for key None 
2026-10-08 05:51:58,106 54 INFO bench werkzeug: 127.0.0.1 - - [08/Oct/2026 05:51:58] "POST /json/2/res.users/context_get HTTP/1.1" 200 - 4 0.002 0.009
2026-10-08 05:51:58,127 54 INFO bench odoo.addons.base.models.ir_module: ALLOW access to module.update_list on [] to user admin #2 via 127.0.0.1 
2026-10-08 05:51:58,781 54 INFO bench werkzeug: 127.0.0.1 - - [08/Oct/2026 05:51:58] "POST /json/2/ir.module.module/update_list HTTP/1.1" 200 - 1697 0.347 0.314
2026-10-08 05:51:58,801 54 INFO bench werkzeug: 127.0.0.1 - - [08/Oct/2026 05:51:58] "POST /json/2/ir.module.module/search HTTP/1.1" 200 - 3 0.002 0.005
2026-10-08 05:51:58,820 54 INFO bench werkzeug: 127.0.0.1 - - [08/Oct/2026 05:51:58] "POST /json/2/ir.module.module/read HTTP/1.1" 200 - 3 0.001 0.005
2026-10-08 05:51:58,839 54 INFO bench werkzeug: 127.0.0.1 - - [08/Oct/2026 05:51:58] "POST /json/2/ir.module.module/search HTTP/1.1" 200 - 3 0.001 0.004
2026-10-08 05:51:58,858 54 INFO bench werkzeug: 127.0.0.1 - - [08/Oct/2026 05:51:58] "POST /json/2/ir.module.module/read HTTP/1.1" 200 - 3 0.001 0.004
2026-10-08 05:51:58,879 54 INFO bench werkzeug: 127.0.0.1 - - [08/Oct/2026 05:51:58] "POST /json/2/ir.module.module/search HTTP/1.1" 200 - 3 0.001 0.005
2026-10-08 05:51:58,899 54 INFO bench werkzeug: 127.0.0.1 - - [08/Oct/2026 05:51:58] "POST /json/2/ir.module.module/read HTTP/1.1" 200 - 3 0.001 0.004
2026-10-08 05:51:58,919 54 INFO bench werkzeug: 127.0.0.1 - - [08/Oct/2026 05:51:58] "POST /json/2/ir.module.module/search HTTP/1.1" 200 - 3 0.001 0.005
2026-10-08 05:51:58,938 54 INFO bench werkzeug: 127.0.0.1 - - [08/Oct/2026 05:51:58] "POST /json/2/ir.module.module/read HTTP/1.1" 200 - 3 0.001 0.005
2026-10-08 05:51:58,963 54 INFO bench werkzeug: 127.0.0.1 - - [08/Oct/2026 05:51:58] "POST /json/2/ir.module.module/search HTTP/1.1" 200 - 3 0.001 0.005
2026-10-08 05:51:58,982 54 INFO bench werkzeug: 127.0.0.1 - - [08/Oct/2026 05:51:58] "POST /json/2/ir.module.module/read HTTP/1.1" 200 - 3 0.001 0.005
2026-10-08 05:51:59,002 54 INFO bench werkzeug: 127.0.0.1 - - [08/Oct/2026 05:51:59] "POST /json/2/ir.module.module/search HTTP/1.1" 200 - 3 0.001 0.005
2026-10-08 05:51:59,022 54 INFO bench werkzeug: 127.0.0.1 - - [08/Oct/2026 05:51:59] "POST /json/2/ir.module.module/read HTTP/1.1" 200 - 3 0.001 0.005
2026-10-08 05:51:59,040 54 INFO bench werkzeug: 127.0.0.1 - - [08/Oct/2026 05:51:59] "POST /json/2/ir.module.module/search HTTP/1.1" 200 - 3 0.001 0.005
2026-10-08 05:51:59,060 54 INFO bench werkzeug: 127.0.0.1 - - [08/Oct/2026 05:51:59] "POST /json/2/ir.module.module/read HTTP/1.1" 200 - 3 0.001 0.005
2026-10-08 05:51:59,083 54 INFO bench odoo.addons.base.models.ir_module: ALLOW access to module.button_immediate_install on ['Sales', 'Inventory', 'Purchase', 'Purchase Stock', 'Drop Shipping', 'Manufacturing', 'Delivery Costs'] to user admin #2 via 127.0.0.1 
2026-10-08 05:51:59,083 54 INFO bench odoo.addons.base.models.ir_module: User #2 triggered module installation 
2026-10-08 05:51:59,084 54 INFO bench odoo.addons.base.models.ir_module: ALLOW access to module.button_install on ['Sales', 'Inventory', 'Purchase', 'Purchase Stock', 'Drop Shipping', 'Manufacturing', 'Delivery Costs'] to user admin #2 via 127.0.0.1 
2026-10-08 05:51:59,213 54 INFO bench odoo.modules.loading: loading 1 modules... 
2026-10-08 05:51:59,216 54 INFO bench odoo.modules.loading: 1 modules loaded in 0.00s, 0 queries (+0 extra) 
2026-10-08 05:51:59,232 54 INFO bench odoo.modules.loading: updating modules list 
2026-10-08 05:51:59,233 54 INFO bench odoo.addons.base.models.ir_module: ALLOW access to module.update_list on [] to user __system__ #1 via n/a 
2026-10-08 05:51:59,859 54 INFO bench odoo.modules.loading: loading 76 modules... 
2026-10-08 05:51:59,863 54 INFO bench odoo.modules.loading: Loading module uom (15/76) 
2026-10-08 05:51:59,889 54 INFO bench odoo.registry: module uom: creating or updating database tables 
2026-10-08 05:51:59,918 54 INFO bench odoo.modules.loading: loading uom/data/uom_data.xml 
2026-10-08 05:51:59,967 54 INFO bench odoo.modules.loading: loading uom/security/uom_security.xml 
2026-10-08 05:51:59,971 54 INFO bench odoo.modules.loading: loading uom/security/ir.model.access.csv 
2026-10-08 05:51:59,978 54 INFO bench odoo.modules.loading: loading uom/views/uom_uom_views.xml 
2026-10-08 05:52:00,007 54 INFO bench odoo.modules.loading: Module uom loaded in 0.14s, 229 queries (+229 other) 
2026-10-08 05:52:00,007 54 INFO bench odoo.modules.loading: Loading module barcodes (16/76) 
2026-10-08 05:52:00,015 54 INFO bench odoo.registry: module barcodes: creating or updating database tables 
2026-10-08 05:52:00,057 54 INFO bench odoo.modules.loading: loading barcodes/data/barcodes_data.xml 
2026-10-08 05:52:00,062 54 INFO bench odoo.modules.loading: loading barcodes/views/barcodes_view.xml 
2026-10-08 05:52:00,079 54 INFO bench odoo.modules.loading: loading barcodes/security/ir.model.access.csv 
2026-10-08 05:52:00,099 54 INFO bench odoo.modules.loading: Module barcodes loaded in 0.09s, 150 queries (+150 other) 
2026-10-08 05:52:00,099 54 INFO bench odoo.modules.loading: Loading module http_routing (17/76) 
2026-10-08 05:52:00,105 54 INFO bench odoo.registry: module http_routing: creating or updating database tables 
2026-10-08 05:52:00,120 54 INFO bench odoo.modules.loading: loading http_routing/views/http_routing_template.xml 
2026-10-08 05:52:00,153 54 INFO bench odoo.modules.loading: loading http_routing/views/res_lang_views.xml 
2026-10-08 05:52:00,175 54 INFO bench odoo.modules.loading: Module http_routing loaded in 0.08s, 114 queries (+114 other) 
2026-10-08 05:52:00,175 54 INFO bench odoo.modules.loading: Loading module onboarding (18/76) 
2026-10-08 05:52:00,182 54 INFO bench odoo.registry: module onboarding: creating or updating database tables 
2026-10-08 05:52:00,254 54 INFO bench odoo.modules.loading: loading onboarding/views/onboarding_templates.xml 
2026-10-08 05:52:00,265 54 INFO bench odoo.modules.loading: loading onboarding/views/onboarding_views.xml 
2026-10-08 05:52:00,284 54 INFO bench odoo.modules.loading: loading onboarding/views/onboarding_menus.xml 
2026-10-08 05:52:00,291 54 INFO bench odoo.modules.loading: loading onboarding/security/ir.model.access.csv 
2026-10-08 05:52:00,310 54 INFO bench odoo.modules.loading: Module onboarding loaded in 0.13s, 246 queries (+246 other) 
2026-10-08 05:52:00,310 54 INFO bench odoo.modules.loading: Loading module resource (19/76) 
2026-10-08 05:52:00,322 54 INFO bench odoo.registry: module resource: creating or updating database tables 
2026-10-08 05:52:00,404 54 INFO bench odoo.modules.loading: loading resource/data/resource_data.xml 
2026-10-08 05:52:00,419 54 INFO bench odoo.modules.loading: loading resource/security/ir.model.access.csv 
2026-10-08 05:52:00,428 54 INFO bench odoo.modules.loading: loading resource/security/resource_security.xml 
2026-10-08 05:52:00,447 54 INFO bench odoo.modules.loading: loading resource/views/resource_resource_views.xml 
2026-10-08 05:52:00,465 54 INFO bench odoo.modules.loading: loading resource/views/resource_calendar_leaves_views.xml 
2026-10-08 05:52:00,486 54 INFO bench odoo.modules.loading: loading resource/views/resource_calendar_attendance_views.xml 
2026-10-08 05:52:00,494 54 INFO bench odoo.modules.loading: loading resource/views/resource_calendar_views.xml 
2026-10-08 05:52:00,512 54 INFO bench odoo.modules.loading: loading resource/views/menuitems.xml 
2026-10-08 05:52:00,534 54 INFO bench odoo.modules.loading: Module resource loaded in 0.22s, 414 queries (+414 other) 
2026-10-08 05:52:00,534 54 INFO bench odoo.modules.loading: Loading module utm (20/76) 
2026-10-08 05:52:00,542 54 INFO bench odoo.registry: module utm: creating or updating database tables 
2026-10-08 05:52:00,609 54 INFO bench odoo.modules.loading: loading utm/data/utm_medium_data.xml 
2026-10-08 05:52:00,627 54 INFO bench odoo.modules.loading: loading utm/data/utm_source_data.xml 
2026-10-08 05:52:00,642 54 INFO bench odoo.modules.loading: loading utm/data/utm_stage_data.xml 
2026-10-08 05:52:00,645 54 INFO bench odoo.modules.loading: loading utm/data/utm_tag_data.xml 
2026-10-08 05:52:00,648 54 INFO bench odoo.modules.loading: loading utm/views/utm_campaign_views.xml 
2026-10-08 05:52:00,672 54 INFO bench odoo.modules.loading: loading utm/views/utm_medium_views.xml 
2026-10-08 05:52:00,684 54 INFO bench odoo.modules.loading: loading utm/views/utm_source_views.xml 
2026-10-08 05:52:00,693 54 INFO bench odoo.modules.loading: loading utm/views/utm_stage_views.xml 
2026-10-08 05:52:00,704 54 INFO bench odoo.modules.loading: loading utm/views/utm_tag_views.xml 
2026-10-08 05:52:00,711 54 INFO bench odoo.modules.loading: loading utm/views/utm_menus.xml 
2026-10-08 05:52:00,730 54 INFO bench odoo.modules.loading: loading utm/security/ir.model.access.csv 
2026-10-08 05:52:00,751 54 INFO bench odoo.modules.loading: Module utm loaded in 0.22s, 410 queries (+410 other) 
2026-10-08 05:52:00,751 54 INFO bench odoo.modules.loading: Loading module barcodes_gs1_nomenclature (21/76) 
2026-10-08 05:52:00,757 54 INFO bench odoo.registry: module barcodes_gs1_nomenclature: creating or updating database tables 
2026-10-08 05:52:00,780 54 INFO bench odoo.modules.loading: loading barcodes_gs1_nomenclature/data/barcodes_gs1_rules.xml 
2026-10-08 05:52:00,826 54 INFO bench odoo.modules.loading: loading barcodes_gs1_nomenclature/views/barcodes_view.xml 
2026-10-08 05:52:00,859 54 INFO bench odoo.modules.loading: Module barcodes_gs1_nomenclature loaded in 0.11s, 197 queries (+197 other) 
2026-10-08 05:52:00,859 54 INFO bench odoo.modules.loading: Loading module mail (22/76) 
2026-10-08 05:52:00,899 54 INFO bench odoo.registry: module mail: creating or updating database tables 
2026-10-08 05:52:01,023 54 INFO bench odoo.models: Prepare computation of ir.actions.server.partner_ids 
2026-10-08 05:52:01,023 54 INFO bench odoo.models: Prepare computation of ir.actions.server.activity_user_id 
2026-10-08 05:52:01,023 54 INFO bench odoo.models: Prepare computation of ir.actions.server.activity_type_id 
2026-10-08 05:52:01,023 54 INFO bench odoo.models: Prepare computation of ir.actions.server.template_id 
2026-10-08 05:52:01,023 54 INFO bench odoo.models: Prepare computation of ir.actions.server.activity_date_deadline_range 
2026-10-08 05:52:01,023 54 INFO bench odoo.models: Prepare computation of ir.actions.server.activity_summary 
2026-10-08 05:52:01,024 54 INFO bench odoo.models: Prepare computation of ir.actions.server.followers_type 
2026-10-08 05:52:01,024 54 INFO bench odoo.models: Prepare computation of ir.actions.server.followers_partner_field_name 
2026-10-08 05:52:01,024 54 INFO bench odoo.models: Prepare computation of ir.actions.server.mail_post_method 
2026-10-08 05:52:01,024 54 INFO bench odoo.models: Prepare computation of ir.actions.server.activity_date_deadline_range_type 
2026-10-08 05:52:01,024 54 INFO bench odoo.models: Prepare computation of ir.actions.server.activity_user_type 
2026-10-08 05:52:01,024 54 INFO bench odoo.models: Prepare computation of ir.actions.server.activity_user_field_name 
2026-10-08 05:52:01,024 54 INFO bench odoo.models: Prepare computation of ir.actions.server.activity_note 
2026-10-08 05:52:01,024 54 INFO bench odoo.models: Prepare computation of ir.actions.server.mail_post_autofollow 
2026-10-08 05:52:01,067 54 INFO bench odoo.models: Prepare computation of res.users.notification_type 
2026-10-08 05:52:01,108 54 INFO bench odoo.models: Prepare computation of res.partner.email_normalized 
2026-10-08 05:52:02,149 54 INFO bench odoo.modules.loading: loading mail/data/mail_groups.xml 
2026-10-08 05:52:02,168 54 INFO bench odoo.modules.loading: loading mail/wizard/mail_activity_schedule_views.xml 
2026-10-08 05:52:02,178 54 INFO bench odoo.modules.loading: loading mail/wizard/mail_blacklist_remove_views.xml 
2026-10-08 05:52:02,183 54 INFO bench odoo.modules.loading: loading mail/wizard/mail_compose_message_views.xml 
2026-10-08 05:52:02,198 54 INFO bench odoo.modules.loading: loading mail/wizard/mail_template_preview_views.xml 
2026-10-08 05:52:02,205 54 INFO bench odoo.modules.loading: loading mail/wizard/mail_followers_edit_views.xml 
2026-10-08 05:52:02,214 54 INFO bench odoo.modules.loading: loading mail/wizard/mail_template_reset_views.xml 
2026-10-08 05:52:02,223 54 INFO bench odoo.modules.loading: loading mail/views/fetchmail_views.xml 
2026-10-08 05:52:02,237 54 INFO bench odoo.modules.loading: loading mail/views/ir_cron_views.xml 
2026-10-08 05:52:02,246 54 INFO bench odoo.modules.loading: loading mail/views/ir_filters_views.xml 
2026-10-08 05:52:02,260 54 INFO bench odoo.modules.loading: loading mail/views/ir_mail_server_views.xml 
2026-10-08 05:52:02,268 54 INFO bench odoo.modules.loading: loading mail/views/mail_message_subtype_views.xml 
2026-10-08 05:52:02,280 54 INFO bench odoo.modules.loading: loading mail/views/mail_tracking_value_views.xml 
2026-10-08 05:52:02,290 54 INFO bench odoo.modules.loading: loading mail/views/mail_notification_views.xml 
2026-10-08 05:52:02,300 54 INFO bench odoo.modules.loading: loading mail/views/mail_message_views.xml 
2026-10-08 05:52:02,323 54 INFO bench odoo.modules.loading: loading mail/views/mail_message_schedule_views.xml 
2026-10-08 05:52:02,335 54 INFO bench odoo.modules.loading: loading mail/views/mail_mail_views.xml 
2026-10-08 05:52:02,355 54 INFO bench odoo.modules.loading: loading mail/views/mail_followers_views.xml 
2026-10-08 05:52:02,364 54 INFO bench odoo.modules.loading: loading mail/views/mail_ice_server_views.xml 
2026-10-08 05:52:02,381 54 INFO bench odoo.modules.loading: loading mail/views/discuss_channel_member_views.xml 
2026-10-08 05:52:02,391 54 INFO bench odoo.modules.loading: loading mail/views/discuss_channel_rtc_session_views.xml 
2026-10-08 05:52:02,403 54 INFO bench odoo.modules.loading: loading mail/views/mail_link_preview_views.xml 
2026-10-08 05:52:02,417 54 INFO bench odoo.modules.loading: loading mail/views/discuss/discuss_gif_favorite_views.xml 
2026-10-08 05:52:02,426 54 INFO bench odoo.modules.loading: loading mail/views/discuss_channel_views.xml 
2026-10-08 05:52:02,452 54 INFO bench odoo.modules.loading: loading mail/views/mail_canned_response_views.xml 
2026-10-08 05:52:02,472 54 INFO bench odoo.modules.loading: loading mail/views/res_role_views.xml 
2026-10-08 05:52:02,485 54 INFO bench odoo.modules.loading: loading mail/views/mail_activity_views.xml 
2026-10-08 05:52:02,561 54 INFO bench odoo.modules.loading: loading mail/views/mail_activity_plan_views.xml 
2026-10-08 05:52:02,595 54 INFO bench odoo.modules.loading: loading mail/views/mail_activity_plan_template_views.xml 
2026-10-08 05:52:02,603 54 INFO bench odoo.modules.loading: loading mail/views/res_config_settings_views.xml 
2026-10-08 05:52:02,622 54 INFO bench odoo.modules.loading: loading mail/data/ir_config_parameter_data.xml 
2026-10-08 05:52:02,627 54 INFO bench odoo.modules.loading: loading mail/data/res_partner_data.xml 
2026-10-08 05:52:02,678 54 INFO bench odoo.modules.loading: loading mail/data/mail_message_subtype_data.xml 
2026-10-08 05:52:02,684 54 INFO bench odoo.modules.loading: loading mail/data/mail_templates_chatter.xml 
2026-10-08 05:52:02,699 54 INFO bench odoo.modules.loading: loading mail/data/mail_templates_email_layouts.xml 
2026-10-08 05:52:02,713 54 INFO bench odoo.modules.loading: loading mail/data/mail_templates_mailgateway.xml 
2026-10-08 05:52:02,726 54 INFO bench odoo.modules.loading: loading mail/data/discuss_channel_data.xml 
2026-10-08 05:52:02,758 54 INFO bench odoo.modules.loading: loading mail/data/mail_activity_type_data.xml 
2026-10-08 05:52:02,769 54 INFO bench odoo.modules.loading: loading mail/data/security_notifications_templates.xml 
2026-10-08 05:52:02,773 54 INFO bench odoo.modules.loading: loading mail/data/ir_cron_data.xml 
2026-10-08 05:52:02,861 54 INFO bench odoo.modules.loading: loading mail/data/ir_actions_client.xml 
2026-10-08 05:52:02,867 54 INFO bench odoo.modules.loading: loading mail/security/mail_security.xml 
2026-10-08 05:52:02,995 54 INFO bench odoo.modules.loading: loading mail/security/ir.model.access.csv 
2026-10-08 05:52:03,031 54 INFO bench odoo.modules.loading: loading mail/views/discuss_public_templates.xml 
2026-10-08 05:52:03,036 54 INFO bench odoo.modules.loading: loading mail/views/mail_alias_domain_views.xml 
2026-10-08 05:52:03,050 54 INFO bench odoo.modules.loading: loading mail/views/mail_alias_views.xml 
2026-10-08 05:52:03,066 54 INFO bench odoo.modules.loading: loading mail/views/mail_gateway_allowed_views.xml 
2026-10-08 05:52:03,076 54 INFO bench odoo.modules.loading: loading mail/views/mail_guest_views.xml 
2026-10-08 05:52:03,087 54 INFO bench odoo.modules.loading: loading mail/views/mail_message_reaction_views.xml 
2026-10-08 05:52:03,096 54 INFO bench odoo.modules.loading: loading mail/views/mail_templates_public.xml 
2026-10-08 05:52:03,104 54 INFO bench odoo.modules.loading: loading mail/views/res_users_views.xml 
2026-10-08 05:52:03,125 54 INFO bench odoo.modules.loading: loading mail/views/res_users_settings_views.xml 
2026-10-08 05:52:03,137 54 INFO bench odoo.modules.loading: loading mail/views/mail_template_views.xml 
2026-10-08 05:52:03,155 54 INFO bench odoo.modules.loading: loading mail/views/ir_actions_server_views.xml 
2026-10-08 05:52:03,169 54 INFO bench odoo.modules.loading: loading mail/views/ir_model_views.xml 
2026-10-08 05:52:03,195 54 INFO bench odoo.modules.loading: loading mail/views/res_partner_views.xml 
2026-10-08 05:52:03,233 54 INFO bench odoo.modules.loading: loading mail/views/mail_blacklist_views.xml 
2026-10-08 05:52:03,248 54 INFO bench odoo.modules.loading: loading mail/views/mail_menus.xml 
2026-10-08 05:52:03,369 54 INFO bench odoo.modules.loading: loading mail/views/discuss/discuss_menus.xml 
2026-10-08 05:52:03,373 54 INFO bench odoo.modules.loading: loading mail/views/discuss/discuss_call_history_views.xml 
2026-10-08 05:52:03,386 54 INFO bench odoo.modules.loading: loading mail/views/res_company_views.xml 
2026-10-08 05:52:03,395 54 INFO bench odoo.modules.loading: loading mail/views/mail_scheduled_message_views.xml 
2026-10-08 05:52:03,401 54 INFO bench odoo.modules.loading: loading mail/data/mail_canned_response_data.xml 
2026-10-08 05:52:03,407 54 INFO bench odoo.modules.loading: loading mail/data/mail_templates_invite.xml 
2026-10-08 05:52:03,418 54 INFO bench odoo.modules.loading: loading mail/data/web_tour_tour.xml 
2026-10-08 05:52:03,460 54 INFO bench odoo.modules.loading: Module mail loaded in 2.60s, 5122 queries (+5123 other) 
2026-10-08 05:52:03,460 54 INFO bench odoo.modules.loading: Loading module analytic (23/76) 
2026-10-08 05:52:03,472 54 INFO bench odoo.registry: module analytic: creating or updating database tables 
2026-10-08 05:52:03,631 54 INFO bench odoo.modules.loading: loading analytic/security/analytic_security.xml 
2026-10-08 05:52:03,650 54 INFO bench odoo.modules.loading: loading analytic/security/ir.model.access.csv 
2026-10-08 05:52:03,661 54 INFO bench odoo.modules.loading: loading analytic/views/analytic_line_views.xml 
2026-10-08 05:52:03,696 54 INFO bench odoo.modules.loading: loading analytic/views/analytic_account_views.xml 
2026-10-08 05:52:03,723 54 INFO bench odoo.modules.loading: loading analytic/views/analytic_plan_views.xml 
2026-10-08 05:52:03,738 54 INFO bench odoo.modules.loading: loading analytic/views/analytic_distribution_model_views.xml 
2026-10-08 05:52:03,752 54 INFO bench odoo.modules.loading: loading analytic/data/analytic_data.xml 
2026-10-08 05:52:03,784 54 INFO bench odoo.modules.loading: Module analytic loaded in 0.32s, 429 queries (+429 other) 
2026-10-08 05:52:03,784 54 INFO bench odoo.modules.loading: Loading module auth_signup (24/76) 
2026-10-08 05:52:03,797 54 INFO bench odoo.registry: module auth_signup: creating or updating database tables 
2026-10-08 05:52:03,844 54 INFO bench odoo.modules.loading: loading auth_signup/data/ir_config_parameter_data.xml 
2026-10-08 05:52:03,850 54 INFO bench odoo.modules.loading: loading auth_signup/data/ir_cron_data.xml 
2026-10-08 05:52:03,869 54 INFO bench odoo.modules.loading: loading auth_signup/data/mail_template_data.xml 
2026-10-08 05:52:03,932 54 INFO bench odoo.modules.loading: loading auth_signup/views/res_config_settings_views.xml 
2026-10-08 05:52:03,945 54 INFO bench odoo.modules.loading: loading auth_signup/views/res_users_views.xml 
2026-10-08 05:52:03,971 54 INFO bench odoo.modules.loading: loading auth_signup/views/auth_signup_login_templates.xml 
2026-10-08 05:52:03,989 54 INFO bench odoo.modules.loading: loading auth_signup/views/auth_signup_templates_email.xml 
2026-10-08 05:52:03,994 54 INFO bench odoo.modules.loading: loading auth_signup/views/webclient_templates.xml 
2026-10-08 05:52:04,019 54 INFO bench odoo.modules.loading: Module auth_signup loaded in 0.23s, 253 queries (+253 other) 
2026-10-08 05:52:04,019 54 INFO bench odoo.modules.loading: Loading module auth_totp_mail (25/76) 
2026-10-08 05:52:04,031 54 INFO bench odoo.registry: module auth_totp_mail: creating or updating database tables 
2026-10-08 05:52:04,063 54 INFO bench odoo.modules.loading: loading auth_totp_mail/data/ir_action_data.xml 
2026-10-08 05:52:04,085 54 INFO bench odoo.modules.loading: loading auth_totp_mail/data/mail_template_data.xml 
2026-10-08 05:52:04,118 54 INFO bench odoo.modules.loading: loading auth_totp_mail/data/security_notifications_template.xml 
2026-10-08 05:52:04,125 54 INFO bench odoo.modules.loading: loading auth_totp_mail/views/res_config_settings_views.xml 
2026-10-08 05:52:04,140 54 INFO bench odoo.modules.loading: loading auth_totp_mail/views/res_users_views.xml 
2026-10-08 05:52:04,156 54 INFO bench odoo.modules.loading: loading auth_totp_mail/views/templates.xml 
2026-10-08 05:52:04,179 54 INFO bench odoo.modules.loading: Module auth_totp_mail loaded in 0.16s, 190 queries (+190 other) 
2026-10-08 05:52:04,179 54 INFO bench odoo.modules.loading: Loading module base_install_request (26/76) 
2026-10-08 05:52:04,187 54 INFO bench odoo.registry: module base_install_request: creating or updating database tables 
2026-10-08 05:52:04,227 54 INFO bench odoo.modules.loading: loading base_install_request/security/ir.model.access.csv 
2026-10-08 05:52:04,235 54 INFO bench odoo.modules.loading: loading base_install_request/wizard/base_module_install_request_views.xml 
2026-10-08 05:52:04,250 54 INFO bench odoo.modules.loading: loading base_install_request/data/mail_template_data.xml 
2026-10-08 05:52:04,255 54 INFO bench odoo.modules.loading: loading base_install_request/data/mail_templates_module_install.xml 
2026-10-08 05:52:04,259 54 INFO bench odoo.modules.loading: loading base_install_request/views/ir_module_module_views.xml 
2026-10-08 05:52:04,282 54 INFO bench odoo.modules.loading: Module base_install_request loaded in 0.10s, 154 queries (+154 other) 
2026-10-08 05:52:04,282 54 INFO bench odoo.modules.loading: Loading module google_gmail (27/76) 
2026-10-08 05:52:04,297 54 INFO bench odoo.registry: module google_gmail: creating or updating database tables 
2026-10-08 05:52:04,339 54 INFO bench odoo.modules.loading: loading google_gmail/views/fetchmail_server_views.xml 
2026-10-08 05:52:04,352 54 INFO bench odoo.modules.loading: loading google_gmail/views/ir_mail_server_views.xml 
2026-10-08 05:52:04,362 54 INFO bench odoo.modules.loading: loading google_gmail/views/res_config_settings_views.xml 
2026-10-08 05:52:04,379 54 INFO bench odoo.modules.loading: loading google_gmail/views/templates.xml 
2026-10-08 05:52:04,393 54 INFO bench odoo.modules.loading: Module google_gmail loaded in 0.11s, 153 queries (+153 other) 
2026-10-08 05:52:04,393 54 INFO bench odoo.modules.loading: Loading module iap_mail (28/76) 
2026-10-08 05:52:04,399 54 INFO bench odoo.registry: module iap_mail: creating or updating database tables 
2026-10-08 05:52:04,425 54 INFO bench odoo.modules.loading: loading iap_mail/data/mail_templates.xml 
2026-10-08 05:52:04,438 54 INFO bench odoo.modules.loading: loading iap_mail/views/iap_views.xml 
2026-10-08 05:52:04,459 54 INFO bench odoo.modules.loading: Module iap_mail loaded in 0.07s, 70 queries (+70 other) 
2026-10-08 05:52:04,459 54 INFO bench odoo.modules.loading: Loading module mail_bot (29/76) 
2026-10-08 05:52:04,470 54 INFO bench odoo.registry: module mail_bot: creating or updating database tables 
2026-10-08 05:52:04,507 54 INFO bench odoo.modules.loading: loading mail_bot/views/res_users_views.xml 
2026-10-08 05:52:04,524 54 INFO bench odoo.modules.loading: loading mail_bot/data/mailbot_data.xml 
2026-10-08 05:52:04,537 54 INFO bench odoo.modules.loading: Module mail_bot loaded in 0.08s, 109 queries (+109 other) 
2026-10-08 05:52:04,537 54 INFO bench odoo.modules.loading: Loading module microsoft_outlook (30/76) 
2026-10-08 05:52:04,551 54 INFO bench odoo.registry: module microsoft_outlook: creating or updating database tables 
2026-10-08 05:52:04,594 54 INFO bench odoo.modules.loading: loading microsoft_outlook/views/fetchmail_server_views.xml 
2026-10-08 05:52:04,607 54 INFO bench odoo.modules.loading: loading microsoft_outlook/views/ir_mail_server_views.xml 
2026-10-08 05:52:04,616 54 INFO bench odoo.modules.loading: loading microsoft_outlook/views/res_config_settings_views.xml 
2026-10-08 05:52:04,632 54 INFO bench odoo.modules.loading: loading microsoft_outlook/views/templates.xml 
2026-10-08 05:52:04,646 54 INFO bench odoo.modules.loading: Module microsoft_outlook loaded in 0.11s, 156 queries (+156 other) 
2026-10-08 05:52:04,646 54 INFO bench odoo.modules.loading: Loading module phone_validation (31/76) 
2026-10-08 05:52:04,733 54 INFO bench odoo.registry: module phone_validation: creating or updating database tables 
2026-10-08 05:52:04,741 54 INFO bench odoo.models: Prepare computation of res.partner.phone_sanitized 
2026-10-08 05:52:05,316 54 INFO bench odoo.modules.loading: loading phone_validation/security/ir.model.access.csv 
2026-10-08 05:52:05,324 54 INFO bench odoo.modules.loading: loading phone_validation/views/phone_blacklist_views.xml 
2026-10-08 05:52:05,349 54 INFO bench odoo.modules.loading: loading phone_validation/views/res_partner_views.xml 
2026-10-08 05:52:05,359 54 INFO bench odoo.modules.loading: loading phone_validation/wizard/phone_blacklist_remove_view.xml 
2026-10-08 05:52:05,378 54 INFO bench odoo.modules.loading: Module phone_validation loaded in 0.73s, 1810 queries (+1810 other) 
2026-10-08 05:52:05,378 54 INFO bench odoo.modules.loading: Loading module privacy_lookup (32/76) 
2026-10-08 05:52:05,390 54 INFO bench odoo.registry: module privacy_lookup: creating or updating database tables 
2026-10-08 05:52:05,469 54 INFO bench odoo.modules.loading: loading privacy_lookup/wizard/privacy_lookup_wizard_views.xml 
2026-10-08 05:52:05,514 54 INFO bench odoo.modules.loading: loading privacy_lookup/views/privacy_log_views.xml 
2026-10-08 05:52:05,532 54 INFO bench odoo.modules.loading: loading privacy_lookup/security/ir.model.access.csv 
2026-10-08 05:52:05,546 54 INFO bench odoo.modules.loading: loading privacy_lookup/data/ir_actions_server_data.xml 
2026-10-08 05:52:05,590 54 INFO bench odoo.modules.loading: Module privacy_lookup loaded in 0.21s, 296 queries (+296 other) 
2026-10-08 05:52:05,590 54 INFO bench odoo.modules.loading: Loading module product (33/76) 
2026-10-08 05:52:05,631 54 INFO bench odoo.registry: module product: creating or updating database tables 
2026-10-08 05:52:06,114 54 INFO bench odoo.modules.loading: loading product/data/product_data.xml 
2026-10-08 05:52:06,140 54 INFO bench odoo.modules.loading: loading product/security/product_security.xml 
2026-10-08 05:52:06,194 54 INFO bench odoo.modules.loading: loading product/security/ir.model.access.csv 
2026-10-08 05:52:06,209 54 INFO bench odoo.modules.loading: loading product/wizard/product_label_layout_views.xml 
2026-10-08 05:52:06,217 54 INFO bench odoo.modules.loading: loading product/wizard/update_product_attribute_value_views.xml 
2026-10-08 05:52:06,224 54 INFO bench odoo.modules.loading: loading product/views/product_tag_views.xml 
2026-10-08 05:52:06,236 54 INFO bench odoo.modules.loading: loading product/views/product_views.xml 
2026-10-08 05:52:06,329 54 INFO bench odoo.modules.loading: loading product/views/res_config_settings_views.xml 
2026-10-08 05:52:06,344 54 INFO bench odoo.modules.loading: loading product/views/product_attribute_views.xml 
2026-10-08 05:52:06,379 54 INFO bench odoo.modules.loading: loading product/views/product_attribute_value_views.xml 
2026-10-08 05:52:06,384 54 INFO bench odoo.modules.loading: loading product/views/product_category_views.xml 
2026-10-08 05:52:06,399 54 INFO bench odoo.modules.loading: loading product/views/product_combo_views.xml 
2026-10-08 05:52:06,411 54 INFO bench odoo.modules.loading: loading product/views/product_document_views.xml 
2026-10-08 05:52:06,428 54 INFO bench odoo.modules.loading: loading product/views/product_pricelist_item_views.xml 
2026-10-08 05:52:06,454 54 INFO bench odoo.modules.loading: loading product/views/product_pricelist_views.xml 
2026-10-08 05:52:06,473 54 INFO bench odoo.modules.loading: loading product/views/product_supplierinfo_views.xml 
2026-10-08 05:52:06,493 54 INFO bench odoo.modules.loading: loading product/views/product_template_attribute_line_views.xml 
2026-10-08 05:52:06,498 54 INFO bench odoo.modules.loading: loading product/views/product_template_views.xml 
2026-10-08 05:52:06,545 54 INFO bench odoo.modules.loading: loading product/views/res_country_group_views.xml 
2026-10-08 05:52:06,553 54 INFO bench odoo.modules.loading: loading product/views/res_partner_views.xml 
2026-10-08 05:52:06,564 54 INFO bench odoo.modules.loading: loading product/views/uom_views.xml 
2026-10-08 05:52:06,578 54 INFO bench odoo.modules.loading: loading product/report/product_reports.xml 
2026-10-08 05:52:06,598 54 INFO bench odoo.modules.loading: loading product/report/product_product_templates.xml 
2026-10-08 05:52:06,623 54 INFO bench odoo.modules.loading: loading product/report/product_template_templates.xml 
2026-10-08 05:52:06,640 54 INFO bench odoo.modules.loading: loading product/report/product_packaging.xml 
2026-10-08 05:52:06,645 54 INFO bench odoo.modules.loading: loading product/report/product_pricelist_report_templates.xml 
2026-10-08 05:52:06,684 54 INFO bench odoo.modules.loading: Module product loaded in 1.09s, 1645 queries (+1645 other) 
2026-10-08 05:52:06,684 54 INFO bench odoo.modules.loading: Loading module resource_mail (34/76) 
2026-10-08 05:52:06,693 54 INFO bench odoo.registry: module resource_mail: creating or updating database tables 
2026-10-08 05:52:06,728 54 INFO bench odoo.modules.loading: Module resource_mail loaded in 0.04s, 36 queries (+36 other) 
2026-10-08 05:52:06,728 54 INFO bench odoo.modules.loading: Loading module sales_team (35/76) 
2026-10-08 05:52:06,740 54 INFO bench odoo.registry: module sales_team: creating or updating database tables 
2026-10-08 05:52:06,753 54 INFO bench odoo.models: Prepare computation of res.users.sale_team_id 
2026-10-08 05:52:06,828 54 INFO bench odoo.modules.loading: loading sales_team/security/sales_team_security.xml 
2026-10-08 05:52:06,868 54 INFO bench odoo.modules.loading: loading sales_team/security/ir.model.access.csv 
2026-10-08 05:52:06,875 54 INFO bench odoo.modules.loading: loading sales_team/data/crm_team_data.xml 
2026-10-08 05:52:06,908 54 INFO bench odoo.modules.loading: loading sales_team/views/crm_tag_views.xml 
2026-10-08 05:52:06,923 54 INFO bench odoo.modules.loading: loading sales_team/views/crm_team_views.xml 
2026-10-08 05:52:06,951 54 INFO bench odoo.modules.loading: loading sales_team/views/crm_team_member_views.xml 
2026-10-08 05:52:06,981 54 INFO bench odoo.modules.loading: loading sales_team/views/mail_activity_views.xml 
2026-10-08 05:52:06,997 54 INFO bench odoo.modules.loading: Module sales_team loaded in 0.27s, 365 queries (+365 other) 
2026-10-08 05:52:06,997 54 INFO bench odoo.modules.loading: Loading module partner_autocomplete (36/76) 
2026-10-08 05:52:07,022 54 INFO bench odoo.registry: module partner_autocomplete: creating or updating database tables 
2026-10-08 05:52:07,076 54 INFO bench odoo.modules.loading: loading partner_autocomplete/views/res_company_views.xml 
2026-10-08 05:52:07,091 54 INFO bench odoo.modules.loading: loading partner_autocomplete/views/res_config_settings_views.xml 
2026-10-08 05:52:07,105 54 INFO bench odoo.modules.loading: loading partner_autocomplete/data/iap_service_data.xml 
2026-10-08 05:52:07,117 54 INFO bench odoo.modules.loading: Module partner_autocomplete loaded in 0.12s, 144 queries (+144 other) 
2026-10-08 05:52:07,117 54 INFO bench odoo.modules.loading: Loading module portal (37/76) 
2026-10-08 05:52:07,151 54 INFO bench odoo.registry: module portal: creating or updating database tables 
2026-10-08 05:52:07,318 54 INFO bench odoo.modules.loading: loading portal/security/ir.model.access.csv 
2026-10-08 05:52:07,326 54 INFO bench odoo.modules.loading: loading portal/data/mail_templates.xml 
2026-10-08 05:52:07,332 54 INFO bench odoo.modules.loading: loading portal/views/address_templates.xml 
2026-10-08 05:52:07,357 54 INFO bench odoo.modules.loading: loading portal/views/mail_templates_public.xml 
2026-10-08 05:52:07,362 54 INFO bench odoo.modules.loading: loading portal/views/portal_templates.xml 
2026-10-08 05:52:07,451 54 INFO bench odoo.modules.loading: loading portal/views/res_config_settings_views.xml 
2026-10-08 05:52:07,470 54 INFO bench odoo.modules.loading: loading portal/wizard/portal_share_views.xml 
2026-10-08 05:52:07,480 54 INFO bench odoo.modules.loading: loading portal/wizard/portal_wizard_views.xml 
2026-10-08 05:52:07,522 54 INFO bench odoo.modules.loading: Module portal loaded in 0.40s, 614 queries (+614 other) 
2026-10-08 05:52:07,522 54 INFO bench odoo.modules.loading: Loading module sms (38/76) 
2026-10-08 05:52:07,603 54 INFO bench odoo.registry: module sms: creating or updating database tables 
2026-10-08 05:52:07,611 54 INFO bench odoo.models: Prepare computation of ir.actions.server.sms_template_id 
2026-10-08 05:52:07,611 54 INFO bench odoo.models: Prepare computation of ir.actions.server.sms_method 
2026-10-08 05:52:08,422 54 INFO bench odoo.modules.loading: loading sms/data/iap_service_data.xml 
2026-10-08 05:52:08,428 54 INFO bench odoo.modules.loading: loading sms/data/ir_cron_data.xml 
2026-10-08 05:52:08,448 54 INFO bench odoo.modules.loading: loading sms/wizard/sms_account_code_views.xml 
2026-10-08 05:52:08,457 54 INFO bench odoo.modules.loading: loading sms/wizard/sms_account_phone_views.xml 
2026-10-08 05:52:08,463 54 INFO bench odoo.modules.loading: loading sms/wizard/sms_account_sender_views.xml 
2026-10-08 05:52:08,468 54 INFO bench odoo.modules.loading: loading sms/wizard/sms_composer_views.xml 
2026-10-08 05:52:08,477 54 INFO bench odoo.modules.loading: loading sms/wizard/sms_template_preview_views.xml 
2026-10-08 05:52:08,487 54 INFO bench odoo.modules.loading: loading sms/wizard/sms_template_reset_views.xml 
2026-10-08 05:52:08,496 54 INFO bench odoo.modules.loading: loading sms/views/ir_actions_server_views.xml 
2026-10-08 05:52:08,510 54 INFO bench odoo.modules.loading: loading sms/views/mail_notification_views.xml 
2026-10-08 05:52:08,523 54 INFO bench odoo.modules.loading: loading sms/views/res_config_settings_views.xml 
2026-10-08 05:52:08,537 54 INFO bench odoo.modules.loading: loading sms/views/res_partner_views.xml 
2026-10-08 05:52:08,550 54 INFO bench odoo.modules.loading: loading sms/views/iap_account_views.xml 
2026-10-08 05:52:08,561 54 INFO bench odoo.modules.loading: loading sms/views/sms_sms_views.xml 
2026-10-08 05:52:08,586 54 INFO bench odoo.modules.loading: loading sms/views/sms_template_views.xml 
2026-10-08 05:52:08,606 54 INFO bench odoo.modules.loading: loading sms/security/ir.model.access.csv 
2026-10-08 05:52:08,627 54 INFO bench odoo.modules.loading: loading sms/security/sms_security.xml 
2026-10-08 05:52:08,650 54 INFO bench odoo.modules.loading: Module sms loaded in 1.13s, 2440 queries (+2440 other) 
2026-10-08 05:52:08,650 54 INFO bench odoo.modules.loading: Loading module snailmail (39/76) 
2026-10-08 05:52:08,741 54 INFO bench odoo.registry: module snailmail: creating or updating database tables 
2026-10-08 05:52:08,913 54 INFO bench odoo.modules.loading: loading snailmail/data/iap_service_data.xml 
2026-10-08 05:52:08,918 54 INFO bench odoo.modules.loading: loading snailmail/data/snailmail_data.xml 
2026-10-08 05:52:08,938 54 INFO bench odoo.modules.loading: loading snailmail/views/report_assets.xml 
2026-10-08 05:52:08,949 54 INFO bench odoo.modules.loading: loading snailmail/views/snailmail_views.xml 
2026-10-08 05:52:08,966 54 INFO bench odoo.modules.loading: loading snailmail/security/ir.model.access.csv 
2026-10-08 05:52:08,994 54 INFO bench odoo.modules.loading: Module snailmail loaded in 0.34s, 480 queries (+480 other) 
2026-10-08 05:52:08,994 54 INFO bench odoo.modules.loading: Loading module auth_passkey_portal (40/76) 
2026-10-08 05:52:09,003 54 INFO bench odoo.modules.loading: loading auth_passkey_portal/views/templates.xml 
2026-10-08 05:52:09,029 54 INFO bench odoo.modules.loading: Module auth_passkey_portal loaded in 0.03s, 22 queries (+22 other) 
2026-10-08 05:52:09,029 54 INFO bench odoo.modules.loading: Loading module auth_totp_portal (41/76) 
2026-10-08 05:52:09,038 54 INFO bench odoo.registry: module auth_totp_portal: creating or updating database tables 
2026-10-08 05:52:09,057 54 INFO bench odoo.modules.loading: loading auth_totp_portal/security/security.xml 
2026-10-08 05:52:09,069 54 INFO bench odoo.modules.loading: loading auth_totp_portal/views/templates.xml 
2026-10-08 05:52:09,087 54 INFO bench odoo.modules.loading: Module auth_totp_portal loaded in 0.06s, 70 queries (+70 other) 
2026-10-08 05:52:09,087 54 INFO bench odoo.modules.loading: Loading module digest (42/76) 
2026-10-08 05:52:09,103 54 INFO bench odoo.registry: module digest: creating or updating database tables 
2026-10-08 05:52:09,173 54 INFO bench odoo.modules.loading: loading digest/security/ir.model.access.csv 
2026-10-08 05:52:09,183 54 INFO bench odoo.modules.loading: loading digest/data/digest_data.xml 
2026-10-08 05:52:09,198 54 INFO bench odoo.modules.loading: loading digest/data/digest_tips_data.xml 
2026-10-08 05:52:09,213 54 INFO bench odoo.modules.loading: loading digest/data/ir_cron_data.xml 
2026-10-08 05:52:09,233 54 INFO bench odoo.modules.loading: loading digest/data/res_config_settings_data.xml 
2026-10-08 05:52:09,238 54 INFO bench odoo.modules.loading: loading digest/views/digest_views.xml 
2026-10-08 05:52:09,279 54 INFO bench odoo.modules.loading: loading digest/views/digest_templates.xml 
2026-10-08 05:52:09,283 54 INFO bench odoo.modules.loading: loading digest/views/res_config_settings_views.xml 
2026-10-08 05:52:09,316 54 INFO bench odoo.modules.loading: Module digest loaded in 0.23s, 326 queries (+326 other) 
2026-10-08 05:52:09,316 54 INFO bench odoo.modules.loading: Loading module payment (43/76) 
2026-10-08 05:52:09,351 54 INFO bench odoo.registry: module payment: creating or updating database tables 
2026-10-08 05:52:09,575 54 INFO bench odoo.modules.loading: loading payment/data/ir_actions_server_data.xml 
2026-10-08 05:52:09,592 54 INFO bench odoo.modules.loading: loading payment/data/payment_method_data.xml 
2026-10-08 05:52:11,042 54 INFO bench odoo.modules.loading: loading payment/data/payment_provider_data.xml 
2026-10-08 05:52:11,206 54 INFO bench odoo.modules.loading: loading payment/data/payment_cron.xml 
2026-10-08 05:52:11,220 54 INFO bench odoo.modules.loading: loading payment/views/express_checkout_templates.xml 
2026-10-08 05:52:11,226 54 INFO bench odoo.modules.loading: loading payment/views/payment_form_templates.xml 
2026-10-08 05:52:11,260 54 INFO bench odoo.modules.loading: loading payment/views/portal_templates.xml 
2026-10-08 05:52:11,295 54 INFO bench odoo.modules.loading: loading payment/views/payment_provider_views.xml 
2026-10-08 05:52:11,323 54 INFO bench odoo.modules.loading: loading payment/views/payment_method_views.xml 
2026-10-08 05:52:11,344 54 INFO bench odoo.modules.loading: loading payment/views/payment_transaction_views.xml 
2026-10-08 05:52:11,374 54 INFO bench odoo.modules.loading: loading payment/views/payment_token_views.xml 
2026-10-08 05:52:11,389 54 INFO bench odoo.modules.loading: loading payment/views/res_partner_views.xml 
2026-10-08 05:52:11,402 54 INFO bench odoo.modules.loading: loading payment/security/ir.model.access.csv 
2026-10-08 05:52:11,899 54 INFO bench odoo.modules.loading: loading payment/security/payment_security.xml 
2026-10-08 05:52:11,922 54 INFO bench odoo.modules.loading: loading payment/wizards/payment_capture_wizard_views.xml 
2026-10-08 05:52:11,928 54 INFO bench odoo.modules.loading: loading payment/wizards/payment_link_wizard_views.xml 
2026-10-08 05:52:11,952 54 INFO bench odoo.modules.loading: Module payment loaded in 2.64s, 2517 queries (+2517 other) 
2026-10-08 05:52:11,952 54 INFO bench odoo.modules.loading: Loading module spreadsheet (44/76) 
2026-10-08 05:52:11,965 54 INFO bench odoo.registry: module spreadsheet: creating or updating database tables 
2026-10-08 05:52:12,000 54 INFO bench odoo.modules.loading: loading spreadsheet/views/public_readonly_spreadsheet_templates.xml 
2026-10-08 05:52:12,016 54 INFO bench odoo.modules.loading: Module spreadsheet loaded in 0.06s, 93 queries (+93 other) 
2026-10-08 05:52:12,016 54 INFO bench odoo.modules.loading: Loading module account (45/76) 
2026-10-08 05:52:12,133 54 INFO bench odoo.registry: module account: creating or updating database tables 
2026-10-08 05:52:12,231 54 INFO bench odoo.models: Prepare computation of res.company.domestic_fiscal_position_id 
2026-10-08 05:52:12,231 54 INFO bench odoo.models: Prepare computation of res.company.account_fiscal_country_id 
2026-10-08 05:52:12,231 54 INFO bench odoo.models: Prepare computation of res.company.invoice_terms_html 
2026-10-08 05:52:12,231 54 INFO bench odoo.models: Prepare computation of res.company.account_storno 
2026-10-08 05:52:13,672 54 INFO bench odoo.modules.loading: loading account/security/account_security.xml 
2026-10-08 05:52:13,843 54 INFO bench odoo.modules.loading: loading account/security/ir.model.access.csv 
2026-10-08 05:52:13,880 54 INFO bench odoo.modules.loading: loading account/data/account_data.xml 
2026-10-08 05:52:13,945 54 INFO bench odoo.modules.loading: loading account/data/digest_data.xml 
2026-10-08 05:52:13,954 54 INFO bench odoo.modules.loading: loading account/views/account_report.xml 
2026-10-08 05:52:13,972 54 INFO bench odoo.modules.loading: loading account/data/mail_template_data.xml 
2026-10-08 05:52:14,009 54 INFO bench odoo.modules.loading: loading account/data/onboarding_data.xml 
2026-10-08 05:52:14,035 54 INFO bench odoo.modules.loading: loading account/data/account_tour.xml 
2026-10-08 05:52:14,038 54 INFO bench odoo.modules.loading: loading account/data/ir_sequence.xml 
2026-10-08 05:52:14,043 54 INFO bench odoo.modules.loading: loading account/data/res_country_group.xml 
2026-10-08 05:52:14,057 54 INFO bench odoo.modules.loading: loading account/views/account_payment_view.xml 
2026-10-08 05:52:14,118 54 INFO bench odoo.modules.loading: loading account/wizard/account_automatic_entry_wizard_views.xml 
2026-10-08 05:52:14,130 54 INFO bench odoo.modules.loading: loading account/wizard/account_autopost_bills_wizard.xml 
2026-10-08 05:52:14,137 54 INFO bench odoo.modules.loading: loading account/wizard/account_unreconcile_view.xml 
2026-10-08 05:52:14,145 54 INFO bench odoo.modules.loading: loading account/wizard/account_move_reversal_view.xml 
2026-10-08 05:52:14,154 54 INFO bench odoo.modules.loading: loading account/wizard/account_resequence_views.xml 
2026-10-08 05:52:14,164 54 INFO bench odoo.modules.loading: loading account/wizard/account_payment_register_views.xml 
2026-10-08 05:52:14,174 54 INFO bench odoo.modules.loading: loading account/views/account_move_views.xml 
2026-10-08 05:52:14,586 54 INFO bench odoo.modules.loading: loading account/wizard/setup_wizards_view.xml 
2026-10-08 05:52:14,609 54 INFO bench odoo.modules.loading: loading account/views/account_account_views.xml 
2026-10-08 05:52:14,640 54 INFO bench odoo.modules.loading: loading account/views/account_group_views.xml 
2026-10-08 05:52:14,653 54 INFO bench odoo.modules.loading: loading account/views/account_journal_views.xml 
2026-10-08 05:52:14,694 54 INFO bench odoo.modules.loading: loading account/views/account_account_tag_views.xml 
2026-10-08 05:52:14,706 54 INFO bench odoo.modules.loading: loading account/views/account_bank_statement_views.xml 
2026-10-08 05:52:14,733 54 INFO bench odoo.modules.loading: loading account/views/account_reconcile_model_views.xml 
2026-10-08 05:52:14,756 54 INFO bench odoo.modules.loading: loading account/views/account_tax_views.xml 
2026-10-08 05:52:14,811 54 INFO bench odoo.modules.loading: loading account/views/account_full_reconcile_views.xml 
2026-10-08 05:52:14,817 54 INFO bench odoo.modules.loading: loading account/views/account_payment_term_views.xml 
2026-10-08 05:52:14,840 54 INFO bench odoo.modules.loading: loading account/views/account_payment_method.xml 
2026-10-08 05:52:14,848 54 INFO bench odoo.modules.loading: loading account/views/res_partner_bank_views.xml 
2026-10-08 05:52:14,866 54 INFO bench odoo.modules.loading: loading account/views/report_statement.xml 
2026-10-08 05:52:14,878 54 INFO bench odoo.modules.loading: loading account/views/terms_template.xml 
2026-10-08 05:52:14,890 54 INFO bench odoo.modules.loading: loading account/wizard/account_validate_move_view.xml 
2026-10-08 05:52:14,908 54 INFO bench odoo.modules.loading: loading account/views/res_company_views.xml 
2026-10-08 05:52:14,931 54 INFO bench odoo.modules.loading: loading account/views/product_view.xml 
2026-10-08 05:52:14,978 54 INFO bench odoo.modules.loading: loading account/views/account_analytic_plan_views.xml 
2026-10-08 05:52:14,991 54 INFO bench odoo.modules.loading: loading account/views/account_analytic_account_views.xml 
2026-10-08 05:52:15,011 54 INFO bench odoo.modules.loading: loading account/views/account_analytic_distribution_model_views.xml 
2026-10-08 05:52:15,027 54 INFO bench odoo.modules.loading: loading account/views/account_analytic_line_views.xml 
2026-10-08 05:52:15,057 54 INFO bench odoo.modules.loading: loading account/views/report_invoice.xml 
2026-10-08 05:52:15,093 54 INFO bench odoo.modules.loading: loading account/report/account_invoice_report_view.xml 
2026-10-08 05:52:15,130 54 INFO bench odoo.modules.loading: loading account/views/account_cash_rounding_view.xml 
2026-10-08 05:52:15,145 54 INFO bench odoo.modules.loading: loading account/views/ir_actions_views.xml 
2026-10-08 05:52:15,153 54 INFO bench odoo.modules.loading: loading account/views/ir_module_views.xml 
2026-10-08 05:52:15,162 54 INFO bench odoo.modules.loading: loading account/views/base_document_layout_views.xml 
2026-10-08 05:52:15,173 54 INFO bench odoo.modules.loading: loading account/views/res_config_settings_views.xml 
2026-10-08 05:52:15,210 54 INFO bench odoo.modules.loading: loading account/views/partner_view.xml 
2026-10-08 05:52:15,272 54 INFO bench odoo.modules.loading: loading account/views/account_journal_dashboard_view.xml 
2026-10-08 05:52:15,288 54 INFO bench odoo.modules.loading: loading account/views/account_portal_templates.xml 
2026-10-08 05:52:15,328 54 INFO bench odoo.modules.loading: loading account/views/report_payment_receipt_templates.xml 
2026-10-08 05:52:15,337 54 INFO bench odoo.modules.loading: loading account/data/service_cron.xml 
2026-10-08 05:52:15,360 54 INFO bench odoo.modules.loading: loading account/views/account_incoterms_view.xml 
2026-10-08 05:52:15,377 54 INFO bench odoo.modules.loading: loading account/data/account_incoterms_data.xml 
2026-10-08 05:52:15,393 54 INFO bench odoo.modules.loading: loading account/views/digest_views.xml 
2026-10-08 05:52:15,403 54 INFO bench odoo.modules.loading: loading account/wizard/account_move_send_wizard.xml 
2026-10-08 05:52:15,411 54 INFO bench odoo.modules.loading: loading account/wizard/account_move_send_batch_wizard.xml 
2026-10-08 05:52:15,418 54 INFO bench odoo.modules.loading: loading account/report/account_hash_integrity_templates.xml 
2026-10-08 05:52:15,423 54 INFO bench odoo.modules.loading: loading account/views/res_currency.xml 
2026-10-08 05:52:15,435 54 INFO bench odoo.modules.loading: loading account/views/res_country_group_view.xml 
2026-10-08 05:52:15,445 54 INFO bench odoo.modules.loading: loading account/views/account_menuitem.xml 
2026-10-08 05:52:15,589 54 INFO bench odoo.modules.loading: loading account/wizard/account_secure_entries_wizard.xml 
2026-10-08 05:52:15,604 54 INFO bench odoo.modules.loading: loading account/views/mail_message_views.xml 
2026-10-08 05:52:15,620 54 INFO bench odoo.modules.loading: loading account/wizard/accrued_orders.xml 
2026-10-08 05:52:15,629 54 INFO bench odoo.modules.loading: loading account/views/bill_preview_template.xml 
2026-10-08 05:52:15,637 54 INFO bench odoo.modules.loading: loading account/data/account_reports_data.xml 
2026-10-08 05:52:15,674 54 INFO bench odoo.modules.loading: loading account/views/uom_uom_views.xml 
2026-10-08 05:52:15,684 54 INFO bench odoo.modules.loading: loading account/views/product_views.xml 
2026-10-08 05:52:15,698 54 INFO bench odoo.modules.loading: loading account/views/tests_shared_js_python.xml 
2026-10-08 05:52:15,701 54 INFO bench odoo.modules.loading: loading account/views/account_lock_exception_views.xml 
2026-10-08 05:52:15,709 54 INFO bench odoo.modules.loading: loading account/views/report_templates.xml 
2026-10-08 05:52:15,729 54 INFO bench odoo.modules.loading: loading account/wizard/account_merge_wizard_views.xml 
2026-10-08 05:52:15,742 54 INFO bench odoo.modules.loading: loading account/data/ir_config_parameter_data.xml 
2026-10-08 05:52:15,830 54 INFO bench odoo.modules.loading: Module account loaded in 3.81s, 5829 queries (+5829 other) 
2026-10-08 05:52:15,831 54 INFO bench odoo.modules.loading: Loading module payment_custom (46/76) 
2026-10-08 05:52:15,841 54 INFO bench odoo.registry: module payment_custom: creating or updating database tables 
2026-10-08 05:52:15,885 54 INFO bench odoo.modules.loading: loading payment_custom/views/payment_custom_templates.xml 
2026-10-08 05:52:15,909 54 INFO bench odoo.modules.loading: loading payment_custom/views/payment_provider_views.xml 
2026-10-08 05:52:15,929 54 INFO bench odoo.modules.loading: loading payment_custom/data/payment_method_data.xml 
2026-10-08 05:52:15,939 54 INFO bench odoo.modules.loading: loading payment_custom/data/payment_provider_data.xml 
2026-10-08 05:52:15,963 54 INFO bench odoo.modules.loading: Module payment_custom loaded in 0.13s, 137 queries (+137 other) 
2026-10-08 05:52:15,963 54 INFO bench odoo.modules.loading: Loading module spreadsheet_dashboard (47/76) 
2026-10-08 05:52:15,974 54 INFO bench odoo.registry: module spreadsheet_dashboard: creating or updating database tables 
2026-10-08 05:52:16,058 54 INFO bench odoo.modules.loading: loading spreadsheet_dashboard/security/security.xml 
2026-10-08 05:52:16,099 54 INFO bench odoo.modules.loading: loading spreadsheet_dashboard/security/ir.model.access.csv 
2026-10-08 05:52:16,106 54 INFO bench odoo.modules.loading: loading spreadsheet_dashboard/views/spreadsheet_dashboard_views.xml 
2026-10-08 05:52:16,127 54 INFO bench odoo.modules.loading: loading spreadsheet_dashboard/views/menu_views.xml 
2026-10-08 05:52:16,149 54 INFO bench odoo.modules.loading: loading spreadsheet_dashboard/data/dashboard.xml 
2026-10-08 05:52:16,172 54 INFO bench odoo.modules.loading: Module spreadsheet_dashboard loaded in 0.21s, 313 queries (+313 other) 
2026-10-08 05:52:16,172 54 INFO bench odoo.modules.loading: Loading module stock (48/76) 
2026-10-08 05:52:16,259 54 INFO bench odoo.registry: module stock: creating or updating database tables 
2026-10-08 05:52:17,551 54 INFO bench odoo.modules.loading: loading stock/security/stock_security.xml 
2026-10-08 05:52:17,648 54 INFO bench odoo.modules.loading: loading stock/security/ir.model.access.csv 
2026-10-08 05:52:17,675 54 INFO bench odoo.modules.loading: loading stock/data/digest_data.xml 
2026-10-08 05:52:17,681 54 INFO bench odoo.modules.loading: loading stock/data/mail_templates.xml 
2026-10-08 05:52:17,688 54 INFO bench odoo.modules.loading: loading stock/data/default_barcode_patterns.xml 
2026-10-08 05:52:17,697 54 INFO bench odoo.modules.loading: loading stock/data/stock_data.xml 
2026-10-08 05:52:17,858 54 INFO bench odoo.modules.loading: loading stock/data/stock_sequence_data.xml 
2026-10-08 05:52:17,889 54 INFO bench odoo.modules.loading: loading stock/data/stock_traceability_report_data.xml 
2026-10-08 05:52:17,892 54 INFO bench odoo.modules.loading: loading stock/report/report_stock_quantity.xml 
2026-10-08 05:52:17,900 54 INFO bench odoo.modules.loading: loading stock/report/report_stock_reception.xml 
2026-10-08 05:52:17,915 54 INFO bench odoo.modules.loading: loading stock/report/stock_report_views.xml 
2026-10-08 05:52:17,959 54 INFO bench odoo.modules.loading: loading stock/report/report_package_barcode.xml 
2026-10-08 05:52:17,985 54 INFO bench odoo.modules.loading: loading stock/report/report_lot_barcode.xml 
2026-10-08 05:52:17,992 54 INFO bench odoo.modules.loading: loading stock/report/report_location_barcode.xml 
2026-10-08 05:52:18,000 54 INFO bench odoo.modules.loading: loading stock/report/report_stockpicking_operations.xml 
2026-10-08 05:52:18,012 54 INFO bench odoo.modules.loading: loading stock/report/report_deliveryslip.xml 
2026-10-08 05:52:18,040 54 INFO bench odoo.modules.loading: loading stock/report/report_stockinventory.xml 
2026-10-08 05:52:18,047 54 INFO bench odoo.modules.loading: loading stock/report/report_stock_rule.xml 
2026-10-08 05:52:18,068 54 INFO bench odoo.modules.loading: loading stock/report/package_templates.xml 
2026-10-08 05:52:18,076 54 INFO bench odoo.modules.loading: loading stock/report/packaging_barcode.xml 
2026-10-08 05:52:18,081 54 INFO bench odoo.modules.loading: loading stock/report/picking_templates.xml 
2026-10-08 05:52:18,093 54 INFO bench odoo.modules.loading: loading stock/report/product_templates.xml 
2026-10-08 05:52:18,115 54 INFO bench odoo.modules.loading: loading stock/report/report_return_slip.xml 
2026-10-08 05:52:18,126 54 INFO bench odoo.modules.loading: loading stock/data/mail_template_data.xml 
2026-10-08 05:52:18,133 54 INFO bench odoo.modules.loading: loading stock/views/stock_menu_views.xml 
2026-10-08 05:52:18,180 54 INFO bench odoo.modules.loading: loading stock/wizard/stock_picking_return_views.xml 
2026-10-08 05:52:18,191 54 INFO bench odoo.modules.loading: loading stock/wizard/stock_inventory_conflict.xml 
2026-10-08 05:52:18,203 54 INFO bench odoo.modules.loading: loading stock/wizard/stock_backorder_confirmation_views.xml 
2026-10-08 05:52:18,211 54 INFO bench odoo.modules.loading: loading stock/wizard/stock_quantity_history.xml 
2026-10-08 05:52:18,218 54 INFO bench odoo.modules.loading: loading stock/wizard/stock_request_count.xml 
2026-10-08 05:52:18,229 54 INFO bench odoo.modules.loading: loading stock/wizard/stock_replenishment_info.xml 
2026-10-08 05:52:18,248 54 INFO bench odoo.modules.loading: loading stock/wizard/stock_rules_report_views.xml 
2026-10-08 05:52:18,257 54 INFO bench odoo.modules.loading: loading stock/wizard/stock_warn_insufficient_qty_views.xml 
2026-10-08 05:52:18,272 54 INFO bench odoo.modules.loading: loading stock/wizard/product_replenish_views.xml 
2026-10-08 05:52:18,282 54 INFO bench odoo.modules.loading: loading stock/wizard/product_label_layout_views.xml 
2026-10-08 05:52:18,300 54 INFO bench odoo.modules.loading: loading stock/wizard/stock_orderpoint_snooze_views.xml 
2026-10-08 05:52:18,308 54 INFO bench odoo.modules.loading: loading stock/wizard/stock_package_destination_views.xml 
2026-10-08 05:52:18,321 54 INFO bench odoo.modules.loading: loading stock/wizard/stock_inventory_adjustment_name.xml 
2026-10-08 05:52:18,330 54 INFO bench odoo.modules.loading: loading stock/wizard/stock_inventory_warning.xml 
2026-10-08 05:52:18,340 54 INFO bench odoo.modules.loading: loading stock/wizard/stock_label_type.xml 
2026-10-08 05:52:18,346 54 INFO bench odoo.modules.loading: loading stock/wizard/stock_lot_label_layout.xml 
2026-10-08 05:52:18,352 54 INFO bench odoo.modules.loading: loading stock/wizard/stock_quant_relocate.xml 
2026-10-08 05:52:18,359 54 INFO bench odoo.modules.loading: loading stock/wizard/stock_put_in_pack_views.xml 
2026-10-08 05:52:18,369 54 INFO bench odoo.modules.loading: loading stock/views/res_partner_views.xml 
2026-10-08 05:52:18,390 54 INFO bench odoo.modules.loading: loading stock/views/product_strategy_views.xml 
2026-10-08 05:52:18,417 54 INFO bench odoo.modules.loading: loading stock/views/stock_lot_views.xml 
2026-10-08 05:52:18,449 54 INFO bench odoo.modules.loading: loading stock/views/stock_scrap_views.xml 
2026-10-08 05:52:18,484 54 INFO bench odoo.modules.loading: loading stock/views/stock_quant_views.xml 
2026-10-08 05:52:18,718 54 INFO bench odoo.modules.loading: loading stock/views/stock_warehouse_views.xml 
2026-10-08 05:52:18,738 54 INFO bench odoo.modules.loading: loading stock/views/stock_move_line_views.xml 
2026-10-08 05:52:18,785 54 INFO bench odoo.modules.loading: loading stock/views/stock_move_views.xml 
2026-10-08 05:52:18,857 54 INFO bench odoo.modules.loading: loading stock/views/stock_picking_views.xml 
2026-10-08 05:52:19,035 54 INFO bench odoo.modules.loading: loading stock/views/stock_picking_type_views.xml 
2026-10-08 05:52:19,075 54 INFO bench odoo.modules.loading: loading stock/views/product_views.xml 
2026-10-08 05:52:19,247 54 INFO bench odoo.modules.loading: loading stock/views/stock_location_views.xml 
2026-10-08 05:52:19,307 54 INFO bench odoo.modules.loading: loading stock/views/stock_orderpoint_views.xml 
2026-10-08 05:52:19,368 54 INFO bench odoo.modules.loading: loading stock/views/stock_storage_category_views.xml 
2026-10-08 05:52:19,396 54 INFO bench odoo.modules.loading: loading stock/views/res_config_settings_views.xml 
2026-10-08 05:52:19,430 54 INFO bench odoo.modules.loading: loading stock/views/report_stock_traceability.xml 
2026-10-08 05:52:19,439 54 INFO bench odoo.modules.loading: loading stock/views/stock_template.xml 
2026-10-08 05:52:19,449 54 INFO bench odoo.modules.loading: loading stock/views/stock_rule_views.xml 
2026-10-08 05:52:19,480 54 INFO bench odoo.modules.loading: loading stock/views/stock_package_history_views.xml 
2026-10-08 05:52:19,491 54 INFO bench odoo.modules.loading: loading stock/views/stock_package_type_view.xml 
2026-10-08 05:52:19,512 54 INFO bench odoo.modules.loading: loading stock/views/stock_package_views.xml 
2026-10-08 05:52:19,547 54 INFO bench odoo.modules.loading: loading stock/views/stock_forecasted.xml 
2026-10-08 05:52:19,553 54 INFO bench odoo.modules.loading: loading stock/views/stock_reference_views.xml 
2026-10-08 05:52:19,575 54 INFO bench odoo.modules.loading: loading stock/views/uom_uom_views.xml 
2026-10-08 05:52:19,675 54 INFO bench odoo.modules.loading: Module stock loaded in 3.50s, 5092 queries (+5092 other) 
2026-10-08 05:52:19,676 54 INFO bench odoo.modules.loading: Loading module account_add_gln (49/76) 
2026-10-08 05:52:19,695 54 INFO bench odoo.registry: module account_add_gln: creating or updating database tables 
2026-10-08 05:52:19,756 54 INFO bench odoo.modules.loading: loading account_add_gln/views/res_partner_views.xml 
2026-10-08 05:52:19,790 54 INFO bench odoo.modules.loading: Module account_add_gln loaded in 0.11s, 105 queries (+105 other) 
2026-10-08 05:52:19,790 54 INFO bench odoo.modules.loading: Loading module account_edi_ubl_cii (50/76) 
2026-10-08 05:52:19,838 54 INFO bench odoo.registry: module account_edi_ubl_cii: creating or updating database tables 
2026-10-08 05:52:19,860 54 INFO bench odoo.models: Prepare computation of res.partner.peppol_endpoint 
2026-10-08 05:52:19,860 54 INFO bench odoo.models: Prepare computation of res.partner.peppol_eas 
2026-10-08 05:52:19,963 54 INFO bench odoo.modules.loading: loading account_edi_ubl_cii/data/cii_22_templates.xml 
2026-10-08 05:52:19,985 54 INFO bench odoo.modules.loading: loading account_edi_ubl_cii/data/ir_config_parameter_data.xml 
2026-10-08 05:52:19,988 54 INFO bench odoo.modules.loading: loading account_edi_ubl_cii/views/account_tax_views.xml 
2026-10-08 05:52:20,002 54 INFO bench odoo.modules.loading: loading account_edi_ubl_cii/views/account_move_views.xml 
2026-10-08 05:52:20,018 54 INFO bench odoo.modules.loading: loading account_edi_ubl_cii/views/res_partner_views.xml 
2026-10-08 05:52:20,032 54 INFO bench odoo.modules.loading: loading account_edi_ubl_cii/report/account_edi_ubl_cii_report_templates.xml 
2026-10-08 05:52:20,081 54 INFO bench odoo.modules.loading: Module account_edi_ubl_cii loaded in 0.29s, 388 queries (+388 other) 
2026-10-08 05:52:20,081 54 INFO bench odoo.modules.loading: Loading module account_payment (51/76) 
2026-10-08 05:52:20,109 54 INFO bench odoo.registry: module account_payment: creating or updating database tables 
2026-10-08 05:52:20,246 54 INFO bench odoo.modules.loading: loading account_payment/data/ir_config_parameter.xml 
2026-10-08 05:52:20,251 54 INFO bench odoo.modules.loading: loading account_payment/security/ir.model.access.csv 
2026-10-08 05:52:20,258 54 INFO bench odoo.modules.loading: loading account_payment/security/ir_rules.xml 
2026-10-08 05:52:20,264 54 INFO bench odoo.modules.loading: loading account_payment/views/account_payment_menus.xml 
2026-10-08 05:52:20,281 54 INFO bench odoo.modules.loading: loading account_payment/views/account_portal_templates.xml 
2026-10-08 05:52:20,332 54 INFO bench odoo.modules.loading: loading account_payment/views/account_move_views.xml 
2026-10-08 05:52:20,353 54 INFO bench odoo.modules.loading: loading account_payment/views/account_journal_views.xml 
2026-10-08 05:52:20,364 54 INFO bench odoo.modules.loading: loading account_payment/views/account_payment_views.xml 
2026-10-08 05:52:20,373 54 INFO bench odoo.modules.loading: loading account_payment/views/payment_form_templates.xml 
2026-10-08 05:52:20,380 54 INFO bench odoo.modules.loading: loading account_payment/views/payment_provider_views.xml 
2026-10-08 05:52:20,392 54 INFO bench odoo.modules.loading: loading account_payment/views/payment_transaction_views.xml 
2026-10-08 05:52:20,402 54 INFO bench odoo.modules.loading: loading account_payment/wizards/account_payment_register_views.xml 
2026-10-08 05:52:20,412 54 INFO bench odoo.modules.loading: loading account_payment/wizards/payment_link_wizard_views.xml 
2026-10-08 05:52:20,423 54 INFO bench odoo.modules.loading: loading account_payment/wizards/payment_refund_wizard_views.xml 
2026-10-08 05:52:20,430 54 INFO bench odoo.modules.loading: loading account_payment/wizards/res_config_settings_views.xml 
2026-10-08 05:52:20,474 54 INFO bench odoo.modules.loading: Module account_payment loaded in 0.39s, 576 queries (+576 other) 
2026-10-08 05:52:20,474 54 INFO bench odoo.modules.loading: Loading module mrp (52/76) 
2026-10-08 05:52:20,543 54 INFO bench odoo.registry: module mrp: creating or updating database tables 
2026-10-08 05:52:21,264 54 INFO bench odoo.modules.loading: loading mrp/security/mrp_security.xml 
2026-10-08 05:52:21,334 54 INFO bench odoo.modules.loading: loading mrp/security/ir.model.access.csv 
2026-10-08 05:52:21,356 54 INFO bench odoo.modules.loading: loading mrp/data/digest_data.xml 
2026-10-08 05:52:21,359 54 INFO bench odoo.modules.loading: loading mrp/data/mail_templates.xml 
2026-10-08 05:52:21,371 54 INFO bench odoo.modules.loading: loading mrp/data/mrp_data.xml 
2026-10-08 05:52:21,502 54 INFO bench odoo.modules.loading: loading mrp/data/mail_message_subtype_data.xml 
2026-10-08 05:52:21,513 54 INFO bench odoo.modules.loading: loading mrp/wizard/change_production_qty_views.xml 
2026-10-08 05:52:21,522 54 INFO bench odoo.modules.loading: loading mrp/wizard/mrp_workcenter_block_view.xml 
2026-10-08 05:52:21,533 54 INFO bench odoo.modules.loading: loading mrp/wizard/stock_warn_insufficient_qty_views.xml 
2026-10-08 05:52:21,545 54 INFO bench odoo.modules.loading: loading mrp/wizard/mrp_production_backorder.xml 
2026-10-08 05:52:21,554 54 INFO bench odoo.modules.loading: loading mrp/wizard/mrp_consumption_warning_views.xml 
2026-10-08 05:52:21,564 54 INFO bench odoo.modules.loading: loading mrp/wizard/mrp_production_split.xml 
2026-10-08 05:52:21,581 54 INFO bench odoo.modules.loading: loading mrp/wizard/mrp_production_serial_numbers.xml 
2026-10-08 05:52:21,590 54 INFO bench odoo.modules.loading: loading mrp/views/mrp_views_menus.xml 
2026-10-08 05:52:21,610 54 INFO bench odoo.modules.loading: loading mrp/views/stock_move_views.xml 
2026-10-08 05:52:21,660 54 INFO bench odoo.modules.loading: loading mrp/views/mrp_workorder_views.xml 
2026-10-08 05:52:21,756 54 INFO bench odoo.modules.loading: loading mrp/views/mrp_workcenter_views.xml 
2026-10-08 05:52:21,858 54 INFO bench odoo.modules.loading: loading mrp/views/mrp_bom_views.xml 
2026-10-08 05:52:21,908 54 INFO bench odoo.modules.loading: loading mrp/views/mrp_production_views.xml 
2026-10-08 05:52:22,043 54 INFO bench odoo.modules.loading: loading mrp/views/mrp_routing_views.xml 
2026-10-08 05:52:22,079 54 INFO bench odoo.modules.loading: loading mrp/views/product_document_views.xml 
2026-10-08 05:52:22,089 54 INFO bench odoo.modules.loading: loading mrp/views/product_views.xml 
2026-10-08 05:52:22,161 54 INFO bench odoo.modules.loading: loading mrp/views/stock_orderpoint_views.xml 
2026-10-08 05:52:22,178 54 INFO bench odoo.modules.loading: loading mrp/views/stock_warehouse_views.xml 
2026-10-08 05:52:22,187 54 INFO bench odoo.modules.loading: loading mrp/views/stock_picking_views.xml 
2026-10-08 05:52:22,222 54 INFO bench odoo.modules.loading: loading mrp/views/stock_rule_views.xml 
2026-10-08 05:52:22,234 54 INFO bench odoo.modules.loading: loading mrp/views/mrp_unbuild_views.xml 
2026-10-08 05:52:22,263 54 INFO bench odoo.modules.loading: loading mrp/views/res_config_settings_views.xml 
2026-10-08 05:52:22,287 54 INFO bench odoo.modules.loading: loading mrp/views/stock_scrap_views.xml 
2026-10-08 05:52:22,307 54 INFO bench odoo.modules.loading: loading mrp/wizard/stock_replenishment_info.xml 
2026-10-08 05:52:22,320 54 INFO bench odoo.modules.loading: loading mrp/report/report_deliveryslip.xml 
2026-10-08 05:52:22,335 54 INFO bench odoo.modules.loading: loading mrp/report/mrp_report_views_main.xml 
2026-10-08 05:52:22,347 54 INFO bench odoo.modules.loading: loading mrp/report/mrp_report_bom_structure.xml 
2026-10-08 05:52:22,359 54 INFO bench odoo.modules.loading: loading mrp/report/mrp_report_mo_overview.xml 
2026-10-08 05:52:22,384 54 INFO bench odoo.modules.loading: loading mrp/report/mrp_production_templates.xml 
2026-10-08 05:52:22,399 54 INFO bench odoo.modules.loading: loading mrp/report/report_stock_reception.xml 
2026-10-08 05:52:22,402 54 INFO bench odoo.modules.loading: loading mrp/report/report_stock_rule.xml 
2026-10-08 05:52:22,410 54 INFO bench odoo.modules.loading: loading mrp/report/mrp_zebra_production_templates.xml 
2026-10-08 05:52:22,415 54 INFO bench odoo.modules.loading: loading mrp/report/mrp_workorder_templates.xml 
2026-10-08 05:52:22,469 54 INFO bench odoo.modules.loading: Module mrp loaded in 1.99s, 3211 queries (+3211 other) 
2026-10-08 05:52:22,469 54 INFO bench odoo.modules.loading: Loading module purchase (53/76) 
2026-10-08 05:52:22,522 54 INFO bench odoo.registry: module purchase: creating or updating database tables 
2026-10-08 05:52:22,824 54 INFO bench odoo.modules.loading: loading purchase/security/purchase_security.xml 
2026-10-08 05:52:22,906 54 INFO bench odoo.modules.loading: loading purchase/security/ir.model.access.csv 
2026-10-08 05:52:22,923 54 INFO bench odoo.modules.loading: loading purchase/data/digest_data.xml 
2026-10-08 05:52:22,929 54 INFO bench odoo.modules.loading: loading purchase/views/account_move_views.xml 
2026-10-08 05:52:22,956 54 INFO bench odoo.modules.loading: loading purchase/data/purchase_data.xml 
2026-10-08 05:52:22,988 54 INFO bench odoo.modules.loading: loading purchase/data/ir_cron_data.xml 
2026-10-08 05:52:23,006 54 INFO bench odoo.modules.loading: loading purchase/report/purchase_reports.xml 
2026-10-08 05:52:23,013 54 INFO bench odoo.modules.loading: loading purchase/views/purchase_views.xml 
2026-10-08 05:52:23,188 54 INFO bench odoo.modules.loading: loading purchase/views/purchase_bill_line_match_views.xml 
2026-10-08 05:52:23,196 54 INFO bench odoo.modules.loading: loading purchase/views/res_config_settings_views.xml 
2026-10-08 05:52:23,218 54 INFO bench odoo.modules.loading: loading purchase/views/product_views.xml 
2026-10-08 05:52:23,303 54 INFO bench odoo.modules.loading: loading purchase/views/res_partner_views.xml 
2026-10-08 05:52:23,332 54 INFO bench odoo.modules.loading: loading purchase/report/purchase_bill_views.xml 
2026-10-08 05:52:23,342 54 INFO bench odoo.modules.loading: loading purchase/report/purchase_report_views.xml 
2026-10-08 05:52:23,366 54 INFO bench odoo.modules.loading: loading purchase/data/mail_templates.xml 
2026-10-08 05:52:23,374 54 INFO bench odoo.modules.loading: loading purchase/data/mail_template_data.xml 
2026-10-08 05:52:23,386 54 INFO bench odoo.modules.loading: loading purchase/views/portal_templates.xml 
2026-10-08 05:52:23,427 54 INFO bench odoo.modules.loading: loading purchase/report/purchase_order_templates.xml 
2026-10-08 05:52:23,440 54 INFO bench odoo.modules.loading: loading purchase/report/purchase_quotation_templates.xml 
2026-10-08 05:52:23,448 54 INFO bench odoo.modules.loading: loading purchase/views/analytic_account_views.xml 
2026-10-08 05:52:23,458 54 INFO bench odoo.modules.loading: loading purchase/wizard/bill_to_po_wizard_views.xml 
2026-10-08 05:52:23,464 54 INFO bench odoo.modules.loading: loading purchase/data/purchase_tour.xml 
2026-10-08 05:52:23,500 54 INFO bench odoo.modules.loading: Module purchase loaded in 1.03s, 1513 queries (+1513 other) 
2026-10-08 05:52:23,500 54 INFO bench odoo.modules.loading: Loading module snailmail_account (54/76) 
2026-10-08 05:52:23,528 54 INFO bench odoo.registry: module snailmail_account: creating or updating database tables 
2026-10-08 05:52:23,626 54 INFO bench odoo.modules.loading: loading snailmail_account/views/res_config_settings_views.xml 
2026-10-08 05:52:23,663 54 INFO bench odoo.modules.loading: Module snailmail_account loaded in 0.16s, 198 queries (+198 other) 
2026-10-08 05:52:23,663 54 INFO bench odoo.modules.loading: Loading module spreadsheet_account (55/76) 
2026-10-08 05:52:23,680 54 INFO bench odoo.registry: module spreadsheet_account: creating or updating database tables 
2026-10-08 05:52:23,736 54 INFO bench odoo.modules.loading: Module spreadsheet_account loaded in 0.07s, 58 queries (+58 other) 
2026-10-08 05:52:23,737 54 INFO bench odoo.modules.loading: Loading module spreadsheet_dashboard_account (56/76) 
2026-10-08 05:52:23,749 54 INFO bench odoo.modules.loading: loading spreadsheet_dashboard_account/data/dashboards.xml 
2026-10-08 05:52:23,810 54 INFO bench odoo.modules.loading: Module spreadsheet_dashboard_account loaded in 0.07s, 29 queries (+29 other) 
2026-10-08 05:52:23,810 54 INFO bench odoo.modules.loading: Loading module stock_account (57/76) 
2026-10-08 05:52:23,857 54 INFO bench odoo.registry: module stock_account: creating or updating database tables 
2026-10-08 05:52:24,122 54 INFO bench odoo.modules.loading: loading stock_account/security/stock_account_security.xml 
2026-10-08 05:52:24,133 54 INFO bench odoo.modules.loading: loading stock_account/security/ir.model.access.csv 
2026-10-08 05:52:24,141 54 INFO bench odoo.modules.loading: loading stock_account/data/stock_account_data.xml 
2026-10-08 05:52:24,167 54 INFO bench odoo.modules.loading: loading stock_account/views/account_account_views.xml 
2026-10-08 05:52:24,183 54 INFO bench odoo.modules.loading: loading stock_account/views/stock_account_views.xml 
2026-10-08 05:52:24,192 54 INFO bench odoo.modules.loading: loading stock_account/views/res_config_settings_views.xml 
2026-10-08 05:52:24,207 54 INFO bench odoo.modules.loading: loading stock_account/views/report_invoice.xml 
2026-10-08 05:52:24,219 54 INFO bench odoo.modules.loading: loading stock_account/views/stock_quant_views.xml 
2026-10-08 05:52:26,665 54 INFO bench odoo.modules.loading: loading stock_account/views/product_views.xml 
2026-10-08 05:52:26,723 54 INFO bench odoo.modules.loading: loading stock_account/views/product_value_views.xml 
2026-10-08 05:52:26,733 54 INFO bench odoo.modules.loading: loading stock_account/views/stock_location_views.xml 
2026-10-08 05:52:26,742 54 INFO bench odoo.modules.loading: loading stock_account/views/stock_lot_views.xml 
2026-10-08 05:52:26,750 54 INFO bench odoo.modules.loading: loading stock_account/views/stock_picking_views.xml 
2026-10-08 05:52:26,761 54 INFO bench odoo.modules.loading: loading stock_account/views/stock_move_views.xml 
2026-10-08 05:52:26,786 54 INFO bench odoo.modules.loading: loading stock_account/wizard/stock_inventory_adjustment_name_views.xml 
2026-10-08 05:52:26,793 54 INFO bench odoo.modules.loading: loading stock_account/report/account_invoice_report_view.xml 
2026-10-08 05:52:26,797 54 INFO bench odoo.modules.loading: loading stock_account/report/stock_avco_audit_report_views.xml 
2026-10-08 05:52:26,805 54 INFO bench odoo.modules.loading: loading stock_account/report/stock_valuation_report.xml 
2026-10-08 05:52:26,831 54 INFO bench odoo.modules.loading: Module stock_account loaded in 3.02s, 923 queries (+923 other) 
2026-10-08 05:52:26,831 54 INFO bench odoo.modules.loading: Loading module stock_sms (58/76) 
2026-10-08 05:52:26,852 54 INFO bench odoo.registry: module stock_sms: creating or updating database tables 
2026-10-08 05:52:26,930 54 INFO bench odoo.modules.loading: loading stock_sms/data/sms_data.xml 
2026-10-08 05:52:26,935 54 INFO bench odoo.modules.loading: loading stock_sms/views/res_config_settings_views.xml 
2026-10-08 05:52:26,958 54 INFO bench odoo.modules.loading: loading stock_sms/wizard/confirm_stock_sms_views.xml 
2026-10-08 05:52:26,963 54 INFO bench odoo.modules.loading: loading stock_sms/security/ir.model.access.csv 
2026-10-08 05:52:26,971 54 INFO bench odoo.modules.loading: loading stock_sms/security/sms_security.xml 
2026-10-08 05:52:27,012 54 INFO bench odoo.modules.loading: Module stock_sms loaded in 0.18s, 201 queries (+201 other) 
2026-10-08 05:52:27,012 54 INFO bench odoo.modules.loading: Loading module mrp_account (59/76) 
2026-10-08 05:52:27,052 54 INFO bench odoo.registry: module mrp_account: creating or updating database tables 
2026-10-08 05:52:27,267 54 INFO bench odoo.modules.loading: loading mrp_account/security/ir.model.access.csv 
2026-10-08 05:52:27,276 54 INFO bench odoo.modules.loading: loading mrp_account/views/product_views.xml 
2026-10-08 05:52:27,332 54 INFO bench odoo.modules.loading: loading mrp_account/views/mrp_production_views.xml 
2026-10-08 05:52:27,349 54 INFO bench odoo.modules.loading: loading mrp_account/views/analytic_account_views.xml 
2026-10-08 05:52:27,358 54 INFO bench odoo.modules.loading: loading mrp_account/views/account_move_views.xml 
2026-10-08 05:52:27,371 54 INFO bench odoo.modules.loading: loading mrp_account/views/mrp_workcenter_views.xml 
2026-10-08 05:52:27,386 54 INFO bench odoo.modules.loading: loading mrp_account/report/report_mrp_templates.xml 
2026-10-08 05:52:27,393 54 INFO bench odoo.modules.loading: loading mrp_account/wizard/mrp_wip_accounting.xml 
2026-10-08 05:52:27,424 54 INFO bench odoo.modules.loading: Module mrp_account loaded in 0.41s, 671 queries (+671 other) 
2026-10-08 05:52:27,424 54 INFO bench odoo.modules.loading: Loading module purchase_edi_ubl_bis3 (60/76) 
2026-10-08 05:52:27,445 54 INFO bench odoo.registry: module purchase_edi_ubl_bis3: creating or updating database tables 
2026-10-08 05:52:27,527 54 INFO bench odoo.modules.loading: Module purchase_edi_ubl_bis3 loaded in 0.10s, 128 queries (+128 other) 
2026-10-08 05:52:27,527 54 INFO bench odoo.modules.loading: Loading module purchase_stock (61/76) 
2026-10-08 05:52:27,581 54 INFO bench odoo.registry: module purchase_stock: creating or updating database tables 
2026-10-08 05:52:27,838 54 INFO bench odoo.modules.loading: loading purchase_stock/security/ir.model.access.csv 
2026-10-08 05:52:27,848 54 INFO bench odoo.modules.loading: loading purchase_stock/data/purchase_stock_data.xml 
2026-10-08 05:52:27,917 54 INFO bench odoo.modules.loading: loading purchase_stock/data/mail_templates.xml 
2026-10-08 05:52:27,923 54 INFO bench odoo.modules.loading: loading purchase_stock/report/vendor_delay_report.xml 
2026-10-08 05:52:27,933 54 INFO bench odoo.modules.loading: loading purchase_stock/views/purchase_views.xml 
2026-10-08 05:52:27,961 54 INFO bench odoo.modules.loading: loading purchase_stock/views/stock_views.xml 
2026-10-08 05:52:27,993 54 INFO bench odoo.modules.loading: loading purchase_stock/views/stock_picking_views.xml 
2026-10-08 05:52:28,009 54 INFO bench odoo.modules.loading: loading purchase_stock/views/stock_rule_views.xml 
2026-10-08 05:52:28,020 54 INFO bench odoo.modules.loading: loading purchase_stock/views/res_config_settings_views.xml 
2026-10-08 05:52:28,058 54 INFO bench odoo.modules.loading: loading purchase_stock/views/res_partner_views.xml 
2026-10-08 05:52:28,073 54 INFO bench odoo.modules.loading: loading purchase_stock/views/stock_lot_views.xml 
2026-10-08 05:52:28,082 54 INFO bench odoo.modules.loading: loading purchase_stock/views/stock_orderpoint_views.xml 
2026-10-08 05:52:28,088 54 INFO bench odoo.modules.loading: loading purchase_stock/views/stock_reference_views.xml 
2026-10-08 05:52:28,095 54 INFO bench odoo.modules.loading: loading purchase_stock/views/product_views.xml 
2026-10-08 05:52:28,111 54 INFO bench odoo.modules.loading: loading purchase_stock/report/purchase_report_views.xml 
2026-10-08 05:52:28,119 54 INFO bench odoo.modules.loading: loading purchase_stock/report/purchase_report_templates.xml 
2026-10-08 05:52:28,130 54 INFO bench odoo.modules.loading: loading purchase_stock/report/report_stock_rule.xml 
2026-10-08 05:52:28,137 54 INFO bench odoo.modules.loading: loading purchase_stock/wizard/stock_replenishment_info.xml 
2026-10-08 05:52:28,154 54 INFO bench odoo.modules.loading: loading purchase_stock/wizard/product_replenish_views.xml 
2026-10-08 05:52:28,179 54 INFO bench odoo.modules.loading: Module purchase_stock loaded in 0.65s, 1054 queries (+1054 other) 
2026-10-08 05:52:28,179 54 INFO bench odoo.modules.loading: Loading module sale (62/76) 
2026-10-08 05:52:28,243 54 INFO bench odoo.registry: module sale: creating or updating database tables 
2026-10-08 05:52:28,694 54 INFO bench odoo.modules.loading: loading sale/security/ir.model.access.csv 
2026-10-08 05:52:28,712 54 INFO bench odoo.modules.loading: loading sale/security/res_groups.xml 
2026-10-08 05:52:28,719 54 INFO bench odoo.modules.loading: loading sale/security/ir_rules.xml 
2026-10-08 05:52:28,820 54 INFO bench odoo.modules.loading: loading sale/report/account_invoice_report_views.xml 
2026-10-08 05:52:28,841 54 INFO bench odoo.modules.loading: loading sale/report/ir_actions_report_templates.xml 
2026-10-08 05:52:28,866 54 INFO bench odoo.modules.loading: loading sale/report/ir_actions_report.xml 
2026-10-08 05:52:28,873 54 INFO bench odoo.modules.loading: loading sale/report/sale_report_views.xml 
2026-10-08 05:52:28,910 54 INFO bench odoo.modules.loading: loading sale/data/ir_cron.xml 
2026-10-08 05:52:28,939 54 INFO bench odoo.modules.loading: loading sale/data/ir_sequence_data.xml 
2026-10-08 05:52:28,943 54 INFO bench odoo.modules.loading: loading sale/data/mail_message_subtype_data.xml 
2026-10-08 05:52:28,957 54 INFO bench odoo.modules.loading: loading sale/data/mail_template_data.xml 
2026-10-08 05:52:28,976 54 INFO bench odoo.modules.loading: loading sale/data/sale_tour.xml 
2026-10-08 05:52:28,979 54 INFO bench odoo.modules.loading: loading sale/data/ir_config_parameter.xml 
2026-10-08 05:52:28,988 54 INFO bench odoo.modules.loading: loading sale/wizard/account_accrued_orders_wizard_views.xml 
2026-10-08 05:52:28,995 54 INFO bench odoo.modules.loading: loading sale/wizard/mass_cancel_orders_views.xml 
2026-10-08 05:52:29,004 54 INFO bench odoo.modules.loading: loading sale/wizard/payment_link_wizard_views.xml 
2026-10-08 05:52:29,016 54 INFO bench odoo.modules.loading: loading sale/wizard/res_config_settings_views.xml 
2026-10-08 05:52:29,053 54 INFO bench odoo.modules.loading: loading sale/wizard/sale_make_invoice_advance_views.xml 
2026-10-08 05:52:29,063 54 INFO bench odoo.modules.loading: loading sale/wizard/sale_order_discount_views.xml 
2026-10-08 05:52:29,070 54 INFO bench odoo.modules.loading: loading sale/views/sale_order_views.xml 
2026-10-08 05:52:29,221 54 INFO bench odoo.modules.loading: loading sale/views/account_views.xml 
2026-10-08 05:52:29,265 54 INFO bench odoo.modules.loading: loading sale/views/crm_team_views.xml 
2026-10-08 05:52:29,290 54 INFO bench odoo.modules.loading: loading sale/views/mail_activity_views.xml 
2026-10-08 05:52:29,293 54 INFO bench odoo.modules.loading: loading sale/views/mail_activity_plan_views.xml 
2026-10-08 05:52:29,296 54 INFO bench odoo.modules.loading: loading sale/views/payment_views.xml 
2026-10-08 05:52:29,314 54 INFO bench odoo.modules.loading: loading sale/views/product_document_views.xml 
2026-10-08 05:52:29,340 54 INFO bench odoo.modules.loading: loading sale/views/product_pricelist_item_views.xml 
2026-10-08 05:52:29,352 54 INFO bench odoo.modules.loading: loading sale/views/product_template_views.xml 
2026-10-08 05:52:29,372 54 INFO bench odoo.modules.loading: loading sale/views/product_views.xml 
2026-10-08 05:52:29,433 54 INFO bench odoo.modules.loading: loading sale/views/res_partner_views.xml 
2026-10-08 05:52:29,468 54 INFO bench odoo.modules.loading: loading sale/views/sale_order_line_views.xml 
2026-10-08 05:52:29,484 54 INFO bench odoo.modules.loading: loading sale/views/sale_portal_templates.xml 
2026-10-08 05:52:29,535 54 INFO bench odoo.modules.loading: loading sale/views/utm_campaign_views.xml 
2026-10-08 05:52:29,551 54 INFO bench odoo.modules.loading: loading sale/views/sale_menus.xml 
2026-10-08 05:52:29,711 54 INFO bench odoo.modules.loading: Module sale loaded in 1.53s, 2520 queries (+2520 other) 
2026-10-08 05:52:29,711 54 INFO bench odoo.modules.loading: Loading module spreadsheet_dashboard_stock_account (63/76) 
2026-10-08 05:52:29,724 54 INFO bench odoo.modules.loading: loading spreadsheet_dashboard_stock_account/data/dashboards.xml 
2026-10-08 05:52:29,769 54 INFO bench odoo.modules.loading: Module spreadsheet_dashboard_stock_account loaded in 0.06s, 28 queries (+28 other) 
2026-10-08 05:52:29,769 54 INFO bench odoo.modules.loading: Loading module delivery (64/76) 
2026-10-08 05:52:29,800 54 INFO bench odoo.registry: module delivery: creating or updating database tables 
2026-10-08 05:52:29,995 54 INFO bench odoo.modules.loading: loading delivery/data/delivery_data.xml 
2026-10-08 05:52:30,041 54 INFO bench odoo.modules.loading: loading delivery/data/payment_method_data.xml 
2026-10-08 05:52:30,050 54 INFO bench odoo.modules.loading: loading delivery/data/payment_provider_data.xml 
2026-10-08 05:52:30,063 54 INFO bench odoo.modules.loading: loading delivery/security/ir.model.access.csv 
2026-10-08 05:52:30,086 54 INFO bench odoo.modules.loading: loading delivery/security/ir_rules.xml 
2026-10-08 05:52:30,091 54 INFO bench odoo.modules.loading: loading delivery/report/ir_actions_report_templates.xml 
2026-10-08 05:52:30,099 54 INFO bench odoo.modules.loading: loading delivery/views/delivery_carrier_views.xml 
2026-10-08 05:52:30,126 54 INFO bench odoo.modules.loading: loading delivery/views/delivery_price_rule_views.xml 
2026-10-08 05:52:30,137 54 INFO bench odoo.modules.loading: loading delivery/views/delivery_zip_prefix_views.xml 
2026-10-08 05:52:30,141 54 INFO bench odoo.modules.loading: loading delivery/views/ir_module_module_views.xml 
2026-10-08 05:52:30,157 54 INFO bench odoo.modules.loading: loading delivery/views/payment_form_templates.xml 
2026-10-08 05:52:30,162 54 INFO bench odoo.modules.loading: loading delivery/views/payment_provider_views.xml 
2026-10-08 05:52:30,173 54 INFO bench odoo.modules.loading: loading delivery/views/res_partner_views.xml 
2026-10-08 05:52:30,190 54 INFO bench odoo.modules.loading: loading delivery/views/sale_order_views.xml 
2026-10-08 05:52:30,207 54 INFO bench odoo.modules.loading: loading delivery/wizard/res_config_settings_views.xml 
2026-10-08 05:52:30,228 54 INFO bench odoo.modules.loading: loading delivery/wizard/choose_delivery_carrier_views.xml 
2026-10-08 05:52:30,253 54 INFO bench odoo.modules.loading: Module delivery loaded in 0.48s, 642 queries (+642 other) 
2026-10-08 05:52:30,254 54 INFO bench odoo.modules.loading: Loading module purchase_mrp (65/76) 
2026-10-08 05:52:30,275 54 INFO bench odoo.registry: module purchase_mrp: creating or updating database tables 
2026-10-08 05:52:30,357 54 INFO bench odoo.modules.loading: loading purchase_mrp/views/mrp_bom_views.xml 
2026-10-08 05:52:30,379 54 INFO bench odoo.modules.loading: loading purchase_mrp/views/purchase_order_views.xml 
2026-10-08 05:52:30,392 54 INFO bench odoo.modules.loading: loading purchase_mrp/views/mrp_production_views.xml 
2026-10-08 05:52:30,405 54 INFO bench odoo.modules.loading: loading purchase_mrp/views/stock_orderpoint_views.xml 
2026-10-08 05:52:30,422 54 INFO bench odoo.modules.loading: loading purchase_mrp/security/ir.model.access.csv 
2026-10-08 05:52:30,443 54 INFO bench odoo.modules.loading: Module purchase_mrp loaded in 0.19s, 233 queries (+233 other) 
2026-10-08 05:52:30,443 54 INFO bench odoo.modules.loading: Loading module sale_edi_ubl (66/76) 
2026-10-08 05:52:30,461 54 INFO bench odoo.registry: module sale_edi_ubl: creating or updating database tables 
2026-10-08 05:52:30,530 54 INFO bench odoo.modules.loading: Module sale_edi_ubl loaded in 0.09s, 88 queries (+88 other) 
2026-10-08 05:52:30,530 54 INFO bench odoo.modules.loading: Loading module sale_management (67/76) 
2026-10-08 05:52:30,561 54 INFO bench odoo.registry: module sale_management: creating or updating database tables 
2026-10-08 05:52:30,695 54 INFO bench odoo.modules.loading: loading sale_management/data/digest_data.xml 
2026-10-08 05:52:30,704 54 INFO bench odoo.modules.loading: loading sale_management/security/ir.model.access.csv 
2026-10-08 05:52:30,712 54 INFO bench odoo.modules.loading: loading sale_management/security/sale_management_security.xml 
2026-10-08 05:52:30,719 54 INFO bench odoo.modules.loading: loading sale_management/views/sale_order_template_views.xml 
2026-10-08 05:52:30,747 54 INFO bench odoo.modules.loading: loading sale_management/views/digest_views.xml 
2026-10-08 05:52:30,761 54 INFO bench odoo.modules.loading: loading sale_management/views/res_config_settings_views.xml 
2026-10-08 05:52:30,784 54 INFO bench odoo.modules.loading: loading sale_management/views/sale_order_views.xml 
2026-10-08 05:52:30,801 54 INFO bench odoo.modules.loading: loading sale_management/views/sale_portal_templates.xml 
2026-10-08 05:52:30,812 54 INFO bench odoo.modules.loading: loading sale_management/views/sale_management_menus.xml 
2026-10-08 05:52:30,836 54 INFO bench odoo.modules.loading: Module sale_management loaded in 0.31s, 372 queries (+372 other) 
2026-10-08 05:52:30,837 54 INFO bench odoo.modules.loading: Loading module sale_purchase (68/76) 
2026-10-08 05:52:30,860 54 INFO bench odoo.registry: module sale_purchase: creating or updating database tables 
2026-10-08 05:52:30,957 54 INFO bench odoo.modules.loading: loading sale_purchase/data/mail_templates.xml 
2026-10-08 05:52:30,971 54 INFO bench odoo.modules.loading: loading sale_purchase/views/product_views.xml 
2026-10-08 05:52:30,998 54 INFO bench odoo.modules.loading: loading sale_purchase/views/sale_order_views.xml 
2026-10-08 05:52:31,014 54 INFO bench odoo.modules.loading: loading sale_purchase/views/purchase_order_views.xml 
2026-10-08 05:52:31,040 54 INFO bench odoo.modules.loading: Module sale_purchase loaded in 0.20s, 244 queries (+244 other) 
2026-10-08 05:52:31,041 54 INFO bench odoo.modules.loading: Loading module sale_sms (69/76) 
2026-10-08 05:52:31,054 54 INFO bench odoo.modules.loading: loading sale_sms/security/ir.model.access.csv 
2026-10-08 05:52:31,085 54 INFO bench odoo.modules.loading: loading sale_sms/security/security.xml 
2026-10-08 05:52:31,102 54 INFO bench odoo.modules.loading: Module sale_sms loaded in 0.06s, 38 queries (+38 other) 
2026-10-08 05:52:31,102 54 INFO bench odoo.modules.loading: Loading module sale_stock (70/76) 
2026-10-08 05:52:31,156 54 INFO bench odoo.registry: module sale_stock: creating or updating database tables 
2026-10-08 05:52:31,414 54 INFO bench odoo.modules.loading: loading sale_stock/security/sale_stock_security.xml 
2026-10-08 05:52:31,428 54 INFO bench odoo.modules.loading: loading sale_stock/security/ir.model.access.csv 
2026-10-08 05:52:31,440 54 INFO bench odoo.modules.loading: loading sale_stock/views/sale_order_views.xml 
2026-10-08 05:52:31,502 54 INFO bench odoo.modules.loading: loading sale_stock/views/sale_order_line_views.xml 
2026-10-08 05:52:31,510 54 INFO bench odoo.modules.loading: loading sale_stock/views/stock_route_views.xml 
2026-10-08 05:52:31,519 54 INFO bench odoo.modules.loading: loading sale_stock/views/res_config_settings_views.xml 
2026-10-08 05:52:31,558 54 INFO bench odoo.modules.loading: loading sale_stock/views/sale_stock_portal_template.xml 
2026-10-08 05:52:31,575 54 INFO bench odoo.modules.loading: loading sale_stock/views/stock_lot_views.xml 
2026-10-08 05:52:31,586 54 INFO bench odoo.modules.loading: loading sale_stock/views/res_users_views.xml 
2026-10-08 05:52:31,615 54 INFO bench odoo.modules.loading: loading sale_stock/views/stock_picking_views.xml 
2026-10-08 05:52:31,635 54 INFO bench odoo.modules.loading: loading sale_stock/views/stock_reference_views.xml 
2026-10-08 05:52:31,644 54 INFO bench odoo.modules.loading: loading sale_stock/report/sale_order_report_templates.xml 
2026-10-08 05:52:31,653 54 INFO bench odoo.modules.loading: loading sale_stock/report/stock_report_deliveryslip.xml 
2026-10-08 05:52:31,663 54 INFO bench odoo.modules.loading: loading sale_stock/data/mail_templates.xml 
2026-10-08 05:52:31,671 54 INFO bench odoo.modules.loading: loading sale_stock/data/sale_stock_data.xml 
2026-10-08 05:52:31,676 54 INFO bench odoo.modules.loading: loading sale_stock/wizard/stock_rules_report_views.xml 
2026-10-08 05:52:31,699 54 INFO bench odoo.modules.loading: Module sale_stock loaded in 0.60s, 833 queries (+833 other) 
2026-10-08 05:52:31,699 54 INFO bench odoo.modules.loading: Loading module spreadsheet_dashboard_sale (71/76) 
2026-10-08 05:52:31,714 54 INFO bench odoo.modules.loading: loading spreadsheet_dashboard_sale/data/dashboards.xml 
2026-10-08 05:52:31,784 54 INFO bench odoo.modules.loading: Module spreadsheet_dashboard_sale loaded in 0.08s, 34 queries (+34 other) 
2026-10-08 05:52:31,784 54 INFO bench odoo.modules.loading: Loading module sale_mrp (72/76) 
2026-10-08 05:52:31,808 54 INFO bench odoo.registry: module sale_mrp: creating or updating database tables 
2026-10-08 05:52:31,914 54 INFO bench odoo.modules.loading: loading sale_mrp/security/ir.model.access.csv 
2026-10-08 05:52:31,923 54 INFO bench odoo.modules.loading: loading sale_mrp/views/mrp_production_views.xml 
2026-10-08 05:52:31,943 54 INFO bench odoo.modules.loading: loading sale_mrp/views/sale_order_views.xml 
2026-10-08 05:52:31,960 54 INFO bench odoo.modules.loading: loading sale_mrp/views/sale_portal_templates.xml 
2026-10-08 05:52:31,982 54 INFO bench odoo.modules.loading: Module sale_mrp loaded in 0.20s, 290 queries (+290 other) 
2026-10-08 05:52:31,982 54 INFO bench odoo.modules.loading: Loading module sale_pdf_quote_builder (73/76) 
2026-10-08 05:52:32,000 54 INFO bench odoo.registry: module sale_pdf_quote_builder: creating or updating database tables 
2026-10-08 05:52:32,124 54 INFO bench odoo.modules.loading: loading sale_pdf_quote_builder/data/ir_cron.xml 
2026-10-08 05:52:32,147 54 INFO bench odoo.modules.loading: loading sale_pdf_quote_builder/data/sale_pdf_form_field.xml 
2026-10-08 05:52:32,152 54 INFO bench odoo.modules.loading: loading sale_pdf_quote_builder/report/ir_actions_report.xml 
2026-10-08 05:52:32,159 54 INFO bench odoo.modules.loading: loading sale_pdf_quote_builder/security/ir.model.access.csv 
2026-10-08 05:52:32,173 54 INFO bench odoo.modules.loading: loading sale_pdf_quote_builder/security/ir_rules.xml 
2026-10-08 05:52:32,181 54 INFO bench odoo.modules.loading: loading sale_pdf_quote_builder/views/product_document_views.xml 
2026-10-08 05:52:32,196 54 INFO bench odoo.modules.loading: loading sale_pdf_quote_builder/views/quotation_document_views.xml 
2026-10-08 05:52:32,217 54 INFO bench odoo.modules.loading: loading sale_pdf_quote_builder/views/sale_order_template_views.xml 
2026-10-08 05:52:32,230 54 INFO bench odoo.modules.loading: loading sale_pdf_quote_builder/views/sale_order_views.xml 
2026-10-08 05:52:32,248 54 INFO bench odoo.modules.loading: loading sale_pdf_quote_builder/views/sale_pdf_form_field_views.xml 
2026-10-08 05:52:32,258 54 INFO bench odoo.modules.loading: loading sale_pdf_quote_builder/views/sale_pdf_quote_builder_menus.xml 
2026-10-08 05:52:32,262 54 INFO bench odoo.modules.loading: loading sale_pdf_quote_builder/wizards/res_config_settings_views.xml 
2026-10-08 05:52:32,301 54 INFO bench odoo.modules.loading: Module sale_pdf_quote_builder loaded in 0.32s, 411 queries (+411 other) 
2026-10-08 05:52:32,301 54 INFO bench odoo.modules.loading: Loading module sale_purchase_stock (74/76) 
2026-10-08 05:52:32,319 54 INFO bench odoo.registry: module sale_purchase_stock: creating or updating database tables 
2026-10-08 05:52:32,370 54 INFO bench odoo.modules.loading: loading sale_purchase_stock/views/purchase_order_views.xml 
2026-10-08 05:52:32,429 54 INFO bench odoo.modules.loading: Module sale_purchase_stock loaded in 0.13s, 143 queries (+143 other) 
2026-10-08 05:52:32,429 54 INFO bench odoo.modules.loading: Loading module stock_delivery (75/76) 
2026-10-08 05:52:32,461 54 INFO bench odoo.registry: module stock_delivery: creating or updating database tables 
2026-10-08 05:52:32,608 54 INFO bench odoo.modules.loading: loading stock_delivery/security/ir.model.access.csv 
2026-10-08 05:52:32,617 54 INFO bench odoo.modules.loading: loading stock_delivery/views/product_template_view.xml 
2026-10-08 05:52:32,645 54 INFO bench odoo.modules.loading: loading stock_delivery/views/delivery_view.xml 
2026-10-08 05:52:32,715 54 INFO bench odoo.modules.loading: loading stock_delivery/views/delivery_portal_template.xml 
2026-10-08 05:52:32,726 54 INFO bench odoo.modules.loading: loading stock_delivery/views/report_shipping.xml 
2026-10-08 05:52:32,733 54 INFO bench odoo.modules.loading: loading stock_delivery/views/report_deliveryslip.xml 
2026-10-08 05:52:32,763 54 INFO bench odoo.modules.loading: loading stock_delivery/views/report_package_barcode.xml 
2026-10-08 05:52:32,784 54 INFO bench odoo.modules.loading: loading stock_delivery/wizard/choose_delivery_carrier_views.xml 
2026-10-08 05:52:32,792 54 INFO bench odoo.modules.loading: loading stock_delivery/wizard/stock_put_in_pack_views.xml 
2026-10-08 05:52:32,802 54 INFO bench odoo.modules.loading: loading stock_delivery/views/stock_package_type_views.xml 
2026-10-08 05:52:32,822 54 INFO bench odoo.modules.loading: loading stock_delivery/views/stock_picking_type_views.xml 
2026-10-08 05:52:32,832 54 INFO bench odoo.modules.loading: loading stock_delivery/views/stock_rule_views.xml 
2026-10-08 05:52:32,845 54 INFO bench odoo.modules.loading: loading stock_delivery/views/stock_move_line_views.xml 
2026-10-08 05:52:32,861 54 INFO bench odoo.modules.loading: loading stock_delivery/report/product_templates.xml 
2026-10-08 05:52:32,891 54 INFO bench odoo.modules.loading: Module stock_delivery loaded in 0.46s, 664 queries (+664 other) 
2026-10-08 05:52:32,891 54 INFO bench odoo.modules.loading: Loading module stock_dropshipping (76/76) 
2026-10-08 05:52:32,927 54 INFO bench odoo.registry: module stock_dropshipping: creating or updating database tables 
2026-10-08 05:52:33,044 54 INFO bench odoo.modules.loading: loading stock_dropshipping/data/stock_data.xml 
2026-10-08 05:52:33,069 54 INFO bench odoo.modules.loading: loading stock_dropshipping/views/sale_order_views.xml 
2026-10-08 05:52:33,095 54 INFO bench odoo.modules.loading: loading stock_dropshipping/views/stock_picking_views.xml 
2026-10-08 05:52:33,121 54 INFO bench odoo.modules.loading: loading stock_dropshipping/views/purchase_order_views.xml 
2026-10-08 05:52:33,150 54 INFO bench odoo.modules.loading: Module stock_dropshipping loaded in 0.26s, 317 queries (+317 other) 
2026-10-08 05:52:33,150 54 INFO bench odoo.modules.loading: 76 modules loaded in 33.29s, 46537 queries (+46538 extra) 
2026-10-08 05:52:33,819 54 INFO bench odoo.modules.loading: Modules loaded. 
2026-10-08 05:52:34,926 54 INFO bench odoo.registry: Registry changed, signaling through the database 
2026-10-08 05:52:34,930 54 INFO bench odoo.registry: Registry loaded in 35.735s 
2026-10-08 05:52:34,930 54 INFO bench odoo.addons.base.models.ir_module: getting next ir.actions.todo() 
2026-10-08 05:52:34,936 54 INFO bench werkzeug: 127.0.0.1 - - [08/Oct/2026 05:52:34] "POST /json/2/ir.module.module/button_immediate_install HTTP/1.1" 200 - 51204 18.034 17.826
2026-10-08 05:52:34,952 54 INFO bench odoo.addons.base.models.ir_http: Generating routing map for key None 
2026-10-08 05:52:34,977 54 INFO bench werkzeug: 127.0.0.1 - - [08/Oct/2026 05:52:34] "POST /json/2/stock.route/search HTTP/1.1" 200 - 11 0.006 0.020
2026-10-08 05:52:34,996 54 INFO bench werkzeug: 127.0.0.1 - - [08/Oct/2026 05:52:34] "POST /json/2/stock.route/read HTTP/1.1" 200 - 3 0.001 0.004
2026-10-08 05:52:35,017 54 INFO bench werkzeug: 127.0.0.1 - - [08/Oct/2026 05:52:35] "POST /json/2/stock.route/search HTTP/1.1" 200 - 3 0.001 0.005
2026-10-08 05:52:35,038 54 INFO bench werkzeug: 127.0.0.1 - - [08/Oct/2026 05:52:35] "POST /json/2/stock.route/search HTTP/1.1" 200 - 3 0.002 0.005
2026-10-08 05:52:35,063 54 INFO bench werkzeug: 127.0.0.1 - - [08/Oct/2026 05:52:35] "POST /json/2/stock.route/search HTTP/1.1" 200 - 3 0.001 0.004
2026-10-08 05:52:35,082 54 INFO bench werkzeug: 127.0.0.1 - - [08/Oct/2026 05:52:35] "POST /json/2/stock.route/read HTTP/1.1" 200 - 3 0.001 0.005
2026-10-08 05:52:35,102 54 INFO bench werkzeug: 127.0.0.1 - - [08/Oct/2026 05:52:35] "POST /json/2/stock.route/search HTTP/1.1" 200 - 3 0.002 0.005
2026-10-08 05:52:35,122 54 INFO bench werkzeug: 127.0.0.1 - - [08/Oct/2026 05:52:35] "POST /json/2/stock.route/read HTTP/1.1" 200 - 3 0.001 0.005
2026-10-08 05:52:35,148 54 INFO bench werkzeug: 127.0.0.1 - - [08/Oct/2026 05:52:35] "POST /json/2/res.partner/search HTTP/1.1" 200 - 9 0.004 0.008
2026-10-08 05:52:35,202 54 INFO bench werkzeug: 127.0.0.1 - - [08/Oct/2026 05:52:35] "POST /json/2/res.partner/create HTTP/1.1" 200 - 33 0.015 0.025
2026-10-08 05:52:35,224 54 INFO bench werkzeug: 127.0.0.1 - - [08/Oct/2026 05:52:35] "POST /json/2/res.partner/search HTTP/1.1" 200 - 4 0.002 0.006
2026-10-08 05:52:35,266 54 INFO bench werkzeug: 127.0.0.1 - - [08/Oct/2026 05:52:35] "POST /json/2/res.partner/create HTTP/1.1" 200 - 18 0.007 0.020
2026-10-08 05:52:35,287 54 INFO bench werkzeug: 127.0.0.1 - - [08/Oct/2026 05:52:35] "POST /json/2/res.partner/search HTTP/1.1" 200 - 4 0.002 0.006
2026-10-08 05:52:35,328 54 INFO bench werkzeug: 127.0.0.1 - - [08/Oct/2026 05:52:35] "POST /json/2/res.partner/create HTTP/1.1" 200 - 18 0.008 0.020
2026-10-08 05:52:35,350 54 INFO bench werkzeug: 127.0.0.1 - - [08/Oct/2026 05:52:35] "POST /json/2/res.partner/search HTTP/1.1" 200 - 4 0.002 0.007
2026-10-08 05:52:35,391 54 INFO bench werkzeug: 127.0.0.1 - - [08/Oct/2026 05:52:35] "POST /json/2/res.partner/create HTTP/1.1" 200 - 18 0.007 0.021
2026-10-08 05:52:35,413 54 INFO bench werkzeug: 127.0.0.1 - - [08/Oct/2026 05:52:35] "POST /json/2/res.partner/search HTTP/1.1" 200 - 4 0.002 0.006
2026-10-08 05:52:35,461 54 INFO bench werkzeug: 127.0.0.1 - - [08/Oct/2026 05:52:35] "POST /json/2/res.partner/create HTTP/1.1" 200 - 18 0.008 0.019
2026-10-08 05:52:35,483 54 INFO bench werkzeug: 127.0.0.1 - - [08/Oct/2026 05:52:35] "POST /json/2/res.partner/search HTTP/1.1" 200 - 4 0.002 0.006
2026-10-08 05:52:35,522 54 INFO bench werkzeug: 127.0.0.1 - - [08/Oct/2026 05:52:35] "POST /json/2/res.partner/create HTTP/1.1" 200 - 18 0.006 0.018
2026-10-08 05:52:35,541 54 INFO bench werkzeug: 127.0.0.1 - - [08/Oct/2026 05:52:35] "POST /json/2/res.partner/search HTTP/1.1" 200 - 4 0.002 0.006
2026-10-08 05:52:35,578 54 INFO bench werkzeug: 127.0.0.1 - - [08/Oct/2026 05:52:35] "POST /json/2/res.partner/create HTTP/1.1" 200 - 18 0.007 0.018
2026-10-08 05:52:35,598 54 INFO bench werkzeug: 127.0.0.1 - - [08/Oct/2026 05:52:35] "POST /json/2/res.partner/search HTTP/1.1" 200 - 4 0.002 0.006
2026-10-08 05:52:35,635 54 INFO bench werkzeug: 127.0.0.1 - - [08/Oct/2026 05:52:35] "POST /json/2/res.partner/create HTTP/1.1" 200 - 18 0.006 0.018
2026-10-08 05:52:35,656 54 INFO bench werkzeug: 127.0.0.1 - - [08/Oct/2026 05:52:35] "POST /json/2/res.partner/search HTTP/1.1" 200 - 4 0.002 0.006
2026-10-08 05:52:35,698 54 INFO bench werkzeug: 127.0.0.1 - - [08/Oct/2026 05:52:35] "POST /json/2/res.partner/create HTTP/1.1" 200 - 18 0.007 0.021
2026-10-08 05:52:35,719 54 INFO bench werkzeug: 127.0.0.1 - - [08/Oct/2026 05:52:35] "POST /json/2/res.partner/search HTTP/1.1" 200 - 4 0.003 0.006
2026-10-08 05:52:35,759 54 INFO bench werkzeug: 127.0.0.1 - - [08/Oct/2026 05:52:35] "POST /json/2/res.partner/create HTTP/1.1" 200 - 18 0.007 0.019
2026-10-08 05:52:35,780 54 INFO bench werkzeug: 127.0.0.1 - - [08/Oct/2026 05:52:35] "POST /json/2/res.partner/search HTTP/1.1" 200 - 4 0.002 0.006
2026-10-08 05:52:35,820 54 INFO bench werkzeug: 127.0.0.1 - - [08/Oct/2026 05:52:35] "POST /json/2/res.partner/create HTTP/1.1" 200 - 18 0.007 0.019
2026-10-08 05:52:35,840 54 INFO bench werkzeug: 127.0.0.1 - - [08/Oct/2026 05:52:35] "POST /json/2/res.partner/search HTTP/1.1" 200 - 4 0.002 0.006
2026-10-08 05:52:35,881 54 INFO bench werkzeug: 127.0.0.1 - - [08/Oct/2026 05:52:35] "POST /json/2/res.partner/create HTTP/1.1" 200 - 18 0.007 0.020
2026-10-08 05:52:35,902 54 INFO bench werkzeug: 127.0.0.1 - - [08/Oct/2026 05:52:35] "POST /json/2/res.partner/search HTTP/1.1" 200 - 4 0.002 0.006
2026-10-08 05:52:35,942 54 INFO bench werkzeug: 127.0.0.1 - - [08/Oct/2026 05:52:35] "POST /json/2/res.partner/create HTTP/1.1" 200 - 18 0.007 0.019
2026-10-08 05:52:35,963 54 INFO bench werkzeug: 127.0.0.1 - - [08/Oct/2026 05:52:35] "POST /json/2/res.partner/search HTTP/1.1" 200 - 4 0.002 0.006
2026-10-08 05:52:36,001 54 INFO bench werkzeug: 127.0.0.1 - - [08/Oct/2026 05:52:36] "POST /json/2/res.partner/create HTTP/1.1" 200 - 18 0.007 0.018
2026-10-08 05:52:36,023 54 INFO bench werkzeug: 127.0.0.1 - - [08/Oct/2026 05:52:36] "POST /json/2/res.partner/search HTTP/1.1" 200 - 4 0.002 0.006
2026-10-08 05:52:36,062 54 INFO bench werkzeug: 127.0.0.1 - - [08/Oct/2026 05:52:36] "POST /json/2/res.partner/create HTTP/1.1" 200 - 18 0.008 0.019
2026-10-08 05:52:36,084 54 INFO bench werkzeug: 127.0.0.1 - - [08/Oct/2026 05:52:36] "POST /json/2/res.partner/search HTTP/1.1" 200 - 4 0.002 0.006
2026-10-08 05:52:36,124 54 INFO bench werkzeug: 127.0.0.1 - - [08/Oct/2026 05:52:36] "POST /json/2/res.partner/create HTTP/1.1" 200 - 18 0.008 0.020
2026-10-08 05:52:36,146 54 INFO bench werkzeug: 127.0.0.1 - - [08/Oct/2026 05:52:36] "POST /json/2/res.partner/search HTTP/1.1" 200 - 4 0.002 0.006
2026-10-08 05:52:36,181 54 INFO bench werkzeug: 127.0.0.1 - - [08/Oct/2026 05:52:36] "POST /json/2/res.partner/create HTTP/1.1" 200 - 18 0.006 0.017
2026-10-08 05:52:36,203 54 INFO bench werkzeug: 127.0.0.1 - - [08/Oct/2026 05:52:36] "POST /json/2/res.partner/search HTTP/1.1" 200 - 4 0.002 0.006
2026-10-08 05:52:36,240 54 INFO bench werkzeug: 127.0.0.1 - - [08/Oct/2026 05:52:36] "POST /json/2/res.partner/create HTTP/1.1" 200 - 18 0.007 0.018
2026-10-08 05:52:36,271 54 INFO bench werkzeug: 127.0.0.1 - - [08/Oct/2026 05:52:36] "POST /json/2/res.partner/search HTTP/1.1" 200 - 4 0.002 0.006
2026-10-08 05:52:36,310 54 INFO bench werkzeug: 127.0.0.1 - - [08/Oct/2026 05:52:36] "POST /json/2/res.partner/create HTTP/1.1" 200 - 18 0.007 0.019
2026-10-08 05:52:36,332 54 INFO bench werkzeug: 127.0.0.1 - - [08/Oct/2026 05:52:36] "POST /json/2/res.partner/search HTTP/1.1" 200 - 4 0.002 0.007
2026-10-08 05:52:36,372 54 INFO bench werkzeug: 127.0.0.1 - - [08/Oct/2026 05:52:36] "POST /json/2/res.partner/create HTTP/1.1" 200 - 18 0.008 0.019
2026-10-08 05:52:36,394 54 INFO bench werkzeug: 127.0.0.1 - - [08/Oct/2026 05:52:36] "POST /json/2/res.partner/search HTTP/1.1" 200 - 4 0.002 0.006
2026-10-08 05:52:36,435 54 INFO bench werkzeug: 127.0.0.1 - - [08/Oct/2026 05:52:36] "POST /json/2/res.partner/create HTTP/1.1" 200 - 18 0.007 0.020
2026-10-08 05:52:36,457 54 INFO bench werkzeug: 127.0.0.1 - - [08/Oct/2026 05:52:36] "POST /json/2/res.partner/search HTTP/1.1" 200 - 4 0.002 0.006
2026-10-08 05:52:36,492 54 INFO bench werkzeug: 127.0.0.1 - - [08/Oct/2026 05:52:36] "POST /json/2/res.partner/create HTTP/1.1" 200 - 18 0.006 0.017
2026-10-08 05:52:36,512 54 INFO bench werkzeug: 127.0.0.1 - - [08/Oct/2026 05:52:36] "POST /json/2/res.partner/search HTTP/1.1" 200 - 4 0.002 0.006
2026-10-08 05:52:36,550 54 INFO bench werkzeug: 127.0.0.1 - - [08/Oct/2026 05:52:36] "POST /json/2/res.partner/create HTTP/1.1" 200 - 18 0.007 0.018
2026-10-08 05:52:36,572 54 INFO bench werkzeug: 127.0.0.1 - - [08/Oct/2026 05:52:36] "POST /json/2/res.partner/search HTTP/1.1" 200 - 4 0.002 0.006
2026-10-08 05:52:36,613 54 INFO bench werkzeug: 127.0.0.1 - - [08/Oct/2026 05:52:36] "POST /json/2/res.partner/create HTTP/1.1" 200 - 18 0.007 0.020
2026-10-08 05:52:36,635 54 INFO bench werkzeug: 127.0.0.1 - - [08/Oct/2026 05:52:36] "POST /json/2/res.partner/search HTTP/1.1" 200 - 4 0.002 0.006
2026-10-08 05:52:36,681 54 INFO bench werkzeug: 127.0.0.1 - - [08/Oct/2026 05:52:36] "POST /json/2/res.partner/create HTTP/1.1" 200 - 18 0.007 0.019
2026-10-08 05:52:36,702 54 INFO bench werkzeug: 127.0.0.1 - - [08/Oct/2026 05:52:36] "POST /json/2/res.partner/search HTTP/1.1" 200 - 4 0.002 0.006
2026-10-08 05:52:36,740 54 INFO bench werkzeug: 127.0.0.1 - - [08/Oct/2026 05:52:36] "POST /json/2/res.partner/create HTTP/1.1" 200 - 18 0.007 0.018
2026-10-08 05:52:36,761 54 INFO bench werkzeug: 127.0.0.1 - - [08/Oct/2026 05:52:36] "POST /json/2/res.partner/search HTTP/1.1" 200 - 4 0.002 0.006
2026-10-08 05:52:36,798 54 INFO bench werkzeug: 127.0.0.1 - - [08/Oct/2026 05:52:36] "POST /json/2/res.partner/create HTTP/1.1" 200 - 18 0.007 0.018
2026-10-08 05:52:36,819 54 INFO bench werkzeug: 127.0.0.1 - - [08/Oct/2026 05:52:36] "POST /json/2/res.partner/search HTTP/1.1" 200 - 4 0.002 0.006
2026-10-08 05:52:36,860 54 INFO bench werkzeug: 127.0.0.1 - - [08/Oct/2026 05:52:36] "POST /json/2/res.partner/create HTTP/1.1" 200 - 18 0.008 0.020
2026-10-08 05:52:36,885 54 INFO bench werkzeug: 127.0.0.1 - - [08/Oct/2026 05:52:36] "POST /json/2/res.partner/search HTTP/1.1" 200 - 4 0.003 0.007
2026-10-08 05:52:36,926 54 INFO bench werkzeug: 127.0.0.1 - - [08/Oct/2026 05:52:36] "POST /json/2/res.partner/create HTTP/1.1" 200 - 18 0.009 0.020
2026-10-08 05:52:36,947 54 INFO bench werkzeug: 127.0.0.1 - - [08/Oct/2026 05:52:36] "POST /json/2/res.partner/search HTTP/1.1" 200 - 4 0.002 0.006
2026-10-08 05:52:36,988 54 INFO bench werkzeug: 127.0.0.1 - - [08/Oct/2026 05:52:36] "POST /json/2/res.partner/create HTTP/1.1" 200 - 18 0.008 0.020
2026-10-08 05:52:37,011 54 INFO bench werkzeug: 127.0.0.1 - - [08/Oct/2026 05:52:37] "POST /json/2/res.partner/search HTTP/1.1" 200 - 4 0.002 0.006
2026-10-08 05:52:37,050 54 INFO bench werkzeug: 127.0.0.1 - - [08/Oct/2026 05:52:37] "POST /json/2/res.partner/create HTTP/1.1" 200 - 18 0.007 0.019
2026-10-08 05:52:37,078 54 INFO bench werkzeug: 127.0.0.1 - - [08/Oct/2026 05:52:37] "POST /json/2/res.partner/search HTTP/1.1" 200 - 4 0.002 0.006
2026-10-08 05:52:37,116 54 INFO bench werkzeug: 127.0.0.1 - - [08/Oct/2026 05:52:37] "POST /json/2/res.partner/create HTTP/1.1" 200 - 18 0.007 0.018
2026-10-08 05:52:37,138 54 INFO bench werkzeug: 127.0.0.1 - - [08/Oct/2026 05:52:37] "POST /json/2/res.partner/search HTTP/1.1" 200 - 4 0.002 0.006
2026-10-08 05:52:37,175 54 INFO bench werkzeug: 127.0.0.1 - - [08/Oct/2026 05:52:37] "POST /json/2/res.partner/create HTTP/1.1" 200 - 18 0.007 0.018
2026-10-08 05:52:37,198 54 INFO bench werkzeug: 127.0.0.1 - - [08/Oct/2026 05:52:37] "POST /json/2/res.partner/search HTTP/1.1" 200 - 4 0.002 0.006
2026-10-08 05:52:37,238 54 INFO bench werkzeug: 127.0.0.1 - - [08/Oct/2026 05:52:37] "POST /json/2/res.partner/create HTTP/1.1" 200 - 18 0.007 0.019
2026-10-08 05:52:37,260 54 INFO bench werkzeug: 127.0.0.1 - - [08/Oct/2026 05:52:37] "POST /json/2/res.partner/search HTTP/1.1" 200 - 4 0.002 0.007
2026-10-08 05:52:37,301 54 INFO bench werkzeug: 127.0.0.1 - - [08/Oct/2026 05:52:37] "POST /json/2/res.partner/create HTTP/1.1" 200 - 18 0.007 0.020
2026-10-08 05:52:37,323 54 INFO bench werkzeug: 127.0.0.1 - - [08/Oct/2026 05:52:37] "POST /json/2/res.partner/search HTTP/1.1" 200 - 4 0.003 0.006
2026-10-08 05:52:37,364 54 INFO bench werkzeug: 127.0.0.1 - - [08/Oct/2026 05:52:37] "POST /json/2/res.partner/create HTTP/1.1" 200 - 18 0.007 0.020
2026-10-08 05:52:37,386 54 INFO bench werkzeug: 127.0.0.1 - - [08/Oct/2026 05:52:37] "POST /json/2/res.partner/search HTTP/1.1" 200 - 4 0.002 0.006
2026-10-08 05:52:37,424 54 INFO bench werkzeug: 127.0.0.1 - - [08/Oct/2026 05:52:37] "POST /json/2/res.partner/create HTTP/1.1" 200 - 18 0.007 0.019
2026-10-08 05:52:37,453 54 INFO bench werkzeug: 127.0.0.1 - - [08/Oct/2026 05:52:37] "POST /json/2/res.partner/search HTTP/1.1" 200 - 4 0.003 0.006
2026-10-08 05:52:37,497 54 INFO bench werkzeug: 127.0.0.1 - - [08/Oct/2026 05:52:37] "POST /json/2/res.partner/create HTTP/1.1" 200 - 18 0.008 0.021
2026-10-08 05:52:37,518 54 INFO bench werkzeug: 127.0.0.1 - - [08/Oct/2026 05:52:37] "POST /json/2/res.partner/search HTTP/1.1" 200 - 4 0.002 0.006
2026-10-08 05:52:37,560 54 INFO bench werkzeug: 127.0.0.1 - - [08/Oct/2026 05:52:37] "POST /json/2/res.partner/create HTTP/1.1" 200 - 18 0.008 0.020
2026-10-08 05:52:37,583 54 INFO bench werkzeug: 127.0.0.1 - - [08/Oct/2026 05:52:37] "POST /json/2/res.partner/search HTTP/1.1" 200 - 4 0.002 0.006
2026-10-08 05:52:37,622 54 INFO bench werkzeug: 127.0.0.1 - - [08/Oct/2026 05:52:37] "POST /json/2/res.partner/create HTTP/1.1" 200 - 18 0.007 0.020
2026-10-08 05:52:37,644 54 INFO bench werkzeug: 127.0.0.1 - - [08/Oct/2026 05:52:37] "POST /json/2/res.partner/search HTTP/1.1" 200 - 4 0.002 0.006
2026-10-08 05:52:37,684 54 INFO bench werkzeug: 127.0.0.1 - - [08/Oct/2026 05:52:37] "POST /json/2/res.partner/create HTTP/1.1" 200 - 18 0.007 0.019
2026-10-08 05:52:37,707 54 INFO bench werkzeug: 127.0.0.1 - - [08/Oct/2026 05:52:37] "POST /json/2/res.partner/search HTTP/1.1" 200 - 4 0.002 0.006
2026-10-08 05:52:37,745 54 INFO bench werkzeug: 127.0.0.1 - - [08/Oct/2026 05:52:37] "POST /json/2/res.partner/create HTTP/1.1" 200 - 18 0.007 0.018
2026-10-08 05:52:37,767 54 INFO bench werkzeug: 127.0.0.1 - - [08/Oct/2026 05:52:37] "POST /json/2/res.partner/search HTTP/1.1" 200 - 4 0.002 0.006
2026-10-08 05:52:37,808 54 INFO bench werkzeug: 127.0.0.1 - - [08/Oct/2026 05:52:37] "POST /json/2/res.partner/create HTTP/1.1" 200 - 18 0.007 0.020
2026-10-08 05:52:37,829 54 INFO bench werkzeug: 127.0.0.1 - - [08/Oct/2026 05:52:37] "POST /json/2/res.partner/search HTTP/1.1" 200 - 4 0.002 0.006
2026-10-08 05:52:37,869 54 INFO bench werkzeug: 127.0.0.1 - - [08/Oct/2026 05:52:37] "POST /json/2/res.partner/create HTTP/1.1" 200 - 18 0.007 0.020
2026-10-08 05:52:37,897 54 INFO bench werkzeug: 127.0.0.1 - - [08/Oct/2026 05:52:37] "POST /json/2/res.partner/search HTTP/1.1" 200 - 4 0.002 0.005
2026-10-08 05:52:37,934 54 INFO bench werkzeug: 127.0.0.1 - - [08/Oct/2026 05:52:37] "POST /json/2/res.partner/create HTTP/1.1" 200 - 18 0.007 0.018
2026-10-08 05:52:37,955 54 INFO bench werkzeug: 127.0.0.1 - - [08/Oct/2026 05:52:37] "POST /json/2/res.partner/search HTTP/1.1" 200 - 4 0.002 0.006
2026-10-08 05:52:37,991 54 INFO bench werkzeug: 127.0.0.1 - - [08/Oct/2026 05:52:37] "POST /json/2/res.partner/create HTTP/1.1" 200 - 18 0.006 0.018
2026-10-08 05:52:38,014 54 INFO bench werkzeug: 127.0.0.1 - - [08/Oct/2026 05:52:38] "POST /json/2/res.partner/search HTTP/1.1" 200 - 4 0.002 0.006
2026-10-08 05:52:38,052 54 INFO bench werkzeug: 127.0.0.1 - - [08/Oct/2026 05:52:38] "POST /json/2/res.partner/create HTTP/1.1" 200 - 18 0.007 0.018
2026-10-08 05:52:38,072 54 INFO bench werkzeug: 127.0.0.1 - - [08/Oct/2026 05:52:38] "POST /json/2/res.partner/search HTTP/1.1" 200 - 4 0.002 0.006
2026-10-08 05:52:38,110 54 INFO bench werkzeug: 127.0.0.1 - - [08/Oct/2026 05:52:38] "POST /json/2/res.partner/create HTTP/1.1" 200 - 18 0.007 0.018
2026-10-08 05:52:38,131 54 INFO bench werkzeug: 127.0.0.1 - - [08/Oct/2026 05:52:38] "POST /json/2/res.partner/search HTTP/1.1" 200 - 4 0.002 0.006
2026-10-08 05:52:38,168 54 INFO bench werkzeug: 127.0.0.1 - - [08/Oct/2026 05:52:38] "POST /json/2/res.partner/create HTTP/1.1" 200 - 18 0.007 0.018
2026-10-08 05:52:38,190 54 INFO bench werkzeug: 127.0.0.1 - - [08/Oct/2026 05:52:38] "POST /json/2/res.partner/search HTTP/1.1" 200 - 4 0.002 0.006
2026-10-08 05:52:38,230 54 INFO bench werkzeug: 127.0.0.1 - - [08/Oct/2026 05:52:38] "POST /json/2/res.partner/create HTTP/1.1" 200 - 18 0.007 0.020
2026-10-08 05:52:38,251 54 INFO bench werkzeug: 127.0.0.1 - - [08/Oct/2026 05:52:38] "POST /json/2/res.partner/search HTTP/1.1" 200 - 4 0.002 0.006
2026-10-08 05:52:38,298 54 INFO bench werkzeug: 127.0.0.1 - - [08/Oct/2026 05:52:38] "POST /json/2/res.partner/create HTTP/1.1" 200 - 18 0.007 0.019
2026-10-08 05:52:38,320 54 INFO bench werkzeug: 127.0.0.1 - - [08/Oct/2026 05:52:38] "POST /json/2/res.partner/search HTTP/1.1" 200 - 4 0.002 0.006
2026-10-08 05:52:38,360 54 INFO bench werkzeug: 127.0.0.1 - - [08/Oct/2026 05:52:38] "POST /json/2/res.partner/create HTTP/1.1" 200 - 18 0.007 0.021
2026-10-08 05:52:38,381 54 INFO bench werkzeug: 127.0.0.1 - - [08/Oct/2026 05:52:38] "POST /json/2/res.partner/search HTTP/1.1" 200 - 4 0.002 0.006
2026-10-08 05:52:38,419 54 INFO bench werkzeug: 127.0.0.1 - - [08/Oct/2026 05:52:38] "POST /json/2/res.partner/create HTTP/1.1" 200 - 18 0.007 0.018
2026-10-08 05:52:38,440 54 INFO bench werkzeug: 127.0.0.1 - - [08/Oct/2026 05:52:38] "POST /json/2/res.partner/search HTTP/1.1" 200 - 4 0.002 0.006
2026-10-08 05:52:38,480 54 INFO bench werkzeug: 127.0.0.1 - - [08/Oct/2026 05:52:38] "POST /json/2/res.partner/create HTTP/1.1" 200 - 18 0.007 0.019
2026-10-08 05:52:38,503 54 INFO bench werkzeug: 127.0.0.1 - - [08/Oct/2026 05:52:38] "POST /json/2/res.partner/read HTTP/1.1" 200 - 4 0.002 0.007
2026-10-08 05:52:38,524 54 INFO bench werkzeug: 127.0.0.1 - - [08/Oct/2026 05:52:38] "POST /json/2/res.partner/search HTTP/1.1" 200 - 4 0.002 0.006
2026-10-08 05:52:38,564 54 INFO bench werkzeug: 127.0.0.1 - - [08/Oct/2026 05:52:38] "POST /json/2/res.partner/create HTTP/1.1" 200 - 18 0.008 0.020
2026-10-08 05:52:38,585 54 INFO bench werkzeug: 127.0.0.1 - - [08/Oct/2026 05:52:38] "POST /json/2/res.partner/search HTTP/1.1" 200 - 4 0.002 0.006
2026-10-08 05:52:38,624 54 INFO bench werkzeug: 127.0.0.1 - - [08/Oct/2026 05:52:38] "POST /json/2/res.partner/create HTTP/1.1" 200 - 18 0.007 0.020
2026-10-08 05:52:38,645 54 INFO bench werkzeug: 127.0.0.1 - - [08/Oct/2026 05:52:38] "POST /json/2/res.partner/search HTTP/1.1" 200 - 4 0.002 0.006
2026-10-08 05:52:38,697 54 INFO bench werkzeug: 127.0.0.1 - - [08/Oct/2026 05:52:38] "POST /json/2/res.partner/create HTTP/1.1" 200 - 18 0.007 0.024
2026-10-08 05:52:38,719 54 INFO bench werkzeug: 127.0.0.1 - - [08/Oct/2026 05:52:38] "POST /json/2/res.partner/search HTTP/1.1" 200 - 4 0.002 0.006
2026-10-08 05:52:38,757 54 INFO bench werkzeug: 127.0.0.1 - - [08/Oct/2026 05:52:38] "POST /json/2/res.partner/create HTTP/1.1" 200 - 18 0.007 0.019
2026-10-08 05:52:38,779 54 INFO bench werkzeug: 127.0.0.1 - - [08/Oct/2026 05:52:38] "POST /json/2/res.partner/search HTTP/1.1" 200 - 4 0.002 0.006
2026-10-08 05:52:38,819 54 INFO bench werkzeug: 127.0.0.1 - - [08/Oct/2026 05:52:38] "POST /json/2/res.partner/create HTTP/1.1" 200 - 18 0.006 0.019
2026-10-08 05:52:38,840 54 INFO bench werkzeug: 127.0.0.1 - - [08/Oct/2026 05:52:38] "POST /json/2/res.partner/search HTTP/1.1" 200 - 4 0.002 0.006
2026-10-08 05:52:38,880 54 INFO bench werkzeug: 127.0.0.1 - - [08/Oct/2026 05:52:38] "POST /json/2/res.partner/create HTTP/1.1" 200 - 18 0.007 0.020
2026-10-08 05:52:38,901 54 INFO bench werkzeug: 127.0.0.1 - - [08/Oct/2026 05:52:38] "POST /json/2/res.partner/search HTTP/1.1" 200 - 4 0.002 0.006
2026-10-08 05:52:38,942 54 INFO bench werkzeug: 127.0.0.1 - - [08/Oct/2026 05:52:38] "POST /json/2/res.partner/create HTTP/1.1" 200 - 18 0.007 0.021
2026-10-08 05:52:38,963 54 INFO bench werkzeug: 127.0.0.1 - - [08/Oct/2026 05:52:38] "POST /json/2/res.partner/search HTTP/1.1" 200 - 4 0.002 0.006
2026-10-08 05:52:39,001 54 INFO bench werkzeug: 127.0.0.1 - - [08/Oct/2026 05:52:39] "POST /json/2/res.partner/create HTTP/1.1" 200 - 18 0.007 0.018
2026-10-08 05:52:39,023 54 INFO bench werkzeug: 127.0.0.1 - - [08/Oct/2026 05:52:39] "POST /json/2/res.partner/search HTTP/1.1" 200 - 4 0.002 0.006
2026-10-08 05:52:39,063 54 INFO bench werkzeug: 127.0.0.1 - - [08/Oct/2026 05:52:39] "POST /json/2/res.partner/create HTTP/1.1" 200 - 18 0.007 0.018
2026-10-08 05:52:39,091 54 INFO bench werkzeug: 127.0.0.1 - - [08/Oct/2026 05:52:39] "POST /json/2/res.partner/search HTTP/1.1" 200 - 4 0.002 0.006
2026-10-08 05:52:39,132 54 INFO bench werkzeug: 127.0.0.1 - - [08/Oct/2026 05:52:39] "POST /json/2/res.partner/create HTTP/1.1" 200 - 18 0.007 0.021
2026-10-08 05:52:39,154 54 INFO bench werkzeug: 127.0.0.1 - - [08/Oct/2026 05:52:39] "POST /json/2/res.partner/search HTTP/1.1" 200 - 4 0.002 0.006
2026-10-08 05:52:39,191 54 INFO bench werkzeug: 127.0.0.1 - - [08/Oct/2026 05:52:39] "POST /json/2/res.partner/create HTTP/1.1" 200 - 18 0.007 0.017
2026-10-08 05:52:39,213 54 INFO bench werkzeug: 127.0.0.1 - - [08/Oct/2026 05:52:39] "POST /json/2/res.partner/search HTTP/1.1" 200 - 4 0.002 0.006
2026-10-08 05:52:39,250 54 INFO bench werkzeug: 127.0.0.1 - - [08/Oct/2026 05:52:39] "POST /json/2/res.partner/create HTTP/1.1" 200 - 18 0.007 0.018
2026-10-08 05:52:39,272 54 INFO bench werkzeug: 127.0.0.1 - - [08/Oct/2026 05:52:39] "POST /json/2/res.partner/search HTTP/1.1" 200 - 4 0.002 0.006
2026-10-08 05:52:39,308 54 INFO bench werkzeug: 127.0.0.1 - - [08/Oct/2026 05:52:39] "POST /json/2/res.partner/create HTTP/1.1" 200 - 18 0.007 0.018
2026-10-08 05:52:39,330 54 INFO bench werkzeug: 127.0.0.1 - - [08/Oct/2026 05:52:39] "POST /json/2/res.partner/search HTTP/1.1" 200 - 4 0.002 0.006
2026-10-08 05:52:39,370 54 INFO bench werkzeug: 127.0.0.1 - - [08/Oct/2026 05:52:39] "POST /json/2/res.partner/create HTTP/1.1" 200 - 18 0.007 0.020
2026-10-08 05:52:39,390 54 INFO bench werkzeug: 127.0.0.1 - - [08/Oct/2026 05:52:39] "POST /json/2/res.partner/search HTTP/1.1" 200 - 4 0.002 0.006
2026-10-08 05:52:39,431 54 INFO bench werkzeug: 127.0.0.1 - - [08/Oct/2026 05:52:39] "POST /json/2/res.partner/create HTTP/1.1" 200 - 18 0.007 0.020
2026-10-08 05:52:39,453 54 INFO bench werkzeug: 127.0.0.1 - - [08/Oct/2026 05:52:39] "POST /json/2/res.partner/search HTTP/1.1" 200 - 4 0.002 0.006
2026-10-08 05:52:39,501 54 INFO bench werkzeug: 127.0.0.1 - - [08/Oct/2026 05:52:39] "POST /json/2/res.partner/create HTTP/1.1" 200 - 18 0.007 0.020
2026-10-08 05:52:39,522 54 INFO bench werkzeug: 127.0.0.1 - - [08/Oct/2026 05:52:39] "POST /json/2/res.partner/search HTTP/1.1" 200 - 4 0.002 0.006
2026-10-08 05:52:39,562 54 INFO bench werkzeug: 127.0.0.1 - - [08/Oct/2026 05:52:39] "POST /json/2/res.partner/create HTTP/1.1" 200 - 18 0.007 0.018
2026-10-08 05:52:39,583 54 INFO bench werkzeug: 127.0.0.1 - - [08/Oct/2026 05:52:39] "POST /json/2/res.partner/search HTTP/1.1" 200 - 4 0.002 0.006
2026-10-08 05:52:39,623 54 INFO bench werkzeug: 127.0.0.1 - - [08/Oct/2026 05:52:39] "POST /json/2/res.partner/create HTTP/1.1" 200 - 18 0.007 0.020
2026-10-08 05:52:39,644 54 INFO bench werkzeug: 127.0.0.1 - - [08/Oct/2026 05:52:39] "POST /json/2/res.partner/search HTTP/1.1" 200 - 4 0.002 0.006
2026-10-08 05:52:39,680 54 INFO bench werkzeug: 127.0.0.1 - - [08/Oct/2026 05:52:39] "POST /json/2/res.partner/create HTTP/1.1" 200 - 18 0.007 0.017
2026-10-08 05:52:39,702 54 INFO bench werkzeug: 127.0.0.1 - - [08/Oct/2026 05:52:39] "POST /json/2/res.partner/search HTTP/1.1" 200 - 4 0.002 0.006
2026-10-08 05:52:39,745 54 INFO bench werkzeug: 127.0.0.1 - - [08/Oct/2026 05:52:39] "POST /json/2/res.partner/create HTTP/1.1" 200 - 18 0.007 0.020
2026-10-08 05:52:39,766 54 INFO bench werkzeug: 127.0.0.1 - - [08/Oct/2026 05:52:39] "POST /json/2/res.partner/search HTTP/1.1" 200 - 4 0.002 0.006
2026-10-08 05:52:39,806 54 INFO bench werkzeug: 127.0.0.1 - - [08/Oct/2026 05:52:39] "POST /json/2/res.partner/create HTTP/1.1" 200 - 18 0.007 0.020
2026-10-08 05:52:39,828 54 INFO bench werkzeug: 127.0.0.1 - - [08/Oct/2026 05:52:39] "POST /json/2/res.partner/search HTTP/1.1" 200 - 4 0.002 0.006
2026-10-08 05:52:39,866 54 INFO bench werkzeug: 127.0.0.1 - - [08/Oct/2026 05:52:39] "POST /json/2/res.partner/create HTTP/1.1" 200 - 18 0.006 0.020
2026-10-08 05:52:39,894 54 INFO bench werkzeug: 127.0.0.1 - - [08/Oct/2026 05:52:39] "POST /json/2/res.partner/search HTTP/1.1" 200 - 4 0.002 0.006
2026-10-08 05:52:39,940 54 INFO bench werkzeug: 127.0.0.1 - - [08/Oct/2026 05:52:39] "POST /json/2/res.partner/create HTTP/1.1" 200 - 18 0.008 0.024
2026-10-08 05:52:39,963 54 INFO bench werkzeug: 127.0.0.1 - - [08/Oct/2026 05:52:39] "POST /json/2/res.partner/search HTTP/1.1" 200 - 4 0.002 0.006
2026-10-08 05:52:40,002 54 INFO bench werkzeug: 127.0.0.1 - - [08/Oct/2026 05:52:40] "POST /json/2/res.partner/create HTTP/1.1" 200 - 18 0.006 0.018
2026-10-08 05:52:40,024 54 INFO bench werkzeug: 127.0.0.1 - - [08/Oct/2026 05:52:40] "POST /json/2/res.partner/search HTTP/1.1" 200 - 4 0.002 0.006
2026-10-08 05:52:40,063 54 INFO bench werkzeug: 127.0.0.1 - - [08/Oct/2026 05:52:40] "POST /json/2/res.partner/create HTTP/1.1" 200 - 18 0.007 0.019
2026-10-08 05:52:40,084 54 INFO bench werkzeug: 127.0.0.1 - - [08/Oct/2026 05:52:40] "POST /json/2/res.partner/search HTTP/1.1" 200 - 4 0.002 0.006
2026-10-08 05:52:40,123 54 INFO bench werkzeug: 127.0.0.1 - - [08/Oct/2026 05:52:40] "POST /json/2/res.partner/create HTTP/1.1" 200 - 18 0.007 0.018
2026-10-08 05:52:40,144 54 INFO bench werkzeug: 127.0.0.1 - - [08/Oct/2026 05:52:40] "POST /json/2/res.partner/search HTTP/1.1" 200 - 4 0.002 0.006
2026-10-08 05:52:40,184 54 INFO bench werkzeug: 127.0.0.1 - - [08/Oct/2026 05:52:40] "POST /json/2/res.partner/create HTTP/1.1" 200 - 18 0.006 0.019
2026-10-08 05:52:40,204 54 INFO bench werkzeug: 127.0.0.1 - - [08/Oct/2026 05:52:40] "POST /json/2/res.partner/search HTTP/1.1" 200 - 4 0.002 0.006
2026-10-08 05:52:40,241 54 INFO bench werkzeug: 127.0.0.1 - - [08/Oct/2026 05:52:40] "POST /json/2/res.partner/create HTTP/1.1" 200 - 18 0.007 0.018
2026-10-08 05:52:40,262 54 INFO bench werkzeug: 127.0.0.1 - - [08/Oct/2026 05:52:40] "POST /json/2/res.partner/search HTTP/1.1" 200 - 4 0.002 0.006
2026-10-08 05:52:40,312 54 INFO bench werkzeug: 127.0.0.1 - - [08/Oct/2026 05:52:40] "POST /json/2/res.partner/create HTTP/1.1" 200 - 18 0.007 0.023
2026-10-08 05:52:40,333 54 INFO bench werkzeug: 127.0.0.1 - - [08/Oct/2026 05:52:40] "POST /json/2/res.partner/search HTTP/1.1" 200 - 4 0.002 0.006
2026-10-08 05:52:40,374 54 INFO bench werkzeug: 127.0.0.1 - - [08/Oct/2026 05:52:40] "POST /json/2/res.partner/create HTTP/1.1" 200 - 18 0.007 0.020
2026-10-08 05:52:40,394 54 INFO bench werkzeug: 127.0.0.1 - - [08/Oct/2026 05:52:40] "POST /json/2/res.partner/search HTTP/1.1" 200 - 4 0.002 0.006
2026-10-08 05:52:40,431 54 INFO bench werkzeug: 127.0.0.1 - - [08/Oct/2026 05:52:40] "POST /json/2/res.partner/create HTTP/1.1" 200 - 18 0.007 0.017
2026-10-08 05:52:40,454 54 INFO bench werkzeug: 127.0.0.1 - - [08/Oct/2026 05:52:40] "POST /json/2/res.partner/search HTTP/1.1" 200 - 4 0.002 0.006
2026-10-08 05:52:40,494 54 INFO bench werkzeug: 127.0.0.1 - - [08/Oct/2026 05:52:40] "POST /json/2/res.partner/create HTTP/1.1" 200 - 18 0.007 0.019
2026-10-08 05:52:40,515 54 INFO bench werkzeug: 127.0.0.1 - - [08/Oct/2026 05:52:40] "POST /json/2/res.partner/search HTTP/1.1" 200 - 4 0.002 0.006
2026-10-08 05:52:40,553 54 INFO bench werkzeug: 127.0.0.1 - - [08/Oct/2026 05:52:40] "POST /json/2/res.partner/create HTTP/1.1" 200 - 18 0.007 0.018
2026-10-08 05:52:40,573 54 INFO bench werkzeug: 127.0.0.1 - - [08/Oct/2026 05:52:40] "POST /json/2/res.partner/search HTTP/1.1" 200 - 4 0.002 0.006
2026-10-08 05:52:40,615 54 INFO bench werkzeug: 127.0.0.1 - - [08/Oct/2026 05:52:40] "POST /json/2/res.partner/create HTTP/1.1" 200 - 18 0.008 0.020
2026-10-08 05:52:40,636 54 INFO bench werkzeug: 127.0.0.1 - - [08/Oct/2026 05:52:40] "POST /json/2/res.partner/search HTTP/1.1" 200 - 4 0.002 0.006
2026-10-08 05:52:40,676 54 INFO bench werkzeug: 127.0.0.1 - - [08/Oct/2026 05:52:40] "POST /json/2/res.partner/create HTTP/1.1" 200 - 18 0.008 0.020
2026-10-08 05:52:40,697 54 INFO bench werkzeug: 127.0.0.1 - - [08/Oct/2026 05:52:40] "POST /json/2/res.partner/search HTTP/1.1" 200 - 4 0.002 0.006
2026-10-08 05:52:40,735 54 INFO bench werkzeug: 127.0.0.1 - - [08/Oct/2026 05:52:40] "POST /json/2/res.partner/create HTTP/1.1" 200 - 18 0.007 0.019
2026-10-08 05:52:40,758 54 INFO bench werkzeug: 127.0.0.1 - - [08/Oct/2026 05:52:40] "POST /json/2/res.partner/search HTTP/1.1" 200 - 4 0.002 0.006
2026-10-08 05:52:40,797 54 INFO bench werkzeug: 127.0.0.1 - - [08/Oct/2026 05:52:40] "POST /json/2/res.partner/create HTTP/1.1" 200 - 18 0.007 0.019
2026-10-08 05:52:40,819 54 INFO bench werkzeug: 127.0.0.1 - - [08/Oct/2026 05:52:40] "POST /json/2/res.partner/search HTTP/1.1" 200 - 4 0.002 0.006
2026-10-08 05:52:40,856 54 INFO bench werkzeug: 127.0.0.1 - - [08/Oct/2026 05:52:40] "POST /json/2/res.partner/create HTTP/1.1" 200 - 18 0.006 0.018
2026-10-08 05:52:40,878 54 INFO bench werkzeug: 127.0.0.1 - - [08/Oct/2026 05:52:40] "POST /json/2/res.partner/search HTTP/1.1" 200 - 4 0.002 0.006
2026-10-08 05:52:40,916 54 INFO bench werkzeug: 127.0.0.1 - - [08/Oct/2026 05:52:40] "POST /json/2/res.partner/create HTTP/1.1" 200 - 18 0.007 0.019
2026-10-08 05:52:40,938 54 INFO bench werkzeug: 127.0.0.1 - - [08/Oct/2026 05:52:40] "POST /json/2/res.partner/search HTTP/1.1" 200 - 4 0.002 0.007
2026-10-08 05:52:40,976 54 INFO bench werkzeug: 127.0.0.1 - - [08/Oct/2026 05:52:40] "POST /json/2/res.partner/create HTTP/1.1" 200 - 18 0.007 0.019
2026-10-08 05:52:40,998 54 INFO bench werkzeug: 127.0.0.1 - - [08/Oct/2026 05:52:40] "POST /json/2/res.partner/search HTTP/1.1" 200 - 4 0.002 0.006
2026-10-08 05:52:41,034 54 INFO bench werkzeug: 127.0.0.1 - - [08/Oct/2026 05:52:41] "POST /json/2/res.partner/create HTTP/1.1" 200 - 18 0.007 0.017
2026-10-08 05:52:41,060 54 INFO bench werkzeug: 127.0.0.1 - - [08/Oct/2026 05:52:41] "POST /json/2/res.partner/search HTTP/1.1" 200 - 4 0.002 0.006
2026-10-08 05:52:41,099 54 INFO bench werkzeug: 127.0.0.1 - - [08/Oct/2026 05:52:41] "POST /json/2/res.partner/create HTTP/1.1" 200 - 18 0.007 0.019
2026-10-08 05:52:41,119 54 INFO bench werkzeug: 127.0.0.1 - - [08/Oct/2026 05:52:41] "POST /json/2/res.partner/search HTTP/1.1" 200 - 4 0.002 0.006
2026-10-08 05:52:41,156 54 INFO bench werkzeug: 127.0.0.1 - - [08/Oct/2026 05:52:41] "POST /json/2/res.partner/create HTTP/1.1" 200 - 18 0.007 0.017
2026-10-08 05:52:41,177 54 INFO bench werkzeug: 127.0.0.1 - - [08/Oct/2026 05:52:41] "POST /json/2/res.partner/search HTTP/1.1" 200 - 4 0.002 0.006
2026-10-08 05:52:41,215 54 INFO bench werkzeug: 127.0.0.1 - - [08/Oct/2026 05:52:41] "POST /json/2/res.partner/create HTTP/1.1" 200 - 18 0.007 0.018
2026-10-08 05:52:41,236 54 INFO bench werkzeug: 127.0.0.1 - - [08/Oct/2026 05:52:41] "POST /json/2/res.partner/search HTTP/1.1" 200 - 4 0.002 0.006
2026-10-08 05:52:41,273 54 INFO bench werkzeug: 127.0.0.1 - - [08/Oct/2026 05:52:41] "POST /json/2/res.partner/create HTTP/1.1" 200 - 18 0.007 0.017
2026-10-08 05:52:41,295 54 INFO bench werkzeug: 127.0.0.1 - - [08/Oct/2026 05:52:41] "POST /json/2/res.partner/search HTTP/1.1" 200 - 4 0.002 0.006
2026-10-08 05:52:41,333 54 INFO bench werkzeug: 127.0.0.1 - - [08/Oct/2026 05:52:41] "POST /json/2/res.partner/create HTTP/1.1" 200 - 18 0.007 0.017
2026-10-08 05:52:41,353 54 INFO bench werkzeug: 127.0.0.1 - - [08/Oct/2026 05:52:41] "POST /json/2/res.partner/search HTTP/1.1" 200 - 4 0.002 0.006
2026-10-08 05:52:41,395 54 INFO bench werkzeug: 127.0.0.1 - - [08/Oct/2026 05:52:41] "POST /json/2/res.partner/create HTTP/1.1" 200 - 18 0.007 0.021
2026-10-08 05:52:41,415 54 INFO bench werkzeug: 127.0.0.1 - - [08/Oct/2026 05:52:41] "POST /json/2/res.partner/search HTTP/1.1" 200 - 4 0.002 0.006
2026-10-08 05:52:41,452 54 INFO bench werkzeug: 127.0.0.1 - - [08/Oct/2026 05:52:41] "POST /json/2/res.partner/create HTTP/1.1" 200 - 18 0.007 0.018
2026-10-08 05:52:41,481 54 INFO bench werkzeug: 127.0.0.1 - - [08/Oct/2026 05:52:41] "POST /json/2/res.partner/search HTTP/1.1" 200 - 4 0.002 0.006
2026-10-08 05:52:41,518 54 INFO bench werkzeug: 127.0.0.1 - - [08/Oct/2026 05:52:41] "POST /json/2/res.partner/create HTTP/1.1" 200 - 18 0.006 0.019
2026-10-08 05:52:41,540 54 INFO bench werkzeug: 127.0.0.1 - - [08/Oct/2026 05:52:41] "POST /json/2/res.partner/search HTTP/1.1" 200 - 4 0.002 0.006
2026-10-08 05:52:41,580 54 INFO bench werkzeug: 127.0.0.1 - - [08/Oct/2026 05:52:41] "POST /json/2/res.partner/create HTTP/1.1" 200 - 18 0.007 0.020
2026-10-08 05:52:41,600 54 INFO bench werkzeug: 127.0.0.1 - - [08/Oct/2026 05:52:41] "POST /json/2/res.partner/search HTTP/1.1" 200 - 4 0.002 0.006
2026-10-08 05:52:41,638 54 INFO bench werkzeug: 127.0.0.1 - - [08/Oct/2026 05:52:41] "POST /json/2/res.partner/create HTTP/1.1" 200 - 18 0.006 0.017
2026-10-08 05:52:41,659 54 INFO bench werkzeug: 127.0.0.1 - - [08/Oct/2026 05:52:41] "POST /json/2/res.partner/search HTTP/1.1" 200 - 4 0.002 0.006
2026-10-08 05:52:41,697 54 INFO bench werkzeug: 127.0.0.1 - - [08/Oct/2026 05:52:41] "POST /json/2/res.partner/create HTTP/1.1" 200 - 18 0.006 0.018
2026-10-08 05:52:41,716 54 INFO bench werkzeug: 127.0.0.1 - - [08/Oct/2026 05:52:41] "POST /json/2/res.partner/search HTTP/1.1" 200 - 4 0.002 0.006
2026-10-08 05:52:41,753 54 INFO bench werkzeug: 127.0.0.1 - - [08/Oct/2026 05:52:41] "POST /json/2/res.partner/create HTTP/1.1" 200 - 18 0.007 0.017
2026-10-08 05:52:41,775 54 INFO bench werkzeug: 127.0.0.1 - - [08/Oct/2026 05:52:41] "POST /json/2/res.partner/search HTTP/1.1" 200 - 4 0.002 0.006
2026-10-08 05:52:41,813 54 INFO bench werkzeug: 127.0.0.1 - - [08/Oct/2026 05:52:41] "POST /json/2/res.partner/create HTTP/1.1" 200 - 18 0.007 0.019
2026-10-08 05:52:41,835 54 INFO bench werkzeug: 127.0.0.1 - - [08/Oct/2026 05:52:41] "POST /json/2/res.partner/read HTTP/1.1" 200 - 4 0.002 0.006
2026-10-08 05:52:41,870 54 INFO bench werkzeug: 127.0.0.1 - - [08/Oct/2026 05:52:41] "POST /json/2/product.product/search HTTP/1.1" 200 - 10 0.005 0.008
2026-10-08 05:52:41,943 54 INFO bench odoo.registry: Caches invalidated, signaling through the database: ['default'] 
2026-10-08 05:52:41,948 54 INFO bench werkzeug: 127.0.0.1 - - [08/Oct/2026 05:52:41] "POST /json/2/product.product/create HTTP/1.1" 200 - 60 0.023 0.040
2026-10-08 05:52:41,977 54 INFO bench werkzeug: 127.0.0.1 - - [08/Oct/2026 05:52:41] "POST /json/2/product.product/read HTTP/1.1" 200 - 14 0.006 0.010
2026-10-08 05:52:42,002 54 INFO bench werkzeug: 127.0.0.1 - - [08/Oct/2026 05:52:42] "POST /json/2/product.supplierinfo/search HTTP/1.1" 200 - 10 0.004 0.009
2026-10-08 05:52:42,039 54 INFO bench werkzeug: 127.0.0.1 - - [08/Oct/2026 05:52:42] "POST /json/2/product.supplierinfo/create HTTP/1.1" 200 - 19 0.008 0.016
2026-10-08 05:52:42,061 54 INFO bench werkzeug: 127.0.0.1 - - [08/Oct/2026 05:52:42] "POST /json/2/product.supplierinfo/search HTTP/1.1" 200 - 4 0.002 0.006
2026-10-08 05:52:42,091 54 INFO bench werkzeug: 127.0.0.1 - - [08/Oct/2026 05:52:42] "POST /json/2/product.supplierinfo/create HTTP/1.1" 200 - 10 0.004 0.012
2026-10-08 05:52:42,112 54 INFO bench werkzeug: 127.0.0.1 - - [08/Oct/2026 05:52:42] "POST /json/2/product.supplierinfo/search HTTP/1.1" 200 - 4 0.002 0.006
2026-10-08 05:52:42,142 54 INFO bench werkzeug: 127.0.0.1 - - [08/Oct/2026 05:52:42] "POST /json/2/product.supplierinfo/create HTTP/1.1" 200 - 10 0.004 0.012
2026-10-08 05:52:42,166 54 INFO bench werkzeug: 127.0.0.1 - - [08/Oct/2026 05:52:42] "POST /json/2/product.supplierinfo/search HTTP/1.1" 200 - 4 0.003 0.006
2026-10-08 05:52:42,195 54 INFO bench werkzeug: 127.0.0.1 - - [08/Oct/2026 05:52:42] "POST /json/2/product.supplierinfo/create HTTP/1.1" 200 - 10 0.004 0.012
2026-10-08 05:52:42,216 54 INFO bench werkzeug: 127.0.0.1 - - [08/Oct/2026 05:52:42] "POST /json/2/product.product/search HTTP/1.1" 200 - 4 0.002 0.006
2026-10-08 05:52:42,291 54 INFO bench odoo.registry: Caches invalidated, signaling through the database: ['default'] 
2026-10-08 05:52:42,296 54 INFO bench werkzeug: 127.0.0.1 - - [08/Oct/2026 05:52:42] "POST /json/2/product.product/create HTTP/1.1" 200 - 60 0.021 0.037
2026-10-08 05:52:42,323 54 INFO bench werkzeug: 127.0.0.1 - - [08/Oct/2026 05:52:42] "POST /json/2/product.product/read HTTP/1.1" 200 - 14 0.006 0.009
2026-10-08 05:52:42,348 54 INFO bench werkzeug: 127.0.0.1 - - [08/Oct/2026 05:52:42] "POST /json/2/product.supplierinfo/search HTTP/1.1" 200 - 9 0.003 0.008
2026-10-08 05:52:42,383 54 INFO bench werkzeug: 127.0.0.1 - - [08/Oct/2026 05:52:42] "POST /json/2/product.supplierinfo/create HTTP/1.1" 200 - 19 0.007 0.015
2026-10-08 05:52:42,404 54 INFO bench werkzeug: 127.0.0.1 - - [08/Oct/2026 05:52:42] "POST /json/2/product.product/search HTTP/1.1" 200 - 4 0.002 0.006
2026-10-08 05:52:42,471 54 INFO bench odoo.registry: Caches invalidated, signaling through the database: ['default'] 
2026-10-08 05:52:42,476 54 INFO bench werkzeug: 127.0.0.1 - - [08/Oct/2026 05:52:42] "POST /json/2/product.product/create HTTP/1.1" 200 - 60 0.020 0.037
2026-10-08 05:52:42,502 54 INFO bench werkzeug: 127.0.0.1 - - [08/Oct/2026 05:52:42] "POST /json/2/product.product/read HTTP/1.1" 200 - 14 0.005 0.008
2026-10-08 05:52:42,526 54 INFO bench werkzeug: 127.0.0.1 - - [08/Oct/2026 05:52:42] "POST /json/2/product.supplierinfo/search HTTP/1.1" 200 - 9 0.003 0.008
2026-10-08 05:52:42,562 54 INFO bench werkzeug: 127.0.0.1 - - [08/Oct/2026 05:52:42] "POST /json/2/product.supplierinfo/create HTTP/1.1" 200 - 19 0.008 0.015
2026-10-08 05:52:42,581 54 INFO bench werkzeug: 127.0.0.1 - - [08/Oct/2026 05:52:42] "POST /json/2/product.product/search HTTP/1.1" 200 - 4 0.002 0.006
2026-10-08 05:52:42,646 54 INFO bench odoo.registry: Caches invalidated, signaling through the database: ['default'] 
2026-10-08 05:52:42,651 54 INFO bench werkzeug: 127.0.0.1 - - [08/Oct/2026 05:52:42] "POST /json/2/product.product/create HTTP/1.1" 200 - 60 0.021 0.036
2026-10-08 05:52:42,678 54 INFO bench werkzeug: 127.0.0.1 - - [08/Oct/2026 05:52:42] "POST /json/2/product.product/read HTTP/1.1" 200 - 14 0.005 0.008
2026-10-08 05:52:42,710 54 INFO bench werkzeug: 127.0.0.1 - - [08/Oct/2026 05:52:42] "POST /json/2/product.supplierinfo/search HTTP/1.1" 200 - 9 0.003 0.008
2026-10-08 05:52:42,746 54 INFO bench werkzeug: 127.0.0.1 - - [08/Oct/2026 05:52:42] "POST /json/2/product.supplierinfo/create HTTP/1.1" 200 - 19 0.007 0.015
2026-10-08 05:52:42,767 54 INFO bench werkzeug: 127.0.0.1 - - [08/Oct/2026 05:52:42] "POST /json/2/product.product/search HTTP/1.1" 200 - 4 0.002 0.006
2026-10-08 05:52:42,834 54 INFO bench odoo.registry: Caches invalidated, signaling through the database: ['default'] 
2026-10-08 05:52:42,838 54 INFO bench werkzeug: 127.0.0.1 - - [08/Oct/2026 05:52:42] "POST /json/2/product.product/create HTTP/1.1" 200 - 60 0.022 0.036
2026-10-08 05:52:42,866 54 INFO bench werkzeug: 127.0.0.1 - - [08/Oct/2026 05:52:42] "POST /json/2/product.product/read HTTP/1.1" 200 - 14 0.005 0.009
2026-10-08 05:52:42,891 54 INFO bench werkzeug: 127.0.0.1 - - [08/Oct/2026 05:52:42] "POST /json/2/product.supplierinfo/search HTTP/1.1" 200 - 9 0.003 0.008
2026-10-08 05:52:42,928 54 INFO bench werkzeug: 127.0.0.1 - - [08/Oct/2026 05:52:42] "POST /json/2/product.supplierinfo/create HTTP/1.1" 200 - 19 0.007 0.016
2026-10-08 05:52:42,950 54 INFO bench werkzeug: 127.0.0.1 - - [08/Oct/2026 05:52:42] "POST /json/2/product.product/search HTTP/1.1" 200 - 4 0.002 0.006
2026-10-08 05:52:43,013 54 INFO bench odoo.registry: Caches invalidated, signaling through the database: ['default'] 
2026-10-08 05:52:43,017 54 INFO bench werkzeug: 127.0.0.1 - - [08/Oct/2026 05:52:43] "POST /json/2/product.product/create HTTP/1.1" 200 - 60 0.020 0.034
2026-10-08 05:52:43,044 54 INFO bench werkzeug: 127.0.0.1 - - [08/Oct/2026 05:52:43] "POST /json/2/product.product/read HTTP/1.1" 200 - 14 0.005 0.009
2026-10-08 05:52:43,070 54 INFO bench werkzeug: 127.0.0.1 - - [08/Oct/2026 05:52:43] "POST /json/2/product.supplierinfo/search HTTP/1.1" 200 - 9 0.004 0.009
2026-10-08 05:52:43,107 54 INFO bench werkzeug: 127.0.0.1 - - [08/Oct/2026 05:52:43] "POST /json/2/product.supplierinfo/create HTTP/1.1" 200 - 19 0.008 0.016
2026-10-08 05:52:43,130 54 INFO bench werkzeug: 127.0.0.1 - - [08/Oct/2026 05:52:43] "POST /json/2/product.product/search HTTP/1.1" 200 - 4 0.002 0.006
2026-10-08 05:52:43,204 54 INFO bench odoo.registry: Caches invalidated, signaling through the database: ['default'] 
2026-10-08 05:52:43,208 54 INFO bench werkzeug: 127.0.0.1 - - [08/Oct/2026 05:52:43] "POST /json/2/product.product/create HTTP/1.1" 200 - 60 0.020 0.036
2026-10-08 05:52:43,236 54 INFO bench werkzeug: 127.0.0.1 - - [08/Oct/2026 05:52:43] "POST /json/2/product.product/read HTTP/1.1" 200 - 14 0.005 0.009
2026-10-08 05:52:43,260 54 INFO bench werkzeug: 127.0.0.1 - - [08/Oct/2026 05:52:43] "POST /json/2/product.supplierinfo/search HTTP/1.1" 200 - 9 0.003 0.008
2026-10-08 05:52:43,296 54 INFO bench werkzeug: 127.0.0.1 - - [08/Oct/2026 05:52:43] "POST /json/2/product.supplierinfo/create HTTP/1.1" 200 - 19 0.008 0.016
2026-10-08 05:52:43,318 54 INFO bench werkzeug: 127.0.0.1 - - [08/Oct/2026 05:52:43] "POST /json/2/product.product/search HTTP/1.1" 200 - 4 0.002 0.006
2026-10-08 05:52:43,385 54 INFO bench odoo.registry: Caches invalidated, signaling through the database: ['default'] 
2026-10-08 05:52:43,389 54 INFO bench werkzeug: 127.0.0.1 - - [08/Oct/2026 05:52:43] "POST /json/2/product.product/create HTTP/1.1" 200 - 60 0.020 0.036
2026-10-08 05:52:43,416 54 INFO bench werkzeug: 127.0.0.1 - - [08/Oct/2026 05:52:43] "POST /json/2/product.product/read HTTP/1.1" 200 - 14 0.005 0.009
2026-10-08 05:52:43,441 54 INFO bench werkzeug: 127.0.0.1 - - [08/Oct/2026 05:52:43] "POST /json/2/product.supplierinfo/search HTTP/1.1" 200 - 9 0.003 0.008
2026-10-08 05:52:43,479 54 INFO bench werkzeug: 127.0.0.1 - - [08/Oct/2026 05:52:43] "POST /json/2/product.supplierinfo/create HTTP/1.1" 200 - 19 0.008 0.015
2026-10-08 05:52:43,501 54 INFO bench werkzeug: 127.0.0.1 - - [08/Oct/2026 05:52:43] "POST /json/2/product.product/search HTTP/1.1" 200 - 4 0.003 0.006
2026-10-08 05:52:43,565 54 INFO bench odoo.registry: Caches invalidated, signaling through the database: ['default'] 
2026-10-08 05:52:43,569 54 INFO bench werkzeug: 127.0.0.1 - - [08/Oct/2026 05:52:43] "POST /json/2/product.product/create HTTP/1.1" 200 - 60 0.021 0.035
2026-10-08 05:52:43,596 54 INFO bench werkzeug: 127.0.0.1 - - [08/Oct/2026 05:52:43] "POST /json/2/product.product/read HTTP/1.1" 200 - 14 0.006 0.009
2026-10-08 05:52:43,621 54 INFO bench werkzeug: 127.0.0.1 - - [08/Oct/2026 05:52:43] "POST /json/2/product.supplierinfo/search HTTP/1.1" 200 - 9 0.004 0.008
2026-10-08 05:52:43,657 54 INFO bench werkzeug: 127.0.0.1 - - [08/Oct/2026 05:52:43] "POST /json/2/product.supplierinfo/create HTTP/1.1" 200 - 19 0.008 0.016
2026-10-08 05:52:43,692 54 INFO bench werkzeug: 127.0.0.1 - - [08/Oct/2026 05:52:43] "POST /json/2/product.product/search HTTP/1.1" 200 - 4 0.002 0.006
2026-10-08 05:52:43,759 54 INFO bench odoo.registry: Caches invalidated, signaling through the database: ['default'] 
2026-10-08 05:52:43,764 54 INFO bench werkzeug: 127.0.0.1 - - [08/Oct/2026 05:52:43] "POST /json/2/product.product/create HTTP/1.1" 200 - 60 0.021 0.037
2026-10-08 05:52:43,791 54 INFO bench werkzeug: 127.0.0.1 - - [08/Oct/2026 05:52:43] "POST /json/2/product.product/read HTTP/1.1" 200 - 14 0.006 0.009
2026-10-08 05:52:43,817 54 INFO bench werkzeug: 127.0.0.1 - - [08/Oct/2026 05:52:43] "POST /json/2/product.supplierinfo/search HTTP/1.1" 200 - 9 0.004 0.008
2026-10-08 05:52:43,854 54 INFO bench werkzeug: 127.0.0.1 - - [08/Oct/2026 05:52:43] "POST /json/2/product.supplierinfo/create HTTP/1.1" 200 - 19 0.007 0.015
2026-10-08 05:52:43,874 54 INFO bench werkzeug: 127.0.0.1 - - [08/Oct/2026 05:52:43] "POST /json/2/product.product/search HTTP/1.1" 200 - 4 0.002 0.006
2026-10-08 05:52:43,939 54 INFO bench odoo.registry: Caches invalidated, signaling through the database: ['default'] 
2026-10-08 05:52:43,943 54 INFO bench werkzeug: 127.0.0.1 - - [08/Oct/2026 05:52:43] "POST /json/2/product.product/create HTTP/1.1" 200 - 60 0.021 0.035
2026-10-08 05:52:43,971 54 INFO bench werkzeug: 127.0.0.1 - - [08/Oct/2026 05:52:43] "POST /json/2/product.product/read HTTP/1.1" 200 - 14 0.005 0.010
2026-10-08 05:52:43,994 54 INFO bench werkzeug: 127.0.0.1 - - [08/Oct/2026 05:52:43] "POST /json/2/product.supplierinfo/search HTTP/1.1" 200 - 9 0.003 0.007
2026-10-08 05:52:44,031 54 INFO bench werkzeug: 127.0.0.1 - - [08/Oct/2026 05:52:44] "POST /json/2/product.supplierinfo/create HTTP/1.1" 200 - 19 0.007 0.016
2026-10-08 05:52:44,051 54 INFO bench werkzeug: 127.0.0.1 - - [08/Oct/2026 05:52:44] "POST /json/2/product.product/search HTTP/1.1" 200 - 4 0.002 0.006
2026-10-08 05:52:44,117 54 INFO bench odoo.registry: Caches invalidated, signaling through the database: ['default'] 
2026-10-08 05:52:44,122 54 INFO bench werkzeug: 127.0.0.1 - - [08/Oct/2026 05:52:44] "POST /json/2/product.product/create HTTP/1.1" 200 - 60 0.022 0.036
2026-10-08 05:52:44,151 54 INFO bench werkzeug: 127.0.0.1 - - [08/Oct/2026 05:52:44] "POST /json/2/product.product/read HTTP/1.1" 200 - 14 0.006 0.010
2026-10-08 05:52:44,181 54 INFO bench werkzeug: 127.0.0.1 - - [08/Oct/2026 05:52:44] "POST /json/2/product.supplierinfo/search HTTP/1.1" 200 - 9 0.003 0.008
2026-10-08 05:52:44,217 54 INFO bench werkzeug: 127.0.0.1 - - [08/Oct/2026 05:52:44] "POST /json/2/product.supplierinfo/create HTTP/1.1" 200 - 19 0.009 0.015
2026-10-08 05:52:44,239 54 INFO bench werkzeug: 127.0.0.1 - - [08/Oct/2026 05:52:44] "POST /json/2/product.product/search HTTP/1.1" 200 - 4 0.002 0.006
2026-10-08 05:52:44,307 54 INFO bench odoo.registry: Caches invalidated, signaling through the database: ['default'] 
2026-10-08 05:52:44,311 54 INFO bench werkzeug: 127.0.0.1 - - [08/Oct/2026 05:52:44] "POST /json/2/product.product/create HTTP/1.1" 200 - 60 0.021 0.037
2026-10-08 05:52:44,341 54 INFO bench werkzeug: 127.0.0.1 - - [08/Oct/2026 05:52:44] "POST /json/2/product.product/read HTTP/1.1" 200 - 14 0.006 0.010
2026-10-08 05:52:44,365 54 INFO bench werkzeug: 127.0.0.1 - - [08/Oct/2026 05:52:44] "POST /json/2/product.supplierinfo/search HTTP/1.1" 200 - 9 0.004 0.008
2026-10-08 05:52:44,402 54 INFO bench werkzeug: 127.0.0.1 - - [08/Oct/2026 05:52:44] "POST /json/2/product.supplierinfo/create HTTP/1.1" 200 - 19 0.008 0.016
2026-10-08 05:52:44,424 54 INFO bench werkzeug: 127.0.0.1 - - [08/Oct/2026 05:52:44] "POST /json/2/product.product/search HTTP/1.1" 200 - 4 0.003 0.006
2026-10-08 05:52:44,494 54 INFO bench odoo.registry: Caches invalidated, signaling through the database: ['default'] 
2026-10-08 05:52:44,500 54 INFO bench werkzeug: 127.0.0.1 - - [08/Oct/2026 05:52:44] "POST /json/2/product.product/create HTTP/1.1" 200 - 60 0.021 0.039
2026-10-08 05:52:44,528 54 INFO bench werkzeug: 127.0.0.1 - - [08/Oct/2026 05:52:44] "POST /json/2/product.product/read HTTP/1.1" 200 - 14 0.006 0.009
2026-10-08 05:52:44,554 54 INFO bench werkzeug: 127.0.0.1 - - [08/Oct/2026 05:52:44] "POST /json/2/product.supplierinfo/search HTTP/1.1" 200 - 9 0.004 0.009
2026-10-08 05:52:44,589 54 INFO bench werkzeug: 127.0.0.1 - - [08/Oct/2026 05:52:44] "POST /json/2/product.supplierinfo/create HTTP/1.1" 200 - 19 0.007 0.015
2026-10-08 05:52:44,609 54 INFO bench werkzeug: 127.0.0.1 - - [08/Oct/2026 05:52:44] "POST /json/2/product.product/search HTTP/1.1" 200 - 4 0.002 0.006
2026-10-08 05:52:44,679 54 INFO bench odoo.registry: Caches invalidated, signaling through the database: ['default'] 
2026-10-08 05:52:44,684 54 INFO bench werkzeug: 127.0.0.1 - - [08/Oct/2026 05:52:44] "POST /json/2/product.product/create HTTP/1.1" 200 - 60 0.020 0.035
2026-10-08 05:52:44,711 54 INFO bench werkzeug: 127.0.0.1 - - [08/Oct/2026 05:52:44] "POST /json/2/product.product/read HTTP/1.1" 200 - 14 0.005 0.009
2026-10-08 05:52:44,735 54 INFO bench werkzeug: 127.0.0.1 - - [08/Oct/2026 05:52:44] "POST /json/2/product.supplierinfo/search HTTP/1.1" 200 - 9 0.003 0.008
2026-10-08 05:52:44,771 54 INFO bench werkzeug: 127.0.0.1 - - [08/Oct/2026 05:52:44] "POST /json/2/product.supplierinfo/create HTTP/1.1" 200 - 19 0.008 0.015
2026-10-08 05:52:44,792 54 INFO bench werkzeug: 127.0.0.1 - - [08/Oct/2026 05:52:44] "POST /json/2/product.product/search HTTP/1.1" 200 - 4 0.002 0.006
2026-10-08 05:52:44,858 54 INFO bench odoo.registry: Caches invalidated, signaling through the database: ['default'] 
2026-10-08 05:52:44,863 54 INFO bench werkzeug: 127.0.0.1 - - [08/Oct/2026 05:52:44] "POST /json/2/product.product/create HTTP/1.1" 200 - 60 0.022 0.035
2026-10-08 05:52:44,890 54 INFO bench werkzeug: 127.0.0.1 - - [08/Oct/2026 05:52:44] "POST /json/2/product.product/read HTTP/1.1" 200 - 14 0.006 0.009
2026-10-08 05:52:44,916 54 INFO bench werkzeug: 127.0.0.1 - - [08/Oct/2026 05:52:44] "POST /json/2/product.supplierinfo/search HTTP/1.1" 200 - 9 0.003 0.008
2026-10-08 05:52:44,953 54 INFO bench werkzeug: 127.0.0.1 - - [08/Oct/2026 05:52:44] "POST /json/2/product.supplierinfo/create HTTP/1.1" 200 - 19 0.008 0.015
2026-10-08 05:52:44,982 54 INFO bench werkzeug: 127.0.0.1 - - [08/Oct/2026 05:52:44] "POST /json/2/product.product/search HTTP/1.1" 200 - 4 0.003 0.009
2026-10-08 05:52:45,062 54 INFO bench odoo.registry: Caches invalidated, signaling through the database: ['default'] 
2026-10-08 05:52:45,067 54 INFO bench werkzeug: 127.0.0.1 - - [08/Oct/2026 05:52:45] "POST /json/2/product.product/create HTTP/1.1" 200 - 60 0.025 0.043
2026-10-08 05:52:45,093 54 INFO bench werkzeug: 127.0.0.1 - - [08/Oct/2026 05:52:45] "POST /json/2/product.product/read HTTP/1.1" 200 - 14 0.005 0.009
2026-10-08 05:52:45,118 54 INFO bench werkzeug: 127.0.0.1 - - [08/Oct/2026 05:52:45] "POST /json/2/product.supplierinfo/search HTTP/1.1" 200 - 9 0.004 0.009
2026-10-08 05:52:45,161 54 INFO bench werkzeug: 127.0.0.1 - - [08/Oct/2026 05:52:45] "POST /json/2/product.supplierinfo/create HTTP/1.1" 200 - 19 0.008 0.016
2026-10-08 05:52:45,186 54 INFO bench werkzeug: 127.0.0.1 - - [08/Oct/2026 05:52:45] "POST /json/2/product.product/search HTTP/1.1" 200 - 4 0.003 0.007
2026-10-08 05:52:45,251 54 INFO bench odoo.registry: Caches invalidated, signaling through the database: ['default'] 
2026-10-08 05:52:45,256 54 INFO bench werkzeug: 127.0.0.1 - - [08/Oct/2026 05:52:45] "POST /json/2/product.product/create HTTP/1.1" 200 - 60 0.022 0.036
2026-10-08 05:52:45,284 54 INFO bench werkzeug: 127.0.0.1 - - [08/Oct/2026 05:52:45] "POST /json/2/product.product/read HTTP/1.1" 200 - 14 0.006 0.009
2026-10-08 05:52:45,309 54 INFO bench werkzeug: 127.0.0.1 - - [08/Oct/2026 05:52:45] "POST /json/2/product.supplierinfo/search HTTP/1.1" 200 - 9 0.004 0.008
2026-10-08 05:52:45,348 54 INFO bench werkzeug: 127.0.0.1 - - [08/Oct/2026 05:52:45] "POST /json/2/product.supplierinfo/create HTTP/1.1" 200 - 19 0.008 0.016
2026-10-08 05:52:45,368 54 INFO bench werkzeug: 127.0.0.1 - - [08/Oct/2026 05:52:45] "POST /json/2/product.product/search HTTP/1.1" 200 - 4 0.002 0.006
2026-10-08 05:52:45,434 54 INFO bench odoo.registry: Caches invalidated, signaling through the database: ['default'] 
2026-10-08 05:52:45,438 54 INFO bench werkzeug: 127.0.0.1 - - [08/Oct/2026 05:52:45] "POST /json/2/product.product/create HTTP/1.1" 200 - 60 0.021 0.035
2026-10-08 05:52:45,467 54 INFO bench werkzeug: 127.0.0.1 - - [08/Oct/2026 05:52:45] "POST /json/2/product.product/read HTTP/1.1" 200 - 14 0.005 0.010
2026-10-08 05:52:45,492 54 INFO bench werkzeug: 127.0.0.1 - - [08/Oct/2026 05:52:45] "POST /json/2/product.supplierinfo/search HTTP/1.1" 200 - 9 0.004 0.008
2026-10-08 05:52:45,527 54 INFO bench werkzeug: 127.0.0.1 - - [08/Oct/2026 05:52:45] "POST /json/2/product.supplierinfo/create HTTP/1.1" 200 - 19 0.007 0.015
2026-10-08 05:52:45,549 54 INFO bench werkzeug: 127.0.0.1 - - [08/Oct/2026 05:52:45] "POST /json/2/product.product/search HTTP/1.1" 200 - 4 0.002 0.006
2026-10-08 05:52:45,613 54 INFO bench odoo.registry: Caches invalidated, signaling through the database: ['default'] 
2026-10-08 05:52:45,618 54 INFO bench werkzeug: 127.0.0.1 - - [08/Oct/2026 05:52:45] "POST /json/2/product.product/create HTTP/1.1" 200 - 60 0.021 0.035
2026-10-08 05:52:45,654 54 INFO bench werkzeug: 127.0.0.1 - - [08/Oct/2026 05:52:45] "POST /json/2/product.product/read HTTP/1.1" 200 - 14 0.005 0.009
2026-10-08 05:52:45,681 54 INFO bench werkzeug: 127.0.0.1 - - [08/Oct/2026 05:52:45] "POST /json/2/product.supplierinfo/search HTTP/1.1" 200 - 9 0.004 0.009
2026-10-08 05:52:45,716 54 INFO bench werkzeug: 127.0.0.1 - - [08/Oct/2026 05:52:45] "POST /json/2/product.supplierinfo/create HTTP/1.1" 200 - 19 0.007 0.015
2026-10-08 05:52:45,738 54 INFO bench werkzeug: 127.0.0.1 - - [08/Oct/2026 05:52:45] "POST /json/2/product.product/search HTTP/1.1" 200 - 4 0.003 0.006
2026-10-08 05:52:45,800 54 INFO bench odoo.registry: Caches invalidated, signaling through the database: ['default'] 
2026-10-08 05:52:45,804 54 INFO bench werkzeug: 127.0.0.1 - - [08/Oct/2026 05:52:45] "POST /json/2/product.product/create HTTP/1.1" 200 - 60 0.020 0.033
2026-10-08 05:52:45,831 54 INFO bench werkzeug: 127.0.0.1 - - [08/Oct/2026 05:52:45] "POST /json/2/product.product/read HTTP/1.1" 200 - 14 0.005 0.009
2026-10-08 05:52:45,862 54 INFO bench werkzeug: 127.0.0.1 - - [08/Oct/2026 05:52:45] "POST /json/2/product.supplierinfo/search HTTP/1.1" 200 - 9 0.004 0.015
2026-10-08 05:52:45,868 54 INFO bench odoo.addons.base.models.ir_cron: Job 'Base: Auto-vacuum internal data' (1) starting 
2026-10-08 05:52:46,032 54 INFO bench werkzeug: 127.0.0.1 - - [08/Oct/2026 05:52:46] "POST /json/2/product.supplierinfo/create HTTP/1.1" 200 - 19 0.116 0.041
2026-10-08 05:52:46,067 54 INFO bench werkzeug: 127.0.0.1 - - [08/Oct/2026 05:52:46] "POST /json/2/product.product/search HTTP/1.1" 200 - 4 0.004 0.007
2026-10-08 05:52:46,136 54 INFO bench odoo.registry: Caches invalidated, signaling through the database: ['default'] 
2026-10-08 05:52:46,142 54 INFO bench werkzeug: 127.0.0.1 - - [08/Oct/2026 05:52:46] "POST /json/2/product.product/create HTTP/1.1" 200 - 60 0.027 0.036
2026-10-08 05:52:46,171 54 INFO bench werkzeug: 127.0.0.1 - - [08/Oct/2026 05:52:46] "POST /json/2/product.product/read HTTP/1.1" 200 - 14 0.006 0.009
2026-10-08 05:52:46,197 54 INFO bench werkzeug: 127.0.0.1 - - [08/Oct/2026 05:52:46] "POST /json/2/product.supplierinfo/search HTTP/1.1" 200 - 9 0.004 0.008
2026-10-08 05:52:46,235 54 INFO bench werkzeug: 127.0.0.1 - - [08/Oct/2026 05:52:46] "POST /json/2/product.supplierinfo/create HTTP/1.1" 200 - 19 0.008 0.018
2026-10-08 05:52:46,266 54 INFO bench werkzeug: 127.0.0.1 - - [08/Oct/2026 05:52:46] "POST /json/2/product.product/search HTTP/1.1" 200 - 4 0.002 0.007
2026-10-08 05:52:46,331 54 INFO bench odoo.registry: Caches invalidated, signaling through the database: ['default'] 
2026-10-08 05:52:46,338 54 INFO bench werkzeug: 127.0.0.1 - - [08/Oct/2026 05:52:46] "POST /json/2/product.product/create HTTP/1.1" 200 - 60 0.020 0.039
2026-10-08 05:52:46,365 54 INFO bench werkzeug: 127.0.0.1 - - [08/Oct/2026 05:52:46] "POST /json/2/product.product/read HTTP/1.1" 200 - 14 0.005 0.009
2026-10-08 05:52:46,389 54 INFO bench werkzeug: 127.0.0.1 - - [08/Oct/2026 05:52:46] "POST /json/2/product.supplierinfo/search HTTP/1.1" 200 - 9 0.003 0.007
2026-10-08 05:52:46,412 54 INFO bench odoo.addons.base.models.res_users: GC 'auth_totp.device' delete 0 entries 
2026-10-08 05:52:46,423 54 INFO bench werkzeug: 127.0.0.1 - - [08/Oct/2026 05:52:46] "POST /json/2/product.supplierinfo/create HTTP/1.1" 200 - 19 0.007 0.014
2026-10-08 05:52:46,432 54 INFO bench odoo.addons.base.models.res_device: GC device logs delete 0 entries 
2026-10-08 05:52:46,444 54 INFO bench werkzeug: 127.0.0.1 - - [08/Oct/2026 05:52:46] "POST /json/2/product.product/search HTTP/1.1" 200 - 4 0.002 0.006
2026-10-08 05:52:46,459 54 INFO bench odoo.addons.base.models.res_users: GC'd 0 user log entries 
2026-10-08 05:52:46,506 54 INFO bench odoo.registry: Caches invalidated, signaling through the database: ['default'] 
2026-10-08 05:52:46,508 54 INFO bench odoo.addons.base.models.ir_attachment: filestore gc 445 checked, 0 removed 
2026-10-08 05:52:46,510 54 INFO bench werkzeug: 127.0.0.1 - - [08/Oct/2026 05:52:46] "POST /json/2/product.product/create HTTP/1.1" 200 - 60 0.020 0.034
2026-10-08 05:52:46,538 54 INFO bench werkzeug: 127.0.0.1 - - [08/Oct/2026 05:52:46] "POST /json/2/product.product/read HTTP/1.1" 200 - 14 0.005 0.009
2026-10-08 05:52:46,565 54 INFO bench werkzeug: 127.0.0.1 - - [08/Oct/2026 05:52:46] "POST /json/2/product.supplierinfo/search HTTP/1.1" 200 - 9 0.003 0.008
2026-10-08 05:52:46,601 54 INFO bench werkzeug: 127.0.0.1 - - [08/Oct/2026 05:52:46] "POST /json/2/product.supplierinfo/create HTTP/1.1" 200 - 19 0.008 0.015
2026-10-08 05:52:46,616 54 INFO bench odoo.addons.api_doc.models.ir_attachment: GC'd 0 /doc cached index 
2026-10-08 05:52:46,623 54 INFO bench werkzeug: 127.0.0.1 - - [08/Oct/2026 05:52:46] "POST /json/2/product.product/search HTTP/1.1" 200 - 4 0.002 0.007
2026-10-08 05:52:46,691 54 INFO bench odoo.registry: Caches invalidated, signaling through the database: ['default'] 
2026-10-08 05:52:46,694 54 INFO bench odoo.addons.sms.models.sms_sms: GC'd 0 sms marked for deletion 
2026-10-08 05:52:46,697 54 INFO bench werkzeug: 127.0.0.1 - - [08/Oct/2026 05:52:46] "POST /json/2/product.product/create HTTP/1.1" 200 - 60 0.020 0.040
2026-10-08 05:52:46,726 54 INFO bench werkzeug: 127.0.0.1 - - [08/Oct/2026 05:52:46] "POST /json/2/product.product/read HTTP/1.1" 200 - 14 0.006 0.010
2026-10-08 05:52:46,759 54 INFO bench werkzeug: 127.0.0.1 - - [08/Oct/2026 05:52:46] "POST /json/2/product.supplierinfo/search HTTP/1.1" 200 - 9 0.003 0.009
2026-10-08 05:52:46,766 54 INFO bench odoo.addons.base.models.res_device: GC device logs delete 0 entries 
2026-10-08 05:52:46,779 54 INFO bench odoo.addons.base.models.res_users: GC 'res.users.apikeys' delete 0 entries 
2026-10-08 05:52:46,795 54 INFO bench werkzeug: 127.0.0.1 - - [08/Oct/2026 05:52:46] "POST /json/2/product.supplierinfo/create HTTP/1.1" 200 - 19 0.008 0.015
2026-10-08 05:52:46,816 54 INFO bench werkzeug: 127.0.0.1 - - [08/Oct/2026 05:52:46] "POST /json/2/product.product/search HTTP/1.1" 200 - 4 0.003 0.006
2026-10-08 05:52:46,869 54 INFO bench odoo.addons.base.models.ir_cron: Job 'Base: Auto-vacuum internal data' (1) fully done (#loop 1; done 0; remaining 0; duration 1.00s) 
2026-10-08 05:52:46,880 54 INFO bench odoo.addons.base.models.ir_cron: Job 'Notification: Delete Notifications older than 6 Months' (5) starting 
2026-10-08 05:52:46,882 54 INFO bench odoo.registry: Caches invalidated, signaling through the database: ['default'] 
2026-10-08 05:52:46,893 54 INFO bench werkzeug: 127.0.0.1 - - [08/Oct/2026 05:52:46] "POST /json/2/product.product/create HTTP/1.1" 200 - 60 0.021 0.042
2026-10-08 05:52:46,904 54 INFO bench odoo.addons.base.models.ir_cron: Job 'Notification: Delete Notifications older than 6 Months' (5) fully done (#loop 1; done 0; remaining 0; duration 0.02s) 
2026-10-08 05:52:46,916 54 INFO bench odoo.addons.base.models.ir_cron: Job 'Mail: Post scheduled messages' (7) starting 
2026-10-08 05:52:46,920 54 INFO bench werkzeug: 127.0.0.1 - - [08/Oct/2026 05:52:46] "POST /json/2/product.product/read HTTP/1.1" 200 - 14 0.006 0.009
2026-10-08 05:52:46,922 54 INFO bench odoo.addons.base.models.ir_cron: Job 'Notification: Notify scheduled messages' (8) starting 
2026-10-08 05:52:46,928 54 INFO bench odoo.addons.mail.models.mail_scheduled_message: Posting 0 scheduled messages 
2026-10-08 05:52:46,934 54 INFO bench odoo.addons.base.models.ir_cron: Job 'Mail: Post scheduled messages' (7) fully done (#loop 1; done 0; remaining 0; duration 0.02s) 
2026-10-08 05:52:46,938 54 INFO bench odoo.addons.base.models.ir_cron: Job 'Notification: Notify scheduled messages' (8) fully done (#loop 1; done 0; remaining 0; duration 0.02s) 
2026-10-08 05:52:46,945 54 INFO bench odoo.addons.base.models.ir_cron: Job 'Mail: send web push notification' (9) starting 
2026-10-08 05:52:46,948 54 INFO bench odoo.addons.base.models.ir_cron: Job 'Discuss: channel member unmute' (10) starting 
2026-10-08 05:52:46,950 54 INFO bench werkzeug: 127.0.0.1 - - [08/Oct/2026 05:52:46] "POST /json/2/product.supplierinfo/search HTTP/1.1" 200 - 9 0.007 0.009
2026-10-08 05:52:46,960 54 INFO bench odoo.addons.base.models.ir_cron: Job 'Mail: send web push notification' (9) fully done (#loop 1; done 0; remaining 0; duration 0.02s) 
2026-10-08 05:52:46,964 54 INFO bench odoo.addons.base.models.ir_cron: Job 'Discuss: channel member unmute' (10) fully done (#loop 1; done 0; remaining 0; duration 0.02s) 
2026-10-08 05:52:46,970 54 INFO bench odoo.addons.base.models.ir_cron: Job 'SMS: SMS Queue Manager' (12) starting 
2026-10-08 05:52:46,975 54 INFO bench odoo.addons.base.models.ir_cron: Job 'Snailmail: process letters queue' (13) starting 
2026-10-08 05:52:46,991 54 INFO bench werkzeug: 127.0.0.1 - - [08/Oct/2026 05:52:46] "POST /json/2/product.supplierinfo/create HTTP/1.1" 200 - 19 0.008 0.019
2026-10-08 05:52:47,000 54 INFO bench odoo.addons.base.models.ir_cron: Job 'SMS: SMS Queue Manager' (12) fully done (#loop 1; done 0; remaining 0; duration 0.03s) 
2026-10-08 05:52:47,003 54 INFO bench odoo.addons.base.models.ir_cron: Job 'Snailmail: process letters queue' (13) fully done (#loop 1; done 0; remaining 0; duration 0.03s) 
2026-10-08 05:52:47,010 54 INFO bench werkzeug: 127.0.0.1 - - [08/Oct/2026 05:52:47] "POST /json/2/product.product/search HTTP/1.1" 200 - 4 0.002 0.005
2026-10-08 05:52:47,011 54 INFO bench odoo.addons.base.models.ir_cron: Job 'Payment: Post-process transactions' (15) starting 
2026-10-08 05:52:47,013 54 INFO bench odoo.addons.base.models.ir_cron: Job 'Send invoices automatically' (17) starting 
2026-10-08 05:52:47,026 54 INFO bench odoo.addons.base.models.ir_cron: Job 'Payment: Post-process transactions' (15) fully done (#loop 1; done 0; remaining 0; duration 0.02s) 
2026-10-08 05:52:47,034 54 INFO bench odoo.addons.base.models.ir_cron: Job 'Send invoices automatically' (17) fully done (#loop 1; done 0; remaining 0; duration 0.02s) 
2026-10-08 05:52:47,035 54 INFO bench odoo.addons.base.models.ir_cron: Job 'Procurement: run scheduler' (18) starting 
2026-10-08 05:52:47,044 54 INFO bench odoo.addons.base.models.ir_cron: Job 'Purchase reminder' (19) starting 
2026-10-08 05:52:47,067 54 INFO bench odoo.addons.base.models.ir_cron: Job 'Purchase reminder' (19) fully done (#loop 1; done 0; remaining 0; duration 0.02s) 
2026-10-08 05:52:47,078 54 INFO bench odoo.addons.base.models.ir_cron: Job 'Stock Account: Inventory Valuation Closing' (20) starting 
2026-10-08 05:52:47,088 54 INFO bench odoo.registry: Caches invalidated, signaling through the database: ['default'] 
2026-10-08 05:52:47,091 54 INFO bench odoo.addons.base.models.ir_cron: Job 'Procurement: run scheduler' (18) fully done (#loop 1; done 3; remaining 0; duration 0.06s) 
2026-10-08 05:52:47,094 54 INFO bench werkzeug: 127.0.0.1 - - [08/Oct/2026 05:52:47] "POST /json/2/product.product/create HTTP/1.1" 200 - 60 0.032 0.038
2026-10-08 05:52:47,098 54 INFO bench odoo.addons.base.models.ir_cron: Job 'Stock Account: Inventory Valuation Closing' (20) fully done (#loop 1; done 0; remaining 0; duration 0.02s) 
2026-10-08 05:52:47,101 54 INFO bench odoo.addons.base.models.ir_cron: Job 'Sale Pdf Quote Builder: assign form fields to documents post upgrade' (23) starting 
2026-10-08 05:52:47,104 54 INFO bench odoo.addons.base.models.ir_cron: Job 'Mail: Email Queue Manager' (3) starting 
2026-10-08 05:52:47,115 54 INFO bench odoo.addons.mail.models.mail_mail: Processing email queue with send limit of '1000' 
2026-10-08 05:52:47,121 54 INFO bench odoo.addons.base.models.ir_cron: Job 'Sale Pdf Quote Builder: assign form fields to documents post upgrade' (23) fully done (#loop 1; done 0; remaining 0; duration 0.02s) 
2026-10-08 05:52:47,123 54 INFO bench odoo.addons.base.models.ir_cron: Job 'Mail: Email Queue Manager' (3) fully done (#loop 1; done 0; remaining 0; duration 0.02s) 
2026-10-08 05:52:47,125 54 INFO bench werkzeug: 127.0.0.1 - - [08/Oct/2026 05:52:47] "POST /json/2/product.product/read HTTP/1.1" 200 - 14 0.007 0.010
2026-10-08 05:52:47,129 54 INFO bench odoo.addons.base.models.ir_cron: Job 'Users: Notify About Unregistered Users' (11) starting 
2026-10-08 05:52:47,133 54 INFO bench odoo.addons.base.models.ir_cron: Job 'Base: Portal Users Deletion' (2) starting 
2026-10-08 05:52:47,148 54 INFO bench odoo.addons.base.models.ir_cron: Job 'Users: Notify About Unregistered Users' (11) fully done (#loop 1; done 0; remaining 0; duration 0.02s) 
2026-10-08 05:52:47,150 54 INFO bench werkzeug: 127.0.0.1 - - [08/Oct/2026 05:52:47] "POST /json/2/product.supplierinfo/search HTTP/1.1" 200 - 9 0.005 0.008
2026-10-08 05:52:47,157 54 INFO bench odoo.addons.base.models.ir_cron: Job 'Base: Portal Users Deletion' (2) fully done (#loop 1; done 0; remaining 0; duration 0.02s) 
2026-10-08 05:52:47,186 54 INFO bench werkzeug: 127.0.0.1 - - [08/Oct/2026 05:52:47] "POST /json/2/product.supplierinfo/create HTTP/1.1" 200 - 19 0.008 0.014
2026-10-08 05:52:47,206 54 INFO bench werkzeug: 127.0.0.1 - - [08/Oct/2026 05:52:47] "POST /json/2/product.product/search HTTP/1.1" 200 - 4 0.002 0.006
2026-10-08 05:52:47,276 54 INFO bench odoo.registry: Caches invalidated, signaling through the database: ['default'] 
2026-10-08 05:52:47,281 54 INFO bench werkzeug: 127.0.0.1 - - [08/Oct/2026 05:52:47] "POST /json/2/product.product/create HTTP/1.1" 200 - 60 0.019 0.035
2026-10-08 05:52:47,308 54 INFO bench werkzeug: 127.0.0.1 - - [08/Oct/2026 05:52:47] "POST /json/2/product.product/read HTTP/1.1" 200 - 14 0.005 0.008
2026-10-08 05:52:47,332 54 INFO bench werkzeug: 127.0.0.1 - - [08/Oct/2026 05:52:47] "POST /json/2/product.supplierinfo/search HTTP/1.1" 200 - 9 0.004 0.008
2026-10-08 05:52:47,368 54 INFO bench werkzeug: 127.0.0.1 - - [08/Oct/2026 05:52:47] "POST /json/2/product.supplierinfo/create HTTP/1.1" 200 - 19 0.007 0.015
2026-10-08 05:52:47,388 54 INFO bench werkzeug: 127.0.0.1 - - [08/Oct/2026 05:52:47] "POST /json/2/product.product/search HTTP/1.1" 200 - 4 0.002 0.006
2026-10-08 05:52:47,449 54 INFO bench odoo.registry: Caches invalidated, signaling through the database: ['default'] 
2026-10-08 05:52:47,454 54 INFO bench werkzeug: 127.0.0.1 - - [08/Oct/2026 05:52:47] "POST /json/2/product.product/create HTTP/1.1" 200 - 60 0.018 0.034
2026-10-08 05:52:47,479 54 INFO bench werkzeug: 127.0.0.1 - - [08/Oct/2026 05:52:47] "POST /json/2/product.product/read HTTP/1.1" 200 - 14 0.005 0.009
2026-10-08 05:52:47,503 54 INFO bench werkzeug: 127.0.0.1 - - [08/Oct/2026 05:52:47] "POST /json/2/product.supplierinfo/search HTTP/1.1" 200 - 9 0.003 0.008
2026-10-08 05:52:47,537 54 INFO bench werkzeug: 127.0.0.1 - - [08/Oct/2026 05:52:47] "POST /json/2/product.supplierinfo/create HTTP/1.1" 200 - 19 0.007 0.016
2026-10-08 05:52:47,558 54 INFO bench werkzeug: 127.0.0.1 - - [08/Oct/2026 05:52:47] "POST /json/2/product.product/search HTTP/1.1" 200 - 4 0.002 0.006
2026-10-08 05:52:47,621 54 INFO bench odoo.registry: Caches invalidated, signaling through the database: ['default'] 
2026-10-08 05:52:47,625 54 INFO bench werkzeug: 127.0.0.1 - - [08/Oct/2026 05:52:47] "POST /json/2/product.product/create HTTP/1.1" 200 - 60 0.020 0.033
2026-10-08 05:52:47,652 54 INFO bench werkzeug: 127.0.0.1 - - [08/Oct/2026 05:52:47] "POST /json/2/product.product/read HTTP/1.1" 200 - 14 0.005 0.009
2026-10-08 05:52:47,678 54 INFO bench werkzeug: 127.0.0.1 - - [08/Oct/2026 05:52:47] "POST /json/2/product.supplierinfo/search HTTP/1.1" 200 - 9 0.004 0.008
2026-10-08 05:52:47,720 54 INFO bench werkzeug: 127.0.0.1 - - [08/Oct/2026 05:52:47] "POST /json/2/product.supplierinfo/create HTTP/1.1" 200 - 19 0.007 0.015
2026-10-08 05:52:47,741 54 INFO bench werkzeug: 127.0.0.1 - - [08/Oct/2026 05:52:47] "POST /json/2/product.product/search HTTP/1.1" 200 - 4 0.002 0.006
2026-10-08 05:52:47,802 54 INFO bench odoo.registry: Caches invalidated, signaling through the database: ['default'] 
2026-10-08 05:52:47,806 54 INFO bench werkzeug: 127.0.0.1 - - [08/Oct/2026 05:52:47] "POST /json/2/product.product/create HTTP/1.1" 200 - 60 0.019 0.034
2026-10-08 05:52:47,834 54 INFO bench werkzeug: 127.0.0.1 - - [08/Oct/2026 05:52:47] "POST /json/2/product.product/read HTTP/1.1" 200 - 14 0.005 0.009
2026-10-08 05:52:47,858 54 INFO bench werkzeug: 127.0.0.1 - - [08/Oct/2026 05:52:47] "POST /json/2/product.supplierinfo/search HTTP/1.1" 200 - 9 0.004 0.008
2026-10-08 05:52:47,892 54 INFO bench werkzeug: 127.0.0.1 - - [08/Oct/2026 05:52:47] "POST /json/2/product.supplierinfo/create HTTP/1.1" 200 - 19 0.006 0.015
2026-10-08 05:52:47,913 54 INFO bench werkzeug: 127.0.0.1 - - [08/Oct/2026 05:52:47] "POST /json/2/product.product/search HTTP/1.1" 200 - 4 0.002 0.006
2026-10-08 05:52:47,975 54 INFO bench odoo.registry: Caches invalidated, signaling through the database: ['default'] 
2026-10-08 05:52:47,979 54 INFO bench werkzeug: 127.0.0.1 - - [08/Oct/2026 05:52:47] "POST /json/2/product.product/create HTTP/1.1" 200 - 60 0.020 0.034
2026-10-08 05:52:48,007 54 INFO bench werkzeug: 127.0.0.1 - - [08/Oct/2026 05:52:48] "POST /json/2/product.product/read HTTP/1.1" 200 - 14 0.005 0.009
2026-10-08 05:52:48,030 54 INFO bench werkzeug: 127.0.0.1 - - [08/Oct/2026 05:52:48] "POST /json/2/product.supplierinfo/search HTTP/1.1" 200 - 9 0.004 0.007
2026-10-08 05:52:48,083 54 INFO bench werkzeug: 127.0.0.1 - - [08/Oct/2026 05:52:48] "POST /json/2/product.supplierinfo/create HTTP/1.1" 200 - 19 0.007 0.032
2026-10-08 05:52:48,104 54 INFO bench werkzeug: 127.0.0.1 - - [08/Oct/2026 05:52:48] "POST /json/2/product.product/search HTTP/1.1" 200 - 4 0.002 0.006
2026-10-08 05:52:48,165 54 INFO bench odoo.registry: Caches invalidated, signaling through the database: ['default'] 
2026-10-08 05:52:48,169 54 INFO bench werkzeug: 127.0.0.1 - - [08/Oct/2026 05:52:48] "POST /json/2/product.product/create HTTP/1.1" 200 - 60 0.019 0.034
2026-10-08 05:52:48,204 54 INFO bench werkzeug: 127.0.0.1 - - [08/Oct/2026 05:52:48] "POST /json/2/product.product/read HTTP/1.1" 200 - 14 0.005 0.009
2026-10-08 05:52:48,229 54 INFO bench werkzeug: 127.0.0.1 - - [08/Oct/2026 05:52:48] "POST /json/2/product.supplierinfo/search HTTP/1.1" 200 - 9 0.003 0.008
2026-10-08 05:52:48,264 54 INFO bench werkzeug: 127.0.0.1 - - [08/Oct/2026 05:52:48] "POST /json/2/product.supplierinfo/create HTTP/1.1" 200 - 19 0.007 0.015
2026-10-08 05:52:48,285 54 INFO bench werkzeug: 127.0.0.1 - - [08/Oct/2026 05:52:48] "POST /json/2/product.product/search HTTP/1.1" 200 - 4 0.002 0.006
2026-10-08 05:52:48,348 54 INFO bench odoo.registry: Caches invalidated, signaling through the database: ['default'] 
2026-10-08 05:52:48,352 54 INFO bench werkzeug: 127.0.0.1 - - [08/Oct/2026 05:52:48] "POST /json/2/product.product/create HTTP/1.1" 200 - 60 0.019 0.035
2026-10-08 05:52:48,379 54 INFO bench werkzeug: 127.0.0.1 - - [08/Oct/2026 05:52:48] "POST /json/2/product.product/read HTTP/1.1" 200 - 14 0.005 0.008
2026-10-08 05:52:48,402 54 INFO bench werkzeug: 127.0.0.1 - - [08/Oct/2026 05:52:48] "POST /json/2/product.supplierinfo/search HTTP/1.1" 200 - 9 0.003 0.007
2026-10-08 05:52:48,437 54 INFO bench werkzeug: 127.0.0.1 - - [08/Oct/2026 05:52:48] "POST /json/2/product.supplierinfo/create HTTP/1.1" 200 - 19 0.007 0.014
2026-10-08 05:52:48,459 54 INFO bench werkzeug: 127.0.0.1 - - [08/Oct/2026 05:52:48] "POST /json/2/product.product/search HTTP/1.1" 200 - 4 0.002 0.006
2026-10-08 05:52:48,522 54 INFO bench odoo.registry: Caches invalidated, signaling through the database: ['default'] 
2026-10-08 05:52:48,526 54 INFO bench werkzeug: 127.0.0.1 - - [08/Oct/2026 05:52:48] "POST /json/2/product.product/create HTTP/1.1" 200 - 60 0.020 0.035
2026-10-08 05:52:48,553 54 INFO bench werkzeug: 127.0.0.1 - - [08/Oct/2026 05:52:48] "POST /json/2/product.product/read HTTP/1.1" 200 - 14 0.005 0.009
2026-10-08 05:52:48,577 54 INFO bench werkzeug: 127.0.0.1 - - [08/Oct/2026 05:52:48] "POST /json/2/product.supplierinfo/search HTTP/1.1" 200 - 9 0.003 0.007
2026-10-08 05:52:48,618 54 INFO bench werkzeug: 127.0.0.1 - - [08/Oct/2026 05:52:48] "POST /json/2/product.supplierinfo/create HTTP/1.1" 200 - 19 0.007 0.015
2026-10-08 05:52:48,639 54 INFO bench werkzeug: 127.0.0.1 - - [08/Oct/2026 05:52:48] "POST /json/2/product.product/search HTTP/1.1" 200 - 4 0.002 0.006
2026-10-08 05:52:48,700 54 INFO bench odoo.registry: Caches invalidated, signaling through the database: ['default'] 
2026-10-08 05:52:48,705 54 INFO bench werkzeug: 127.0.0.1 - - [08/Oct/2026 05:52:48] "POST /json/2/product.product/create HTTP/1.1" 200 - 60 0.019 0.033
2026-10-08 05:52:48,730 54 INFO bench werkzeug: 127.0.0.1 - - [08/Oct/2026 05:52:48] "POST /json/2/product.product/read HTTP/1.1" 200 - 14 0.005 0.009
2026-10-08 05:52:48,755 54 INFO bench werkzeug: 127.0.0.1 - - [08/Oct/2026 05:52:48] "POST /json/2/product.supplierinfo/search HTTP/1.1" 200 - 9 0.003 0.008
2026-10-08 05:52:48,790 54 INFO bench werkzeug: 127.0.0.1 - - [08/Oct/2026 05:52:48] "POST /json/2/product.supplierinfo/create HTTP/1.1" 200 - 19 0.007 0.016
2026-10-08 05:52:48,810 54 INFO bench werkzeug: 127.0.0.1 - - [08/Oct/2026 05:52:48] "POST /json/2/product.product/search HTTP/1.1" 200 - 4 0.003 0.006
2026-10-08 05:52:48,872 54 INFO bench odoo.registry: Caches invalidated, signaling through the database: ['default'] 
2026-10-08 05:52:48,876 54 INFO bench werkzeug: 127.0.0.1 - - [08/Oct/2026 05:52:48] "POST /json/2/product.product/create HTTP/1.1" 200 - 60 0.019 0.033
2026-10-08 05:52:48,906 54 INFO bench werkzeug: 127.0.0.1 - - [08/Oct/2026 05:52:48] "POST /json/2/product.product/read HTTP/1.1" 200 - 14 0.006 0.009
2026-10-08 05:52:48,930 54 INFO bench werkzeug: 127.0.0.1 - - [08/Oct/2026 05:52:48] "POST /json/2/product.supplierinfo/search HTTP/1.1" 200 - 9 0.003 0.009
2026-10-08 05:52:48,966 54 INFO bench werkzeug: 127.0.0.1 - - [08/Oct/2026 05:52:48] "POST /json/2/product.supplierinfo/create HTTP/1.1" 200 - 19 0.007 0.016
2026-10-08 05:52:48,991 54 INFO bench werkzeug: 127.0.0.1 - - [08/Oct/2026 05:52:48] "POST /json/2/product.product/search HTTP/1.1" 200 - 4 0.002 0.008
2026-10-08 05:52:49,055 54 INFO bench odoo.registry: Caches invalidated, signaling through the database: ['default'] 
2026-10-08 05:52:49,059 54 INFO bench werkzeug: 127.0.0.1 - - [08/Oct/2026 05:52:49] "POST /json/2/product.product/create HTTP/1.1" 200 - 60 0.021 0.035
2026-10-08 05:52:49,096 54 INFO bench werkzeug: 127.0.0.1 - - [08/Oct/2026 05:52:49] "POST /json/2/product.product/read HTTP/1.1" 200 - 14 0.005 0.009
2026-10-08 05:52:49,121 54 INFO bench werkzeug: 127.0.0.1 - - [08/Oct/2026 05:52:49] "POST /json/2/product.supplierinfo/search HTTP/1.1" 200 - 9 0.003 0.008
2026-10-08 05:52:49,156 54 INFO bench werkzeug: 127.0.0.1 - - [08/Oct/2026 05:52:49] "POST /json/2/product.supplierinfo/create HTTP/1.1" 200 - 19 0.008 0.015
2026-10-08 05:52:49,178 54 INFO bench werkzeug: 127.0.0.1 - - [08/Oct/2026 05:52:49] "POST /json/2/product.product/search HTTP/1.1" 200 - 4 0.002 0.006
2026-10-08 05:52:49,242 54 INFO bench odoo.registry: Caches invalidated, signaling through the database: ['default'] 
2026-10-08 05:52:49,246 54 INFO bench werkzeug: 127.0.0.1 - - [08/Oct/2026 05:52:49] "POST /json/2/product.product/create HTTP/1.1" 200 - 60 0.020 0.035
2026-10-08 05:52:49,273 54 INFO bench werkzeug: 127.0.0.1 - - [08/Oct/2026 05:52:49] "POST /json/2/product.product/read HTTP/1.1" 200 - 14 0.005 0.009
2026-10-08 05:52:49,297 54 INFO bench werkzeug: 127.0.0.1 - - [08/Oct/2026 05:52:49] "POST /json/2/product.supplierinfo/search HTTP/1.1" 200 - 9 0.003 0.008
2026-10-08 05:52:49,332 54 INFO bench werkzeug: 127.0.0.1 - - [08/Oct/2026 05:52:49] "POST /json/2/product.supplierinfo/create HTTP/1.1" 200 - 19 0.007 0.016
2026-10-08 05:52:49,353 54 INFO bench werkzeug: 127.0.0.1 - - [08/Oct/2026 05:52:49] "POST /json/2/product.product/search HTTP/1.1" 200 - 4 0.002 0.006
2026-10-08 05:52:49,416 54 INFO bench odoo.registry: Caches invalidated, signaling through the database: ['default'] 
2026-10-08 05:52:49,420 54 INFO bench werkzeug: 127.0.0.1 - - [08/Oct/2026 05:52:49] "POST /json/2/product.product/create HTTP/1.1" 200 - 60 0.019 0.036
2026-10-08 05:52:49,447 54 INFO bench werkzeug: 127.0.0.1 - - [08/Oct/2026 05:52:49] "POST /json/2/product.product/read HTTP/1.1" 200 - 14 0.005 0.009
2026-10-08 05:52:49,471 54 INFO bench werkzeug: 127.0.0.1 - - [08/Oct/2026 05:52:49] "POST /json/2/product.supplierinfo/search HTTP/1.1" 200 - 9 0.004 0.008
2026-10-08 05:52:49,507 54 INFO bench werkzeug: 127.0.0.1 - - [08/Oct/2026 05:52:49] "POST /json/2/product.supplierinfo/create HTTP/1.1" 200 - 19 0.007 0.016
2026-10-08 05:52:49,528 54 INFO bench werkzeug: 127.0.0.1 - - [08/Oct/2026 05:52:49] "POST /json/2/product.product/search HTTP/1.1" 200 - 4 0.002 0.006
2026-10-08 05:52:49,602 54 INFO bench odoo.registry: Caches invalidated, signaling through the database: ['default'] 
2026-10-08 05:52:49,607 54 INFO bench werkzeug: 127.0.0.1 - - [08/Oct/2026 05:52:49] "POST /json/2/product.product/create HTTP/1.1" 200 - 60 0.018 0.036
2026-10-08 05:52:49,633 54 INFO bench werkzeug: 127.0.0.1 - - [08/Oct/2026 05:52:49] "POST /json/2/product.product/read HTTP/1.1" 200 - 14 0.005 0.009
2026-10-08 05:52:49,658 54 INFO bench werkzeug: 127.0.0.1 - - [08/Oct/2026 05:52:49] "POST /json/2/product.supplierinfo/search HTTP/1.1" 200 - 9 0.003 0.008
2026-10-08 05:52:49,694 54 INFO bench werkzeug: 127.0.0.1 - - [08/Oct/2026 05:52:49] "POST /json/2/product.supplierinfo/create HTTP/1.1" 200 - 19 0.007 0.016
2026-10-08 05:52:49,715 54 INFO bench werkzeug: 127.0.0.1 - - [08/Oct/2026 05:52:49] "POST /json/2/product.product/search HTTP/1.1" 200 - 4 0.002 0.006
2026-10-08 05:52:49,775 54 INFO bench odoo.registry: Caches invalidated, signaling through the database: ['default'] 
2026-10-08 05:52:49,780 54 INFO bench werkzeug: 127.0.0.1 - - [08/Oct/2026 05:52:49] "POST /json/2/product.product/create HTTP/1.1" 200 - 60 0.019 0.033
2026-10-08 05:52:49,807 54 INFO bench werkzeug: 127.0.0.1 - - [08/Oct/2026 05:52:49] "POST /json/2/product.product/read HTTP/1.1" 200 - 14 0.005 0.009
2026-10-08 05:52:49,831 54 INFO bench werkzeug: 127.0.0.1 - - [08/Oct/2026 05:52:49] "POST /json/2/product.supplierinfo/search HTTP/1.1" 200 - 9 0.003 0.008
2026-10-08 05:52:49,867 54 INFO bench werkzeug: 127.0.0.1 - - [08/Oct/2026 05:52:49] "POST /json/2/product.supplierinfo/create HTTP/1.1" 200 - 19 0.008 0.016
2026-10-08 05:52:49,888 54 INFO bench werkzeug: 127.0.0.1 - - [08/Oct/2026 05:52:49] "POST /json/2/product.product/search HTTP/1.1" 200 - 4 0.002 0.006
2026-10-08 05:52:49,949 54 INFO bench odoo.registry: Caches invalidated, signaling through the database: ['default'] 
2026-10-08 05:52:49,954 54 INFO bench werkzeug: 127.0.0.1 - - [08/Oct/2026 05:52:49] "POST /json/2/product.product/create HTTP/1.1" 200 - 60 0.019 0.033
2026-10-08 05:52:49,982 54 INFO bench werkzeug: 127.0.0.1 - - [08/Oct/2026 05:52:49] "POST /json/2/product.product/read HTTP/1.1" 200 - 14 0.005 0.009
2026-10-08 05:52:50,007 54 INFO bench werkzeug: 127.0.0.1 - - [08/Oct/2026 05:52:50] "POST /json/2/product.supplierinfo/search HTTP/1.1" 200 - 9 0.004 0.008
2026-10-08 05:52:50,048 54 INFO bench werkzeug: 127.0.0.1 - - [08/Oct/2026 05:52:50] "POST /json/2/product.supplierinfo/create HTTP/1.1" 200 - 19 0.007 0.015
2026-10-08 05:52:50,068 54 INFO bench werkzeug: 127.0.0.1 - - [08/Oct/2026 05:52:50] "POST /json/2/product.product/search HTTP/1.1" 200 - 4 0.002 0.006
2026-10-08 05:52:50,130 54 INFO bench odoo.registry: Caches invalidated, signaling through the database: ['default'] 
2026-10-08 05:52:50,135 54 INFO bench werkzeug: 127.0.0.1 - - [08/Oct/2026 05:52:50] "POST /json/2/product.product/create HTTP/1.1" 200 - 60 0.019 0.035
2026-10-08 05:52:50,162 54 INFO bench werkzeug: 127.0.0.1 - - [08/Oct/2026 05:52:50] "POST /json/2/product.product/read HTTP/1.1" 200 - 14 0.006 0.009
2026-10-08 05:52:50,186 54 INFO bench werkzeug: 127.0.0.1 - - [08/Oct/2026 05:52:50] "POST /json/2/product.supplierinfo/search HTTP/1.1" 200 - 9 0.003 0.007
2026-10-08 05:52:50,221 54 INFO bench werkzeug: 127.0.0.1 - - [08/Oct/2026 05:52:50] "POST /json/2/product.supplierinfo/create HTTP/1.1" 200 - 19 0.007 0.015
2026-10-08 05:52:50,242 54 INFO bench werkzeug: 127.0.0.1 - - [08/Oct/2026 05:52:50] "POST /json/2/product.product/search HTTP/1.1" 200 - 4 0.002 0.006
2026-10-08 05:52:50,305 54 INFO bench odoo.registry: Caches invalidated, signaling through the database: ['default'] 
2026-10-08 05:52:50,310 54 INFO bench werkzeug: 127.0.0.1 - - [08/Oct/2026 05:52:50] "POST /json/2/product.product/create HTTP/1.1" 200 - 60 0.019 0.036
2026-10-08 05:52:50,338 54 INFO bench werkzeug: 127.0.0.1 - - [08/Oct/2026 05:52:50] "POST /json/2/product.product/read HTTP/1.1" 200 - 14 0.005 0.009
2026-10-08 05:52:50,361 54 INFO bench werkzeug: 127.0.0.1 - - [08/Oct/2026 05:52:50] "POST /json/2/product.supplierinfo/search HTTP/1.1" 200 - 9 0.003 0.008
2026-10-08 05:52:50,397 54 INFO bench werkzeug: 127.0.0.1 - - [08/Oct/2026 05:52:50] "POST /json/2/product.supplierinfo/create HTTP/1.1" 200 - 19 0.007 0.015
2026-10-08 05:52:50,416 54 INFO bench werkzeug: 127.0.0.1 - - [08/Oct/2026 05:52:50] "POST /json/2/product.product/search HTTP/1.1" 200 - 4 0.002 0.006
2026-10-08 05:52:50,480 54 INFO bench odoo.registry: Caches invalidated, signaling through the database: ['default'] 
2026-10-08 05:52:50,485 54 INFO bench werkzeug: 127.0.0.1 - - [08/Oct/2026 05:52:50] "POST /json/2/product.product/create HTTP/1.1" 200 - 60 0.019 0.038
2026-10-08 05:52:50,519 54 INFO bench werkzeug: 127.0.0.1 - - [08/Oct/2026 05:52:50] "POST /json/2/product.product/read HTTP/1.1" 200 - 14 0.005 0.009
2026-10-08 05:52:50,542 54 INFO bench werkzeug: 127.0.0.1 - - [08/Oct/2026 05:52:50] "POST /json/2/product.supplierinfo/search HTTP/1.1" 200 - 9 0.003 0.008
2026-10-08 05:52:50,578 54 INFO bench werkzeug: 127.0.0.1 - - [08/Oct/2026 05:52:50] "POST /json/2/product.supplierinfo/create HTTP/1.1" 200 - 19 0.007 0.015
2026-10-08 05:52:50,599 54 INFO bench werkzeug: 127.0.0.1 - - [08/Oct/2026 05:52:50] "POST /json/2/product.product/search HTTP/1.1" 200 - 4 0.002 0.006
2026-10-08 05:52:50,660 54 INFO bench odoo.registry: Caches invalidated, signaling through the database: ['default'] 
2026-10-08 05:52:50,665 54 INFO bench werkzeug: 127.0.0.1 - - [08/Oct/2026 05:52:50] "POST /json/2/product.product/create HTTP/1.1" 200 - 60 0.018 0.033
2026-10-08 05:52:50,690 54 INFO bench werkzeug: 127.0.0.1 - - [08/Oct/2026 05:52:50] "POST /json/2/product.product/read HTTP/1.1" 200 - 14 0.005 0.009
2026-10-08 05:52:50,714 54 INFO bench werkzeug: 127.0.0.1 - - [08/Oct/2026 05:52:50] "POST /json/2/product.supplierinfo/search HTTP/1.1" 200 - 9 0.004 0.008
2026-10-08 05:52:50,751 54 INFO bench werkzeug: 127.0.0.1 - - [08/Oct/2026 05:52:50] "POST /json/2/product.supplierinfo/create HTTP/1.1" 200 - 19 0.007 0.015
2026-10-08 05:52:50,773 54 INFO bench werkzeug: 127.0.0.1 - - [08/Oct/2026 05:52:50] "POST /json/2/product.product/search HTTP/1.1" 200 - 4 0.002 0.006
2026-10-08 05:52:50,836 54 INFO bench odoo.registry: Caches invalidated, signaling through the database: ['default'] 
2026-10-08 05:52:50,840 54 INFO bench werkzeug: 127.0.0.1 - - [08/Oct/2026 05:52:50] "POST /json/2/product.product/create HTTP/1.1" 200 - 60 0.020 0.034
2026-10-08 05:52:50,866 54 INFO bench werkzeug: 127.0.0.1 - - [08/Oct/2026 05:52:50] "POST /json/2/product.product/read HTTP/1.1" 200 - 14 0.005 0.009
2026-10-08 05:52:50,890 54 INFO bench werkzeug: 127.0.0.1 - - [08/Oct/2026 05:52:50] "POST /json/2/product.supplierinfo/search HTTP/1.1" 200 - 9 0.004 0.008
2026-10-08 05:52:50,928 54 INFO bench werkzeug: 127.0.0.1 - - [08/Oct/2026 05:52:50] "POST /json/2/product.supplierinfo/create HTTP/1.1" 200 - 19 0.007 0.016
2026-10-08 05:52:50,955 54 INFO bench werkzeug: 127.0.0.1 - - [08/Oct/2026 05:52:50] "POST /json/2/product.product/search HTTP/1.1" 200 - 4 0.002 0.006
2026-10-08 05:52:51,016 54 INFO bench odoo.registry: Caches invalidated, signaling through the database: ['default'] 
2026-10-08 05:52:51,021 54 INFO bench werkzeug: 127.0.0.1 - - [08/Oct/2026 05:52:51] "POST /json/2/product.product/create HTTP/1.1" 200 - 60 0.018 0.034
2026-10-08 05:52:51,048 54 INFO bench werkzeug: 127.0.0.1 - - [08/Oct/2026 05:52:51] "POST /json/2/product.product/read HTTP/1.1" 200 - 14 0.005 0.009
2026-10-08 05:52:51,072 54 INFO bench werkzeug: 127.0.0.1 - - [08/Oct/2026 05:52:51] "POST /json/2/product.supplierinfo/search HTTP/1.1" 200 - 9 0.003 0.008
2026-10-08 05:52:51,107 54 INFO bench werkzeug: 127.0.0.1 - - [08/Oct/2026 05:52:51] "POST /json/2/product.supplierinfo/create HTTP/1.1" 200 - 19 0.007 0.015
2026-10-08 05:52:51,128 54 INFO bench werkzeug: 127.0.0.1 - - [08/Oct/2026 05:52:51] "POST /json/2/product.product/search HTTP/1.1" 200 - 4 0.002 0.006
2026-10-08 05:52:51,191 54 INFO bench odoo.registry: Caches invalidated, signaling through the database: ['default'] 
2026-10-08 05:52:51,195 54 INFO bench werkzeug: 127.0.0.1 - - [08/Oct/2026 05:52:51] "POST /json/2/product.product/create HTTP/1.1" 200 - 60 0.019 0.035
2026-10-08 05:52:51,223 54 INFO bench werkzeug: 127.0.0.1 - - [08/Oct/2026 05:52:51] "POST /json/2/product.product/read HTTP/1.1" 200 - 14 0.005 0.009
2026-10-08 05:52:51,249 54 INFO bench werkzeug: 127.0.0.1 - - [08/Oct/2026 05:52:51] "POST /json/2/product.supplierinfo/search HTTP/1.1" 200 - 9 0.003 0.008
2026-10-08 05:52:51,286 54 INFO bench werkzeug: 127.0.0.1 - - [08/Oct/2026 05:52:51] "POST /json/2/product.supplierinfo/create HTTP/1.1" 200 - 19 0.009 0.015
2026-10-08 05:52:51,308 54 INFO bench werkzeug: 127.0.0.1 - - [08/Oct/2026 05:52:51] "POST /json/2/product.product/search HTTP/1.1" 200 - 4 0.002 0.006
2026-10-08 05:52:51,371 54 INFO bench odoo.registry: Caches invalidated, signaling through the database: ['default'] 
2026-10-08 05:52:51,375 54 INFO bench werkzeug: 127.0.0.1 - - [08/Oct/2026 05:52:51] "POST /json/2/product.product/create HTTP/1.1" 200 - 60 0.020 0.034
2026-10-08 05:52:51,401 54 INFO bench werkzeug: 127.0.0.1 - - [08/Oct/2026 05:52:51] "POST /json/2/product.product/read HTTP/1.1" 200 - 14 0.005 0.009
2026-10-08 05:52:51,431 54 INFO bench werkzeug: 127.0.0.1 - - [08/Oct/2026 05:52:51] "POST /json/2/product.supplierinfo/search HTTP/1.1" 200 - 9 0.003 0.007
2026-10-08 05:52:51,465 54 INFO bench werkzeug: 127.0.0.1 - - [08/Oct/2026 05:52:51] "POST /json/2/product.supplierinfo/create HTTP/1.1" 200 - 19 0.007 0.014
2026-10-08 05:52:51,489 54 INFO bench werkzeug: 127.0.0.1 - - [08/Oct/2026 05:52:51] "POST /json/2/product.product/read HTTP/1.1" 200 - 7 0.003 0.009
2026-10-08 05:52:51,510 54 INFO bench werkzeug: 127.0.0.1 - - [08/Oct/2026 05:52:51] "POST /json/2/product.supplierinfo/read HTTP/1.1" 200 - 4 0.002 0.006
2026-10-08 05:52:51,547 54 INFO bench werkzeug: 127.0.0.1 - - [08/Oct/2026 05:52:51] "POST /json/2/res.partner/write HTTP/1.1" 200 - 20 0.007 0.017
2026-10-08 05:52:51,576 54 INFO bench werkzeug: 127.0.0.1 - - [08/Oct/2026 05:52:51] "POST /json/2/res.partner/write HTTP/1.1" 200 - 8 0.004 0.013
2026-10-08 05:52:51,603 54 INFO bench werkzeug: 127.0.0.1 - - [08/Oct/2026 05:52:51] "POST /json/2/res.partner/write HTTP/1.1" 200 - 8 0.003 0.011
2026-10-08 05:52:51,630 54 INFO bench werkzeug: 127.0.0.1 - - [08/Oct/2026 05:52:51] "POST /json/2/res.partner/write HTTP/1.1" 200 - 8 0.003 0.012
2026-10-08 05:52:51,658 54 INFO bench werkzeug: 127.0.0.1 - - [08/Oct/2026 05:52:51] "POST /json/2/res.partner/write HTTP/1.1" 200 - 8 0.003 0.012
2026-10-08 05:52:51,685 54 INFO bench werkzeug: 127.0.0.1 - - [08/Oct/2026 05:52:51] "POST /json/2/res.partner/write HTTP/1.1" 200 - 8 0.003 0.011
2026-10-08 05:52:51,713 54 INFO bench werkzeug: 127.0.0.1 - - [08/Oct/2026 05:52:51] "POST /json/2/res.partner/write HTTP/1.1" 200 - 8 0.004 0.012
2026-10-08 05:52:51,741 54 INFO bench werkzeug: 127.0.0.1 - - [08/Oct/2026 05:52:51] "POST /json/2/res.partner/write HTTP/1.1" 200 - 8 0.003 0.012
2026-10-08 05:52:51,769 54 INFO bench werkzeug: 127.0.0.1 - - [08/Oct/2026 05:52:51] "POST /json/2/res.partner/write HTTP/1.1" 200 - 8 0.003 0.012
2026-10-08 05:52:51,803 54 INFO bench werkzeug: 127.0.0.1 - - [08/Oct/2026 05:52:51] "POST /json/2/res.partner/write HTTP/1.1" 200 - 8 0.003 0.012
2026-10-08 05:52:51,832 54 INFO bench werkzeug: 127.0.0.1 - - [08/Oct/2026 05:52:51] "POST /json/2/res.partner/write HTTP/1.1" 200 - 8 0.004 0.012
2026-10-08 05:52:51,859 54 INFO bench werkzeug: 127.0.0.1 - - [08/Oct/2026 05:52:51] "POST /json/2/res.partner/write HTTP/1.1" 200 - 8 0.003 0.011
2026-10-08 05:52:51,887 54 INFO bench werkzeug: 127.0.0.1 - - [08/Oct/2026 05:52:51] "POST /json/2/res.partner/write HTTP/1.1" 200 - 8 0.003 0.011
2026-10-08 05:52:51,915 54 INFO bench werkzeug: 127.0.0.1 - - [08/Oct/2026 05:52:51] "POST /json/2/res.partner/write HTTP/1.1" 200 - 8 0.003 0.011
2026-10-08 05:52:51,942 54 INFO bench werkzeug: 127.0.0.1 - - [08/Oct/2026 05:52:51] "POST /json/2/res.partner/write HTTP/1.1" 200 - 8 0.003 0.011
2026-10-08 05:52:51,969 54 INFO bench werkzeug: 127.0.0.1 - - [08/Oct/2026 05:52:51] "POST /json/2/res.partner/write HTTP/1.1" 200 - 8 0.003 0.011
2026-10-08 05:52:51,999 54 INFO bench werkzeug: 127.0.0.1 - - [08/Oct/2026 05:52:51] "POST /json/2/res.partner/write HTTP/1.1" 200 - 8 0.004 0.012
2026-10-08 05:52:52,026 54 INFO bench werkzeug: 127.0.0.1 - - [08/Oct/2026 05:52:52] "POST /json/2/res.partner/write HTTP/1.1" 200 - 8 0.003 0.012
2026-10-08 05:52:52,054 54 INFO bench werkzeug: 127.0.0.1 - - [08/Oct/2026 05:52:52] "POST /json/2/res.partner/write HTTP/1.1" 200 - 8 0.003 0.012
2026-10-08 05:52:52,083 54 INFO bench werkzeug: 127.0.0.1 - - [08/Oct/2026 05:52:52] "POST /json/2/res.partner/write HTTP/1.1" 200 - 8 0.003 0.012
2026-10-08 05:52:52,111 54 INFO bench werkzeug: 127.0.0.1 - - [08/Oct/2026 05:52:52] "POST /json/2/res.partner/write HTTP/1.1" 200 - 8 0.003 0.011
2026-10-08 05:52:52,140 54 INFO bench werkzeug: 127.0.0.1 - - [08/Oct/2026 05:52:52] "POST /json/2/res.partner/write HTTP/1.1" 200 - 8 0.004 0.013
2026-10-08 05:52:52,169 54 INFO bench werkzeug: 127.0.0.1 - - [08/Oct/2026 05:52:52] "POST /json/2/res.partner/write HTTP/1.1" 200 - 8 0.004 0.012
2026-10-08 05:52:52,204 54 INFO bench werkzeug: 127.0.0.1 - - [08/Oct/2026 05:52:52] "POST /json/2/res.partner/write HTTP/1.1" 200 - 8 0.003 0.011
2026-10-08 05:52:52,233 54 INFO bench werkzeug: 127.0.0.1 - - [08/Oct/2026 05:52:52] "POST /json/2/res.partner/write HTTP/1.1" 200 - 8 0.004 0.012
2026-10-08 05:52:52,262 54 INFO bench werkzeug: 127.0.0.1 - - [08/Oct/2026 05:52:52] "POST /json/2/res.partner/write HTTP/1.1" 200 - 8 0.004 0.013
2026-10-08 05:52:52,292 54 INFO bench werkzeug: 127.0.0.1 - - [08/Oct/2026 05:52:52] "POST /json/2/res.partner/write HTTP/1.1" 200 - 8 0.004 0.013
2026-10-08 05:52:52,321 54 INFO bench werkzeug: 127.0.0.1 - - [08/Oct/2026 05:52:52] "POST /json/2/res.partner/write HTTP/1.1" 200 - 8 0.004 0.012
2026-10-08 05:52:52,349 54 INFO bench werkzeug: 127.0.0.1 - - [08/Oct/2026 05:52:52] "POST /json/2/res.partner/write HTTP/1.1" 200 - 8 0.003 0.012
2026-10-08 05:52:52,377 54 INFO bench werkzeug: 127.0.0.1 - - [08/Oct/2026 05:52:52] "POST /json/2/res.partner/write HTTP/1.1" 200 - 8 0.003 0.011
2026-10-08 05:52:52,408 54 INFO bench werkzeug: 127.0.0.1 - - [08/Oct/2026 05:52:52] "POST /json/2/res.partner/write HTTP/1.1" 200 - 8 0.004 0.014
2026-10-08 05:52:52,436 54 INFO bench werkzeug: 127.0.0.1 - - [08/Oct/2026 05:52:52] "POST /json/2/res.partner/write HTTP/1.1" 200 - 8 0.003 0.012
2026-10-08 05:52:52,465 54 INFO bench werkzeug: 127.0.0.1 - - [08/Oct/2026 05:52:52] "POST /json/2/res.partner/write HTTP/1.1" 200 - 8 0.004 0.012
2026-10-08 05:52:52,495 54 INFO bench werkzeug: 127.0.0.1 - - [08/Oct/2026 05:52:52] "POST /json/2/res.partner/write HTTP/1.1" 200 - 8 0.004 0.013
2026-10-08 05:52:52,524 54 INFO bench werkzeug: 127.0.0.1 - - [08/Oct/2026 05:52:52] "POST /json/2/res.partner/write HTTP/1.1" 200 - 8 0.003 0.012
2026-10-08 05:52:52,553 54 INFO bench werkzeug: 127.0.0.1 - - [08/Oct/2026 05:52:52] "POST /json/2/res.partner/write HTTP/1.1" 200 - 8 0.004 0.012
2026-10-08 05:52:52,591 54 INFO bench werkzeug: 127.0.0.1 - - [08/Oct/2026 05:52:52] "POST /json/2/res.partner/write HTTP/1.1" 200 - 8 0.005 0.012
2026-10-08 05:52:52,621 54 INFO bench werkzeug: 127.0.0.1 - - [08/Oct/2026 05:52:52] "POST /json/2/res.partner/write HTTP/1.1" 200 - 8 0.004 0.013
2026-10-08 05:52:52,650 54 INFO bench werkzeug: 127.0.0.1 - - [08/Oct/2026 05:52:52] "POST /json/2/res.partner/write HTTP/1.1" 200 - 8 0.003 0.012
2026-10-08 05:52:52,678 54 INFO bench werkzeug: 127.0.0.1 - - [08/Oct/2026 05:52:52] "POST /json/2/res.partner/write HTTP/1.1" 200 - 8 0.004 0.012
2026-10-08 05:52:52,708 54 INFO bench werkzeug: 127.0.0.1 - - [08/Oct/2026 05:52:52] "POST /json/2/res.partner/write HTTP/1.1" 200 - 8 0.004 0.013
2026-10-08 05:52:52,735 54 INFO bench werkzeug: 127.0.0.1 - - [08/Oct/2026 05:52:52] "POST /json/2/res.partner/write HTTP/1.1" 200 - 8 0.003 0.012
2026-10-08 05:52:52,765 54 INFO bench werkzeug: 127.0.0.1 - - [08/Oct/2026 05:52:52] "POST /json/2/res.partner/write HTTP/1.1" 200 - 8 0.004 0.013
2026-10-08 05:52:52,794 54 INFO bench werkzeug: 127.0.0.1 - - [08/Oct/2026 05:52:52] "POST /json/2/res.partner/write HTTP/1.1" 200 - 8 0.004 0.012
2026-10-08 05:52:52,824 54 INFO bench werkzeug: 127.0.0.1 - - [08/Oct/2026 05:52:52] "POST /json/2/res.partner/write HTTP/1.1" 200 - 8 0.004 0.012
2026-10-08 05:52:52,852 54 INFO bench werkzeug: 127.0.0.1 - - [08/Oct/2026 05:52:52] "POST /json/2/res.partner/write HTTP/1.1" 200 - 8 0.003 0.012
2026-10-08 05:52:52,882 54 INFO bench werkzeug: 127.0.0.1 - - [08/Oct/2026 05:52:52] "POST /json/2/res.partner/write HTTP/1.1" 200 - 8 0.004 0.012
2026-10-08 05:52:52,910 54 INFO bench werkzeug: 127.0.0.1 - - [08/Oct/2026 05:52:52] "POST /json/2/res.partner/write HTTP/1.1" 200 - 8 0.003 0.012
2026-10-08 05:52:52,940 54 INFO bench werkzeug: 127.0.0.1 - - [08/Oct/2026 05:52:52] "POST /json/2/res.partner/write HTTP/1.1" 200 - 8 0.004 0.012
2026-10-08 05:52:52,979 54 INFO bench werkzeug: 127.0.0.1 - - [08/Oct/2026 05:52:52] "POST /json/2/res.partner/write HTTP/1.1" 200 - 8 0.004 0.014
2026-10-08 05:52:53,009 54 INFO bench werkzeug: 127.0.0.1 - - [08/Oct/2026 05:52:53] "POST /json/2/res.partner/write HTTP/1.1" 200 - 8 0.003 0.013
2026-10-08 05:52:53,039 54 INFO bench werkzeug: 127.0.0.1 - - [08/Oct/2026 05:52:53] "POST /json/2/res.partner/write HTTP/1.1" 200 - 8 0.004 0.013
2026-10-08 05:52:53,073 54 INFO bench werkzeug: 127.0.0.1 - - [08/Oct/2026 05:52:53] "POST /json/2/res.partner/write HTTP/1.1" 200 - 8 0.004 0.016
2026-10-08 05:52:53,102 54 INFO bench werkzeug: 127.0.0.1 - - [08/Oct/2026 05:52:53] "POST /json/2/res.partner/write HTTP/1.1" 200 - 8 0.004 0.012
2026-10-08 05:52:53,125 54 INFO bench werkzeug: 127.0.0.1 - - [08/Oct/2026 05:52:53] "POST /json/2/product.product/read HTTP/1.1" 200 - 5 0.002 0.006
2026-10-08 05:52:53,149 54 INFO bench werkzeug: 127.0.0.1 - - [08/Oct/2026 05:52:53] "POST /json/2/mrp.bom/search HTTP/1.1" 200 - 8 0.003 0.007
2026-10-08 05:52:53,196 54 INFO bench werkzeug: 127.0.0.1 - - [08/Oct/2026 05:52:53] "POST /json/2/mrp.bom/create HTTP/1.1" 200 - 31 0.012 0.021
2026-10-08 05:52:53,229 54 INFO bench werkzeug: 127.0.0.1 - - [08/Oct/2026 05:52:53] "POST /json/2/mrp.bom.line/create HTTP/1.1" 200 - 15 0.007 0.013
2026-10-08 05:52:53,259 54 INFO bench werkzeug: 127.0.0.1 - - [08/Oct/2026 05:52:53] "POST /json/2/mrp.bom.line/create HTTP/1.1" 200 - 10 0.005 0.014
2026-10-08 05:52:53,281 54 INFO bench werkzeug: 127.0.0.1 - - [08/Oct/2026 05:52:53] "POST /json/2/product.product/read HTTP/1.1" 200 - 5 0.002 0.007
2026-10-08 05:52:53,301 54 INFO bench werkzeug: 127.0.0.1 - - [08/Oct/2026 05:52:53] "POST /json/2/mrp.bom/search HTTP/1.1" 200 - 3 0.002 0.005
2026-10-08 05:52:53,343 54 INFO bench werkzeug: 127.0.0.1 - - [08/Oct/2026 05:52:53] "POST /json/2/mrp.bom/create HTTP/1.1" 200 - 16 0.007 0.021
2026-10-08 05:52:53,381 54 INFO bench werkzeug: 127.0.0.1 - - [08/Oct/2026 05:52:53] "POST /json/2/mrp.bom.line/create HTTP/1.1" 200 - 10 0.005 0.012
2026-10-08 05:52:53,411 54 INFO bench werkzeug: 127.0.0.1 - - [08/Oct/2026 05:52:53] "POST /json/2/mrp.bom.line/create HTTP/1.1" 200 - 10 0.004 0.012
2026-10-08 05:52:53,432 54 INFO bench werkzeug: 127.0.0.1 - - [08/Oct/2026 05:52:53] "POST /json/2/product.product/read HTTP/1.1" 200 - 5 0.002 0.006
2026-10-08 05:52:53,452 54 INFO bench werkzeug: 127.0.0.1 - - [08/Oct/2026 05:52:53] "POST /json/2/mrp.bom/search HTTP/1.1" 200 - 3 0.001 0.005
2026-10-08 05:52:53,488 54 INFO bench werkzeug: 127.0.0.1 - - [08/Oct/2026 05:52:53] "POST /json/2/mrp.bom/create HTTP/1.1" 200 - 16 0.007 0.016
2026-10-08 05:52:53,519 54 INFO bench werkzeug: 127.0.0.1 - - [08/Oct/2026 05:52:53] "POST /json/2/mrp.bom.line/create HTTP/1.1" 200 - 10 0.004 0.012
2026-10-08 05:52:53,551 54 INFO bench werkzeug: 127.0.0.1 - - [08/Oct/2026 05:52:53] "POST /json/2/mrp.bom.line/create HTTP/1.1" 200 - 10 0.004 0.014
2026-10-08 05:52:53,574 54 INFO bench werkzeug: 127.0.0.1 - - [08/Oct/2026 05:52:53] "POST /json/2/product.product/read HTTP/1.1" 200 - 5 0.002 0.008
2026-10-08 05:52:53,595 54 INFO bench werkzeug: 127.0.0.1 - - [08/Oct/2026 05:52:53] "POST /json/2/mrp.bom/search HTTP/1.1" 200 - 3 0.002 0.006
2026-10-08 05:52:53,629 54 INFO bench werkzeug: 127.0.0.1 - - [08/Oct/2026 05:52:53] "POST /json/2/mrp.bom/create HTTP/1.1" 200 - 16 0.006 0.016
2026-10-08 05:52:53,657 54 INFO bench werkzeug: 127.0.0.1 - - [08/Oct/2026 05:52:53] "POST /json/2/mrp.bom.line/create HTTP/1.1" 200 - 10 0.004 0.012
2026-10-08 05:52:53,680 54 INFO bench werkzeug: 127.0.0.1 - - [08/Oct/2026 05:52:53] "POST /json/2/product.product/read HTTP/1.1" 200 - 5 0.002 0.007
2026-10-08 05:52:53,701 54 INFO bench werkzeug: 127.0.0.1 - - [08/Oct/2026 05:52:53] "POST /json/2/mrp.bom/search HTTP/1.1" 200 - 3 0.001 0.005
2026-10-08 05:52:53,737 54 INFO bench werkzeug: 127.0.0.1 - - [08/Oct/2026 05:52:53] "POST /json/2/mrp.bom/create HTTP/1.1" 200 - 16 0.006 0.017
2026-10-08 05:52:53,772 54 INFO bench werkzeug: 127.0.0.1 - - [08/Oct/2026 05:52:53] "POST /json/2/mrp.bom.line/create HTTP/1.1" 200 - 10 0.004 0.012
2026-10-08 05:52:53,795 54 INFO bench werkzeug: 127.0.0.1 - - [08/Oct/2026 05:52:53] "POST /json/2/product.product/read HTTP/1.1" 200 - 5 0.003 0.007
2026-10-08 05:52:53,815 54 INFO bench werkzeug: 127.0.0.1 - - [08/Oct/2026 05:52:53] "POST /json/2/mrp.bom/search HTTP/1.1" 200 - 3 0.001 0.005
2026-10-08 05:52:53,851 54 INFO bench werkzeug: 127.0.0.1 - - [08/Oct/2026 05:52:53] "POST /json/2/mrp.bom/create HTTP/1.1" 200 - 16 0.006 0.017
2026-10-08 05:52:53,881 54 INFO bench werkzeug: 127.0.0.1 - - [08/Oct/2026 05:52:53] "POST /json/2/mrp.bom.line/create HTTP/1.1" 200 - 10 0.004 0.013
2026-10-08 05:52:53,902 54 INFO bench werkzeug: 127.0.0.1 - - [08/Oct/2026 05:52:53] "POST /json/2/product.product/read HTTP/1.1" 200 - 5 0.002 0.006
2026-10-08 05:52:53,923 54 INFO bench werkzeug: 127.0.0.1 - - [08/Oct/2026 05:52:53] "POST /json/2/mrp.bom/search HTTP/1.1" 200 - 3 0.001 0.005
2026-10-08 05:52:53,959 54 INFO bench werkzeug: 127.0.0.1 - - [08/Oct/2026 05:52:53] "POST /json/2/mrp.bom/create HTTP/1.1" 200 - 16 0.007 0.016
2026-10-08 05:52:53,988 54 INFO bench werkzeug: 127.0.0.1 - - [08/Oct/2026 05:52:53] "POST /json/2/mrp.bom.line/create HTTP/1.1" 200 - 10 0.004 0.012
2026-10-08 05:52:54,010 54 INFO bench werkzeug: 127.0.0.1 - - [08/Oct/2026 05:52:54] "POST /json/2/product.product/read HTTP/1.1" 200 - 5 0.003 0.007
2026-10-08 05:52:54,029 54 INFO bench werkzeug: 127.0.0.1 - - [08/Oct/2026 05:52:54] "POST /json/2/mrp.bom/search HTTP/1.1" 200 - 3 0.001 0.005
2026-10-08 05:52:54,068 54 INFO bench werkzeug: 127.0.0.1 - - [08/Oct/2026 05:52:54] "POST /json/2/mrp.bom/create HTTP/1.1" 200 - 16 0.006 0.017
2026-10-08 05:52:54,097 54 INFO bench werkzeug: 127.0.0.1 - - [08/Oct/2026 05:52:54] "POST /json/2/mrp.bom.line/create HTTP/1.1" 200 - 10 0.005 0.012
2026-10-08 05:52:54,137 54 INFO bench werkzeug: 127.0.0.1 - - [08/Oct/2026 05:52:54] "POST /json/2/mrp.bom.line/create HTTP/1.1" 200 - 10 0.005 0.013
2026-10-08 05:52:54,160 54 INFO bench werkzeug: 127.0.0.1 - - [08/Oct/2026 05:52:54] "POST /json/2/product.product/read HTTP/1.1" 200 - 5 0.002 0.007
2026-10-08 05:52:54,179 54 INFO bench werkzeug: 127.0.0.1 - - [08/Oct/2026 05:52:54] "POST /json/2/mrp.bom/search HTTP/1.1" 200 - 3 0.001 0.005
2026-10-08 05:52:54,216 54 INFO bench werkzeug: 127.0.0.1 - - [08/Oct/2026 05:52:54] "POST /json/2/mrp.bom/create HTTP/1.1" 200 - 16 0.006 0.018
2026-10-08 05:52:54,245 54 INFO bench werkzeug: 127.0.0.1 - - [08/Oct/2026 05:52:54] "POST /json/2/mrp.bom.line/create HTTP/1.1" 200 - 10 0.004 0.012
2026-10-08 05:52:54,275 54 INFO bench werkzeug: 127.0.0.1 - - [08/Oct/2026 05:52:54] "POST /json/2/mrp.bom.line/create HTTP/1.1" 200 - 10 0.005 0.012
2026-10-08 05:52:54,296 54 INFO bench werkzeug: 127.0.0.1 - - [08/Oct/2026 05:52:54] "POST /json/2/product.product/read HTTP/1.1" 200 - 5 0.002 0.006
2026-10-08 05:52:54,316 54 INFO bench werkzeug: 127.0.0.1 - - [08/Oct/2026 05:52:54] "POST /json/2/mrp.bom/search HTTP/1.1" 200 - 3 0.001 0.005
2026-10-08 05:52:54,354 54 INFO bench werkzeug: 127.0.0.1 - - [08/Oct/2026 05:52:54] "POST /json/2/mrp.bom/create HTTP/1.1" 200 - 16 0.007 0.016
2026-10-08 05:52:54,385 54 INFO bench werkzeug: 127.0.0.1 - - [08/Oct/2026 05:52:54] "POST /json/2/mrp.bom.line/create HTTP/1.1" 200 - 10 0.004 0.013
2026-10-08 05:52:54,413 54 INFO bench werkzeug: 127.0.0.1 - - [08/Oct/2026 05:52:54] "POST /json/2/mrp.bom.line/create HTTP/1.1" 200 - 10 0.004 0.012
2026-10-08 05:52:54,432 54 INFO bench werkzeug: 127.0.0.1 - - [08/Oct/2026 05:52:54] "POST /json/2/mrp.bom/read HTTP/1.1" 200 - 3 0.001 0.005
2026-10-08 05:52:54,458 54 INFO bench werkzeug: 127.0.0.1 - - [08/Oct/2026 05:52:54] "POST /json/2/mrp.bom.line/read HTTP/1.1" 200 - 8 0.004 0.008
2026-10-08 05:52:54,483 54 INFO bench werkzeug: 127.0.0.1 - - [08/Oct/2026 05:52:54] "POST /json/2/stock.warehouse/search HTTP/1.1" 200 - 8 0.003 0.007
2026-10-08 05:52:54,504 54 INFO bench werkzeug: 127.0.0.1 - - [08/Oct/2026 05:52:54] "POST /json/2/stock.warehouse/read HTTP/1.1" 200 - 5 0.002 0.005
2026-10-08 05:52:54,526 54 INFO bench werkzeug: 127.0.0.1 - - [08/Oct/2026 05:52:54] "POST /json/2/product.product/read HTTP/1.1" 200 - 5 0.003 0.007
2026-10-08 05:52:54,549 54 INFO bench werkzeug: 127.0.0.1 - - [08/Oct/2026 05:52:54] "POST /json/2/stock.quant/search HTTP/1.1" 200 - 8 0.003 0.007
2026-10-08 05:52:54,588 54 INFO bench werkzeug: 127.0.0.1 - - [08/Oct/2026 05:52:54] "POST /json/2/stock.quant/create HTTP/1.1" 200 - 19 0.007 0.017
2026-10-08 05:52:54,671 54 INFO bench werkzeug: 127.0.0.1 - - [08/Oct/2026 05:52:54] "POST /json/2/stock.quant/action_apply_inventory HTTP/1.1" 200 - 62 0.028 0.042
2026-10-08 05:52:54,694 54 INFO bench werkzeug: 127.0.0.1 - - [08/Oct/2026 05:52:54] "POST /json/2/product.product/read HTTP/1.1" 200 - 5 0.003 0.007
2026-10-08 05:52:54,713 54 INFO bench werkzeug: 127.0.0.1 - - [08/Oct/2026 05:52:54] "POST /json/2/stock.quant/search HTTP/1.1" 200 - 3 0.001 0.005
2026-10-08 05:52:54,745 54 INFO bench werkzeug: 127.0.0.1 - - [08/Oct/2026 05:52:54] "POST /json/2/stock.quant/create HTTP/1.1" 200 - 11 0.004 0.015
2026-10-08 05:52:54,802 54 INFO bench werkzeug: 127.0.0.1 - - [08/Oct/2026 05:52:54] "POST /json/2/stock.quant/action_apply_inventory HTTP/1.1" 200 - 36 0.014 0.030
2026-10-08 05:52:54,825 54 INFO bench werkzeug: 127.0.0.1 - - [08/Oct/2026 05:52:54] "POST /json/2/product.product/read HTTP/1.1" 200 - 5 0.002 0.007
2026-10-08 05:52:54,845 54 INFO bench werkzeug: 127.0.0.1 - - [08/Oct/2026 05:52:54] "POST /json/2/stock.quant/search HTTP/1.1" 200 - 3 0.001 0.005
2026-10-08 05:52:54,881 54 INFO bench werkzeug: 127.0.0.1 - - [08/Oct/2026 05:52:54] "POST /json/2/stock.quant/create HTTP/1.1" 200 - 11 0.004 0.013
2026-10-08 05:52:54,941 54 INFO bench werkzeug: 127.0.0.1 - - [08/Oct/2026 05:52:54] "POST /json/2/stock.quant/action_apply_inventory HTTP/1.1" 200 - 36 0.015 0.032
2026-10-08 05:52:54,963 54 INFO bench werkzeug: 127.0.0.1 - - [08/Oct/2026 05:52:54] "POST /json/2/product.product/read HTTP/1.1" 200 - 5 0.003 0.007
2026-10-08 05:52:54,983 54 INFO bench werkzeug: 127.0.0.1 - - [08/Oct/2026 05:52:54] "POST /json/2/stock.quant/search HTTP/1.1" 200 - 3 0.002 0.005
2026-10-08 05:52:55,013 54 INFO bench werkzeug: 127.0.0.1 - - [08/Oct/2026 05:52:55] "POST /json/2/stock.quant/create HTTP/1.1" 200 - 11 0.004 0.014
2026-10-08 05:52:55,076 54 INFO bench werkzeug: 127.0.0.1 - - [08/Oct/2026 05:52:55] "POST /json/2/stock.quant/action_apply_inventory HTTP/1.1" 200 - 36 0.015 0.033
2026-10-08 05:52:55,098 54 INFO bench werkzeug: 127.0.0.1 - - [08/Oct/2026 05:52:55] "POST /json/2/product.product/read HTTP/1.1" 200 - 5 0.002 0.007
2026-10-08 05:52:55,119 54 INFO bench werkzeug: 127.0.0.1 - - [08/Oct/2026 05:52:55] "POST /json/2/stock.quant/search HTTP/1.1" 200 - 3 0.001 0.005
2026-10-08 05:52:55,151 54 INFO bench werkzeug: 127.0.0.1 - - [08/Oct/2026 05:52:55] "POST /json/2/stock.quant/create HTTP/1.1" 200 - 11 0.004 0.014
2026-10-08 05:52:55,214 54 INFO bench werkzeug: 127.0.0.1 - - [08/Oct/2026 05:52:55] "POST /json/2/stock.quant/action_apply_inventory HTTP/1.1" 200 - 36 0.015 0.031
2026-10-08 05:52:55,236 54 INFO bench werkzeug: 127.0.0.1 - - [08/Oct/2026 05:52:55] "POST /json/2/product.product/read HTTP/1.1" 200 - 5 0.003 0.007
2026-10-08 05:52:55,255 54 INFO bench werkzeug: 127.0.0.1 - - [08/Oct/2026 05:52:55] "POST /json/2/stock.quant/search HTTP/1.1" 200 - 3 0.001 0.005
2026-10-08 05:52:55,287 54 INFO bench werkzeug: 127.0.0.1 - - [08/Oct/2026 05:52:55] "POST /json/2/stock.quant/create HTTP/1.1" 200 - 11 0.005 0.014
2026-10-08 05:52:55,349 54 INFO bench werkzeug: 127.0.0.1 - - [08/Oct/2026 05:52:55] "POST /json/2/stock.quant/action_apply_inventory HTTP/1.1" 200 - 36 0.016 0.033
2026-10-08 05:52:55,378 54 INFO bench werkzeug: 127.0.0.1 - - [08/Oct/2026 05:52:55] "POST /json/2/product.product/read HTTP/1.1" 200 - 5 0.002 0.007
2026-10-08 05:52:55,398 54 INFO bench werkzeug: 127.0.0.1 - - [08/Oct/2026 05:52:55] "POST /json/2/stock.quant/search HTTP/1.1" 200 - 3 0.002 0.006
2026-10-08 05:52:55,431 54 INFO bench werkzeug: 127.0.0.1 - - [08/Oct/2026 05:52:55] "POST /json/2/stock.quant/create HTTP/1.1" 200 - 11 0.004 0.014
2026-10-08 05:52:55,495 54 INFO bench werkzeug: 127.0.0.1 - - [08/Oct/2026 05:52:55] "POST /json/2/stock.quant/action_apply_inventory HTTP/1.1" 200 - 36 0.015 0.035
2026-10-08 05:52:55,516 54 INFO bench werkzeug: 127.0.0.1 - - [08/Oct/2026 05:52:55] "POST /json/2/product.product/read HTTP/1.1" 200 - 5 0.003 0.007
2026-10-08 05:52:55,536 54 INFO bench werkzeug: 127.0.0.1 - - [08/Oct/2026 05:52:55] "POST /json/2/stock.quant/search HTTP/1.1" 200 - 3 0.002 0.005
2026-10-08 05:52:55,567 54 INFO bench werkzeug: 127.0.0.1 - - [08/Oct/2026 05:52:55] "POST /json/2/stock.quant/create HTTP/1.1" 200 - 11 0.005 0.014
2026-10-08 05:52:55,632 54 INFO bench werkzeug: 127.0.0.1 - - [08/Oct/2026 05:52:55] "POST /json/2/stock.quant/action_apply_inventory HTTP/1.1" 200 - 36 0.016 0.033
2026-10-08 05:52:55,654 54 INFO bench werkzeug: 127.0.0.1 - - [08/Oct/2026 05:52:55] "POST /json/2/product.product/read HTTP/1.1" 200 - 5 0.003 0.007
2026-10-08 05:52:55,677 54 INFO bench werkzeug: 127.0.0.1 - - [08/Oct/2026 05:52:55] "POST /json/2/stock.quant/search HTTP/1.1" 200 - 3 0.001 0.007
2026-10-08 05:52:55,709 54 INFO bench werkzeug: 127.0.0.1 - - [08/Oct/2026 05:52:55] "POST /json/2/stock.quant/create HTTP/1.1" 200 - 11 0.005 0.014
2026-10-08 05:52:55,771 54 INFO bench werkzeug: 127.0.0.1 - - [08/Oct/2026 05:52:55] "POST /json/2/stock.quant/action_apply_inventory HTTP/1.1" 200 - 36 0.015 0.034
2026-10-08 05:52:55,793 54 INFO bench werkzeug: 127.0.0.1 - - [08/Oct/2026 05:52:55] "POST /json/2/product.product/read HTTP/1.1" 200 - 5 0.002 0.006
2026-10-08 05:52:55,820 54 INFO bench werkzeug: 127.0.0.1 - - [08/Oct/2026 05:52:55] "POST /json/2/stock.quant/search HTTP/1.1" 200 - 3 0.001 0.005
2026-10-08 05:52:55,851 54 INFO bench werkzeug: 127.0.0.1 - - [08/Oct/2026 05:52:55] "POST /json/2/stock.quant/create HTTP/1.1" 200 - 11 0.005 0.013
2026-10-08 05:52:55,910 54 INFO bench werkzeug: 127.0.0.1 - - [08/Oct/2026 05:52:55] "POST /json/2/stock.quant/action_apply_inventory HTTP/1.1" 200 - 36 0.015 0.030
2026-10-08 05:52:55,932 54 INFO bench werkzeug: 127.0.0.1 - - [08/Oct/2026 05:52:55] "POST /json/2/product.product/read HTTP/1.1" 200 - 5 0.002 0.006
2026-10-08 05:52:55,952 54 INFO bench werkzeug: 127.0.0.1 - - [08/Oct/2026 05:52:55] "POST /json/2/stock.quant/search HTTP/1.1" 200 - 3 0.001 0.005
2026-10-08 05:52:55,983 54 INFO bench werkzeug: 127.0.0.1 - - [08/Oct/2026 05:52:55] "POST /json/2/stock.quant/create HTTP/1.1" 200 - 11 0.005 0.014
2026-10-08 05:52:56,039 54 INFO bench werkzeug: 127.0.0.1 - - [08/Oct/2026 05:52:56] "POST /json/2/stock.quant/action_apply_inventory HTTP/1.1" 200 - 36 0.014 0.030
2026-10-08 05:52:56,062 54 INFO bench werkzeug: 127.0.0.1 - - [08/Oct/2026 05:52:56] "POST /json/2/product.product/read HTTP/1.1" 200 - 5 0.002 0.006
2026-10-08 05:52:56,083 54 INFO bench werkzeug: 127.0.0.1 - - [08/Oct/2026 05:52:56] "POST /json/2/stock.quant/search HTTP/1.1" 200 - 3 0.001 0.005
2026-10-08 05:52:56,112 54 INFO bench werkzeug: 127.0.0.1 - - [08/Oct/2026 05:52:56] "POST /json/2/stock.quant/create HTTP/1.1" 200 - 11 0.004 0.013
2026-10-08 05:52:56,174 54 INFO bench werkzeug: 127.0.0.1 - - [08/Oct/2026 05:52:56] "POST /json/2/stock.quant/action_apply_inventory HTTP/1.1" 200 - 36 0.016 0.033
2026-10-08 05:52:56,195 54 INFO bench werkzeug: 127.0.0.1 - - [08/Oct/2026 05:52:56] "POST /json/2/product.product/read HTTP/1.1" 200 - 5 0.002 0.007
2026-10-08 05:52:56,215 54 INFO bench werkzeug: 127.0.0.1 - - [08/Oct/2026 05:52:56] "POST /json/2/stock.quant/search HTTP/1.1" 200 - 3 0.001 0.006
2026-10-08 05:52:56,256 54 INFO bench werkzeug: 127.0.0.1 - - [08/Oct/2026 05:52:56] "POST /json/2/stock.quant/create HTTP/1.1" 200 - 11 0.005 0.014
2026-10-08 05:52:56,321 54 INFO bench werkzeug: 127.0.0.1 - - [08/Oct/2026 05:52:56] "POST /json/2/stock.quant/action_apply_inventory HTTP/1.1" 200 - 36 0.015 0.034
2026-10-08 05:52:56,342 54 INFO bench werkzeug: 127.0.0.1 - - [08/Oct/2026 05:52:56] "POST /json/2/product.product/read HTTP/1.1" 200 - 5 0.002 0.006
2026-10-08 05:52:56,361 54 INFO bench werkzeug: 127.0.0.1 - - [08/Oct/2026 05:52:56] "POST /json/2/stock.quant/search HTTP/1.1" 200 - 3 0.001 0.005
2026-10-08 05:52:56,392 54 INFO bench werkzeug: 127.0.0.1 - - [08/Oct/2026 05:52:56] "POST /json/2/stock.quant/create HTTP/1.1" 200 - 11 0.004 0.014
2026-10-08 05:52:56,453 54 INFO bench werkzeug: 127.0.0.1 - - [08/Oct/2026 05:52:56] "POST /json/2/stock.quant/action_apply_inventory HTTP/1.1" 200 - 36 0.017 0.032
2026-10-08 05:52:56,476 54 INFO bench werkzeug: 127.0.0.1 - - [08/Oct/2026 05:52:56] "POST /json/2/product.product/read HTTP/1.1" 200 - 5 0.002 0.007
2026-10-08 05:52:56,495 54 INFO bench werkzeug: 127.0.0.1 - - [08/Oct/2026 05:52:56] "POST /json/2/stock.quant/search HTTP/1.1" 200 - 3 0.001 0.005
2026-10-08 05:52:56,527 54 INFO bench werkzeug: 127.0.0.1 - - [08/Oct/2026 05:52:56] "POST /json/2/stock.quant/create HTTP/1.1" 200 - 11 0.004 0.014
2026-10-08 05:52:56,588 54 INFO bench werkzeug: 127.0.0.1 - - [08/Oct/2026 05:52:56] "POST /json/2/stock.quant/action_apply_inventory HTTP/1.1" 200 - 36 0.015 0.033
2026-10-08 05:52:56,610 54 INFO bench werkzeug: 127.0.0.1 - - [08/Oct/2026 05:52:56] "POST /json/2/product.product/read HTTP/1.1" 200 - 5 0.002 0.007
2026-10-08 05:52:56,631 54 INFO bench werkzeug: 127.0.0.1 - - [08/Oct/2026 05:52:56] "POST /json/2/stock.quant/search HTTP/1.1" 200 - 3 0.002 0.005
2026-10-08 05:52:56,662 54 INFO bench werkzeug: 127.0.0.1 - - [08/Oct/2026 05:52:56] "POST /json/2/stock.quant/create HTTP/1.1" 200 - 11 0.005 0.014
2026-10-08 05:52:56,729 54 INFO bench werkzeug: 127.0.0.1 - - [08/Oct/2026 05:52:56] "POST /json/2/stock.quant/action_apply_inventory HTTP/1.1" 200 - 36 0.015 0.032
2026-10-08 05:52:56,751 54 INFO bench werkzeug: 127.0.0.1 - - [08/Oct/2026 05:52:56] "POST /json/2/product.product/read HTTP/1.1" 200 - 5 0.003 0.007
2026-10-08 05:52:56,771 54 INFO bench werkzeug: 127.0.0.1 - - [08/Oct/2026 05:52:56] "POST /json/2/stock.quant/search HTTP/1.1" 200 - 3 0.002 0.005
2026-10-08 05:52:56,802 54 INFO bench werkzeug: 127.0.0.1 - - [08/Oct/2026 05:52:56] "POST /json/2/stock.quant/create HTTP/1.1" 200 - 11 0.005 0.015
2026-10-08 05:52:56,866 54 INFO bench werkzeug: 127.0.0.1 - - [08/Oct/2026 05:52:56] "POST /json/2/stock.quant/action_apply_inventory HTTP/1.1" 200 - 36 0.015 0.033
2026-10-08 05:52:56,891 54 INFO bench werkzeug: 127.0.0.1 - - [08/Oct/2026 05:52:56] "POST /json/2/product.product/read HTTP/1.1" 200 - 5 0.003 0.007
2026-10-08 05:52:56,910 54 INFO bench werkzeug: 127.0.0.1 - - [08/Oct/2026 05:52:56] "POST /json/2/stock.quant/search HTTP/1.1" 200 - 3 0.002 0.005
2026-10-08 05:52:56,941 54 INFO bench werkzeug: 127.0.0.1 - - [08/Oct/2026 05:52:56] "POST /json/2/stock.quant/create HTTP/1.1" 200 - 11 0.005 0.014
2026-10-08 05:52:56,999 54 INFO bench werkzeug: 127.0.0.1 - - [08/Oct/2026 05:52:56] "POST /json/2/stock.quant/action_apply_inventory HTTP/1.1" 200 - 36 0.014 0.030
2026-10-08 05:52:57,022 54 INFO bench werkzeug: 127.0.0.1 - - [08/Oct/2026 05:52:57] "POST /json/2/product.product/read HTTP/1.1" 200 - 5 0.002 0.007
2026-10-08 05:52:57,040 54 INFO bench werkzeug: 127.0.0.1 - - [08/Oct/2026 05:52:57] "POST /json/2/stock.quant/search HTTP/1.1" 200 - 3 0.001 0.005
2026-10-08 05:52:57,071 54 INFO bench werkzeug: 127.0.0.1 - - [08/Oct/2026 05:52:57] "POST /json/2/stock.quant/create HTTP/1.1" 200 - 11 0.004 0.014
2026-10-08 05:52:57,133 54 INFO bench werkzeug: 127.0.0.1 - - [08/Oct/2026 05:52:57] "POST /json/2/stock.quant/action_apply_inventory HTTP/1.1" 200 - 36 0.016 0.034
2026-10-08 05:52:57,161 54 INFO bench werkzeug: 127.0.0.1 - - [08/Oct/2026 05:52:57] "POST /json/2/product.product/read HTTP/1.1" 200 - 5 0.002 0.007
2026-10-08 05:52:57,181 54 INFO bench werkzeug: 127.0.0.1 - - [08/Oct/2026 05:52:57] "POST /json/2/stock.quant/search HTTP/1.1" 200 - 3 0.001 0.005
2026-10-08 05:52:57,212 54 INFO bench werkzeug: 127.0.0.1 - - [08/Oct/2026 05:52:57] "POST /json/2/stock.quant/create HTTP/1.1" 200 - 11 0.004 0.015
2026-10-08 05:52:57,270 54 INFO bench werkzeug: 127.0.0.1 - - [08/Oct/2026 05:52:57] "POST /json/2/stock.quant/action_apply_inventory HTTP/1.1" 200 - 36 0.014 0.031
2026-10-08 05:52:57,293 54 INFO bench werkzeug: 127.0.0.1 - - [08/Oct/2026 05:52:57] "POST /json/2/product.product/read HTTP/1.1" 200 - 5 0.003 0.007
2026-10-08 05:52:57,314 54 INFO bench werkzeug: 127.0.0.1 - - [08/Oct/2026 05:52:57] "POST /json/2/stock.quant/search HTTP/1.1" 200 - 3 0.001 0.005
2026-10-08 05:52:57,346 54 INFO bench werkzeug: 127.0.0.1 - - [08/Oct/2026 05:52:57] "POST /json/2/stock.quant/create HTTP/1.1" 200 - 11 0.004 0.014
2026-10-08 05:52:57,408 54 INFO bench werkzeug: 127.0.0.1 - - [08/Oct/2026 05:52:57] "POST /json/2/stock.quant/action_apply_inventory HTTP/1.1" 200 - 36 0.016 0.033
2026-10-08 05:52:57,429 54 INFO bench werkzeug: 127.0.0.1 - - [08/Oct/2026 05:52:57] "POST /json/2/product.product/read HTTP/1.1" 200 - 5 0.002 0.007
2026-10-08 05:52:57,447 54 INFO bench werkzeug: 127.0.0.1 - - [08/Oct/2026 05:52:57] "POST /json/2/stock.quant/search HTTP/1.1" 200 - 3 0.001 0.005
2026-10-08 05:52:57,478 54 INFO bench werkzeug: 127.0.0.1 - - [08/Oct/2026 05:52:57] "POST /json/2/stock.quant/create HTTP/1.1" 200 - 11 0.005 0.014
2026-10-08 05:52:57,540 54 INFO bench werkzeug: 127.0.0.1 - - [08/Oct/2026 05:52:57] "POST /json/2/stock.quant/action_apply_inventory HTTP/1.1" 200 - 36 0.015 0.033
2026-10-08 05:52:57,564 54 INFO bench werkzeug: 127.0.0.1 - - [08/Oct/2026 05:52:57] "POST /json/2/product.product/read HTTP/1.1" 200 - 5 0.003 0.007
2026-10-08 05:52:57,590 54 INFO bench werkzeug: 127.0.0.1 - - [08/Oct/2026 05:52:57] "POST /json/2/stock.quant/search HTTP/1.1" 200 - 3 0.001 0.005
2026-10-08 05:52:57,621 54 INFO bench werkzeug: 127.0.0.1 - - [08/Oct/2026 05:52:57] "POST /json/2/stock.quant/create HTTP/1.1" 200 - 11 0.004 0.014
2026-10-08 05:52:57,685 54 INFO bench werkzeug: 127.0.0.1 - - [08/Oct/2026 05:52:57] "POST /json/2/stock.quant/action_apply_inventory HTTP/1.1" 200 - 36 0.016 0.033
2026-10-08 05:52:57,707 54 INFO bench werkzeug: 127.0.0.1 - - [08/Oct/2026 05:52:57] "POST /json/2/product.product/read HTTP/1.1" 200 - 5 0.003 0.007
2026-10-08 05:52:57,727 54 INFO bench werkzeug: 127.0.0.1 - - [08/Oct/2026 05:52:57] "POST /json/2/stock.quant/search HTTP/1.1" 200 - 3 0.001 0.006
2026-10-08 05:52:57,758 54 INFO bench werkzeug: 127.0.0.1 - - [08/Oct/2026 05:52:57] "POST /json/2/stock.quant/create HTTP/1.1" 200 - 11 0.005 0.013
2026-10-08 05:52:57,816 54 INFO bench werkzeug: 127.0.0.1 - - [08/Oct/2026 05:52:57] "POST /json/2/stock.quant/action_apply_inventory HTTP/1.1" 200 - 36 0.015 0.031
2026-10-08 05:52:57,839 54 INFO bench werkzeug: 127.0.0.1 - - [08/Oct/2026 05:52:57] "POST /json/2/product.product/read HTTP/1.1" 200 - 5 0.003 0.007
2026-10-08 05:52:57,860 54 INFO bench werkzeug: 127.0.0.1 - - [08/Oct/2026 05:52:57] "POST /json/2/stock.quant/search HTTP/1.1" 200 - 3 0.001 0.005
2026-10-08 05:52:57,892 54 INFO bench werkzeug: 127.0.0.1 - - [08/Oct/2026 05:52:57] "POST /json/2/stock.quant/create HTTP/1.1" 200 - 11 0.004 0.013
2026-10-08 05:52:57,954 54 INFO bench werkzeug: 127.0.0.1 - - [08/Oct/2026 05:52:57] "POST /json/2/stock.quant/action_apply_inventory HTTP/1.1" 200 - 36 0.016 0.032
2026-10-08 05:52:57,977 54 INFO bench werkzeug: 127.0.0.1 - - [08/Oct/2026 05:52:57] "POST /json/2/product.product/read HTTP/1.1" 200 - 5 0.002 0.006
2026-10-08 05:52:57,997 54 INFO bench werkzeug: 127.0.0.1 - - [08/Oct/2026 05:52:57] "POST /json/2/stock.quant/search HTTP/1.1" 200 - 3 0.002 0.005
2026-10-08 05:52:58,038 54 INFO bench werkzeug: 127.0.0.1 - - [08/Oct/2026 05:52:58] "POST /json/2/stock.quant/create HTTP/1.1" 200 - 11 0.005 0.015
2026-10-08 05:52:58,099 54 INFO bench werkzeug: 127.0.0.1 - - [08/Oct/2026 05:52:58] "POST /json/2/stock.quant/action_apply_inventory HTTP/1.1" 200 - 36 0.015 0.032
2026-10-08 05:52:58,122 54 INFO bench werkzeug: 127.0.0.1 - - [08/Oct/2026 05:52:58] "POST /json/2/product.product/read HTTP/1.1" 200 - 5 0.003 0.006
2026-10-08 05:52:58,142 54 INFO bench werkzeug: 127.0.0.1 - - [08/Oct/2026 05:52:58] "POST /json/2/stock.quant/search HTTP/1.1" 200 - 3 0.001 0.005
2026-10-08 05:52:58,174 54 INFO bench werkzeug: 127.0.0.1 - - [08/Oct/2026 05:52:58] "POST /json/2/stock.quant/create HTTP/1.1" 200 - 11 0.005 0.015
2026-10-08 05:52:58,232 54 INFO bench werkzeug: 127.0.0.1 - - [08/Oct/2026 05:52:58] "POST /json/2/stock.quant/action_apply_inventory HTTP/1.1" 200 - 36 0.015 0.031
2026-10-08 05:52:58,256 54 INFO bench werkzeug: 127.0.0.1 - - [08/Oct/2026 05:52:58] "POST /json/2/product.product/read HTTP/1.1" 200 - 5 0.003 0.006
2026-10-08 05:52:58,276 54 INFO bench werkzeug: 127.0.0.1 - - [08/Oct/2026 05:52:58] "POST /json/2/stock.quant/search HTTP/1.1" 200 - 3 0.001 0.005
2026-10-08 05:52:58,308 54 INFO bench werkzeug: 127.0.0.1 - - [08/Oct/2026 05:52:58] "POST /json/2/stock.quant/create HTTP/1.1" 200 - 11 0.004 0.014
2026-10-08 05:52:58,367 54 INFO bench werkzeug: 127.0.0.1 - - [08/Oct/2026 05:52:58] "POST /json/2/stock.quant/action_apply_inventory HTTP/1.1" 200 - 36 0.016 0.030
2026-10-08 05:52:58,389 54 INFO bench werkzeug: 127.0.0.1 - - [08/Oct/2026 05:52:58] "POST /json/2/product.product/read HTTP/1.1" 200 - 5 0.002 0.007
2026-10-08 05:52:58,409 54 INFO bench werkzeug: 127.0.0.1 - - [08/Oct/2026 05:52:58] "POST /json/2/stock.quant/search HTTP/1.1" 200 - 3 0.001 0.005
2026-10-08 05:52:58,440 54 INFO bench werkzeug: 127.0.0.1 - - [08/Oct/2026 05:52:58] "POST /json/2/stock.quant/create HTTP/1.1" 200 - 11 0.004 0.013
2026-10-08 05:52:58,507 54 INFO bench werkzeug: 127.0.0.1 - - [08/Oct/2026 05:52:58] "POST /json/2/stock.quant/action_apply_inventory HTTP/1.1" 200 - 36 0.015 0.033
2026-10-08 05:52:58,530 54 INFO bench werkzeug: 127.0.0.1 - - [08/Oct/2026 05:52:58] "POST /json/2/product.product/read HTTP/1.1" 200 - 5 0.002 0.007
2026-10-08 05:52:58,550 54 INFO bench werkzeug: 127.0.0.1 - - [08/Oct/2026 05:52:58] "POST /json/2/stock.quant/search HTTP/1.1" 200 - 3 0.002 0.005
2026-10-08 05:52:58,595 54 INFO bench werkzeug: 127.0.0.1 - - [08/Oct/2026 05:52:58] "POST /json/2/stock.quant/create HTTP/1.1" 200 - 11 0.005 0.028
2026-10-08 05:52:58,650 54 INFO bench werkzeug: 127.0.0.1 - - [08/Oct/2026 05:52:58] "POST /json/2/stock.quant/action_apply_inventory HTTP/1.1" 200 - 36 0.014 0.028
2026-10-08 05:52:58,671 54 INFO bench werkzeug: 127.0.0.1 - - [08/Oct/2026 05:52:58] "POST /json/2/product.product/read HTTP/1.1" 200 - 5 0.002 0.006
2026-10-08 05:52:58,690 54 INFO bench werkzeug: 127.0.0.1 - - [08/Oct/2026 05:52:58] "POST /json/2/stock.quant/search HTTP/1.1" 200 - 3 0.001 0.005
2026-10-08 05:52:58,721 54 INFO bench werkzeug: 127.0.0.1 - - [08/Oct/2026 05:52:58] "POST /json/2/stock.quant/create HTTP/1.1" 200 - 11 0.005 0.013
2026-10-08 05:52:58,780 54 INFO bench werkzeug: 127.0.0.1 - - [08/Oct/2026 05:52:58] "POST /json/2/stock.quant/action_apply_inventory HTTP/1.1" 200 - 36 0.015 0.031
2026-10-08 05:52:58,801 54 INFO bench werkzeug: 127.0.0.1 - - [08/Oct/2026 05:52:58] "POST /json/2/product.product/read HTTP/1.1" 200 - 5 0.002 0.006
2026-10-08 05:52:58,820 54 INFO bench werkzeug: 127.0.0.1 - - [08/Oct/2026 05:52:58] "POST /json/2/stock.quant/search HTTP/1.1" 200 - 3 0.001 0.005
2026-10-08 05:52:58,851 54 INFO bench werkzeug: 127.0.0.1 - - [08/Oct/2026 05:52:58] "POST /json/2/stock.quant/create HTTP/1.1" 200 - 11 0.004 0.014
2026-10-08 05:53:01,206 54 INFO bench werkzeug: 127.0.0.1 - - [08/Oct/2026 05:53:01] "POST /json/2/stock.quant/action_apply_inventory HTTP/1.1" 200 - 36 0.015 2.328
2026-10-08 05:53:01,236 54 INFO bench werkzeug: 127.0.0.1 - - [08/Oct/2026 05:53:01] "POST /json/2/product.product/read HTTP/1.1" 200 - 5 0.002 0.006
2026-10-08 05:53:01,255 54 INFO bench werkzeug: 127.0.0.1 - - [08/Oct/2026 05:53:01] "POST /json/2/stock.quant/search HTTP/1.1" 200 - 3 0.001 0.005
2026-10-08 05:53:01,283 54 INFO bench werkzeug: 127.0.0.1 - - [08/Oct/2026 05:53:01] "POST /json/2/stock.quant/create HTTP/1.1" 200 - 11 0.004 0.012
2026-10-08 05:53:01,342 54 INFO bench werkzeug: 127.0.0.1 - - [08/Oct/2026 05:53:01] "POST /json/2/stock.quant/action_apply_inventory HTTP/1.1" 200 - 36 0.015 0.031
2026-10-08 05:53:01,364 54 INFO bench werkzeug: 127.0.0.1 - - [08/Oct/2026 05:53:01] "POST /json/2/product.product/read HTTP/1.1" 200 - 5 0.002 0.006
2026-10-08 05:53:01,384 54 INFO bench werkzeug: 127.0.0.1 - - [08/Oct/2026 05:53:01] "POST /json/2/stock.quant/search HTTP/1.1" 200 - 3 0.001 0.005
2026-10-08 05:53:01,415 54 INFO bench werkzeug: 127.0.0.1 - - [08/Oct/2026 05:53:01] "POST /json/2/stock.quant/create HTTP/1.1" 200 - 11 0.004 0.012
2026-10-08 05:53:01,471 54 INFO bench werkzeug: 127.0.0.1 - - [08/Oct/2026 05:53:01] "POST /json/2/stock.quant/action_apply_inventory HTTP/1.1" 200 - 36 0.015 0.028
2026-10-08 05:53:01,494 54 INFO bench werkzeug: 127.0.0.1 - - [08/Oct/2026 05:53:01] "POST /json/2/product.product/read HTTP/1.1" 200 - 5 0.002 0.006
2026-10-08 05:53:01,512 54 INFO bench werkzeug: 127.0.0.1 - - [08/Oct/2026 05:53:01] "POST /json/2/stock.quant/search HTTP/1.1" 200 - 3 0.001 0.005
2026-10-08 05:53:01,542 54 INFO bench werkzeug: 127.0.0.1 - - [08/Oct/2026 05:53:01] "POST /json/2/stock.quant/create HTTP/1.1" 200 - 11 0.005 0.013
2026-10-08 05:53:01,599 54 INFO bench werkzeug: 127.0.0.1 - - [08/Oct/2026 05:53:01] "POST /json/2/stock.quant/action_apply_inventory HTTP/1.1" 200 - 36 0.014 0.030
2026-10-08 05:53:01,621 54 INFO bench werkzeug: 127.0.0.1 - - [08/Oct/2026 05:53:01] "POST /json/2/product.product/read HTTP/1.1" 200 - 5 0.002 0.006
2026-10-08 05:53:01,647 54 INFO bench werkzeug: 127.0.0.1 - - [08/Oct/2026 05:53:01] "POST /json/2/stock.quant/search HTTP/1.1" 200 - 3 0.001 0.005
2026-10-08 05:53:01,676 54 INFO bench werkzeug: 127.0.0.1 - - [08/Oct/2026 05:53:01] "POST /json/2/stock.quant/create HTTP/1.1" 200 - 11 0.004 0.012
2026-10-08 05:53:01,733 54 INFO bench werkzeug: 127.0.0.1 - - [08/Oct/2026 05:53:01] "POST /json/2/stock.quant/action_apply_inventory HTTP/1.1" 200 - 36 0.014 0.029
2026-10-08 05:53:01,756 54 INFO bench werkzeug: 127.0.0.1 - - [08/Oct/2026 05:53:01] "POST /json/2/product.product/read HTTP/1.1" 200 - 5 0.002 0.007
2026-10-08 05:53:01,774 54 INFO bench werkzeug: 127.0.0.1 - - [08/Oct/2026 05:53:01] "POST /json/2/stock.quant/search HTTP/1.1" 200 - 3 0.001 0.005
2026-10-08 05:53:01,805 54 INFO bench werkzeug: 127.0.0.1 - - [08/Oct/2026 05:53:01] "POST /json/2/stock.quant/create HTTP/1.1" 200 - 11 0.004 0.014
2026-10-08 05:53:01,863 54 INFO bench werkzeug: 127.0.0.1 - - [08/Oct/2026 05:53:01] "POST /json/2/stock.quant/action_apply_inventory HTTP/1.1" 200 - 36 0.015 0.029
2026-10-08 05:53:01,885 54 INFO bench werkzeug: 127.0.0.1 - - [08/Oct/2026 05:53:01] "POST /json/2/product.product/read HTTP/1.1" 200 - 5 0.002 0.007
2026-10-08 05:53:01,905 54 INFO bench werkzeug: 127.0.0.1 - - [08/Oct/2026 05:53:01] "POST /json/2/stock.quant/search HTTP/1.1" 200 - 3 0.001 0.006
2026-10-08 05:53:01,935 54 INFO bench werkzeug: 127.0.0.1 - - [08/Oct/2026 05:53:01] "POST /json/2/stock.quant/create HTTP/1.1" 200 - 11 0.005 0.013
2026-10-08 05:53:01,994 54 INFO bench werkzeug: 127.0.0.1 - - [08/Oct/2026 05:53:01] "POST /json/2/stock.quant/action_apply_inventory HTTP/1.1" 200 - 36 0.015 0.030
2026-10-08 05:53:02,018 54 INFO bench werkzeug: 127.0.0.1 - - [08/Oct/2026 05:53:02] "POST /json/2/product.product/read HTTP/1.1" 200 - 5 0.003 0.007
2026-10-08 05:53:02,037 54 INFO bench werkzeug: 127.0.0.1 - - [08/Oct/2026 05:53:02] "POST /json/2/stock.quant/search HTTP/1.1" 200 - 3 0.002 0.005
2026-10-08 05:53:02,080 54 INFO bench werkzeug: 127.0.0.1 - - [08/Oct/2026 05:53:02] "POST /json/2/stock.quant/create HTTP/1.1" 200 - 11 0.004 0.013
2026-10-08 05:53:02,135 54 INFO bench werkzeug: 127.0.0.1 - - [08/Oct/2026 05:53:02] "POST /json/2/stock.quant/action_apply_inventory HTTP/1.1" 200 - 36 0.014 0.029
2026-10-08 05:53:02,157 54 INFO bench werkzeug: 127.0.0.1 - - [08/Oct/2026 05:53:02] "POST /json/2/product.product/read HTTP/1.1" 200 - 5 0.002 0.006
2026-10-08 05:53:02,177 54 INFO bench werkzeug: 127.0.0.1 - - [08/Oct/2026 05:53:02] "POST /json/2/stock.quant/search HTTP/1.1" 200 - 3 0.002 0.005
2026-10-08 05:53:02,207 54 INFO bench werkzeug: 127.0.0.1 - - [08/Oct/2026 05:53:02] "POST /json/2/stock.quant/create HTTP/1.1" 200 - 11 0.004 0.013
2026-10-08 05:53:02,265 54 INFO bench werkzeug: 127.0.0.1 - - [08/Oct/2026 05:53:02] "POST /json/2/stock.quant/action_apply_inventory HTTP/1.1" 200 - 36 0.014 0.031
2026-10-08 05:53:02,287 54 INFO bench werkzeug: 127.0.0.1 - - [08/Oct/2026 05:53:02] "POST /json/2/product.product/read HTTP/1.1" 200 - 5 0.002 0.006
2026-10-08 05:53:02,305 54 INFO bench werkzeug: 127.0.0.1 - - [08/Oct/2026 05:53:02] "POST /json/2/stock.quant/search HTTP/1.1" 200 - 3 0.001 0.005
2026-10-08 05:53:02,336 54 INFO bench werkzeug: 127.0.0.1 - - [08/Oct/2026 05:53:02] "POST /json/2/stock.quant/create HTTP/1.1" 200 - 11 0.004 0.013
2026-10-08 05:53:02,391 54 INFO bench werkzeug: 127.0.0.1 - - [08/Oct/2026 05:53:02] "POST /json/2/stock.quant/action_apply_inventory HTTP/1.1" 200 - 36 0.014 0.029
2026-10-08 05:53:02,414 54 INFO bench werkzeug: 127.0.0.1 - - [08/Oct/2026 05:53:02] "POST /json/2/product.product/read HTTP/1.1" 200 - 5 0.002 0.007
2026-10-08 05:53:02,434 54 INFO bench werkzeug: 127.0.0.1 - - [08/Oct/2026 05:53:02] "POST /json/2/stock.quant/search HTTP/1.1" 200 - 3 0.002 0.005
2026-10-08 05:53:02,468 54 INFO bench werkzeug: 127.0.0.1 - - [08/Oct/2026 05:53:02] "POST /json/2/stock.quant/create HTTP/1.1" 200 - 11 0.004 0.016
2026-10-08 05:53:02,531 54 INFO bench werkzeug: 127.0.0.1 - - [08/Oct/2026 05:53:02] "POST /json/2/stock.quant/action_apply_inventory HTTP/1.1" 200 - 36 0.014 0.029
2026-10-08 05:53:02,554 54 INFO bench werkzeug: 127.0.0.1 - - [08/Oct/2026 05:53:02] "POST /json/2/product.product/read HTTP/1.1" 200 - 5 0.002 0.007
2026-10-08 05:53:02,573 54 INFO bench werkzeug: 127.0.0.1 - - [08/Oct/2026 05:53:02] "POST /json/2/stock.quant/search HTTP/1.1" 200 - 3 0.002 0.005
2026-10-08 05:53:02,604 54 INFO bench werkzeug: 127.0.0.1 - - [08/Oct/2026 05:53:02] "POST /json/2/stock.quant/create HTTP/1.1" 200 - 11 0.005 0.013
2026-10-08 05:53:02,661 54 INFO bench werkzeug: 127.0.0.1 - - [08/Oct/2026 05:53:02] "POST /json/2/stock.quant/action_apply_inventory HTTP/1.1" 200 - 36 0.015 0.030
2026-10-08 05:53:02,683 54 INFO bench werkzeug: 127.0.0.1 - - [08/Oct/2026 05:53:02] "POST /json/2/product.product/read HTTP/1.1" 200 - 5 0.003 0.006
2026-10-08 05:53:02,702 54 INFO bench werkzeug: 127.0.0.1 - - [08/Oct/2026 05:53:02] "POST /json/2/stock.quant/search HTTP/1.1" 200 - 3 0.001 0.005
2026-10-08 05:53:02,732 54 INFO bench werkzeug: 127.0.0.1 - - [08/Oct/2026 05:53:02] "POST /json/2/stock.quant/create HTTP/1.1" 200 - 11 0.004 0.013
2026-10-08 05:53:02,789 54 INFO bench werkzeug: 127.0.0.1 - - [08/Oct/2026 05:53:02] "POST /json/2/stock.quant/action_apply_inventory HTTP/1.1" 200 - 36 0.016 0.029
2026-10-08 05:53:02,810 54 INFO bench werkzeug: 127.0.0.1 - - [08/Oct/2026 05:53:02] "POST /json/2/product.product/read HTTP/1.1" 200 - 5 0.002 0.006
2026-10-08 05:53:02,829 54 INFO bench werkzeug: 127.0.0.1 - - [08/Oct/2026 05:53:02] "POST /json/2/stock.quant/search HTTP/1.1" 200 - 3 0.001 0.005
2026-10-08 05:53:02,861 54 INFO bench werkzeug: 127.0.0.1 - - [08/Oct/2026 05:53:02] "POST /json/2/stock.quant/create HTTP/1.1" 200 - 11 0.005 0.014
2026-10-08 05:53:02,918 54 INFO bench werkzeug: 127.0.0.1 - - [08/Oct/2026 05:53:02] "POST /json/2/stock.quant/action_apply_inventory HTTP/1.1" 200 - 36 0.014 0.029
2026-10-08 05:53:02,944 54 INFO bench werkzeug: 127.0.0.1 - - [08/Oct/2026 05:53:02] "POST /json/2/product.product/read HTTP/1.1" 200 - 5 0.002 0.006
2026-10-08 05:53:02,964 54 INFO bench werkzeug: 127.0.0.1 - - [08/Oct/2026 05:53:02] "POST /json/2/stock.quant/search HTTP/1.1" 200 - 3 0.001 0.005
2026-10-08 05:53:02,995 54 INFO bench werkzeug: 127.0.0.1 - - [08/Oct/2026 05:53:02] "POST /json/2/stock.quant/create HTTP/1.1" 200 - 11 0.004 0.014
2026-10-08 05:53:03,051 54 INFO bench werkzeug: 127.0.0.1 - - [08/Oct/2026 05:53:03] "POST /json/2/stock.quant/action_apply_inventory HTTP/1.1" 200 - 36 0.014 0.028
2026-10-08 05:53:03,072 54 INFO bench werkzeug: 127.0.0.1 - - [08/Oct/2026 05:53:03] "POST /json/2/product.product/read HTTP/1.1" 200 - 5 0.002 0.006
2026-10-08 05:53:03,091 54 INFO bench werkzeug: 127.0.0.1 - - [08/Oct/2026 05:53:03] "POST /json/2/stock.quant/search HTTP/1.1" 200 - 3 0.001 0.005
2026-10-08 05:53:03,120 54 INFO bench werkzeug: 127.0.0.1 - - [08/Oct/2026 05:53:03] "POST /json/2/stock.quant/create HTTP/1.1" 200 - 11 0.004 0.013
2026-10-08 05:53:03,173 54 INFO bench werkzeug: 127.0.0.1 - - [08/Oct/2026 05:53:03] "POST /json/2/stock.quant/action_apply_inventory HTTP/1.1" 200 - 36 0.013 0.028
2026-10-08 05:53:03,196 54 INFO bench werkzeug: 127.0.0.1 - - [08/Oct/2026 05:53:03] "POST /json/2/product.product/read HTTP/1.1" 200 - 5 0.002 0.006
2026-10-08 05:53:03,215 54 INFO bench werkzeug: 127.0.0.1 - - [08/Oct/2026 05:53:03] "POST /json/2/stock.quant/search HTTP/1.1" 200 - 3 0.001 0.005
2026-10-08 05:53:03,245 54 INFO bench werkzeug: 127.0.0.1 - - [08/Oct/2026 05:53:03] "POST /json/2/stock.quant/create HTTP/1.1" 200 - 11 0.004 0.013
2026-10-08 05:53:03,299 54 INFO bench werkzeug: 127.0.0.1 - - [08/Oct/2026 05:53:03] "POST /json/2/stock.quant/action_apply_inventory HTTP/1.1" 200 - 36 0.014 0.028
2026-10-08 05:53:03,320 54 INFO bench werkzeug: 127.0.0.1 - - [08/Oct/2026 05:53:03] "POST /json/2/product.product/read HTTP/1.1" 200 - 5 0.002 0.006
2026-10-08 05:53:03,346 54 INFO bench werkzeug: 127.0.0.1 - - [08/Oct/2026 05:53:03] "POST /json/2/stock.quant/search HTTP/1.1" 200 - 3 0.002 0.005
2026-10-08 05:53:03,374 54 INFO bench werkzeug: 127.0.0.1 - - [08/Oct/2026 05:53:03] "POST /json/2/stock.quant/create HTTP/1.1" 200 - 11 0.004 0.011
2026-10-08 05:53:03,431 54 INFO bench werkzeug: 127.0.0.1 - - [08/Oct/2026 05:53:03] "POST /json/2/stock.quant/action_apply_inventory HTTP/1.1" 200 - 36 0.015 0.029
2026-10-08 05:53:03,453 54 INFO bench werkzeug: 127.0.0.1 - - [08/Oct/2026 05:53:03] "POST /json/2/product.product/read HTTP/1.1" 200 - 5 0.002 0.007
2026-10-08 05:53:03,472 54 INFO bench werkzeug: 127.0.0.1 - - [08/Oct/2026 05:53:03] "POST /json/2/stock.quant/search HTTP/1.1" 200 - 3 0.001 0.005
2026-10-08 05:53:03,503 54 INFO bench werkzeug: 127.0.0.1 - - [08/Oct/2026 05:53:03] "POST /json/2/stock.quant/create HTTP/1.1" 200 - 11 0.004 0.013
2026-10-08 05:53:03,562 54 INFO bench werkzeug: 127.0.0.1 - - [08/Oct/2026 05:53:03] "POST /json/2/stock.quant/action_apply_inventory HTTP/1.1" 200 - 36 0.017 0.029
2026-10-08 05:53:03,582 54 INFO bench werkzeug: 127.0.0.1 - - [08/Oct/2026 05:53:03] "POST /json/2/product.product/read HTTP/1.1" 200 - 5 0.002 0.006
2026-10-08 05:53:03,601 54 INFO bench werkzeug: 127.0.0.1 - - [08/Oct/2026 05:53:03] "POST /json/2/stock.quant/search HTTP/1.1" 200 - 3 0.001 0.005
2026-10-08 05:53:03,632 54 INFO bench werkzeug: 127.0.0.1 - - [08/Oct/2026 05:53:03] "POST /json/2/stock.quant/create HTTP/1.1" 200 - 11 0.004 0.014
2026-10-08 05:53:03,716 54 INFO bench werkzeug: 127.0.0.1 - - [08/Oct/2026 05:53:03] "POST /json/2/stock.quant/action_apply_inventory HTTP/1.1" 200 - 36 0.014 0.057
2026-10-08 05:53:03,834 54 INFO bench werkzeug: 127.0.0.1 - - [08/Oct/2026 05:53:03] "GET /doc-bearer/ir.config_parameter.json HTTP/1.1" 200 - 9 0.003 0.101
2026-10-08 05:53:03,868 54 INFO bench odoo.registry: Caches invalidated, signaling through the database: ['stable'] 
2026-10-08 05:53:03,873 54 INFO bench werkzeug: 127.0.0.1 - - [08/Oct/2026 05:53:03] "POST /json/2/ir.config_parameter/set_param HTTP/1.1" 200 - 12 0.004 0.016
2026-10-08 05:53:03,900 54 INFO bench werkzeug: 127.0.0.1 - - [08/Oct/2026 05:53:03] "POST /json/2/res.partner/search HTTP/1.1" 200 - 15 0.005 0.009
2026-10-08 05:53:03,921 54 INFO bench werkzeug: 127.0.0.1 - - [08/Oct/2026 05:53:03] "POST /json/2/res.partner/search HTTP/1.1" 200 - 4 0.002 0.006
2026-10-08 05:53:03,942 54 INFO bench werkzeug: 127.0.0.1 - - [08/Oct/2026 05:53:03] "POST /json/2/res.partner/search HTTP/1.1" 200 - 4 0.002 0.006
2026-10-08 05:53:03,962 54 INFO bench werkzeug: 127.0.0.1 - - [08/Oct/2026 05:53:03] "POST /json/2/res.partner/search HTTP/1.1" 200 - 4 0.002 0.006
2026-10-08 05:53:03,983 54 INFO bench werkzeug: 127.0.0.1 - - [08/Oct/2026 05:53:03] "POST /json/2/res.partner/search HTTP/1.1" 200 - 4 0.002 0.007
2026-10-08 05:53:04,004 54 INFO bench werkzeug: 127.0.0.1 - - [08/Oct/2026 05:53:04] "POST /json/2/res.partner/search HTTP/1.1" 200 - 4 0.002 0.006
2026-10-08 05:53:04,024 54 INFO bench werkzeug: 127.0.0.1 - - [08/Oct/2026 05:53:04] "POST /json/2/res.partner/search HTTP/1.1" 200 - 4 0.002 0.006
2026-10-08 05:53:04,044 54 INFO bench werkzeug: 127.0.0.1 - - [08/Oct/2026 05:53:04] "POST /json/2/res.partner/search HTTP/1.1" 200 - 4 0.002 0.006
2026-10-08 05:53:04,065 54 INFO bench werkzeug: 127.0.0.1 - - [08/Oct/2026 05:53:04] "POST /json/2/res.partner/search HTTP/1.1" 200 - 4 0.002 0.006
2026-10-08 05:53:04,086 54 INFO bench werkzeug: 127.0.0.1 - - [08/Oct/2026 05:53:04] "POST /json/2/res.partner/search HTTP/1.1" 200 - 4 0.002 0.006
2026-10-08 05:53:04,110 54 INFO bench werkzeug: 127.0.0.1 - - [08/Oct/2026 05:53:04] "POST /json/2/res.partner/search HTTP/1.1" 200 - 4 0.003 0.006
2026-10-08 05:53:04,131 54 INFO bench werkzeug: 127.0.0.1 - - [08/Oct/2026 05:53:04] "POST /json/2/res.partner/search HTTP/1.1" 200 - 4 0.003 0.006
2026-10-08 05:53:04,159 54 INFO bench werkzeug: 127.0.0.1 - - [08/Oct/2026 05:53:04] "POST /json/2/res.partner/search HTTP/1.1" 200 - 4 0.002 0.006
2026-10-08 05:53:04,179 54 INFO bench werkzeug: 127.0.0.1 - - [08/Oct/2026 05:53:04] "POST /json/2/res.partner/search HTTP/1.1" 200 - 4 0.002 0.006
2026-10-08 05:53:04,202 54 INFO bench werkzeug: 127.0.0.1 - - [08/Oct/2026 05:53:04] "POST /json/2/res.partner/search HTTP/1.1" 200 - 4 0.002 0.006
2026-10-08 05:53:04,222 54 INFO bench werkzeug: 127.0.0.1 - - [08/Oct/2026 05:53:04] "POST /json/2/res.partner/search HTTP/1.1" 200 - 4 0.002 0.006
2026-10-08 05:53:04,243 54 INFO bench werkzeug: 127.0.0.1 - - [08/Oct/2026 05:53:04] "POST /json/2/res.partner/search HTTP/1.1" 200 - 4 0.002 0.006
2026-10-08 05:53:04,264 54 INFO bench werkzeug: 127.0.0.1 - - [08/Oct/2026 05:53:04] "POST /json/2/res.partner/search HTTP/1.1" 200 - 4 0.002 0.006
2026-10-08 05:53:04,285 54 INFO bench werkzeug: 127.0.0.1 - - [08/Oct/2026 05:53:04] "POST /json/2/res.partner/search HTTP/1.1" 200 - 4 0.002 0.006
2026-10-08 05:53:04,307 54 INFO bench werkzeug: 127.0.0.1 - - [08/Oct/2026 05:53:04] "POST /json/2/res.partner/search HTTP/1.1" 200 - 4 0.002 0.006
2026-10-08 05:53:04,327 54 INFO bench werkzeug: 127.0.0.1 - - [08/Oct/2026 05:53:04] "POST /json/2/res.partner/search HTTP/1.1" 200 - 4 0.002 0.006
2026-10-08 05:53:04,348 54 INFO bench werkzeug: 127.0.0.1 - - [08/Oct/2026 05:53:04] "POST /json/2/res.partner/search HTTP/1.1" 200 - 4 0.002 0.006
2026-10-08 05:53:04,369 54 INFO bench werkzeug: 127.0.0.1 - - [08/Oct/2026 05:53:04] "POST /json/2/res.partner/search HTTP/1.1" 200 - 4 0.002 0.006
2026-10-08 05:53:04,389 54 INFO bench werkzeug: 127.0.0.1 - - [08/Oct/2026 05:53:04] "POST /json/2/res.partner/search HTTP/1.1" 200 - 4 0.002 0.006
2026-10-08 05:53:04,410 54 INFO bench werkzeug: 127.0.0.1 - - [08/Oct/2026 05:53:04] "POST /json/2/res.partner/search HTTP/1.1" 200 - 4 0.002 0.006
2026-10-08 05:53:04,438 54 INFO bench werkzeug: 127.0.0.1 - - [08/Oct/2026 05:53:04] "POST /json/2/res.partner/search HTTP/1.1" 200 - 4 0.002 0.006
2026-10-08 05:53:04,459 54 INFO bench werkzeug: 127.0.0.1 - - [08/Oct/2026 05:53:04] "POST /json/2/res.partner/search HTTP/1.1" 200 - 4 0.002 0.006
2026-10-08 05:53:04,479 54 INFO bench werkzeug: 127.0.0.1 - - [08/Oct/2026 05:53:04] "POST /json/2/res.partner/search HTTP/1.1" 200 - 4 0.002 0.006
2026-10-08 05:53:04,500 54 INFO bench werkzeug: 127.0.0.1 - - [08/Oct/2026 05:53:04] "POST /json/2/res.partner/search HTTP/1.1" 200 - 4 0.003 0.006
2026-10-08 05:53:04,521 54 INFO bench werkzeug: 127.0.0.1 - - [08/Oct/2026 05:53:04] "POST /json/2/res.partner/search HTTP/1.1" 200 - 4 0.002 0.006
2026-10-08 05:53:04,541 54 INFO bench werkzeug: 127.0.0.1 - - [08/Oct/2026 05:53:04] "POST /json/2/res.partner/search HTTP/1.1" 200 - 4 0.002 0.006
2026-10-08 05:53:04,562 54 INFO bench werkzeug: 127.0.0.1 - - [08/Oct/2026 05:53:04] "POST /json/2/res.partner/search HTTP/1.1" 200 - 4 0.002 0.006
2026-10-08 05:53:04,583 54 INFO bench werkzeug: 127.0.0.1 - - [08/Oct/2026 05:53:04] "POST /json/2/res.partner/search HTTP/1.1" 200 - 4 0.002 0.006
2026-10-08 05:53:04,603 54 INFO bench werkzeug: 127.0.0.1 - - [08/Oct/2026 05:53:04] "POST /json/2/res.partner/search HTTP/1.1" 200 - 4 0.002 0.006
2026-10-08 05:53:04,623 54 INFO bench werkzeug: 127.0.0.1 - - [08/Oct/2026 05:53:04] "POST /json/2/res.partner/search HTTP/1.1" 200 - 4 0.002 0.006
2026-10-08 05:53:04,645 54 INFO bench werkzeug: 127.0.0.1 - - [08/Oct/2026 05:53:04] "POST /json/2/res.partner/search HTTP/1.1" 200 - 4 0.002 0.006
2026-10-08 05:53:04,667 54 INFO bench werkzeug: 127.0.0.1 - - [08/Oct/2026 05:53:04] "POST /json/2/res.partner/search HTTP/1.1" 200 - 4 0.002 0.006
2026-10-08 05:53:04,688 54 INFO bench werkzeug: 127.0.0.1 - - [08/Oct/2026 05:53:04] "POST /json/2/res.partner/search HTTP/1.1" 200 - 4 0.002 0.006
2026-10-08 05:53:04,716 54 INFO bench werkzeug: 127.0.0.1 - - [08/Oct/2026 05:53:04] "POST /json/2/res.partner/search HTTP/1.1" 200 - 4 0.002 0.006
2026-10-08 05:53:04,739 54 INFO bench werkzeug: 127.0.0.1 - - [08/Oct/2026 05:53:04] "POST /json/2/res.partner/search HTTP/1.1" 200 - 4 0.002 0.006
2026-10-08 05:53:04,759 54 INFO bench werkzeug: 127.0.0.1 - - [08/Oct/2026 05:53:04] "POST /json/2/res.partner/search HTTP/1.1" 200 - 4 0.002 0.006
2026-10-08 05:53:04,779 54 INFO bench werkzeug: 127.0.0.1 - - [08/Oct/2026 05:53:04] "POST /json/2/res.partner/search HTTP/1.1" 200 - 4 0.002 0.006
2026-10-08 05:53:04,800 54 INFO bench werkzeug: 127.0.0.1 - - [08/Oct/2026 05:53:04] "POST /json/2/res.partner/search HTTP/1.1" 200 - 4 0.002 0.006
2026-10-08 05:53:04,821 54 INFO bench werkzeug: 127.0.0.1 - - [08/Oct/2026 05:53:04] "POST /json/2/res.partner/search HTTP/1.1" 200 - 4 0.002 0.006
2026-10-08 05:53:04,845 54 INFO bench werkzeug: 127.0.0.1 - - [08/Oct/2026 05:53:04] "POST /json/2/res.partner/search HTTP/1.1" 200 - 4 0.002 0.006
2026-10-08 05:53:04,866 54 INFO bench werkzeug: 127.0.0.1 - - [08/Oct/2026 05:53:04] "POST /json/2/res.partner/search HTTP/1.1" 200 - 4 0.002 0.006
2026-10-08 05:53:04,887 54 INFO bench werkzeug: 127.0.0.1 - - [08/Oct/2026 05:53:04] "POST /json/2/res.partner/search HTTP/1.1" 200 - 4 0.002 0.006
2026-10-08 05:53:04,909 54 INFO bench werkzeug: 127.0.0.1 - - [08/Oct/2026 05:53:04] "POST /json/2/res.partner/search HTTP/1.1" 200 - 4 0.002 0.006
2026-10-08 05:53:04,931 54 INFO bench werkzeug: 127.0.0.1 - - [08/Oct/2026 05:53:04] "POST /json/2/res.partner/search HTTP/1.1" 200 - 4 0.002 0.006
2026-10-08 05:53:04,951 54 INFO bench werkzeug: 127.0.0.1 - - [08/Oct/2026 05:53:04] "POST /json/2/res.partner/search HTTP/1.1" 200 - 4 0.002 0.006
2026-10-08 05:53:04,971 54 INFO bench werkzeug: 127.0.0.1 - - [08/Oct/2026 05:53:04] "POST /json/2/res.partner/search HTTP/1.1" 200 - 4 0.002 0.006
2026-10-08 05:53:05,002 54 INFO bench werkzeug: 127.0.0.1 - - [08/Oct/2026 05:53:05] "POST /json/2/res.partner/search HTTP/1.1" 200 - 4 0.002 0.010
2026-10-08 05:53:05,022 54 INFO bench werkzeug: 127.0.0.1 - - [08/Oct/2026 05:53:05] "POST /json/2/res.partner/search HTTP/1.1" 200 - 4 0.002 0.006
2026-10-08 05:53:05,043 54 INFO bench werkzeug: 127.0.0.1 - - [08/Oct/2026 05:53:05] "POST /json/2/res.partner/search HTTP/1.1" 200 - 4 0.002 0.006
2026-10-08 05:53:05,063 54 INFO bench werkzeug: 127.0.0.1 - - [08/Oct/2026 05:53:05] "POST /json/2/res.partner/search HTTP/1.1" 200 - 4 0.002 0.006
2026-10-08 05:53:05,084 54 INFO bench werkzeug: 127.0.0.1 - - [08/Oct/2026 05:53:05] "POST /json/2/res.partner/search HTTP/1.1" 200 - 4 0.002 0.006
2026-10-08 05:53:05,105 54 INFO bench werkzeug: 127.0.0.1 - - [08/Oct/2026 05:53:05] "POST /json/2/res.partner/search HTTP/1.1" 200 - 4 0.002 0.006
2026-10-08 05:53:05,125 54 INFO bench werkzeug: 127.0.0.1 - - [08/Oct/2026 05:53:05] "POST /json/2/res.partner/search HTTP/1.1" 200 - 4 0.002 0.006
2026-10-08 05:53:05,146 54 INFO bench werkzeug: 127.0.0.1 - - [08/Oct/2026 05:53:05] "POST /json/2/res.partner/search HTTP/1.1" 200 - 4 0.002 0.006
2026-10-08 05:53:05,166 54 INFO bench werkzeug: 127.0.0.1 - - [08/Oct/2026 05:53:05] "POST /json/2/res.partner/search HTTP/1.1" 200 - 4 0.002 0.006
2026-10-08 05:53:05,187 54 INFO bench werkzeug: 127.0.0.1 - - [08/Oct/2026 05:53:05] "POST /json/2/res.partner/search HTTP/1.1" 200 - 4 0.002 0.006
2026-10-08 05:53:05,208 54 INFO bench werkzeug: 127.0.0.1 - - [08/Oct/2026 05:53:05] "POST /json/2/res.partner/search HTTP/1.1" 200 - 4 0.002 0.006
2026-10-08 05:53:05,229 54 INFO bench werkzeug: 127.0.0.1 - - [08/Oct/2026 05:53:05] "POST /json/2/res.partner/search HTTP/1.1" 200 - 4 0.002 0.006
2026-10-08 05:53:05,249 54 INFO bench werkzeug: 127.0.0.1 - - [08/Oct/2026 05:53:05] "POST /json/2/res.partner/search HTTP/1.1" 200 - 4 0.002 0.006
2026-10-08 05:53:05,279 54 INFO bench werkzeug: 127.0.0.1 - - [08/Oct/2026 05:53:05] "POST /json/2/res.partner/search HTTP/1.1" 200 - 4 0.002 0.006
2026-10-08 05:53:05,299 54 INFO bench werkzeug: 127.0.0.1 - - [08/Oct/2026 05:53:05] "POST /json/2/res.partner/search HTTP/1.1" 200 - 4 0.002 0.006
2026-10-08 05:53:05,320 54 INFO bench werkzeug: 127.0.0.1 - - [08/Oct/2026 05:53:05] "POST /json/2/res.partner/search HTTP/1.1" 200 - 4 0.002 0.006
2026-10-08 05:53:05,341 54 INFO bench werkzeug: 127.0.0.1 - - [08/Oct/2026 05:53:05] "POST /json/2/res.partner/search HTTP/1.1" 200 - 4 0.002 0.006
2026-10-08 05:53:05,362 54 INFO bench werkzeug: 127.0.0.1 - - [08/Oct/2026 05:53:05] "POST /json/2/res.partner/search HTTP/1.1" 200 - 4 0.002 0.006
2026-10-08 05:53:05,383 54 INFO bench werkzeug: 127.0.0.1 - - [08/Oct/2026 05:53:05] "POST /json/2/res.partner/search HTTP/1.1" 200 - 4 0.002 0.006
2026-10-08 05:53:05,403 54 INFO bench werkzeug: 127.0.0.1 - - [08/Oct/2026 05:53:05] "POST /json/2/res.partner/search HTTP/1.1" 200 - 4 0.002 0.006
2026-10-08 05:53:05,424 54 INFO bench werkzeug: 127.0.0.1 - - [08/Oct/2026 05:53:05] "POST /json/2/res.partner/search HTTP/1.1" 200 - 4 0.002 0.006
2026-10-08 05:53:05,446 54 INFO bench werkzeug: 127.0.0.1 - - [08/Oct/2026 05:53:05] "POST /json/2/res.partner/search HTTP/1.1" 200 - 4 0.002 0.006
2026-10-08 05:53:05,466 54 INFO bench werkzeug: 127.0.0.1 - - [08/Oct/2026 05:53:05] "POST /json/2/res.partner/search HTTP/1.1" 200 - 4 0.002 0.006
2026-10-08 05:53:05,487 54 INFO bench werkzeug: 127.0.0.1 - - [08/Oct/2026 05:53:05] "POST /json/2/res.partner/search HTTP/1.1" 200 - 4 0.002 0.006
2026-10-08 05:53:05,507 54 INFO bench werkzeug: 127.0.0.1 - - [08/Oct/2026 05:53:05] "POST /json/2/res.partner/search HTTP/1.1" 200 - 4 0.002 0.006
2026-10-08 05:53:05,528 54 INFO bench werkzeug: 127.0.0.1 - - [08/Oct/2026 05:53:05] "POST /json/2/res.partner/search HTTP/1.1" 200 - 4 0.002 0.006
2026-10-08 05:53:05,557 54 INFO bench werkzeug: 127.0.0.1 - - [08/Oct/2026 05:53:05] "POST /json/2/res.partner/search HTTP/1.1" 200 - 4 0.002 0.006
2026-10-08 05:53:05,578 54 INFO bench werkzeug: 127.0.0.1 - - [08/Oct/2026 05:53:05] "POST /json/2/res.partner/search HTTP/1.1" 200 - 4 0.002 0.006
2026-10-08 05:53:05,599 54 INFO bench werkzeug: 127.0.0.1 - - [08/Oct/2026 05:53:05] "POST /json/2/res.partner/search HTTP/1.1" 200 - 4 0.002 0.006
2026-10-08 05:53:05,619 54 INFO bench werkzeug: 127.0.0.1 - - [08/Oct/2026 05:53:05] "POST /json/2/res.partner/search HTTP/1.1" 200 - 4 0.002 0.006
2026-10-08 05:53:05,640 54 INFO bench werkzeug: 127.0.0.1 - - [08/Oct/2026 05:53:05] "POST /json/2/res.partner/search HTTP/1.1" 200 - 4 0.002 0.006
2026-10-08 05:53:05,661 54 INFO bench werkzeug: 127.0.0.1 - - [08/Oct/2026 05:53:05] "POST /json/2/res.partner/search HTTP/1.1" 200 - 4 0.002 0.006
2026-10-08 05:53:05,681 54 INFO bench werkzeug: 127.0.0.1 - - [08/Oct/2026 05:53:05] "POST /json/2/res.partner/search HTTP/1.1" 200 - 4 0.002 0.006
2026-10-08 05:53:05,702 54 INFO bench werkzeug: 127.0.0.1 - - [08/Oct/2026 05:53:05] "POST /json/2/res.partner/search HTTP/1.1" 200 - 4 0.002 0.006
2026-10-08 05:53:05,723 54 INFO bench werkzeug: 127.0.0.1 - - [08/Oct/2026 05:53:05] "POST /json/2/res.partner/search HTTP/1.1" 200 - 4 0.002 0.006
2026-10-08 05:53:05,744 54 INFO bench werkzeug: 127.0.0.1 - - [08/Oct/2026 05:53:05] "POST /json/2/res.partner/search HTTP/1.1" 200 - 4 0.002 0.006
2026-10-08 05:53:05,766 54 INFO bench werkzeug: 127.0.0.1 - - [08/Oct/2026 05:53:05] "POST /json/2/res.partner/search HTTP/1.1" 200 - 4 0.003 0.006
2026-10-08 05:53:05,787 54 INFO bench werkzeug: 127.0.0.1 - - [08/Oct/2026 05:53:05] "POST /json/2/res.partner/search HTTP/1.1" 200 - 4 0.002 0.006
2026-10-08 05:53:05,812 54 INFO bench werkzeug: 127.0.0.1 - - [08/Oct/2026 05:53:05] "POST /json/2/res.partner/search HTTP/1.1" 200 - 4 0.002 0.006
2026-10-08 05:53:05,833 54 INFO bench werkzeug: 127.0.0.1 - - [08/Oct/2026 05:53:05] "POST /json/2/res.partner/search HTTP/1.1" 200 - 4 0.002 0.006
2026-10-08 05:53:05,853 54 INFO bench werkzeug: 127.0.0.1 - - [08/Oct/2026 05:53:05] "POST /json/2/res.partner/search HTTP/1.1" 200 - 4 0.002 0.006
2026-10-08 05:53:05,874 54 INFO bench werkzeug: 127.0.0.1 - - [08/Oct/2026 05:53:05] "POST /json/2/res.partner/search HTTP/1.1" 200 - 4 0.002 0.006
2026-10-08 05:53:05,894 54 INFO bench werkzeug: 127.0.0.1 - - [08/Oct/2026 05:53:05] "POST /json/2/res.partner/search HTTP/1.1" 200 - 4 0.002 0.006
2026-10-08 05:53:05,916 54 INFO bench werkzeug: 127.0.0.1 - - [08/Oct/2026 05:53:05] "POST /json/2/res.partner/search HTTP/1.1" 200 - 4 0.002 0.006
2026-10-08 05:53:05,938 54 INFO bench werkzeug: 127.0.0.1 - - [08/Oct/2026 05:53:05] "POST /json/2/res.partner/search HTTP/1.1" 200 - 4 0.002 0.006
2026-10-08 05:53:05,960 54 INFO bench werkzeug: 127.0.0.1 - - [08/Oct/2026 05:53:05] "POST /json/2/res.partner/search HTTP/1.1" 200 - 4 0.002 0.006
2026-10-08 05:53:05,981 54 INFO bench werkzeug: 127.0.0.1 - - [08/Oct/2026 05:53:05] "POST /json/2/res.partner/search HTTP/1.1" 200 - 4 0.002 0.006
2026-10-08 05:53:06,001 54 INFO bench werkzeug: 127.0.0.1 - - [08/Oct/2026 05:53:06] "POST /json/2/res.partner/search HTTP/1.1" 200 - 4 0.002 0.006
2026-10-08 05:53:06,022 54 INFO bench werkzeug: 127.0.0.1 - - [08/Oct/2026 05:53:06] "POST /json/2/res.partner/search HTTP/1.1" 200 - 4 0.002 0.006
2026-10-08 05:53:06,044 54 INFO bench werkzeug: 127.0.0.1 - - [08/Oct/2026 05:53:06] "POST /json/2/res.partner/search HTTP/1.1" 200 - 4 0.002 0.005
2026-10-08 05:53:06,066 54 INFO bench werkzeug: 127.0.0.1 - - [08/Oct/2026 05:53:06] "POST /json/2/res.partner/search HTTP/1.1" 200 - 4 0.002 0.006
2026-10-08 05:53:06,099 54 INFO bench werkzeug: 127.0.0.1 - - [08/Oct/2026 05:53:06] "POST /json/2/res.partner/search HTTP/1.1" 200 - 4 0.002 0.006
2026-10-08 05:53:06,120 54 INFO bench werkzeug: 127.0.0.1 - - [08/Oct/2026 05:53:06] "POST /json/2/res.partner/search HTTP/1.1" 200 - 4 0.002 0.006
2026-10-08 05:53:06,140 54 INFO bench werkzeug: 127.0.0.1 - - [08/Oct/2026 05:53:06] "POST /json/2/res.partner/search HTTP/1.1" 200 - 4 0.002 0.006
2026-10-08 05:53:06,160 54 INFO bench werkzeug: 127.0.0.1 - - [08/Oct/2026 05:53:06] "POST /json/2/res.partner/search HTTP/1.1" 200 - 4 0.002 0.006
2026-10-08 05:53:06,182 54 INFO bench werkzeug: 127.0.0.1 - - [08/Oct/2026 05:53:06] "POST /json/2/res.partner/search HTTP/1.1" 200 - 4 0.002 0.006
2026-10-08 05:53:06,203 54 INFO bench werkzeug: 127.0.0.1 - - [08/Oct/2026 05:53:06] "POST /json/2/res.partner/search HTTP/1.1" 200 - 4 0.002 0.006
2026-10-08 05:53:06,230 54 INFO bench werkzeug: 127.0.0.1 - - [08/Oct/2026 05:53:06] "POST /json/2/product.product/search HTTP/1.1" 200 - 10 0.004 0.008
2026-10-08 05:53:06,250 54 INFO bench werkzeug: 127.0.0.1 - - [08/Oct/2026 05:53:06] "POST /json/2/product.product/search HTTP/1.1" 200 - 4 0.002 0.006
2026-10-08 05:53:06,271 54 INFO bench werkzeug: 127.0.0.1 - - [08/Oct/2026 05:53:06] "POST /json/2/product.product/search HTTP/1.1" 200 - 4 0.002 0.006
2026-10-08 05:53:06,293 54 INFO bench werkzeug: 127.0.0.1 - - [08/Oct/2026 05:53:06] "POST /json/2/product.product/search HTTP/1.1" 200 - 4 0.002 0.006
2026-10-08 05:53:06,314 54 INFO bench werkzeug: 127.0.0.1 - - [08/Oct/2026 05:53:06] "POST /json/2/product.product/search HTTP/1.1" 200 - 4 0.002 0.006
2026-10-08 05:53:06,336 54 INFO bench werkzeug: 127.0.0.1 - - [08/Oct/2026 05:53:06] "POST /json/2/product.product/search HTTP/1.1" 200 - 4 0.002 0.006
2026-10-08 05:53:06,358 54 INFO bench werkzeug: 127.0.0.1 - - [08/Oct/2026 05:53:06] "POST /json/2/product.product/search HTTP/1.1" 200 - 4 0.002 0.006
2026-10-08 05:53:06,379 54 INFO bench werkzeug: 127.0.0.1 - - [08/Oct/2026 05:53:06] "POST /json/2/product.product/search HTTP/1.1" 200 - 4 0.002 0.006
2026-10-08 05:53:06,406 54 INFO bench werkzeug: 127.0.0.1 - - [08/Oct/2026 05:53:06] "POST /json/2/product.product/search HTTP/1.1" 200 - 4 0.002 0.006
2026-10-08 05:53:06,428 54 INFO bench werkzeug: 127.0.0.1 - - [08/Oct/2026 05:53:06] "POST /json/2/product.product/search HTTP/1.1" 200 - 4 0.002 0.006
2026-10-08 05:53:06,448 54 INFO bench werkzeug: 127.0.0.1 - - [08/Oct/2026 05:53:06] "POST /json/2/product.product/search HTTP/1.1" 200 - 4 0.002 0.006
2026-10-08 05:53:06,471 54 INFO bench werkzeug: 127.0.0.1 - - [08/Oct/2026 05:53:06] "POST /json/2/product.product/search HTTP/1.1" 200 - 4 0.002 0.006
2026-10-08 05:53:06,492 54 INFO bench werkzeug: 127.0.0.1 - - [08/Oct/2026 05:53:06] "POST /json/2/product.product/search HTTP/1.1" 200 - 4 0.002 0.006
2026-10-08 05:53:06,512 54 INFO bench werkzeug: 127.0.0.1 - - [08/Oct/2026 05:53:06] "POST /json/2/product.product/search HTTP/1.1" 200 - 4 0.002 0.006
2026-10-08 05:53:06,533 54 INFO bench werkzeug: 127.0.0.1 - - [08/Oct/2026 05:53:06] "POST /json/2/product.product/search HTTP/1.1" 200 - 4 0.002 0.007
2026-10-08 05:53:06,554 54 INFO bench werkzeug: 127.0.0.1 - - [08/Oct/2026 05:53:06] "POST /json/2/product.product/search HTTP/1.1" 200 - 4 0.002 0.006
2026-10-08 05:53:06,576 54 INFO bench werkzeug: 127.0.0.1 - - [08/Oct/2026 05:53:06] "POST /json/2/product.product/search HTTP/1.1" 200 - 4 0.002 0.006
2026-10-08 05:53:06,596 54 INFO bench werkzeug: 127.0.0.1 - - [08/Oct/2026 05:53:06] "POST /json/2/product.product/search HTTP/1.1" 200 - 4 0.002 0.006
2026-10-08 05:53:06,616 54 INFO bench werkzeug: 127.0.0.1 - - [08/Oct/2026 05:53:06] "POST /json/2/product.product/search HTTP/1.1" 200 - 4 0.002 0.006
2026-10-08 05:53:06,637 54 INFO bench werkzeug: 127.0.0.1 - - [08/Oct/2026 05:53:06] "POST /json/2/product.product/search HTTP/1.1" 200 - 4 0.002 0.007
2026-10-08 05:53:06,660 54 INFO bench werkzeug: 127.0.0.1 - - [08/Oct/2026 05:53:06] "POST /json/2/product.product/search HTTP/1.1" 200 - 4 0.002 0.007
2026-10-08 05:53:06,687 54 INFO bench werkzeug: 127.0.0.1 - - [08/Oct/2026 05:53:06] "POST /json/2/product.product/search HTTP/1.1" 200 - 4 0.002 0.006
2026-10-08 05:53:06,708 54 INFO bench werkzeug: 127.0.0.1 - - [08/Oct/2026 05:53:06] "POST /json/2/product.product/search HTTP/1.1" 200 - 4 0.002 0.006
2026-10-08 05:53:06,729 54 INFO bench werkzeug: 127.0.0.1 - - [08/Oct/2026 05:53:06] "POST /json/2/product.product/search HTTP/1.1" 200 - 4 0.002 0.006
2026-10-08 05:53:06,751 54 INFO bench werkzeug: 127.0.0.1 - - [08/Oct/2026 05:53:06] "POST /json/2/product.product/search HTTP/1.1" 200 - 4 0.002 0.006
2026-10-08 05:53:06,773 54 INFO bench werkzeug: 127.0.0.1 - - [08/Oct/2026 05:53:06] "POST /json/2/product.product/search HTTP/1.1" 200 - 4 0.002 0.006
2026-10-08 05:53:06,794 54 INFO bench werkzeug: 127.0.0.1 - - [08/Oct/2026 05:53:06] "POST /json/2/product.product/search HTTP/1.1" 200 - 4 0.002 0.006
2026-10-08 05:53:06,815 54 INFO bench werkzeug: 127.0.0.1 - - [08/Oct/2026 05:53:06] "POST /json/2/product.product/search HTTP/1.1" 200 - 4 0.002 0.006
2026-10-08 05:53:06,835 54 INFO bench werkzeug: 127.0.0.1 - - [08/Oct/2026 05:53:06] "POST /json/2/product.product/search HTTP/1.1" 200 - 4 0.002 0.006
2026-10-08 05:53:06,856 54 INFO bench werkzeug: 127.0.0.1 - - [08/Oct/2026 05:53:06] "POST /json/2/product.product/search HTTP/1.1" 200 - 4 0.002 0.006
2026-10-08 05:53:06,878 54 INFO bench werkzeug: 127.0.0.1 - - [08/Oct/2026 05:53:06] "POST /json/2/product.product/search HTTP/1.1" 200 - 4 0.002 0.006
2026-10-08 05:53:06,899 54 INFO bench werkzeug: 127.0.0.1 - - [08/Oct/2026 05:53:06] "POST /json/2/product.product/search HTTP/1.1" 200 - 4 0.002 0.006
2026-10-08 05:53:06,920 54 INFO bench werkzeug: 127.0.0.1 - - [08/Oct/2026 05:53:06] "POST /json/2/product.product/search HTTP/1.1" 200 - 4 0.002 0.007
2026-10-08 05:53:06,941 54 INFO bench werkzeug: 127.0.0.1 - - [08/Oct/2026 05:53:06] "POST /json/2/product.product/search HTTP/1.1" 200 - 4 0.002 0.006
2026-10-08 05:53:06,970 54 INFO bench werkzeug: 127.0.0.1 - - [08/Oct/2026 05:53:06] "POST /json/2/product.product/search HTTP/1.1" 200 - 4 0.002 0.006
2026-10-08 05:53:06,992 54 INFO bench werkzeug: 127.0.0.1 - - [08/Oct/2026 05:53:06] "POST /json/2/product.product/search HTTP/1.1" 200 - 4 0.002 0.006
2026-10-08 05:53:07,015 54 INFO bench werkzeug: 127.0.0.1 - - [08/Oct/2026 05:53:07] "POST /json/2/product.product/search HTTP/1.1" 200 - 4 0.002 0.007
2026-10-08 05:53:07,036 54 INFO bench werkzeug: 127.0.0.1 - - [08/Oct/2026 05:53:07] "POST /json/2/product.product/search HTTP/1.1" 200 - 4 0.002 0.006
2026-10-08 05:53:07,057 54 INFO bench werkzeug: 127.0.0.1 - - [08/Oct/2026 05:53:07] "POST /json/2/product.product/search HTTP/1.1" 200 - 4 0.002 0.006
2026-10-08 05:53:07,077 54 INFO bench werkzeug: 127.0.0.1 - - [08/Oct/2026 05:53:07] "POST /json/2/product.product/search HTTP/1.1" 200 - 4 0.002 0.006
2026-10-08 05:53:07,098 54 INFO bench werkzeug: 127.0.0.1 - - [08/Oct/2026 05:53:07] "POST /json/2/product.product/search HTTP/1.1" 200 - 4 0.002 0.006
2026-10-08 05:53:07,119 54 INFO bench werkzeug: 127.0.0.1 - - [08/Oct/2026 05:53:07] "POST /json/2/product.product/search HTTP/1.1" 200 - 4 0.002 0.006
2026-10-08 05:53:07,140 54 INFO bench werkzeug: 127.0.0.1 - - [08/Oct/2026 05:53:07] "POST /json/2/product.product/search HTTP/1.1" 200 - 4 0.002 0.006
2026-10-08 05:53:07,164 54 INFO bench werkzeug: 127.0.0.1 - - [08/Oct/2026 05:53:07] "POST /json/2/product.product/search HTTP/1.1" 200 - 4 0.002 0.006
2026-10-08 05:53:07,185 54 INFO bench werkzeug: 127.0.0.1 - - [08/Oct/2026 05:53:07] "POST /json/2/product.product/search HTTP/1.1" 200 - 4 0.002 0.006
2026-10-08 05:53:07,206 54 INFO bench werkzeug: 127.0.0.1 - - [08/Oct/2026 05:53:07] "POST /json/2/product.product/search HTTP/1.1" 200 - 4 0.002 0.006
2026-10-08 05:53:07,227 54 INFO bench werkzeug: 127.0.0.1 - - [08/Oct/2026 05:53:07] "POST /json/2/product.product/search HTTP/1.1" 200 - 4 0.002 0.006
2026-10-08 05:53:07,254 54 INFO bench werkzeug: 127.0.0.1 - - [08/Oct/2026 05:53:07] "POST /json/2/product.product/search HTTP/1.1" 200 - 4 0.002 0.006
2026-10-08 05:53:07,275 54 INFO bench werkzeug: 127.0.0.1 - - [08/Oct/2026 05:53:07] "POST /json/2/product.product/search HTTP/1.1" 200 - 4 0.002 0.006
2026-10-08 05:53:07,297 54 INFO bench werkzeug: 127.0.0.1 - - [08/Oct/2026 05:53:07] "POST /json/2/product.product/search HTTP/1.1" 200 - 4 0.002 0.006
2026-10-08 05:53:07,317 54 INFO bench werkzeug: 127.0.0.1 - - [08/Oct/2026 05:53:07] "POST /json/2/product.product/search HTTP/1.1" 200 - 4 0.002 0.005
2026-10-08 05:53:07,342 54 INFO bench werkzeug: 127.0.0.1 - - [08/Oct/2026 05:53:07] "POST /json/2/mrp.bom/search HTTP/1.1" 200 - 9 0.004 0.008
2026-10-08 05:53:07,362 54 INFO bench werkzeug: 127.0.0.1 - - [08/Oct/2026 05:53:07] "POST /json/2/mrp.bom/search HTTP/1.1" 200 - 4 0.002 0.006
2026-10-08 05:53:07,383 54 INFO bench werkzeug: 127.0.0.1 - - [08/Oct/2026 05:53:07] "POST /json/2/mrp.bom/search HTTP/1.1" 200 - 4 0.002 0.006
2026-10-08 05:53:07,405 54 INFO bench werkzeug: 127.0.0.1 - - [08/Oct/2026 05:53:07] "POST /json/2/mrp.bom/search HTTP/1.1" 200 - 4 0.002 0.006
2026-10-08 05:53:07,427 54 INFO bench werkzeug: 127.0.0.1 - - [08/Oct/2026 05:53:07] "POST /json/2/mrp.bom/search HTTP/1.1" 200 - 4 0.002 0.006
2026-10-08 05:53:07,448 54 INFO bench werkzeug: 127.0.0.1 - - [08/Oct/2026 05:53:07] "POST /json/2/mrp.bom/search HTTP/1.1" 200 - 4 0.002 0.006
2026-10-08 05:53:07,469 54 INFO bench werkzeug: 127.0.0.1 - - [08/Oct/2026 05:53:07] "POST /json/2/mrp.bom/search HTTP/1.1" 200 - 4 0.002 0.006
2026-10-08 05:53:07,489 54 INFO bench werkzeug: 127.0.0.1 - - [08/Oct/2026 05:53:07] "POST /json/2/mrp.bom/search HTTP/1.1" 200 - 4 0.002 0.006
2026-10-08 05:53:07,509 54 INFO bench werkzeug: 127.0.0.1 - - [08/Oct/2026 05:53:07] "POST /json/2/mrp.bom/search HTTP/1.1" 200 - 4 0.002 0.006
2026-10-08 05:53:07,538 54 INFO bench werkzeug: 127.0.0.1 - - [08/Oct/2026 05:53:07] "POST /json/2/mrp.bom/search HTTP/1.1" 200 - 4 0.002 0.006
2026-10-08 05:53:07,559 54 INFO bench werkzeug: 127.0.0.1 - - [08/Oct/2026 05:53:07] "POST /json/2/product.product/search HTTP/1.1" 200 - 4 0.002 0.006
2026-10-08 05:53:07,582 54 INFO bench werkzeug: 127.0.0.1 - - [08/Oct/2026 05:53:07] "POST /json/2/stock.quant/search HTTP/1.1" 200 - 9 0.003 0.007
2026-10-08 05:53:07,602 54 INFO bench werkzeug: 127.0.0.1 - - [08/Oct/2026 05:53:07] "POST /json/2/product.product/search HTTP/1.1" 200 - 4 0.002 0.006
2026-10-08 05:53:07,621 54 INFO bench werkzeug: 127.0.0.1 - - [08/Oct/2026 05:53:07] "POST /json/2/stock.quant/search HTTP/1.1" 200 - 3 0.001 0.005
2026-10-08 05:53:07,641 54 INFO bench werkzeug: 127.0.0.1 - - [08/Oct/2026 05:53:07] "POST /json/2/product.product/search HTTP/1.1" 200 - 4 0.002 0.006
2026-10-08 05:53:07,660 54 INFO bench werkzeug: 127.0.0.1 - - [08/Oct/2026 05:53:07] "POST /json/2/stock.quant/search HTTP/1.1" 200 - 3 0.001 0.005
2026-10-08 05:53:07,680 54 INFO bench werkzeug: 127.0.0.1 - - [08/Oct/2026 05:53:07] "POST /json/2/product.product/search HTTP/1.1" 200 - 4 0.002 0.006
2026-10-08 05:53:07,699 54 INFO bench werkzeug: 127.0.0.1 - - [08/Oct/2026 05:53:07] "POST /json/2/stock.quant/search HTTP/1.1" 200 - 3 0.001 0.004
2026-10-08 05:53:07,719 54 INFO bench werkzeug: 127.0.0.1 - - [08/Oct/2026 05:53:07] "POST /json/2/product.product/search HTTP/1.1" 200 - 4 0.002 0.006
2026-10-08 05:53:07,738 54 INFO bench werkzeug: 127.0.0.1 - - [08/Oct/2026 05:53:07] "POST /json/2/stock.quant/search HTTP/1.1" 200 - 3 0.001 0.005
2026-10-08 05:53:07,758 54 INFO bench werkzeug: 127.0.0.1 - - [08/Oct/2026 05:53:07] "POST /json/2/product.product/search HTTP/1.1" 200 - 4 0.002 0.006
2026-10-08 05:53:07,776 54 INFO bench werkzeug: 127.0.0.1 - - [08/Oct/2026 05:53:07] "POST /json/2/stock.quant/search HTTP/1.1" 200 - 3 0.001 0.005
2026-10-08 05:53:07,804 54 INFO bench werkzeug: 127.0.0.1 - - [08/Oct/2026 05:53:07] "POST /json/2/product.product/search HTTP/1.1" 200 - 4 0.002 0.006
2026-10-08 05:53:07,823 54 INFO bench werkzeug: 127.0.0.1 - - [08/Oct/2026 05:53:07] "POST /json/2/stock.quant/search HTTP/1.1" 200 - 3 0.002 0.005
2026-10-08 05:53:07,844 54 INFO bench werkzeug: 127.0.0.1 - - [08/Oct/2026 05:53:07] "POST /json/2/product.product/search HTTP/1.1" 200 - 4 0.002 0.005
2026-10-08 05:53:07,864 54 INFO bench werkzeug: 127.0.0.1 - - [08/Oct/2026 05:53:07] "POST /json/2/stock.quant/search HTTP/1.1" 200 - 3 0.001 0.005
2026-10-08 05:53:07,884 54 INFO bench werkzeug: 127.0.0.1 - - [08/Oct/2026 05:53:07] "POST /json/2/product.product/search HTTP/1.1" 200 - 4 0.002 0.006
2026-10-08 05:53:07,904 54 INFO bench werkzeug: 127.0.0.1 - - [08/Oct/2026 05:53:07] "POST /json/2/stock.quant/search HTTP/1.1" 200 - 3 0.001 0.005
2026-10-08 05:53:07,925 54 INFO bench werkzeug: 127.0.0.1 - - [08/Oct/2026 05:53:07] "POST /json/2/product.product/search HTTP/1.1" 200 - 4 0.002 0.006
2026-10-08 05:53:07,944 54 INFO bench werkzeug: 127.0.0.1 - - [08/Oct/2026 05:53:07] "POST /json/2/stock.quant/search HTTP/1.1" 200 - 3 0.001 0.005
2026-10-08 05:53:07,965 54 INFO bench werkzeug: 127.0.0.1 - - [08/Oct/2026 05:53:07] "POST /json/2/product.product/search HTTP/1.1" 200 - 4 0.002 0.006
2026-10-08 05:53:07,985 54 INFO bench werkzeug: 127.0.0.1 - - [08/Oct/2026 05:53:07] "POST /json/2/stock.quant/search HTTP/1.1" 200 - 3 0.001 0.005
2026-10-08 05:53:08,006 54 INFO bench werkzeug: 127.0.0.1 - - [08/Oct/2026 05:53:08] "POST /json/2/product.product/search HTTP/1.1" 200 - 4 0.002 0.006
2026-10-08 05:53:08,024 54 INFO bench werkzeug: 127.0.0.1 - - [08/Oct/2026 05:53:08] "POST /json/2/stock.quant/search HTTP/1.1" 200 - 3 0.001 0.005
2026-10-08 05:53:08,049 54 INFO bench werkzeug: 127.0.0.1 - - [08/Oct/2026 05:53:08] "POST /json/2/product.product/search HTTP/1.1" 200 - 4 0.002 0.010
2026-10-08 05:53:08,074 54 INFO bench werkzeug: 127.0.0.1 - - [08/Oct/2026 05:53:08] "POST /json/2/stock.quant/search HTTP/1.1" 200 - 3 0.001 0.005
2026-10-08 05:53:08,095 54 INFO bench werkzeug: 127.0.0.1 - - [08/Oct/2026 05:53:08] "POST /json/2/product.product/search HTTP/1.1" 200 - 4 0.002 0.006
2026-10-08 05:53:08,115 54 INFO bench werkzeug: 127.0.0.1 - - [08/Oct/2026 05:53:08] "POST /json/2/stock.quant/search HTTP/1.1" 200 - 3 0.001 0.005
2026-10-08 05:53:08,136 54 INFO bench werkzeug: 127.0.0.1 - - [08/Oct/2026 05:53:08] "POST /json/2/product.product/search HTTP/1.1" 200 - 4 0.002 0.006
2026-10-08 05:53:08,156 54 INFO bench werkzeug: 127.0.0.1 - - [08/Oct/2026 05:53:08] "POST /json/2/stock.quant/search HTTP/1.1" 200 - 3 0.002 0.005
2026-10-08 05:53:08,177 54 INFO bench werkzeug: 127.0.0.1 - - [08/Oct/2026 05:53:08] "POST /json/2/product.product/search HTTP/1.1" 200 - 4 0.002 0.006
2026-10-08 05:53:08,195 54 INFO bench werkzeug: 127.0.0.1 - - [08/Oct/2026 05:53:08] "POST /json/2/stock.quant/search HTTP/1.1" 200 - 3 0.002 0.005
2026-10-08 05:53:08,215 54 INFO bench werkzeug: 127.0.0.1 - - [08/Oct/2026 05:53:08] "POST /json/2/product.product/search HTTP/1.1" 200 - 4 0.002 0.006
2026-10-08 05:53:08,234 54 INFO bench werkzeug: 127.0.0.1 - - [08/Oct/2026 05:53:08] "POST /json/2/stock.quant/search HTTP/1.1" 200 - 3 0.001 0.005
2026-10-08 05:53:08,255 54 INFO bench werkzeug: 127.0.0.1 - - [08/Oct/2026 05:53:08] "POST /json/2/product.product/search HTTP/1.1" 200 - 4 0.002 0.006
2026-10-08 05:53:08,274 54 INFO bench werkzeug: 127.0.0.1 - - [08/Oct/2026 05:53:08] "POST /json/2/stock.quant/search HTTP/1.1" 200 - 3 0.002 0.005
2026-10-08 05:53:08,296 54 INFO bench werkzeug: 127.0.0.1 - - [08/Oct/2026 05:53:08] "POST /json/2/product.product/search HTTP/1.1" 200 - 4 0.002 0.006
2026-10-08 05:53:08,314 54 INFO bench werkzeug: 127.0.0.1 - - [08/Oct/2026 05:53:08] "POST /json/2/stock.quant/search HTTP/1.1" 200 - 3 0.001 0.005
2026-10-08 05:53:08,343 54 INFO bench werkzeug: 127.0.0.1 - - [08/Oct/2026 05:53:08] "POST /json/2/product.product/search HTTP/1.1" 200 - 4 0.002 0.006
2026-10-08 05:53:08,362 54 INFO bench werkzeug: 127.0.0.1 - - [08/Oct/2026 05:53:08] "POST /json/2/stock.quant/search HTTP/1.1" 200 - 3 0.001 0.005
2026-10-08 05:53:08,383 54 INFO bench werkzeug: 127.0.0.1 - - [08/Oct/2026 05:53:08] "POST /json/2/product.product/search HTTP/1.1" 200 - 4 0.002 0.006
2026-10-08 05:53:08,401 54 INFO bench werkzeug: 127.0.0.1 - - [08/Oct/2026 05:53:08] "POST /json/2/stock.quant/search HTTP/1.1" 200 - 3 0.001 0.005
2026-10-08 05:53:08,422 54 INFO bench werkzeug: 127.0.0.1 - - [08/Oct/2026 05:53:08] "POST /json/2/product.product/search HTTP/1.1" 200 - 4 0.002 0.006
2026-10-08 05:53:08,442 54 INFO bench werkzeug: 127.0.0.1 - - [08/Oct/2026 05:53:08] "POST /json/2/stock.quant/search HTTP/1.1" 200 - 3 0.001 0.005
2026-10-08 05:53:08,464 54 INFO bench werkzeug: 127.0.0.1 - - [08/Oct/2026 05:53:08] "POST /json/2/product.product/search HTTP/1.1" 200 - 4 0.002 0.006
2026-10-08 05:53:08,482 54 INFO bench werkzeug: 127.0.0.1 - - [08/Oct/2026 05:53:08] "POST /json/2/stock.quant/search HTTP/1.1" 200 - 3 0.001 0.005
2026-10-08 05:53:08,503 54 INFO bench werkzeug: 127.0.0.1 - - [08/Oct/2026 05:53:08] "POST /json/2/product.product/search HTTP/1.1" 200 - 4 0.002 0.006
2026-10-08 05:53:08,522 54 INFO bench werkzeug: 127.0.0.1 - - [08/Oct/2026 05:53:08] "POST /json/2/stock.quant/search HTTP/1.1" 200 - 3 0.001 0.005
2026-10-08 05:53:08,543 54 INFO bench werkzeug: 127.0.0.1 - - [08/Oct/2026 05:53:08] "POST /json/2/product.product/search HTTP/1.1" 200 - 4 0.002 0.007
2026-10-08 05:53:08,563 54 INFO bench werkzeug: 127.0.0.1 - - [08/Oct/2026 05:53:08] "POST /json/2/stock.quant/search HTTP/1.1" 200 - 3 0.001 0.005
2026-10-08 05:53:08,584 54 INFO bench werkzeug: 127.0.0.1 - - [08/Oct/2026 05:53:08] "POST /json/2/product.product/search HTTP/1.1" 200 - 4 0.002 0.006
2026-10-08 05:53:08,611 54 INFO bench werkzeug: 127.0.0.1 - - [08/Oct/2026 05:53:08] "POST /json/2/stock.quant/search HTTP/1.1" 200 - 3 0.001 0.005
2026-10-08 05:53:08,632 54 INFO bench werkzeug: 127.0.0.1 - - [08/Oct/2026 05:53:08] "POST /json/2/product.product/search HTTP/1.1" 200 - 4 0.002 0.006
2026-10-08 05:53:08,651 54 INFO bench werkzeug: 127.0.0.1 - - [08/Oct/2026 05:53:08] "POST /json/2/stock.quant/search HTTP/1.1" 200 - 3 0.001 0.005
2026-10-08 05:53:08,672 54 INFO bench werkzeug: 127.0.0.1 - - [08/Oct/2026 05:53:08] "POST /json/2/product.product/search HTTP/1.1" 200 - 4 0.002 0.006
2026-10-08 05:53:08,691 54 INFO bench werkzeug: 127.0.0.1 - - [08/Oct/2026 05:53:08] "POST /json/2/stock.quant/search HTTP/1.1" 200 - 3 0.001 0.005
2026-10-08 05:53:08,712 54 INFO bench werkzeug: 127.0.0.1 - - [08/Oct/2026 05:53:08] "POST /json/2/product.product/search HTTP/1.1" 200 - 4 0.002 0.006
2026-10-08 05:53:08,731 54 INFO bench werkzeug: 127.0.0.1 - - [08/Oct/2026 05:53:08] "POST /json/2/stock.quant/search HTTP/1.1" 200 - 3 0.001 0.005
2026-10-08 05:53:08,752 54 INFO bench werkzeug: 127.0.0.1 - - [08/Oct/2026 05:53:08] "POST /json/2/product.product/search HTTP/1.1" 200 - 4 0.002 0.006
2026-10-08 05:53:08,771 54 INFO bench werkzeug: 127.0.0.1 - - [08/Oct/2026 05:53:08] "POST /json/2/stock.quant/search HTTP/1.1" 200 - 3 0.001 0.005
2026-10-08 05:53:08,792 54 INFO bench werkzeug: 127.0.0.1 - - [08/Oct/2026 05:53:08] "POST /json/2/product.product/search HTTP/1.1" 200 - 4 0.002 0.006
2026-10-08 05:53:08,811 54 INFO bench werkzeug: 127.0.0.1 - - [08/Oct/2026 05:53:08] "POST /json/2/stock.quant/search HTTP/1.1" 200 - 3 0.001 0.005
2026-10-08 05:53:08,831 54 INFO bench werkzeug: 127.0.0.1 - - [08/Oct/2026 05:53:08] "POST /json/2/product.product/search HTTP/1.1" 200 - 4 0.002 0.006
2026-10-08 05:53:08,850 54 INFO bench werkzeug: 127.0.0.1 - - [08/Oct/2026 05:53:08] "POST /json/2/stock.quant/search HTTP/1.1" 200 - 3 0.001 0.004
2026-10-08 05:53:08,878 54 INFO bench werkzeug: 127.0.0.1 - - [08/Oct/2026 05:53:08] "POST /json/2/product.product/search HTTP/1.1" 200 - 4 0.002 0.006
2026-10-08 05:53:08,898 54 INFO bench werkzeug: 127.0.0.1 - - [08/Oct/2026 05:53:08] "POST /json/2/stock.quant/search HTTP/1.1" 200 - 3 0.001 0.005
2026-10-08 05:53:08,919 54 INFO bench werkzeug: 127.0.0.1 - - [08/Oct/2026 05:53:08] "POST /json/2/product.product/search HTTP/1.1" 200 - 4 0.002 0.006
2026-10-08 05:53:08,938 54 INFO bench werkzeug: 127.0.0.1 - - [08/Oct/2026 05:53:08] "POST /json/2/stock.quant/search HTTP/1.1" 200 - 3 0.001 0.005
2026-10-08 05:53:08,959 54 INFO bench werkzeug: 127.0.0.1 - - [08/Oct/2026 05:53:08] "POST /json/2/product.product/search HTTP/1.1" 200 - 4 0.002 0.006
2026-10-08 05:53:08,979 54 INFO bench werkzeug: 127.0.0.1 - - [08/Oct/2026 05:53:08] "POST /json/2/stock.quant/search HTTP/1.1" 200 - 3 0.001 0.005
2026-10-08 05:53:09,000 54 INFO bench werkzeug: 127.0.0.1 - - [08/Oct/2026 05:53:09] "POST /json/2/product.product/search HTTP/1.1" 200 - 4 0.002 0.006
2026-10-08 05:53:09,018 54 INFO bench werkzeug: 127.0.0.1 - - [08/Oct/2026 05:53:09] "POST /json/2/stock.quant/search HTTP/1.1" 200 - 3 0.002 0.005
2026-10-08 05:53:09,039 54 INFO bench werkzeug: 127.0.0.1 - - [08/Oct/2026 05:53:09] "POST /json/2/product.product/search HTTP/1.1" 200 - 4 0.002 0.006
2026-10-08 05:53:09,058 54 INFO bench werkzeug: 127.0.0.1 - - [08/Oct/2026 05:53:09] "POST /json/2/stock.quant/search HTTP/1.1" 200 - 3 0.001 0.005
2026-10-08 05:53:09,078 54 INFO bench werkzeug: 127.0.0.1 - - [08/Oct/2026 05:53:09] "POST /json/2/product.product/search HTTP/1.1" 200 - 4 0.002 0.006
2026-10-08 05:53:09,098 54 INFO bench werkzeug: 127.0.0.1 - - [08/Oct/2026 05:53:09] "POST /json/2/stock.quant/search HTTP/1.1" 200 - 3 0.001 0.005
2026-10-08 05:53:09,119 54 INFO bench werkzeug: 127.0.0.1 - - [08/Oct/2026 05:53:09] "POST /json/2/product.product/search HTTP/1.1" 200 - 4 0.002 0.006
2026-10-08 05:53:09,147 54 INFO bench werkzeug: 127.0.0.1 - - [08/Oct/2026 05:53:09] "POST /json/2/stock.quant/search HTTP/1.1" 200 - 3 0.002 0.005
2026-10-08 05:53:09,170 54 INFO bench werkzeug: 127.0.0.1 - - [08/Oct/2026 05:53:09] "POST /json/2/product.product/search HTTP/1.1" 200 - 4 0.002 0.006
2026-10-08 05:53:09,190 54 INFO bench werkzeug: 127.0.0.1 - - [08/Oct/2026 05:53:09] "POST /json/2/stock.quant/search HTTP/1.1" 200 - 3 0.001 0.006
2026-10-08 05:53:09,211 54 INFO bench werkzeug: 127.0.0.1 - - [08/Oct/2026 05:53:09] "POST /json/2/product.product/search HTTP/1.1" 200 - 4 0.002 0.006
2026-10-08 05:53:09,231 54 INFO bench werkzeug: 127.0.0.1 - - [08/Oct/2026 05:53:09] "POST /json/2/stock.quant/search HTTP/1.1" 200 - 3 0.002 0.005
2026-10-08 05:53:09,253 54 INFO bench werkzeug: 127.0.0.1 - - [08/Oct/2026 05:53:09] "POST /json/2/product.product/search HTTP/1.1" 200 - 4 0.002 0.006
2026-10-08 05:53:09,272 54 INFO bench werkzeug: 127.0.0.1 - - [08/Oct/2026 05:53:09] "POST /json/2/stock.quant/search HTTP/1.1" 200 - 3 0.001 0.005
2026-10-08 05:53:09,292 54 INFO bench werkzeug: 127.0.0.1 - - [08/Oct/2026 05:53:09] "POST /json/2/product.product/search HTTP/1.1" 200 - 4 0.002 0.006
2026-10-08 05:53:09,312 54 INFO bench werkzeug: 127.0.0.1 - - [08/Oct/2026 05:53:09] "POST /json/2/stock.quant/search HTTP/1.1" 200 - 3 0.001 0.005
2026-10-08 05:53:09,333 54 INFO bench werkzeug: 127.0.0.1 - - [08/Oct/2026 05:53:09] "POST /json/2/product.product/search HTTP/1.1" 200 - 4 0.002 0.006
2026-10-08 05:53:09,353 54 INFO bench werkzeug: 127.0.0.1 - - [08/Oct/2026 05:53:09] "POST /json/2/stock.quant/search HTTP/1.1" 200 - 3 0.002 0.005
2026-10-08 05:53:09,374 54 INFO bench werkzeug: 127.0.0.1 - - [08/Oct/2026 05:53:09] "POST /json/2/product.product/search HTTP/1.1" 200 - 4 0.002 0.006
2026-10-08 05:53:09,396 54 INFO bench werkzeug: 127.0.0.1 - - [08/Oct/2026 05:53:09] "POST /json/2/stock.quant/search HTTP/1.1" 200 - 3 0.001 0.005
2026-10-08 05:53:09,430 54 INFO bench werkzeug: 127.0.0.1 - - [08/Oct/2026 05:53:09] "POST /json/2/product.product/search HTTP/1.1" 200 - 4 0.002 0.006
2026-10-08 05:53:09,449 54 INFO bench werkzeug: 127.0.0.1 - - [08/Oct/2026 05:53:09] "POST /json/2/stock.quant/search HTTP/1.1" 200 - 3 0.001 0.005
2026-10-08 05:53:09,471 54 INFO bench werkzeug: 127.0.0.1 - - [08/Oct/2026 05:53:09] "POST /json/2/product.product/search HTTP/1.1" 200 - 4 0.002 0.006
2026-10-08 05:53:09,490 54 INFO bench werkzeug: 127.0.0.1 - - [08/Oct/2026 05:53:09] "POST /json/2/stock.quant/search HTTP/1.1" 200 - 3 0.002 0.005
2026-10-08 05:53:09,511 54 INFO bench werkzeug: 127.0.0.1 - - [08/Oct/2026 05:53:09] "POST /json/2/product.product/search HTTP/1.1" 200 - 4 0.002 0.005
2026-10-08 05:53:09,530 54 INFO bench werkzeug: 127.0.0.1 - - [08/Oct/2026 05:53:09] "POST /json/2/stock.quant/search HTTP/1.1" 200 - 3 0.001 0.005
2026-10-08 05:53:09,551 54 INFO bench werkzeug: 127.0.0.1 - - [08/Oct/2026 05:53:09] "POST /json/2/product.product/search HTTP/1.1" 200 - 4 0.002 0.006
2026-10-08 05:53:09,571 54 INFO bench werkzeug: 127.0.0.1 - - [08/Oct/2026 05:53:09] "POST /json/2/stock.quant/search HTTP/1.1" 200 - 3 0.001 0.005
2026-10-08 05:53:09,591 54 INFO bench werkzeug: 127.0.0.1 - - [08/Oct/2026 05:53:09] "POST /json/2/product.product/search HTTP/1.1" 200 - 4 0.002 0.006
2026-10-08 05:53:09,610 54 INFO bench werkzeug: 127.0.0.1 - - [08/Oct/2026 05:53:09] "POST /json/2/stock.quant/search HTTP/1.1" 200 - 3 0.001 0.005
2026-10-08 05:53:09,630 54 INFO bench werkzeug: 127.0.0.1 - - [08/Oct/2026 05:53:09] "POST /json/2/product.product/search HTTP/1.1" 200 - 4 0.002 0.006
2026-10-08 05:53:09,650 54 INFO bench werkzeug: 127.0.0.1 - - [08/Oct/2026 05:53:09] "POST /json/2/stock.quant/search HTTP/1.1" 200 - 3 0.001 0.005
2026-10-08 05:53:11,637 54 INFO bench werkzeug: 127.0.0.1 - - [08/Oct/2026 05:53:11] "GET /web/health HTTP/1.1" 200 - 2 0.002 0.009
2026-10-08 05:53:18,729 54 INFO bench werkzeug: 127.0.0.1 - - [08/Oct/2026 05:53:18] "GET /web/health HTTP/1.1" 200 - 2 0.003 0.011
