perl: warning: Setting locale failed.
perl: warning: Please check that your locale settings:
	LANGUAGE = (unset),
	LC_ALL = (unset),
	LANG = "en_US.UTF-8"
    are supported and installed on your system.
perl: warning: Falling back to the standard locale ("C").
DO
ALTER ROLE
Running as user 'root' is a security risk.
2026-10-08 05:26:45,829 54 WARNING ? odoo.tools.config: option addons_path, invalid addons directory '/mnt/extra-addons', skipped 
2026-10-08 05:26:45,829 54 WARNING ? odoo.tools.config: option addons_path, invalid addons directory '/mnt/extra-addons', skipped 
2026-10-08 05:26:45,829 54 WARNING ? odoo.tools.config: missing --http-interface/http_interface, using 0.0.0.0 by default, will change to 127.0.0.1 in 20.0 
2026-10-08 05:26:45,830 54 INFO ? odoo: Odoo version 19.0-20260926 
2026-10-08 05:26:45,830 54 INFO ? odoo: Using configuration file at /etc/odoo/odoo.conf 
2026-10-08 05:26:45,830 54 INFO ? odoo: addons paths: _NamespacePath(['/usr/lib/python3/dist-packages/odoo/addons', '/root/.local/share/Odoo/addons/19.0', '/usr/lib/python3/dist-packages/addons']) 
2026-10-08 05:26:45,831 54 INFO ? odoo: database: odoo@127.0.0.1:5432 
2026-10-08 05:26:46,091 54 INFO ? odoo.service.server: HTTP service (werkzeug) running on 4b93f14c60aa:8069 
2026-10-08 05:26:47,670 54 INFO ? werkzeug: 127.0.0.1 - - [08/Oct/2026 05:26:47] "GET /web/database/selector HTTP/1.1" 200 - 2 0.017 0.040
2026-10-08 05:26:47,962 54 INFO None odoo.service.db: Create database `bench`. 
2026-10-08 05:26:49,876 54 INFO None odoo.modules.loading: Initializing database bench 
2026-10-08 05:26:51,195 54 INFO None odoo.modules.loading: loading 1 modules... 
2026-10-08 05:26:51,195 54 INFO None odoo.modules.loading: Loading module base (1/1) 
2026-10-08 05:26:51,213 54 INFO None odoo.registry: module base: creating or updating database tables 
2026-10-08 05:26:51,400 54 INFO None odoo.models: Prepare computation of ir.module.module.menus_by_module 
2026-10-08 05:26:51,401 54 INFO None odoo.models: Prepare computation of ir.module.module.reports_by_module 
2026-10-08 05:26:51,401 54 INFO None odoo.models: Prepare computation of ir.module.module.views_by_module 
2026-10-08 05:26:51,456 54 INFO None odoo.models: Prepare computation of res.partner.user_id 
2026-10-08 05:26:51,457 54 INFO None odoo.models: Prepare computation of res.partner.commercial_partner_id 
2026-10-08 05:26:51,457 54 INFO None odoo.models: Prepare computation of res.partner.complete_name 
2026-10-08 05:26:51,457 54 INFO None odoo.models: Prepare computation of res.partner.lang 
2026-10-08 05:26:51,457 54 INFO None odoo.models: Prepare computation of res.partner.company_registry 
2026-10-08 05:26:51,457 54 INFO None odoo.models: Prepare computation of res.partner.commercial_company_name 
2026-10-08 05:26:51,457 54 INFO None odoo.models: Prepare computation of res.partner.properties 
2026-10-08 05:26:51,457 54 INFO None odoo.models: Prepare computation of res.partner.partner_share 
2026-10-08 05:26:51,476 54 INFO None odoo.models: Prepare computation of res.currency.decimal_places 
2026-10-08 05:26:51,492 54 INFO None odoo.models: Prepare computation of res.company.uses_default_logo 
2026-10-08 05:26:51,492 54 INFO None odoo.models: Prepare computation of res.company.logo_web 
2026-10-08 05:26:51,493 54 INFO None odoo.models: Computing parent_path for table res_company... 
2026-10-08 05:26:51,511 54 INFO None odoo.models: Prepare computation of res.users.signature 
2026-10-08 05:26:51,511 54 INFO None odoo.models: Prepare computation of res.users.share 
2026-10-08 05:26:52,607 54 INFO None odoo.modules.loading: loading base/data/res_bank.xml 
2026-10-08 05:26:52,611 54 INFO None odoo.modules.loading: loading base/data/res.lang.csv 
2026-10-08 05:26:52,636 54 INFO None odoo.modules.loading: loading base/data/res_lang_data.xml 
2026-10-08 05:26:52,668 54 INFO None odoo.modules.loading: loading base/data/res_partner_data.xml 
2026-10-08 05:26:52,709 54 INFO None odoo.modules.loading: loading base/data/res_currency_data.xml 
2026-10-08 05:26:53,161 54 INFO None odoo.modules.loading: loading base/data/res_company_data.xml 
2026-10-08 05:26:53,167 54 INFO None odoo.modules.loading: loading base/data/res_users_data.xml 
2026-10-08 05:26:53,747 54 INFO None odoo.modules.loading: loading base/data/report_paperformat_data.xml 
2026-10-08 05:26:53,754 54 INFO None odoo.modules.loading: loading base/data/res_country_data.xml 
2026-10-08 05:26:54,276 54 INFO None odoo.modules.loading: loading base/data/ir_demo_data.xml 
2026-10-08 05:26:54,288 54 INFO None odoo.modules.loading: loading base/security/base_groups.xml 
2026-10-08 05:26:54,438 54 INFO None odoo.modules.loading: loading base/security/base_security.xml 
2026-10-08 05:26:54,597 54 INFO None odoo.modules.loading: loading base/wizard/wizard_ir_model_menu_create_views.xml 
2026-10-08 05:26:54,609 54 INFO None odoo.modules.loading: loading base/views/base_menus.xml 
2026-10-08 05:26:54,665 54 INFO None odoo.modules.loading: loading base/views/decimal_precision_views.xml 
2026-10-08 05:26:54,678 54 INFO None odoo.modules.loading: loading base/views/res_config_views.xml 
2026-10-08 05:26:54,683 54 INFO None odoo.modules.loading: loading base/data/res.country.state.csv 
2026-10-08 05:26:54,895 54 INFO None odoo.modules.loading: loading base/views/ir_actions_views.xml 
2026-10-08 05:26:55,013 54 INFO None odoo.modules.loading: loading base/views/ir_asset_views.xml 
2026-10-08 05:26:55,028 54 INFO None odoo.modules.loading: loading base/views/ir_config_parameter_views.xml 
2026-10-08 05:26:55,042 54 INFO None odoo.modules.loading: loading base/views/ir_cron_views.xml 
2026-10-08 05:26:55,064 54 INFO None odoo.modules.loading: loading base/views/ir_cron_trigger_views.xml 
2026-10-08 05:26:55,079 54 INFO None odoo.modules.loading: loading base/views/ir_filters_views.xml 
2026-10-08 05:26:55,099 54 INFO None odoo.modules.loading: loading base/views/ir_mail_server_views.xml 
2026-10-08 05:26:55,116 54 INFO None odoo.modules.loading: loading base/views/ir_model_views.xml 
2026-10-08 05:26:55,232 54 INFO None odoo.modules.loading: loading base/views/ir_attachment_views.xml 
2026-10-08 05:26:55,249 54 INFO None odoo.modules.loading: loading base/views/ir_rule_views.xml 
2026-10-08 05:26:55,265 54 INFO None odoo.modules.loading: loading base/views/ir_sequence_views.xml 
2026-10-08 05:26:55,281 54 INFO None odoo.modules.loading: loading base/views/ir_ui_menu_views.xml 
2026-10-08 05:26:55,296 54 INFO None odoo.modules.loading: loading base/views/ir_ui_view_views.xml 
2026-10-08 05:26:55,335 54 INFO None odoo.modules.loading: loading base/views/ir_default_views.xml 
2026-10-08 05:26:55,350 54 INFO None odoo.modules.loading: loading base/data/ir_config_parameter_data.xml 
2026-10-08 05:26:55,353 54 INFO None odoo.modules.loading: loading base/data/ir_cron_data.xml 
2026-10-08 05:26:55,363 54 INFO None odoo.modules.loading: loading base/report/ir_model_report.xml 
2026-10-08 05:26:55,366 54 INFO None odoo.modules.loading: loading base/report/ir_model_templates.xml 
2026-10-08 05:26:55,372 54 INFO None odoo.modules.loading: loading base/views/ir_logging_views.xml 
2026-10-08 05:26:55,387 54 INFO None odoo.modules.loading: loading base/views/ir_qweb_widget_templates.xml 
2026-10-08 05:26:55,398 54 INFO None odoo.modules.loading: loading base/views/ir_module_views.xml 
2026-10-08 05:26:55,443 54 INFO None odoo.modules.loading: loading base/data/ir_module_category_data.xml 
2026-10-08 05:26:55,477 54 INFO None odoo.modules.loading: loading base/data/ir_module_module.xml 
2026-10-08 05:26:55,534 54 INFO None odoo.modules.loading: loading base/report/ir_module_reports.xml 
2026-10-08 05:26:55,537 54 INFO None odoo.modules.loading: loading base/report/ir_module_report_templates.xml 
2026-10-08 05:26:55,542 54 INFO None odoo.modules.loading: loading base/wizard/base_module_update_views.xml 
2026-10-08 05:26:55,553 54 INFO None odoo.modules.loading: loading base/wizard/base_language_install_views.xml 
2026-10-08 05:26:55,566 54 INFO None odoo.modules.loading: loading base/wizard/base_import_language_views.xml 
2026-10-08 05:26:55,575 54 INFO None odoo.modules.loading: loading base/wizard/base_module_upgrade_views.xml 
2026-10-08 05:26:55,590 54 INFO None odoo.modules.loading: loading base/wizard/base_module_uninstall_views.xml 
2026-10-08 05:26:55,598 54 INFO None odoo.modules.loading: loading base/wizard/base_export_language_views.xml 
2026-10-08 05:26:55,608 54 INFO None odoo.modules.loading: loading base/wizard/base_partner_merge_views.xml 
2026-10-08 05:26:55,621 54 INFO None odoo.modules.loading: loading base/data/ir_demo_failure_data.xml 
2026-10-08 05:26:55,634 54 INFO None odoo.modules.loading: loading base/views/ir_profile_views.xml 
2026-10-08 05:26:55,654 54 INFO None odoo.modules.loading: loading base/views/res_company_views.xml 
2026-10-08 05:26:55,671 54 INFO None odoo.modules.loading: loading base/views/res_lang_views.xml 
2026-10-08 05:26:55,689 54 INFO None odoo.modules.loading: loading base/views/res_partner_views.xml 
2026-10-08 05:26:55,763 54 INFO None odoo.modules.loading: loading base/views/res_bank_views.xml 
2026-10-08 05:26:55,790 54 INFO None odoo.modules.loading: loading base/views/res_country_views.xml 
2026-10-08 05:26:55,826 54 INFO None odoo.modules.loading: loading base/views/res_currency_views.xml 
2026-10-08 05:26:55,859 54 INFO None odoo.modules.loading: loading base/views/res_groups_views.xml 
2026-10-08 05:26:55,897 54 INFO None odoo.modules.loading: loading base/views/res_users_views.xml 
2026-10-08 05:26:55,974 54 INFO None odoo.modules.loading: loading base/views/res_users_apikeys_views.xml 
2026-10-08 05:26:55,979 54 INFO None odoo.modules.loading: loading base/views/res_device_views.xml 
2026-10-08 05:26:55,996 54 INFO None odoo.modules.loading: loading base/views/res_users_identitycheck_views.xml 
2026-10-08 05:26:56,003 54 INFO None odoo.modules.loading: loading base/views/res_config_settings_views.xml 
2026-10-08 05:26:56,009 54 INFO None odoo.modules.loading: loading base/views/report_paperformat_views.xml 
2026-10-08 05:26:56,031 54 INFO None odoo.modules.loading: loading base/security/ir.model.access.csv 
2026-10-08 05:26:56,134 54 INFO None odoo.modules.loading: Module base loaded in 4.94s, 8454 queries (+8454 other) 
2026-10-08 05:26:56,134 54 INFO None odoo.modules.loading: 1 modules loaded in 4.94s, 8454 queries (+8454 extra) 
2026-10-08 05:26:56,137 54 INFO None odoo.modules.loading: updating modules list 
2026-10-08 05:26:56,138 54 INFO None odoo.addons.base.models.ir_module: ALLOW access to module.update_list on [] to user __system__ #1 via n/a 
2026-10-08 05:26:56,868 54 INFO None odoo.modules.loading: loading 14 modules... 
2026-10-08 05:26:56,868 54 INFO None odoo.modules.loading: Loading module rpc (2/14) 
2026-10-08 05:26:56,889 54 INFO None odoo.modules.loading: Module rpc loaded in 0.02s, 9 queries (+9 other) 
2026-10-08 05:26:56,889 54 INFO None odoo.modules.loading: Loading module web (3/14) 
2026-10-08 05:26:56,912 54 INFO None odoo.registry: module web: creating or updating database tables 
2026-10-08 05:26:57,234 54 INFO None odoo.modules.loading: loading web/security/ir.model.access.csv 
2026-10-08 05:26:57,241 54 INFO None odoo.modules.loading: loading web/security/web_security.xml 
2026-10-08 05:26:57,252 54 INFO None odoo.modules.loading: loading web/views/webclient_templates.xml 
2026-10-08 05:26:57,295 54 INFO None odoo.modules.loading: loading web/views/report_templates.xml 
2026-10-08 05:26:57,370 54 INFO None odoo.modules.loading: loading web/views/base_document_layout_views.xml 
2026-10-08 05:26:57,382 54 INFO None odoo.modules.loading: loading web/views/partner_view.xml 
2026-10-08 05:26:57,387 54 INFO None odoo.modules.loading: loading web/views/speedscope_template.xml 
2026-10-08 05:26:57,392 54 INFO None odoo.modules.loading: loading web/views/memory_template.xml 
2026-10-08 05:26:57,396 54 INFO None odoo.modules.loading: loading web/views/speedscope_config_wizard.xml 
2026-10-08 05:26:57,401 54 INFO None odoo.modules.loading: loading web/views/neutralize_views.xml 
2026-10-08 05:26:57,407 54 INFO None odoo.modules.loading: loading web/views/ir_ui_view_views.xml 
2026-10-08 05:26:57,415 54 INFO None odoo.modules.loading: loading web/data/ir_attachment.xml 
2026-10-08 05:26:57,418 54 INFO None odoo.modules.loading: loading web/data/report_layout.xml 
2026-10-08 05:26:57,459 54 INFO None odoo.modules.loading: Module web loaded in 0.57s, 1232 queries (+1232 other) 
2026-10-08 05:26:57,460 54 INFO None odoo.modules.loading: Loading module api_doc (4/14) 
2026-10-08 05:26:57,465 54 INFO None odoo.registry: module api_doc: creating or updating database tables 
2026-10-08 05:26:57,476 54 INFO None odoo.modules.loading: loading api_doc/security/res_groups.xml 
2026-10-08 05:26:57,496 54 INFO None odoo.modules.loading: loading api_doc/views/docclient.xml 
2026-10-08 05:26:57,516 54 INFO None odoo.modules.loading: Module api_doc loaded in 0.06s, 63 queries (+63 other) 
2026-10-08 05:26:57,516 54 INFO None odoo.modules.loading: Loading module auth_totp (5/14) 
2026-10-08 05:26:57,528 54 INFO None odoo.registry: module auth_totp: creating or updating database tables 
2026-10-08 05:26:57,574 54 INFO None odoo.modules.loading: loading auth_totp/security/security.xml 
2026-10-08 05:26:57,594 54 INFO None odoo.modules.loading: loading auth_totp/security/ir.model.access.csv 
2026-10-08 05:26:57,600 54 INFO None odoo.modules.loading: loading auth_totp/data/ir_action_data.xml 
2026-10-08 05:26:57,605 54 INFO None odoo.modules.loading: loading auth_totp/views/res_users_views.xml 
2026-10-08 05:26:57,630 54 INFO None odoo.modules.loading: loading auth_totp/views/templates.xml 
2026-10-08 05:26:57,639 54 INFO None odoo.modules.loading: loading auth_totp/wizard/auth_totp_wizard_views.xml 
2026-10-08 05:26:57,659 54 INFO None odoo.modules.loading: Module auth_totp loaded in 0.14s, 218 queries (+218 other) 
2026-10-08 05:26:57,660 54 INFO None odoo.modules.loading: Loading module base_import (6/14) 
2026-10-08 05:26:57,684 54 INFO None odoo.registry: module base_import: creating or updating database tables 
2026-10-08 05:26:57,997 54 INFO None odoo.modules.loading: loading base_import/security/base_import_security.xml 
2026-10-08 05:26:58,002 54 INFO None odoo.modules.loading: loading base_import/security/ir.model.access.csv 
2026-10-08 05:26:58,017 54 INFO None odoo.modules.loading: Module base_import loaded in 0.36s, 964 queries (+964 other) 
2026-10-08 05:26:58,017 54 INFO None odoo.modules.loading: Loading module base_import_module (7/14) 
2026-10-08 05:26:58,022 54 INFO None odoo.registry: module base_import_module: creating or updating database tables 
2026-10-08 05:26:58,063 54 INFO None odoo.modules.loading: loading base_import_module/security/ir.model.access.csv 
2026-10-08 05:26:58,068 54 INFO None odoo.modules.loading: loading base_import_module/views/base_import_module_view.xml 
2026-10-08 05:26:58,082 54 INFO None odoo.modules.loading: loading base_import_module/views/ir_module_views.xml 
2026-10-08 05:26:58,125 54 INFO None odoo.modules.loading: Module base_import_module loaded in 0.11s, 172 queries (+172 other) 
2026-10-08 05:26:58,125 54 INFO None odoo.modules.loading: Loading module base_setup (8/14) 
2026-10-08 05:26:58,131 54 INFO None odoo.registry: module base_setup: creating or updating database tables 
2026-10-08 05:26:58,165 54 INFO None odoo.modules.loading: loading base_setup/data/base_setup_data.xml 
2026-10-08 05:26:58,169 54 INFO None odoo.modules.loading: loading base_setup/views/res_config_settings_views.xml 
2026-10-08 05:26:58,196 54 INFO None odoo.modules.loading: loading base_setup/views/res_partner_views.xml 
2026-10-08 05:26:58,214 54 INFO None odoo.modules.loading: Module base_setup loaded in 0.09s, 152 queries (+152 other) 
2026-10-08 05:26:58,214 54 INFO None odoo.modules.loading: Loading module bus (9/14) 
2026-10-08 05:26:58,227 54 INFO None odoo.registry: module bus: creating or updating database tables 
2026-10-08 05:26:58,292 54 INFO None odoo.modules.loading: loading bus/security/ir.model.access.csv 
2026-10-08 05:26:58,306 54 INFO None odoo.modules.loading: Module bus loaded in 0.09s, 159 queries (+159 other) 
2026-10-08 05:26:58,306 54 INFO None odoo.modules.loading: Loading module web_tour (10/14) 
2026-10-08 05:26:58,312 54 INFO None odoo.registry: module web_tour: creating or updating database tables 
2026-10-08 05:26:58,315 54 INFO None odoo.models: Prepare computation of res.users.tour_enabled 
2026-10-08 05:26:58,369 54 INFO None odoo.modules.loading: loading web_tour/security/ir.model.access.csv 
2026-10-08 05:26:58,376 54 INFO None odoo.modules.loading: loading web_tour/views/tour_views.xml 
2026-10-08 05:26:58,417 54 INFO None odoo.modules.loading: Module web_tour loaded in 0.11s, 180 queries (+180 other) 
2026-10-08 05:26:58,417 54 INFO None odoo.modules.loading: Loading module auth_passkey (11/14) 
2026-10-08 05:26:58,448 54 INFO None odoo.registry: module auth_passkey: creating or updating database tables 
2026-10-08 05:26:58,500 54 INFO None odoo.modules.loading: loading auth_passkey/views/auth_passkey_key_views.xml 
2026-10-08 05:26:58,518 54 INFO None odoo.modules.loading: loading auth_passkey/views/auth_passkey_login_templates.xml 
2026-10-08 05:26:58,529 54 INFO None odoo.modules.loading: loading auth_passkey/views/res_users_identitycheck_views.xml 
2026-10-08 05:26:58,537 54 INFO None odoo.modules.loading: loading auth_passkey/views/res_users_views.xml 
2026-10-08 05:26:58,553 54 INFO None odoo.modules.loading: loading auth_passkey/security/ir.model.access.csv 
2026-10-08 05:26:58,560 54 INFO None odoo.modules.loading: loading auth_passkey/security/security.xml 
2026-10-08 05:26:58,584 54 INFO None odoo.modules.loading: Module auth_passkey loaded in 0.17s, 218 queries (+218 other) 
2026-10-08 05:26:58,584 54 INFO None odoo.modules.loading: Loading module html_editor (12/14) 
2026-10-08 05:26:58,719 54 INFO None odoo.registry: module html_editor: creating or updating database tables 
2026-10-08 05:26:59,063 54 INFO None odoo.modules.loading: loading html_editor/security/ir.model.access.csv 
2026-10-08 05:26:59,083 54 INFO None odoo.modules.loading: Module html_editor loaded in 0.50s, 1034 queries (+1034 other) 
2026-10-08 05:26:59,083 54 INFO None odoo.modules.loading: Loading module iap (13/14) 
2026-10-08 05:26:59,087 54 INFO None odoo.registry: module iap: creating or updating database tables 
2026-10-08 05:26:59,138 54 INFO None odoo.modules.loading: loading iap/data/services.xml 
2026-10-08 05:26:59,142 54 INFO None odoo.modules.loading: loading iap/security/ir.model.access.csv 
2026-10-08 05:26:59,148 54 INFO None odoo.modules.loading: loading iap/security/ir_rule.xml 
2026-10-08 05:26:59,155 54 INFO None odoo.modules.loading: loading iap/views/iap_views.xml 
2026-10-08 05:26:59,174 54 INFO None odoo.modules.loading: loading iap/views/res_config_settings.xml 
2026-10-08 05:26:59,195 54 INFO None odoo.modules.loading: Module iap loaded in 0.11s, 185 queries (+185 other) 
2026-10-08 05:26:59,195 54 INFO None odoo.modules.loading: Loading module web_unsplash (14/14) 
2026-10-08 05:26:59,201 54 INFO None odoo.registry: module web_unsplash: creating or updating database tables 
2026-10-08 05:26:59,221 54 INFO None odoo.modules.loading: loading web_unsplash/views/res_config_settings_view.xml 
2026-10-08 05:26:59,246 54 INFO None odoo.modules.loading: Module web_unsplash loaded in 0.05s, 91 queries (+91 other) 
2026-10-08 05:26:59,246 54 INFO None odoo.modules.loading: 14 modules loaded in 2.38s, 4677 queries (+4677 extra) 
2026-10-08 05:26:59,415 54 INFO None odoo.modules.loading: Modules loaded. 
2026-10-08 05:26:59,423 54 INFO None odoo.registry: Registry changed, signaling through the database 
2026-10-08 05:26:59,427 54 INFO None odoo.registry: Registry loaded in 9.577s 
2026-10-08 05:27:00,024 54 INFO None odoo.addons.base.models.res_users: Login successful for login:admin from 127.0.0.1 
2026-10-08 05:27:00,038 54 INFO None werkzeug: 127.0.0.1 - - [08/Oct/2026 05:27:00] "POST /web/database/create HTTP/1.1" 303 - 20032 7.501 4.862
Database created
API key generated
2026-10-08 05:27:03,140 54 INFO bench odoo.addons.base.models.ir_http: Generating routing map for key None 
2026-10-08 05:27:03,150 54 INFO bench werkzeug: 127.0.0.1 - - [08/Oct/2026 05:27:03] "POST /json/2/res.users/context_get HTTP/1.1" 200 - 4 0.002 0.009
2026-10-08 05:27:03,171 54 INFO bench odoo.addons.base.models.ir_module: ALLOW access to module.update_list on [] to user admin #2 via 127.0.0.1 
2026-10-08 05:27:03,894 54 INFO bench werkzeug: 127.0.0.1 - - [08/Oct/2026 05:27:03] "POST /json/2/ir.module.module/update_list HTTP/1.1" 200 - 1697 0.375 0.353
2026-10-08 05:27:03,917 54 INFO bench werkzeug: 127.0.0.1 - - [08/Oct/2026 05:27:03] "POST /json/2/ir.module.module/search HTTP/1.1" 200 - 3 0.001 0.005
2026-10-08 05:27:03,937 54 INFO bench werkzeug: 127.0.0.1 - - [08/Oct/2026 05:27:03] "POST /json/2/ir.module.module/read HTTP/1.1" 200 - 3 0.001 0.005
2026-10-08 05:27:03,958 54 INFO bench werkzeug: 127.0.0.1 - - [08/Oct/2026 05:27:03] "POST /json/2/ir.module.module/search HTTP/1.1" 200 - 3 0.001 0.005
2026-10-08 05:27:03,980 54 INFO bench werkzeug: 127.0.0.1 - - [08/Oct/2026 05:27:03] "POST /json/2/ir.module.module/read HTTP/1.1" 200 - 3 0.001 0.005
2026-10-08 05:27:04,002 54 INFO bench werkzeug: 127.0.0.1 - - [08/Oct/2026 05:27:04] "POST /json/2/ir.module.module/search HTTP/1.1" 200 - 3 0.001 0.005
2026-10-08 05:27:04,024 54 INFO bench werkzeug: 127.0.0.1 - - [08/Oct/2026 05:27:04] "POST /json/2/ir.module.module/read HTTP/1.1" 200 - 3 0.002 0.005
2026-10-08 05:27:04,045 54 INFO bench werkzeug: 127.0.0.1 - - [08/Oct/2026 05:27:04] "POST /json/2/ir.module.module/search HTTP/1.1" 200 - 3 0.002 0.006
2026-10-08 05:27:04,067 54 INFO bench werkzeug: 127.0.0.1 - - [08/Oct/2026 05:27:04] "POST /json/2/ir.module.module/read HTTP/1.1" 200 - 3 0.001 0.005
2026-10-08 05:27:04,091 54 INFO bench werkzeug: 127.0.0.1 - - [08/Oct/2026 05:27:04] "POST /json/2/ir.module.module/search HTTP/1.1" 200 - 3 0.001 0.005
2026-10-08 05:27:04,113 54 INFO bench werkzeug: 127.0.0.1 - - [08/Oct/2026 05:27:04] "POST /json/2/ir.module.module/read HTTP/1.1" 200 - 3 0.001 0.005
2026-10-08 05:27:04,135 54 INFO bench werkzeug: 127.0.0.1 - - [08/Oct/2026 05:27:04] "POST /json/2/ir.module.module/search HTTP/1.1" 200 - 3 0.001 0.005
2026-10-08 05:27:04,154 54 INFO bench werkzeug: 127.0.0.1 - - [08/Oct/2026 05:27:04] "POST /json/2/ir.module.module/read HTTP/1.1" 200 - 3 0.001 0.005
2026-10-08 05:27:04,176 54 INFO bench werkzeug: 127.0.0.1 - - [08/Oct/2026 05:27:04] "POST /json/2/ir.module.module/search HTTP/1.1" 200 - 3 0.001 0.005
2026-10-08 05:27:04,197 54 INFO bench werkzeug: 127.0.0.1 - - [08/Oct/2026 05:27:04] "POST /json/2/ir.module.module/read HTTP/1.1" 200 - 3 0.001 0.005
2026-10-08 05:27:04,219 54 INFO bench odoo.addons.base.models.ir_module: ALLOW access to module.button_immediate_install on ['Sales', 'Inventory', 'Purchase', 'Purchase Stock', 'Drop Shipping', 'Manufacturing', 'Delivery Costs'] to user admin #2 via 127.0.0.1 
2026-10-08 05:27:04,219 54 INFO bench odoo.addons.base.models.ir_module: User #2 triggered module installation 
2026-10-08 05:27:04,221 54 INFO bench odoo.addons.base.models.ir_module: ALLOW access to module.button_install on ['Sales', 'Inventory', 'Purchase', 'Purchase Stock', 'Drop Shipping', 'Manufacturing', 'Delivery Costs'] to user admin #2 via 127.0.0.1 
2026-10-08 05:27:04,342 54 INFO bench odoo.modules.loading: loading 1 modules... 
2026-10-08 05:27:04,345 54 INFO bench odoo.modules.loading: 1 modules loaded in 0.00s, 0 queries (+0 extra) 
2026-10-08 05:27:04,363 54 INFO bench odoo.modules.loading: updating modules list 
2026-10-08 05:27:04,364 54 INFO bench odoo.addons.base.models.ir_module: ALLOW access to module.update_list on [] to user __system__ #1 via n/a 
2026-10-08 05:27:05,093 54 INFO bench odoo.modules.loading: loading 76 modules... 
2026-10-08 05:27:05,097 54 INFO bench odoo.modules.loading: Loading module uom (15/76) 
2026-10-08 05:27:05,126 54 INFO bench odoo.registry: module uom: creating or updating database tables 
2026-10-08 05:27:05,158 54 INFO bench odoo.modules.loading: loading uom/data/uom_data.xml 
2026-10-08 05:27:05,220 54 INFO bench odoo.modules.loading: loading uom/security/uom_security.xml 
2026-10-08 05:27:05,223 54 INFO bench odoo.modules.loading: loading uom/security/ir.model.access.csv 
2026-10-08 05:27:05,232 54 INFO bench odoo.modules.loading: loading uom/views/uom_uom_views.xml 
2026-10-08 05:27:05,264 54 INFO bench odoo.modules.loading: Module uom loaded in 0.17s, 229 queries (+229 other) 
2026-10-08 05:27:05,264 54 INFO bench odoo.modules.loading: Loading module barcodes (16/76) 
2026-10-08 05:27:05,269 54 INFO bench odoo.registry: module barcodes: creating or updating database tables 
2026-10-08 05:27:05,317 54 INFO bench odoo.modules.loading: loading barcodes/data/barcodes_data.xml 
2026-10-08 05:27:05,323 54 INFO bench odoo.modules.loading: loading barcodes/views/barcodes_view.xml 
2026-10-08 05:27:05,341 54 INFO bench odoo.modules.loading: loading barcodes/security/ir.model.access.csv 
2026-10-08 05:27:05,368 54 INFO bench odoo.modules.loading: Module barcodes loaded in 0.10s, 150 queries (+150 other) 
2026-10-08 05:27:05,369 54 INFO bench odoo.modules.loading: Loading module http_routing (17/76) 
2026-10-08 05:27:05,373 54 INFO bench odoo.registry: module http_routing: creating or updating database tables 
2026-10-08 05:27:05,390 54 INFO bench odoo.modules.loading: loading http_routing/views/http_routing_template.xml 
2026-10-08 05:27:05,428 54 INFO bench odoo.modules.loading: loading http_routing/views/res_lang_views.xml 
2026-10-08 05:27:05,456 54 INFO bench odoo.modules.loading: Module http_routing loaded in 0.09s, 114 queries (+114 other) 
2026-10-08 05:27:05,456 54 INFO bench odoo.modules.loading: Loading module onboarding (18/76) 
2026-10-08 05:27:05,461 54 INFO bench odoo.registry: module onboarding: creating or updating database tables 
2026-10-08 05:27:05,543 54 INFO bench odoo.modules.loading: loading onboarding/views/onboarding_templates.xml 
2026-10-08 05:27:05,555 54 INFO bench odoo.modules.loading: loading onboarding/views/onboarding_views.xml 
2026-10-08 05:27:05,578 54 INFO bench odoo.modules.loading: loading onboarding/views/onboarding_menus.xml 
2026-10-08 05:27:05,585 54 INFO bench odoo.modules.loading: loading onboarding/security/ir.model.access.csv 
2026-10-08 05:27:05,609 54 INFO bench odoo.modules.loading: Module onboarding loaded in 0.15s, 246 queries (+246 other) 
2026-10-08 05:27:05,609 54 INFO bench odoo.modules.loading: Loading module resource (19/76) 
2026-10-08 05:27:05,620 54 INFO bench odoo.registry: module resource: creating or updating database tables 
2026-10-08 05:27:05,717 54 INFO bench odoo.modules.loading: loading resource/data/resource_data.xml 
2026-10-08 05:27:05,732 54 INFO bench odoo.modules.loading: loading resource/security/ir.model.access.csv 
2026-10-08 05:27:05,741 54 INFO bench odoo.modules.loading: loading resource/security/resource_security.xml 
2026-10-08 05:27:05,762 54 INFO bench odoo.modules.loading: loading resource/views/resource_resource_views.xml 
2026-10-08 05:27:05,782 54 INFO bench odoo.modules.loading: loading resource/views/resource_calendar_leaves_views.xml 
2026-10-08 05:27:05,805 54 INFO bench odoo.modules.loading: loading resource/views/resource_calendar_attendance_views.xml 
2026-10-08 05:27:05,814 54 INFO bench odoo.modules.loading: loading resource/views/resource_calendar_views.xml 
2026-10-08 05:27:05,833 54 INFO bench odoo.modules.loading: loading resource/views/menuitems.xml 
2026-10-08 05:27:05,858 54 INFO bench odoo.modules.loading: Module resource loaded in 0.25s, 414 queries (+414 other) 
2026-10-08 05:27:05,858 54 INFO bench odoo.modules.loading: Loading module utm (20/76) 
2026-10-08 05:27:05,864 54 INFO bench odoo.registry: module utm: creating or updating database tables 
2026-10-08 05:27:05,939 54 INFO bench odoo.modules.loading: loading utm/data/utm_medium_data.xml 
2026-10-08 05:27:05,959 54 INFO bench odoo.modules.loading: loading utm/data/utm_source_data.xml 
2026-10-08 05:27:05,976 54 INFO bench odoo.modules.loading: loading utm/data/utm_stage_data.xml 
2026-10-08 05:27:05,979 54 INFO bench odoo.modules.loading: loading utm/data/utm_tag_data.xml 
2026-10-08 05:27:05,982 54 INFO bench odoo.modules.loading: loading utm/views/utm_campaign_views.xml 
2026-10-08 05:27:06,010 54 INFO bench odoo.modules.loading: loading utm/views/utm_medium_views.xml 
2026-10-08 05:27:06,024 54 INFO bench odoo.modules.loading: loading utm/views/utm_source_views.xml 
2026-10-08 05:27:06,034 54 INFO bench odoo.modules.loading: loading utm/views/utm_stage_views.xml 
2026-10-08 05:27:06,047 54 INFO bench odoo.modules.loading: loading utm/views/utm_tag_views.xml 
2026-10-08 05:27:06,055 54 INFO bench odoo.modules.loading: loading utm/views/utm_menus.xml 
2026-10-08 05:27:06,073 54 INFO bench odoo.modules.loading: loading utm/security/ir.model.access.csv 
2026-10-08 05:27:06,097 54 INFO bench odoo.modules.loading: Module utm loaded in 0.24s, 410 queries (+410 other) 
2026-10-08 05:27:06,097 54 INFO bench odoo.modules.loading: Loading module barcodes_gs1_nomenclature (21/76) 
2026-10-08 05:27:06,101 54 INFO bench odoo.registry: module barcodes_gs1_nomenclature: creating or updating database tables 
2026-10-08 05:27:06,126 54 INFO bench odoo.modules.loading: loading barcodes_gs1_nomenclature/data/barcodes_gs1_rules.xml 
2026-10-08 05:27:06,172 54 INFO bench odoo.modules.loading: loading barcodes_gs1_nomenclature/views/barcodes_view.xml 
2026-10-08 05:27:06,209 54 INFO bench odoo.modules.loading: Module barcodes_gs1_nomenclature loaded in 0.11s, 197 queries (+197 other) 
2026-10-08 05:27:06,209 54 INFO bench odoo.modules.loading: Loading module mail (22/76) 
2026-10-08 05:27:06,257 54 INFO bench odoo.registry: module mail: creating or updating database tables 
2026-10-08 05:27:06,397 54 INFO bench odoo.models: Prepare computation of ir.actions.server.partner_ids 
2026-10-08 05:27:06,398 54 INFO bench odoo.models: Prepare computation of ir.actions.server.activity_user_id 
2026-10-08 05:27:06,398 54 INFO bench odoo.models: Prepare computation of ir.actions.server.activity_type_id 
2026-10-08 05:27:06,398 54 INFO bench odoo.models: Prepare computation of ir.actions.server.template_id 
2026-10-08 05:27:06,398 54 INFO bench odoo.models: Prepare computation of ir.actions.server.activity_date_deadline_range 
2026-10-08 05:27:06,398 54 INFO bench odoo.models: Prepare computation of ir.actions.server.activity_summary 
2026-10-08 05:27:06,398 54 INFO bench odoo.models: Prepare computation of ir.actions.server.followers_type 
2026-10-08 05:27:06,398 54 INFO bench odoo.models: Prepare computation of ir.actions.server.followers_partner_field_name 
2026-10-08 05:27:06,398 54 INFO bench odoo.models: Prepare computation of ir.actions.server.mail_post_method 
2026-10-08 05:27:06,398 54 INFO bench odoo.models: Prepare computation of ir.actions.server.activity_date_deadline_range_type 
2026-10-08 05:27:06,398 54 INFO bench odoo.models: Prepare computation of ir.actions.server.activity_user_type 
2026-10-08 05:27:06,398 54 INFO bench odoo.models: Prepare computation of ir.actions.server.activity_user_field_name 
2026-10-08 05:27:06,398 54 INFO bench odoo.models: Prepare computation of ir.actions.server.activity_note 
2026-10-08 05:27:06,398 54 INFO bench odoo.models: Prepare computation of ir.actions.server.mail_post_autofollow 
2026-10-08 05:27:06,443 54 INFO bench odoo.models: Prepare computation of res.users.notification_type 
2026-10-08 05:27:06,488 54 INFO bench odoo.models: Prepare computation of res.partner.email_normalized 
2026-10-08 05:27:07,627 54 INFO bench odoo.modules.loading: loading mail/data/mail_groups.xml 
2026-10-08 05:27:07,645 54 INFO bench odoo.modules.loading: loading mail/wizard/mail_activity_schedule_views.xml 
2026-10-08 05:27:07,655 54 INFO bench odoo.modules.loading: loading mail/wizard/mail_blacklist_remove_views.xml 
2026-10-08 05:27:07,661 54 INFO bench odoo.modules.loading: loading mail/wizard/mail_compose_message_views.xml 
2026-10-08 05:27:07,675 54 INFO bench odoo.modules.loading: loading mail/wizard/mail_template_preview_views.xml 
2026-10-08 05:27:07,683 54 INFO bench odoo.modules.loading: loading mail/wizard/mail_followers_edit_views.xml 
2026-10-08 05:27:07,693 54 INFO bench odoo.modules.loading: loading mail/wizard/mail_template_reset_views.xml 
2026-10-08 05:27:07,700 54 INFO bench odoo.modules.loading: loading mail/views/fetchmail_views.xml 
2026-10-08 05:27:07,715 54 INFO bench odoo.modules.loading: loading mail/views/ir_cron_views.xml 
2026-10-08 05:27:07,725 54 INFO bench odoo.modules.loading: loading mail/views/ir_filters_views.xml 
2026-10-08 05:27:07,740 54 INFO bench odoo.modules.loading: loading mail/views/ir_mail_server_views.xml 
2026-10-08 05:27:07,749 54 INFO bench odoo.modules.loading: loading mail/views/mail_message_subtype_views.xml 
2026-10-08 05:27:07,764 54 INFO bench odoo.modules.loading: loading mail/views/mail_tracking_value_views.xml 
2026-10-08 05:27:07,774 54 INFO bench odoo.modules.loading: loading mail/views/mail_notification_views.xml 
2026-10-08 05:27:07,785 54 INFO bench odoo.modules.loading: loading mail/views/mail_message_views.xml 
2026-10-08 05:27:07,810 54 INFO bench odoo.modules.loading: loading mail/views/mail_message_schedule_views.xml 
2026-10-08 05:27:07,825 54 INFO bench odoo.modules.loading: loading mail/views/mail_mail_views.xml 
2026-10-08 05:27:07,845 54 INFO bench odoo.modules.loading: loading mail/views/mail_followers_views.xml 
2026-10-08 05:27:07,856 54 INFO bench odoo.modules.loading: loading mail/views/mail_ice_server_views.xml 
2026-10-08 05:27:07,873 54 INFO bench odoo.modules.loading: loading mail/views/discuss_channel_member_views.xml 
2026-10-08 05:27:07,883 54 INFO bench odoo.modules.loading: loading mail/views/discuss_channel_rtc_session_views.xml 
2026-10-08 05:27:07,895 54 INFO bench odoo.modules.loading: loading mail/views/mail_link_preview_views.xml 
2026-10-08 05:27:07,910 54 INFO bench odoo.modules.loading: loading mail/views/discuss/discuss_gif_favorite_views.xml 
2026-10-08 05:27:07,920 54 INFO bench odoo.modules.loading: loading mail/views/discuss_channel_views.xml 
2026-10-08 05:27:07,947 54 INFO bench odoo.modules.loading: loading mail/views/mail_canned_response_views.xml 
2026-10-08 05:27:07,967 54 INFO bench odoo.modules.loading: loading mail/views/res_role_views.xml 
2026-10-08 05:27:07,984 54 INFO bench odoo.modules.loading: loading mail/views/mail_activity_views.xml 
2026-10-08 05:27:08,069 54 INFO bench odoo.modules.loading: loading mail/views/mail_activity_plan_views.xml 
2026-10-08 05:27:08,101 54 INFO bench odoo.modules.loading: loading mail/views/mail_activity_plan_template_views.xml 
2026-10-08 05:27:08,110 54 INFO bench odoo.modules.loading: loading mail/views/res_config_settings_views.xml 
2026-10-08 05:27:08,129 54 INFO bench odoo.modules.loading: loading mail/data/ir_config_parameter_data.xml 
2026-10-08 05:27:08,135 54 INFO bench odoo.modules.loading: loading mail/data/res_partner_data.xml 
2026-10-08 05:27:08,191 54 INFO bench odoo.modules.loading: loading mail/data/mail_message_subtype_data.xml 
2026-10-08 05:27:08,197 54 INFO bench odoo.modules.loading: loading mail/data/mail_templates_chatter.xml 
2026-10-08 05:27:08,213 54 INFO bench odoo.modules.loading: loading mail/data/mail_templates_email_layouts.xml 
2026-10-08 05:27:08,230 54 INFO bench odoo.modules.loading: loading mail/data/mail_templates_mailgateway.xml 
2026-10-08 05:27:08,247 54 INFO bench odoo.modules.loading: loading mail/data/discuss_channel_data.xml 
2026-10-08 05:27:08,280 54 INFO bench odoo.modules.loading: loading mail/data/mail_activity_type_data.xml 
2026-10-08 05:27:08,291 54 INFO bench odoo.modules.loading: loading mail/data/security_notifications_templates.xml 
2026-10-08 05:27:08,295 54 INFO bench odoo.modules.loading: loading mail/data/ir_cron_data.xml 
2026-10-08 05:27:08,393 54 INFO bench odoo.modules.loading: loading mail/data/ir_actions_client.xml 
2026-10-08 05:27:08,397 54 INFO bench odoo.modules.loading: loading mail/security/mail_security.xml 
2026-10-08 05:27:08,535 54 INFO bench odoo.modules.loading: loading mail/security/ir.model.access.csv 
2026-10-08 05:27:08,572 54 INFO bench odoo.modules.loading: loading mail/views/discuss_public_templates.xml 
2026-10-08 05:27:08,577 54 INFO bench odoo.modules.loading: loading mail/views/mail_alias_domain_views.xml 
2026-10-08 05:27:08,592 54 INFO bench odoo.modules.loading: loading mail/views/mail_alias_views.xml 
2026-10-08 05:27:08,609 54 INFO bench odoo.modules.loading: loading mail/views/mail_gateway_allowed_views.xml 
2026-10-08 05:27:08,621 54 INFO bench odoo.modules.loading: loading mail/views/mail_guest_views.xml 
2026-10-08 05:27:08,633 54 INFO bench odoo.modules.loading: loading mail/views/mail_message_reaction_views.xml 
2026-10-08 05:27:08,644 54 INFO bench odoo.modules.loading: loading mail/views/mail_templates_public.xml 
2026-10-08 05:27:08,652 54 INFO bench odoo.modules.loading: loading mail/views/res_users_views.xml 
2026-10-08 05:27:08,676 54 INFO bench odoo.modules.loading: loading mail/views/res_users_settings_views.xml 
2026-10-08 05:27:08,689 54 INFO bench odoo.modules.loading: loading mail/views/mail_template_views.xml 
2026-10-08 05:27:08,708 54 INFO bench odoo.modules.loading: loading mail/views/ir_actions_server_views.xml 
2026-10-08 05:27:08,723 54 INFO bench odoo.modules.loading: loading mail/views/ir_model_views.xml 
2026-10-08 05:27:08,753 54 INFO bench odoo.modules.loading: loading mail/views/res_partner_views.xml 
2026-10-08 05:27:08,798 54 INFO bench odoo.modules.loading: loading mail/views/mail_blacklist_views.xml 
2026-10-08 05:27:08,813 54 INFO bench odoo.modules.loading: loading mail/views/mail_menus.xml 
2026-10-08 05:27:08,944 54 INFO bench odoo.modules.loading: loading mail/views/discuss/discuss_menus.xml 
2026-10-08 05:27:08,948 54 INFO bench odoo.modules.loading: loading mail/views/discuss/discuss_call_history_views.xml 
2026-10-08 05:27:08,962 54 INFO bench odoo.modules.loading: loading mail/views/res_company_views.xml 
2026-10-08 05:27:08,971 54 INFO bench odoo.modules.loading: loading mail/views/mail_scheduled_message_views.xml 
2026-10-08 05:27:08,978 54 INFO bench odoo.modules.loading: loading mail/data/mail_canned_response_data.xml 
2026-10-08 05:27:08,985 54 INFO bench odoo.modules.loading: loading mail/data/mail_templates_invite.xml 
2026-10-08 05:27:08,995 54 INFO bench odoo.modules.loading: loading mail/data/web_tour_tour.xml 
2026-10-08 05:27:09,038 54 INFO bench odoo.modules.loading: Module mail loaded in 2.83s, 5122 queries (+5123 other) 
2026-10-08 05:27:09,038 54 INFO bench odoo.modules.loading: Loading module analytic (23/76) 
2026-10-08 05:27:09,047 54 INFO bench odoo.registry: module analytic: creating or updating database tables 
2026-10-08 05:27:09,191 54 INFO bench odoo.modules.loading: loading analytic/security/analytic_security.xml 
2026-10-08 05:27:09,207 54 INFO bench odoo.modules.loading: loading analytic/security/ir.model.access.csv 
2026-10-08 05:27:09,218 54 INFO bench odoo.modules.loading: loading analytic/views/analytic_line_views.xml 
2026-10-08 05:27:09,251 54 INFO bench odoo.modules.loading: loading analytic/views/analytic_account_views.xml 
2026-10-08 05:27:09,276 54 INFO bench odoo.modules.loading: loading analytic/views/analytic_plan_views.xml 
2026-10-08 05:27:09,290 54 INFO bench odoo.modules.loading: loading analytic/views/analytic_distribution_model_views.xml 
2026-10-08 05:27:09,301 54 INFO bench odoo.modules.loading: loading analytic/data/analytic_data.xml 
2026-10-08 05:27:09,335 54 INFO bench odoo.modules.loading: Module analytic loaded in 0.30s, 429 queries (+429 other) 
2026-10-08 05:27:09,335 54 INFO bench odoo.modules.loading: Loading module auth_signup (24/76) 
2026-10-08 05:27:09,346 54 INFO bench odoo.registry: module auth_signup: creating or updating database tables 
2026-10-08 05:27:09,391 54 INFO bench odoo.modules.loading: loading auth_signup/data/ir_config_parameter_data.xml 
2026-10-08 05:27:09,395 54 INFO bench odoo.modules.loading: loading auth_signup/data/ir_cron_data.xml 
2026-10-08 05:27:09,414 54 INFO bench odoo.modules.loading: loading auth_signup/data/mail_template_data.xml 
2026-10-08 05:27:09,469 54 INFO bench odoo.modules.loading: loading auth_signup/views/res_config_settings_views.xml 
2026-10-08 05:27:09,482 54 INFO bench odoo.modules.loading: loading auth_signup/views/res_users_views.xml 
2026-10-08 05:27:09,506 54 INFO bench odoo.modules.loading: loading auth_signup/views/auth_signup_login_templates.xml 
2026-10-08 05:27:09,522 54 INFO bench odoo.modules.loading: loading auth_signup/views/auth_signup_templates_email.xml 
2026-10-08 05:27:09,526 54 INFO bench odoo.modules.loading: loading auth_signup/views/webclient_templates.xml 
2026-10-08 05:27:09,550 54 INFO bench odoo.modules.loading: Module auth_signup loaded in 0.22s, 253 queries (+253 other) 
2026-10-08 05:27:09,550 54 INFO bench odoo.modules.loading: Loading module auth_totp_mail (25/76) 
2026-10-08 05:27:09,558 54 INFO bench odoo.registry: module auth_totp_mail: creating or updating database tables 
2026-10-08 05:27:09,588 54 INFO bench odoo.modules.loading: loading auth_totp_mail/data/ir_action_data.xml 
2026-10-08 05:27:09,609 54 INFO bench odoo.modules.loading: loading auth_totp_mail/data/mail_template_data.xml 
2026-10-08 05:27:09,638 54 INFO bench odoo.modules.loading: loading auth_totp_mail/data/security_notifications_template.xml 
2026-10-08 05:27:09,644 54 INFO bench odoo.modules.loading: loading auth_totp_mail/views/res_config_settings_views.xml 
2026-10-08 05:27:09,657 54 INFO bench odoo.modules.loading: loading auth_totp_mail/views/res_users_views.xml 
2026-10-08 05:27:09,672 54 INFO bench odoo.modules.loading: loading auth_totp_mail/views/templates.xml 
2026-10-08 05:27:09,694 54 INFO bench odoo.modules.loading: Module auth_totp_mail loaded in 0.14s, 190 queries (+190 other) 
2026-10-08 05:27:09,694 54 INFO bench odoo.modules.loading: Loading module base_install_request (26/76) 
2026-10-08 05:27:09,700 54 INFO bench odoo.registry: module base_install_request: creating or updating database tables 
2026-10-08 05:27:09,742 54 INFO bench odoo.modules.loading: loading base_install_request/security/ir.model.access.csv 
2026-10-08 05:27:09,750 54 INFO bench odoo.modules.loading: loading base_install_request/wizard/base_module_install_request_views.xml 
2026-10-08 05:27:09,763 54 INFO bench odoo.modules.loading: loading base_install_request/data/mail_template_data.xml 
2026-10-08 05:27:09,768 54 INFO bench odoo.modules.loading: loading base_install_request/data/mail_templates_module_install.xml 
2026-10-08 05:27:09,771 54 INFO bench odoo.modules.loading: loading base_install_request/views/ir_module_module_views.xml 
2026-10-08 05:27:09,794 54 INFO bench odoo.modules.loading: Module base_install_request loaded in 0.10s, 154 queries (+154 other) 
2026-10-08 05:27:09,794 54 INFO bench odoo.modules.loading: Loading module google_gmail (27/76) 
2026-10-08 05:27:09,804 54 INFO bench odoo.registry: module google_gmail: creating or updating database tables 
2026-10-08 05:27:09,846 54 INFO bench odoo.modules.loading: loading google_gmail/views/fetchmail_server_views.xml 
2026-10-08 05:27:09,859 54 INFO bench odoo.modules.loading: loading google_gmail/views/ir_mail_server_views.xml 
2026-10-08 05:27:09,867 54 INFO bench odoo.modules.loading: loading google_gmail/views/res_config_settings_views.xml 
2026-10-08 05:27:09,882 54 INFO bench odoo.modules.loading: loading google_gmail/views/templates.xml 
2026-10-08 05:27:09,895 54 INFO bench odoo.modules.loading: Module google_gmail loaded in 0.10s, 153 queries (+153 other) 
2026-10-08 05:27:09,895 54 INFO bench odoo.modules.loading: Loading module iap_mail (28/76) 
2026-10-08 05:27:09,899 54 INFO bench odoo.registry: module iap_mail: creating or updating database tables 
2026-10-08 05:27:09,924 54 INFO bench odoo.modules.loading: loading iap_mail/data/mail_templates.xml 
2026-10-08 05:27:09,936 54 INFO bench odoo.modules.loading: loading iap_mail/views/iap_views.xml 
2026-10-08 05:27:09,956 54 INFO bench odoo.modules.loading: Module iap_mail loaded in 0.06s, 70 queries (+70 other) 
2026-10-08 05:27:09,956 54 INFO bench odoo.modules.loading: Loading module mail_bot (29/76) 
2026-10-08 05:27:09,963 54 INFO bench odoo.registry: module mail_bot: creating or updating database tables 
2026-10-08 05:27:09,998 54 INFO bench odoo.modules.loading: loading mail_bot/views/res_users_views.xml 
2026-10-08 05:27:10,014 54 INFO bench odoo.modules.loading: loading mail_bot/data/mailbot_data.xml 
2026-10-08 05:27:10,028 54 INFO bench odoo.modules.loading: Module mail_bot loaded in 0.07s, 109 queries (+109 other) 
2026-10-08 05:27:10,028 54 INFO bench odoo.modules.loading: Loading module microsoft_outlook (30/76) 
2026-10-08 05:27:10,037 54 INFO bench odoo.registry: module microsoft_outlook: creating or updating database tables 
2026-10-08 05:27:10,080 54 INFO bench odoo.modules.loading: loading microsoft_outlook/views/fetchmail_server_views.xml 
2026-10-08 05:27:10,094 54 INFO bench odoo.modules.loading: loading microsoft_outlook/views/ir_mail_server_views.xml 
2026-10-08 05:27:10,102 54 INFO bench odoo.modules.loading: loading microsoft_outlook/views/res_config_settings_views.xml 
2026-10-08 05:27:10,119 54 INFO bench odoo.modules.loading: loading microsoft_outlook/views/templates.xml 
2026-10-08 05:27:10,132 54 INFO bench odoo.modules.loading: Module microsoft_outlook loaded in 0.10s, 156 queries (+156 other) 
2026-10-08 05:27:10,132 54 INFO bench odoo.modules.loading: Loading module phone_validation (31/76) 
2026-10-08 05:27:10,196 54 INFO bench odoo.registry: module phone_validation: creating or updating database tables 
2026-10-08 05:27:10,203 54 INFO bench odoo.models: Prepare computation of res.partner.phone_sanitized 
2026-10-08 05:27:10,787 54 INFO bench odoo.modules.loading: loading phone_validation/security/ir.model.access.csv 
2026-10-08 05:27:10,795 54 INFO bench odoo.modules.loading: loading phone_validation/views/phone_blacklist_views.xml 
2026-10-08 05:27:10,819 54 INFO bench odoo.modules.loading: loading phone_validation/views/res_partner_views.xml 
2026-10-08 05:27:10,828 54 INFO bench odoo.modules.loading: loading phone_validation/wizard/phone_blacklist_remove_view.xml 
2026-10-08 05:27:10,847 54 INFO bench odoo.modules.loading: Module phone_validation loaded in 0.71s, 1810 queries (+1810 other) 
2026-10-08 05:27:10,847 54 INFO bench odoo.modules.loading: Loading module privacy_lookup (32/76) 
2026-10-08 05:27:10,859 54 INFO bench odoo.registry: module privacy_lookup: creating or updating database tables 
2026-10-08 05:27:10,936 54 INFO bench odoo.modules.loading: loading privacy_lookup/wizard/privacy_lookup_wizard_views.xml 
2026-10-08 05:27:10,982 54 INFO bench odoo.modules.loading: loading privacy_lookup/views/privacy_log_views.xml 
2026-10-08 05:27:11,000 54 INFO bench odoo.modules.loading: loading privacy_lookup/security/ir.model.access.csv 
2026-10-08 05:27:11,013 54 INFO bench odoo.modules.loading: loading privacy_lookup/data/ir_actions_server_data.xml 
2026-10-08 05:27:11,056 54 INFO bench odoo.modules.loading: Module privacy_lookup loaded in 0.21s, 296 queries (+296 other) 
2026-10-08 05:27:11,056 54 INFO bench odoo.modules.loading: Loading module product (33/76) 
2026-10-08 05:27:11,087 54 INFO bench odoo.registry: module product: creating or updating database tables 
2026-10-08 05:27:11,542 54 INFO bench odoo.modules.loading: loading product/data/product_data.xml 
2026-10-08 05:27:11,569 54 INFO bench odoo.modules.loading: loading product/security/product_security.xml 
2026-10-08 05:27:11,623 54 INFO bench odoo.modules.loading: loading product/security/ir.model.access.csv 
2026-10-08 05:27:11,639 54 INFO bench odoo.modules.loading: loading product/wizard/product_label_layout_views.xml 
2026-10-08 05:27:11,649 54 INFO bench odoo.modules.loading: loading product/wizard/update_product_attribute_value_views.xml 
2026-10-08 05:27:11,654 54 INFO bench odoo.modules.loading: loading product/views/product_tag_views.xml 
2026-10-08 05:27:11,666 54 INFO bench odoo.modules.loading: loading product/views/product_views.xml 
2026-10-08 05:27:11,755 54 INFO bench odoo.modules.loading: loading product/views/res_config_settings_views.xml 
2026-10-08 05:27:11,768 54 INFO bench odoo.modules.loading: loading product/views/product_attribute_views.xml 
2026-10-08 05:27:11,802 54 INFO bench odoo.modules.loading: loading product/views/product_attribute_value_views.xml 
2026-10-08 05:27:11,805 54 INFO bench odoo.modules.loading: loading product/views/product_category_views.xml 
2026-10-08 05:27:11,819 54 INFO bench odoo.modules.loading: loading product/views/product_combo_views.xml 
2026-10-08 05:27:11,831 54 INFO bench odoo.modules.loading: loading product/views/product_document_views.xml 
2026-10-08 05:27:11,848 54 INFO bench odoo.modules.loading: loading product/views/product_pricelist_item_views.xml 
2026-10-08 05:27:11,874 54 INFO bench odoo.modules.loading: loading product/views/product_pricelist_views.xml 
2026-10-08 05:27:11,896 54 INFO bench odoo.modules.loading: loading product/views/product_supplierinfo_views.xml 
2026-10-08 05:27:11,914 54 INFO bench odoo.modules.loading: loading product/views/product_template_attribute_line_views.xml 
2026-10-08 05:27:11,919 54 INFO bench odoo.modules.loading: loading product/views/product_template_views.xml 
2026-10-08 05:27:11,965 54 INFO bench odoo.modules.loading: loading product/views/res_country_group_views.xml 
2026-10-08 05:27:11,974 54 INFO bench odoo.modules.loading: loading product/views/res_partner_views.xml 
2026-10-08 05:27:11,984 54 INFO bench odoo.modules.loading: loading product/views/uom_views.xml 
2026-10-08 05:27:11,995 54 INFO bench odoo.modules.loading: loading product/report/product_reports.xml 
2026-10-08 05:27:12,014 54 INFO bench odoo.modules.loading: loading product/report/product_product_templates.xml 
2026-10-08 05:27:12,037 54 INFO bench odoo.modules.loading: loading product/report/product_template_templates.xml 
2026-10-08 05:27:12,053 54 INFO bench odoo.modules.loading: loading product/report/product_packaging.xml 
2026-10-08 05:27:12,057 54 INFO bench odoo.modules.loading: loading product/report/product_pricelist_report_templates.xml 
2026-10-08 05:27:12,094 54 INFO bench odoo.modules.loading: Module product loaded in 1.04s, 1645 queries (+1645 other) 
2026-10-08 05:27:12,094 54 INFO bench odoo.modules.loading: Loading module resource_mail (34/76) 
2026-10-08 05:27:12,101 54 INFO bench odoo.registry: module resource_mail: creating or updating database tables 
2026-10-08 05:27:12,134 54 INFO bench odoo.modules.loading: Module resource_mail loaded in 0.04s, 36 queries (+36 other) 
2026-10-08 05:27:12,134 54 INFO bench odoo.modules.loading: Loading module sales_team (35/76) 
2026-10-08 05:27:12,143 54 INFO bench odoo.registry: module sales_team: creating or updating database tables 
2026-10-08 05:27:12,154 54 INFO bench odoo.models: Prepare computation of res.users.sale_team_id 
2026-10-08 05:27:12,225 54 INFO bench odoo.modules.loading: loading sales_team/security/sales_team_security.xml 
2026-10-08 05:27:12,264 54 INFO bench odoo.modules.loading: loading sales_team/security/ir.model.access.csv 
2026-10-08 05:27:12,271 54 INFO bench odoo.modules.loading: loading sales_team/data/crm_team_data.xml 
2026-10-08 05:27:12,300 54 INFO bench odoo.modules.loading: loading sales_team/views/crm_tag_views.xml 
2026-10-08 05:27:12,318 54 INFO bench odoo.modules.loading: loading sales_team/views/crm_team_views.xml 
2026-10-08 05:27:12,347 54 INFO bench odoo.modules.loading: loading sales_team/views/crm_team_member_views.xml 
2026-10-08 05:27:12,376 54 INFO bench odoo.modules.loading: loading sales_team/views/mail_activity_views.xml 
2026-10-08 05:27:12,389 54 INFO bench odoo.modules.loading: Module sales_team loaded in 0.25s, 365 queries (+365 other) 
2026-10-08 05:27:12,389 54 INFO bench odoo.modules.loading: Loading module partner_autocomplete (36/76) 
2026-10-08 05:27:12,405 54 INFO bench odoo.registry: module partner_autocomplete: creating or updating database tables 
2026-10-08 05:27:12,460 54 INFO bench odoo.modules.loading: loading partner_autocomplete/views/res_company_views.xml 
2026-10-08 05:27:12,474 54 INFO bench odoo.modules.loading: loading partner_autocomplete/views/res_config_settings_views.xml 
2026-10-08 05:27:12,487 54 INFO bench odoo.modules.loading: loading partner_autocomplete/data/iap_service_data.xml 
2026-10-08 05:27:12,499 54 INFO bench odoo.modules.loading: Module partner_autocomplete loaded in 0.11s, 144 queries (+144 other) 
2026-10-08 05:27:12,500 54 INFO bench odoo.modules.loading: Loading module portal (37/76) 
2026-10-08 05:27:12,527 54 INFO bench odoo.registry: module portal: creating or updating database tables 
2026-10-08 05:27:12,692 54 INFO bench odoo.modules.loading: loading portal/security/ir.model.access.csv 
2026-10-08 05:27:12,698 54 INFO bench odoo.modules.loading: loading portal/data/mail_templates.xml 
2026-10-08 05:27:12,703 54 INFO bench odoo.modules.loading: loading portal/views/address_templates.xml 
2026-10-08 05:27:12,728 54 INFO bench odoo.modules.loading: loading portal/views/mail_templates_public.xml 
2026-10-08 05:27:12,734 54 INFO bench odoo.modules.loading: loading portal/views/portal_templates.xml 
2026-10-08 05:27:12,825 54 INFO bench odoo.modules.loading: loading portal/views/res_config_settings_views.xml 
2026-10-08 05:27:12,842 54 INFO bench odoo.modules.loading: loading portal/wizard/portal_share_views.xml 
2026-10-08 05:27:12,851 54 INFO bench odoo.modules.loading: loading portal/wizard/portal_wizard_views.xml 
2026-10-08 05:27:12,897 54 INFO bench odoo.modules.loading: Module portal loaded in 0.40s, 614 queries (+614 other) 
2026-10-08 05:27:12,898 54 INFO bench odoo.modules.loading: Loading module sms (38/76) 
2026-10-08 05:27:12,973 54 INFO bench odoo.registry: module sms: creating or updating database tables 
2026-10-08 05:27:12,981 54 INFO bench odoo.models: Prepare computation of ir.actions.server.sms_template_id 
2026-10-08 05:27:12,981 54 INFO bench odoo.models: Prepare computation of ir.actions.server.sms_method 
2026-10-08 05:27:13,760 54 INFO bench odoo.modules.loading: loading sms/data/iap_service_data.xml 
2026-10-08 05:27:13,764 54 INFO bench odoo.modules.loading: loading sms/data/ir_cron_data.xml 
2026-10-08 05:27:13,784 54 INFO bench odoo.modules.loading: loading sms/wizard/sms_account_code_views.xml 
2026-10-08 05:27:13,794 54 INFO bench odoo.modules.loading: loading sms/wizard/sms_account_phone_views.xml 
2026-10-08 05:27:13,799 54 INFO bench odoo.modules.loading: loading sms/wizard/sms_account_sender_views.xml 
2026-10-08 05:27:13,805 54 INFO bench odoo.modules.loading: loading sms/wizard/sms_composer_views.xml 
2026-10-08 05:27:13,814 54 INFO bench odoo.modules.loading: loading sms/wizard/sms_template_preview_views.xml 
2026-10-08 05:27:13,821 54 INFO bench odoo.modules.loading: loading sms/wizard/sms_template_reset_views.xml 
2026-10-08 05:27:13,829 54 INFO bench odoo.modules.loading: loading sms/views/ir_actions_server_views.xml 
2026-10-08 05:27:13,841 54 INFO bench odoo.modules.loading: loading sms/views/mail_notification_views.xml 
2026-10-08 05:27:13,855 54 INFO bench odoo.modules.loading: loading sms/views/res_config_settings_views.xml 
2026-10-08 05:27:13,866 54 INFO bench odoo.modules.loading: loading sms/views/res_partner_views.xml 
2026-10-08 05:27:13,880 54 INFO bench odoo.modules.loading: loading sms/views/iap_account_views.xml 
2026-10-08 05:27:13,889 54 INFO bench odoo.modules.loading: loading sms/views/sms_sms_views.xml 
2026-10-08 05:27:13,911 54 INFO bench odoo.modules.loading: loading sms/views/sms_template_views.xml 
2026-10-08 05:27:13,929 54 INFO bench odoo.modules.loading: loading sms/security/ir.model.access.csv 
2026-10-08 05:27:13,950 54 INFO bench odoo.modules.loading: loading sms/security/sms_security.xml 
2026-10-08 05:27:13,971 54 INFO bench odoo.modules.loading: Module sms loaded in 1.07s, 2440 queries (+2440 other) 
2026-10-08 05:27:13,971 54 INFO bench odoo.modules.loading: Loading module snailmail (39/76) 
2026-10-08 05:27:14,042 54 INFO bench odoo.registry: module snailmail: creating or updating database tables 
2026-10-08 05:27:14,216 54 INFO bench odoo.modules.loading: loading snailmail/data/iap_service_data.xml 
2026-10-08 05:27:14,219 54 INFO bench odoo.modules.loading: loading snailmail/data/snailmail_data.xml 
2026-10-08 05:27:14,240 54 INFO bench odoo.modules.loading: loading snailmail/views/report_assets.xml 
2026-10-08 05:27:14,251 54 INFO bench odoo.modules.loading: loading snailmail/views/snailmail_views.xml 
2026-10-08 05:27:14,267 54 INFO bench odoo.modules.loading: loading snailmail/security/ir.model.access.csv 
2026-10-08 05:27:14,294 54 INFO bench odoo.modules.loading: Module snailmail loaded in 0.32s, 480 queries (+480 other) 
2026-10-08 05:27:14,294 54 INFO bench odoo.modules.loading: Loading module auth_passkey_portal (40/76) 
2026-10-08 05:27:14,303 54 INFO bench odoo.modules.loading: loading auth_passkey_portal/views/templates.xml 
2026-10-08 05:27:14,329 54 INFO bench odoo.modules.loading: Module auth_passkey_portal loaded in 0.03s, 22 queries (+22 other) 
2026-10-08 05:27:14,329 54 INFO bench odoo.modules.loading: Loading module auth_totp_portal (41/76) 
2026-10-08 05:27:14,337 54 INFO bench odoo.registry: module auth_totp_portal: creating or updating database tables 
2026-10-08 05:27:14,357 54 INFO bench odoo.modules.loading: loading auth_totp_portal/security/security.xml 
2026-10-08 05:27:14,367 54 INFO bench odoo.modules.loading: loading auth_totp_portal/views/templates.xml 
2026-10-08 05:27:14,387 54 INFO bench odoo.modules.loading: Module auth_totp_portal loaded in 0.06s, 70 queries (+70 other) 
2026-10-08 05:27:14,387 54 INFO bench odoo.modules.loading: Loading module digest (42/76) 
2026-10-08 05:27:14,397 54 INFO bench odoo.registry: module digest: creating or updating database tables 
2026-10-08 05:27:14,467 54 INFO bench odoo.modules.loading: loading digest/security/ir.model.access.csv 
2026-10-08 05:27:14,475 54 INFO bench odoo.modules.loading: loading digest/data/digest_data.xml 
2026-10-08 05:27:14,490 54 INFO bench odoo.modules.loading: loading digest/data/digest_tips_data.xml 
2026-10-08 05:27:14,504 54 INFO bench odoo.modules.loading: loading digest/data/ir_cron_data.xml 
2026-10-08 05:27:14,523 54 INFO bench odoo.modules.loading: loading digest/data/res_config_settings_data.xml 
2026-10-08 05:27:14,527 54 INFO bench odoo.modules.loading: loading digest/views/digest_views.xml 
2026-10-08 05:27:14,567 54 INFO bench odoo.modules.loading: loading digest/views/digest_templates.xml 
2026-10-08 05:27:14,571 54 INFO bench odoo.modules.loading: loading digest/views/res_config_settings_views.xml 
2026-10-08 05:27:14,603 54 INFO bench odoo.modules.loading: Module digest loaded in 0.22s, 326 queries (+326 other) 
2026-10-08 05:27:14,603 54 INFO bench odoo.modules.loading: Loading module payment (43/76) 
2026-10-08 05:27:14,626 54 INFO bench odoo.registry: module payment: creating or updating database tables 
2026-10-08 05:27:14,839 54 INFO bench odoo.modules.loading: loading payment/data/ir_actions_server_data.xml 
2026-10-08 05:27:14,855 54 INFO bench odoo.modules.loading: loading payment/data/payment_method_data.xml 
2026-10-08 05:27:16,261 54 INFO bench odoo.modules.loading: loading payment/data/payment_provider_data.xml 
2026-10-08 05:27:16,418 54 INFO bench odoo.modules.loading: loading payment/data/payment_cron.xml 
2026-10-08 05:27:16,433 54 INFO bench odoo.modules.loading: loading payment/views/express_checkout_templates.xml 
2026-10-08 05:27:16,438 54 INFO bench odoo.modules.loading: loading payment/views/payment_form_templates.xml 
2026-10-08 05:27:16,472 54 INFO bench odoo.modules.loading: loading payment/views/portal_templates.xml 
2026-10-08 05:27:16,506 54 INFO bench odoo.modules.loading: loading payment/views/payment_provider_views.xml 
2026-10-08 05:27:16,533 54 INFO bench odoo.modules.loading: loading payment/views/payment_method_views.xml 
2026-10-08 05:27:16,552 54 INFO bench odoo.modules.loading: loading payment/views/payment_transaction_views.xml 
2026-10-08 05:27:16,581 54 INFO bench odoo.modules.loading: loading payment/views/payment_token_views.xml 
2026-10-08 05:27:16,597 54 INFO bench odoo.modules.loading: loading payment/views/res_partner_views.xml 
2026-10-08 05:27:16,607 54 INFO bench odoo.modules.loading: loading payment/security/ir.model.access.csv 
2026-10-08 05:27:17,109 54 INFO bench odoo.modules.loading: loading payment/security/payment_security.xml 
2026-10-08 05:27:17,130 54 INFO bench odoo.modules.loading: loading payment/wizards/payment_capture_wizard_views.xml 
2026-10-08 05:27:17,137 54 INFO bench odoo.modules.loading: loading payment/wizards/payment_link_wizard_views.xml 
2026-10-08 05:27:17,161 54 INFO bench odoo.modules.loading: Module payment loaded in 2.56s, 2517 queries (+2517 other) 
2026-10-08 05:27:17,161 54 INFO bench odoo.modules.loading: Loading module spreadsheet (44/76) 
2026-10-08 05:27:17,170 54 INFO bench odoo.registry: module spreadsheet: creating or updating database tables 
2026-10-08 05:27:17,214 54 INFO bench odoo.modules.loading: loading spreadsheet/views/public_readonly_spreadsheet_templates.xml 
2026-10-08 05:27:17,235 54 INFO bench odoo.modules.loading: Module spreadsheet loaded in 0.07s, 93 queries (+93 other) 
2026-10-08 05:27:17,235 54 INFO bench odoo.modules.loading: Loading module account (45/76) 
2026-10-08 05:27:17,328 54 INFO bench odoo.registry: module account: creating or updating database tables 
2026-10-08 05:27:17,433 54 INFO bench odoo.models: Prepare computation of res.company.domestic_fiscal_position_id 
2026-10-08 05:27:17,433 54 INFO bench odoo.models: Prepare computation of res.company.account_fiscal_country_id 
2026-10-08 05:27:17,433 54 INFO bench odoo.models: Prepare computation of res.company.invoice_terms_html 
2026-10-08 05:27:17,433 54 INFO bench odoo.models: Prepare computation of res.company.account_storno 
2026-10-08 05:27:18,826 54 INFO bench odoo.modules.loading: loading account/security/account_security.xml 
2026-10-08 05:27:18,995 54 INFO bench odoo.modules.loading: loading account/security/ir.model.access.csv 
2026-10-08 05:27:19,031 54 INFO bench odoo.modules.loading: loading account/data/account_data.xml 
2026-10-08 05:27:19,097 54 INFO bench odoo.modules.loading: loading account/data/digest_data.xml 
2026-10-08 05:27:19,104 54 INFO bench odoo.modules.loading: loading account/views/account_report.xml 
2026-10-08 05:27:19,119 54 INFO bench odoo.modules.loading: loading account/data/mail_template_data.xml 
2026-10-08 05:27:19,152 54 INFO bench odoo.modules.loading: loading account/data/onboarding_data.xml 
2026-10-08 05:27:19,174 54 INFO bench odoo.modules.loading: loading account/data/account_tour.xml 
2026-10-08 05:27:19,178 54 INFO bench odoo.modules.loading: loading account/data/ir_sequence.xml 
2026-10-08 05:27:19,182 54 INFO bench odoo.modules.loading: loading account/data/res_country_group.xml 
2026-10-08 05:27:19,194 54 INFO bench odoo.modules.loading: loading account/views/account_payment_view.xml 
2026-10-08 05:27:19,253 54 INFO bench odoo.modules.loading: loading account/wizard/account_automatic_entry_wizard_views.xml 
2026-10-08 05:27:19,263 54 INFO bench odoo.modules.loading: loading account/wizard/account_autopost_bills_wizard.xml 
2026-10-08 05:27:19,270 54 INFO bench odoo.modules.loading: loading account/wizard/account_unreconcile_view.xml 
2026-10-08 05:27:19,279 54 INFO bench odoo.modules.loading: loading account/wizard/account_move_reversal_view.xml 
2026-10-08 05:27:19,289 54 INFO bench odoo.modules.loading: loading account/wizard/account_resequence_views.xml 
2026-10-08 05:27:19,299 54 INFO bench odoo.modules.loading: loading account/wizard/account_payment_register_views.xml 
2026-10-08 05:27:19,309 54 INFO bench odoo.modules.loading: loading account/views/account_move_views.xml 
2026-10-08 05:27:19,730 54 INFO bench odoo.modules.loading: loading account/wizard/setup_wizards_view.xml 
2026-10-08 05:27:19,748 54 INFO bench odoo.modules.loading: loading account/views/account_account_views.xml 
2026-10-08 05:27:19,775 54 INFO bench odoo.modules.loading: loading account/views/account_group_views.xml 
2026-10-08 05:27:19,789 54 INFO bench odoo.modules.loading: loading account/views/account_journal_views.xml 
2026-10-08 05:27:19,827 54 INFO bench odoo.modules.loading: loading account/views/account_account_tag_views.xml 
2026-10-08 05:27:19,839 54 INFO bench odoo.modules.loading: loading account/views/account_bank_statement_views.xml 
2026-10-08 05:27:19,865 54 INFO bench odoo.modules.loading: loading account/views/account_reconcile_model_views.xml 
2026-10-08 05:27:19,884 54 INFO bench odoo.modules.loading: loading account/views/account_tax_views.xml 
2026-10-08 05:27:19,938 54 INFO bench odoo.modules.loading: loading account/views/account_full_reconcile_views.xml 
2026-10-08 05:27:19,944 54 INFO bench odoo.modules.loading: loading account/views/account_payment_term_views.xml 
2026-10-08 05:27:19,964 54 INFO bench odoo.modules.loading: loading account/views/account_payment_method.xml 
2026-10-08 05:27:19,972 54 INFO bench odoo.modules.loading: loading account/views/res_partner_bank_views.xml 
2026-10-08 05:27:19,990 54 INFO bench odoo.modules.loading: loading account/views/report_statement.xml 
2026-10-08 05:27:20,001 54 INFO bench odoo.modules.loading: loading account/views/terms_template.xml 
2026-10-08 05:27:20,013 54 INFO bench odoo.modules.loading: loading account/wizard/account_validate_move_view.xml 
2026-10-08 05:27:20,028 54 INFO bench odoo.modules.loading: loading account/views/res_company_views.xml 
2026-10-08 05:27:20,050 54 INFO bench odoo.modules.loading: loading account/views/product_view.xml 
2026-10-08 05:27:20,094 54 INFO bench odoo.modules.loading: loading account/views/account_analytic_plan_views.xml 
2026-10-08 05:27:20,103 54 INFO bench odoo.modules.loading: loading account/views/account_analytic_account_views.xml 
2026-10-08 05:27:20,119 54 INFO bench odoo.modules.loading: loading account/views/account_analytic_distribution_model_views.xml 
2026-10-08 05:27:20,134 54 INFO bench odoo.modules.loading: loading account/views/account_analytic_line_views.xml 
2026-10-08 05:27:20,163 54 INFO bench odoo.modules.loading: loading account/views/report_invoice.xml 
2026-10-08 05:27:20,195 54 INFO bench odoo.modules.loading: loading account/report/account_invoice_report_view.xml 
2026-10-08 05:27:20,230 54 INFO bench odoo.modules.loading: loading account/views/account_cash_rounding_view.xml 
2026-10-08 05:27:20,243 54 INFO bench odoo.modules.loading: loading account/views/ir_actions_views.xml 
2026-10-08 05:27:20,250 54 INFO bench odoo.modules.loading: loading account/views/ir_module_views.xml 
2026-10-08 05:27:20,258 54 INFO bench odoo.modules.loading: loading account/views/base_document_layout_views.xml 
2026-10-08 05:27:20,266 54 INFO bench odoo.modules.loading: loading account/views/res_config_settings_views.xml 
2026-10-08 05:27:20,303 54 INFO bench odoo.modules.loading: loading account/views/partner_view.xml 
2026-10-08 05:27:20,361 54 INFO bench odoo.modules.loading: loading account/views/account_journal_dashboard_view.xml 
2026-10-08 05:27:20,375 54 INFO bench odoo.modules.loading: loading account/views/account_portal_templates.xml 
2026-10-08 05:27:20,416 54 INFO bench odoo.modules.loading: loading account/views/report_payment_receipt_templates.xml 
2026-10-08 05:27:20,424 54 INFO bench odoo.modules.loading: loading account/data/service_cron.xml 
2026-10-08 05:27:20,449 54 INFO bench odoo.modules.loading: loading account/views/account_incoterms_view.xml 
2026-10-08 05:27:20,464 54 INFO bench odoo.modules.loading: loading account/data/account_incoterms_data.xml 
2026-10-08 05:27:20,479 54 INFO bench odoo.modules.loading: loading account/views/digest_views.xml 
2026-10-08 05:27:20,489 54 INFO bench odoo.modules.loading: loading account/wizard/account_move_send_wizard.xml 
2026-10-08 05:27:20,497 54 INFO bench odoo.modules.loading: loading account/wizard/account_move_send_batch_wizard.xml 
2026-10-08 05:27:20,504 54 INFO bench odoo.modules.loading: loading account/report/account_hash_integrity_templates.xml 
2026-10-08 05:27:20,509 54 INFO bench odoo.modules.loading: loading account/views/res_currency.xml 
2026-10-08 05:27:20,520 54 INFO bench odoo.modules.loading: loading account/views/res_country_group_view.xml 
2026-10-08 05:27:20,530 54 INFO bench odoo.modules.loading: loading account/views/account_menuitem.xml 
2026-10-08 05:27:20,668 54 INFO bench odoo.modules.loading: loading account/wizard/account_secure_entries_wizard.xml 
2026-10-08 05:27:20,680 54 INFO bench odoo.modules.loading: loading account/views/mail_message_views.xml 
2026-10-08 05:27:20,696 54 INFO bench odoo.modules.loading: loading account/wizard/accrued_orders.xml 
2026-10-08 05:27:20,702 54 INFO bench odoo.modules.loading: loading account/views/bill_preview_template.xml 
2026-10-08 05:27:20,710 54 INFO bench odoo.modules.loading: loading account/data/account_reports_data.xml 
2026-10-08 05:27:20,745 54 INFO bench odoo.modules.loading: loading account/views/uom_uom_views.xml 
2026-10-08 05:27:20,755 54 INFO bench odoo.modules.loading: loading account/views/product_views.xml 
2026-10-08 05:27:20,768 54 INFO bench odoo.modules.loading: loading account/views/tests_shared_js_python.xml 
2026-10-08 05:27:20,771 54 INFO bench odoo.modules.loading: loading account/views/account_lock_exception_views.xml 
2026-10-08 05:27:20,779 54 INFO bench odoo.modules.loading: loading account/views/report_templates.xml 
2026-10-08 05:27:20,797 54 INFO bench odoo.modules.loading: loading account/wizard/account_merge_wizard_views.xml 
2026-10-08 05:27:20,808 54 INFO bench odoo.modules.loading: loading account/data/ir_config_parameter_data.xml 
2026-10-08 05:27:20,914 54 INFO bench odoo.modules.loading: Module account loaded in 3.68s, 5829 queries (+5829 other) 
2026-10-08 05:27:20,914 54 INFO bench odoo.modules.loading: Loading module payment_custom (46/76) 
2026-10-08 05:27:20,922 54 INFO bench odoo.registry: module payment_custom: creating or updating database tables 
2026-10-08 05:27:20,963 54 INFO bench odoo.modules.loading: loading payment_custom/views/payment_custom_templates.xml 
2026-10-08 05:27:20,986 54 INFO bench odoo.modules.loading: loading payment_custom/views/payment_provider_views.xml 
2026-10-08 05:27:21,004 54 INFO bench odoo.modules.loading: loading payment_custom/data/payment_method_data.xml 
2026-10-08 05:27:21,013 54 INFO bench odoo.modules.loading: loading payment_custom/data/payment_provider_data.xml 
2026-10-08 05:27:21,037 54 INFO bench odoo.modules.loading: Module payment_custom loaded in 0.12s, 137 queries (+137 other) 
2026-10-08 05:27:21,037 54 INFO bench odoo.modules.loading: Loading module spreadsheet_dashboard (47/76) 
2026-10-08 05:27:21,045 54 INFO bench odoo.registry: module spreadsheet_dashboard: creating or updating database tables 
2026-10-08 05:27:21,127 54 INFO bench odoo.modules.loading: loading spreadsheet_dashboard/security/security.xml 
2026-10-08 05:27:21,167 54 INFO bench odoo.modules.loading: loading spreadsheet_dashboard/security/ir.model.access.csv 
2026-10-08 05:27:21,175 54 INFO bench odoo.modules.loading: loading spreadsheet_dashboard/views/spreadsheet_dashboard_views.xml 
2026-10-08 05:27:21,195 54 INFO bench odoo.modules.loading: loading spreadsheet_dashboard/views/menu_views.xml 
2026-10-08 05:27:21,214 54 INFO bench odoo.modules.loading: loading spreadsheet_dashboard/data/dashboard.xml 
2026-10-08 05:27:21,236 54 INFO bench odoo.modules.loading: Module spreadsheet_dashboard loaded in 0.20s, 313 queries (+313 other) 
2026-10-08 05:27:21,236 54 INFO bench odoo.modules.loading: Loading module stock (48/76) 
2026-10-08 05:27:21,304 54 INFO bench odoo.registry: module stock: creating or updating database tables 
2026-10-08 05:27:22,492 54 INFO bench odoo.modules.loading: loading stock/security/stock_security.xml 
2026-10-08 05:27:22,596 54 INFO bench odoo.modules.loading: loading stock/security/ir.model.access.csv 
2026-10-08 05:27:22,625 54 INFO bench odoo.modules.loading: loading stock/data/digest_data.xml 
2026-10-08 05:27:22,630 54 INFO bench odoo.modules.loading: loading stock/data/mail_templates.xml 
2026-10-08 05:27:22,637 54 INFO bench odoo.modules.loading: loading stock/data/default_barcode_patterns.xml 
2026-10-08 05:27:22,645 54 INFO bench odoo.modules.loading: loading stock/data/stock_data.xml 
2026-10-08 05:27:22,801 54 INFO bench odoo.modules.loading: loading stock/data/stock_sequence_data.xml 
2026-10-08 05:27:22,830 54 INFO bench odoo.modules.loading: loading stock/data/stock_traceability_report_data.xml 
2026-10-08 05:27:22,833 54 INFO bench odoo.modules.loading: loading stock/report/report_stock_quantity.xml 
2026-10-08 05:27:22,840 54 INFO bench odoo.modules.loading: loading stock/report/report_stock_reception.xml 
2026-10-08 05:27:22,857 54 INFO bench odoo.modules.loading: loading stock/report/stock_report_views.xml 
2026-10-08 05:27:22,899 54 INFO bench odoo.modules.loading: loading stock/report/report_package_barcode.xml 
2026-10-08 05:27:22,922 54 INFO bench odoo.modules.loading: loading stock/report/report_lot_barcode.xml 
2026-10-08 05:27:22,926 54 INFO bench odoo.modules.loading: loading stock/report/report_location_barcode.xml 
2026-10-08 05:27:22,935 54 INFO bench odoo.modules.loading: loading stock/report/report_stockpicking_operations.xml 
2026-10-08 05:27:22,947 54 INFO bench odoo.modules.loading: loading stock/report/report_deliveryslip.xml 
2026-10-08 05:27:22,973 54 INFO bench odoo.modules.loading: loading stock/report/report_stockinventory.xml 
2026-10-08 05:27:22,978 54 INFO bench odoo.modules.loading: loading stock/report/report_stock_rule.xml 
2026-10-08 05:27:23,002 54 INFO bench odoo.modules.loading: loading stock/report/package_templates.xml 
2026-10-08 05:27:23,011 54 INFO bench odoo.modules.loading: loading stock/report/packaging_barcode.xml 
2026-10-08 05:27:23,015 54 INFO bench odoo.modules.loading: loading stock/report/picking_templates.xml 
2026-10-08 05:27:23,028 54 INFO bench odoo.modules.loading: loading stock/report/product_templates.xml 
2026-10-08 05:27:23,050 54 INFO bench odoo.modules.loading: loading stock/report/report_return_slip.xml 
2026-10-08 05:27:23,060 54 INFO bench odoo.modules.loading: loading stock/data/mail_template_data.xml 
2026-10-08 05:27:23,068 54 INFO bench odoo.modules.loading: loading stock/views/stock_menu_views.xml 
2026-10-08 05:27:23,115 54 INFO bench odoo.modules.loading: loading stock/wizard/stock_picking_return_views.xml 
2026-10-08 05:27:23,125 54 INFO bench odoo.modules.loading: loading stock/wizard/stock_inventory_conflict.xml 
2026-10-08 05:27:23,135 54 INFO bench odoo.modules.loading: loading stock/wizard/stock_backorder_confirmation_views.xml 
2026-10-08 05:27:23,143 54 INFO bench odoo.modules.loading: loading stock/wizard/stock_quantity_history.xml 
2026-10-08 05:27:23,150 54 INFO bench odoo.modules.loading: loading stock/wizard/stock_request_count.xml 
2026-10-08 05:27:23,160 54 INFO bench odoo.modules.loading: loading stock/wizard/stock_replenishment_info.xml 
2026-10-08 05:27:23,179 54 INFO bench odoo.modules.loading: loading stock/wizard/stock_rules_report_views.xml 
2026-10-08 05:27:23,188 54 INFO bench odoo.modules.loading: loading stock/wizard/stock_warn_insufficient_qty_views.xml 
2026-10-08 05:27:23,202 54 INFO bench odoo.modules.loading: loading stock/wizard/product_replenish_views.xml 
2026-10-08 05:27:23,211 54 INFO bench odoo.modules.loading: loading stock/wizard/product_label_layout_views.xml 
2026-10-08 05:27:23,229 54 INFO bench odoo.modules.loading: loading stock/wizard/stock_orderpoint_snooze_views.xml 
2026-10-08 05:27:23,240 54 INFO bench odoo.modules.loading: loading stock/wizard/stock_package_destination_views.xml 
2026-10-08 05:27:23,253 54 INFO bench odoo.modules.loading: loading stock/wizard/stock_inventory_adjustment_name.xml 
2026-10-08 05:27:23,261 54 INFO bench odoo.modules.loading: loading stock/wizard/stock_inventory_warning.xml 
2026-10-08 05:27:23,271 54 INFO bench odoo.modules.loading: loading stock/wizard/stock_label_type.xml 
2026-10-08 05:27:23,277 54 INFO bench odoo.modules.loading: loading stock/wizard/stock_lot_label_layout.xml 
2026-10-08 05:27:23,284 54 INFO bench odoo.modules.loading: loading stock/wizard/stock_quant_relocate.xml 
2026-10-08 05:27:23,291 54 INFO bench odoo.modules.loading: loading stock/wizard/stock_put_in_pack_views.xml 
2026-10-08 05:27:23,301 54 INFO bench odoo.modules.loading: loading stock/views/res_partner_views.xml 
2026-10-08 05:27:23,324 54 INFO bench odoo.modules.loading: loading stock/views/product_strategy_views.xml 
2026-10-08 05:27:23,353 54 INFO bench odoo.modules.loading: loading stock/views/stock_lot_views.xml 
2026-10-08 05:27:23,385 54 INFO bench odoo.modules.loading: loading stock/views/stock_scrap_views.xml 
2026-10-08 05:27:23,415 54 INFO bench odoo.modules.loading: loading stock/views/stock_quant_views.xml 
2026-10-08 05:27:23,639 54 INFO bench odoo.modules.loading: loading stock/views/stock_warehouse_views.xml 
2026-10-08 05:27:23,658 54 INFO bench odoo.modules.loading: loading stock/views/stock_move_line_views.xml 
2026-10-08 05:27:23,706 54 INFO bench odoo.modules.loading: loading stock/views/stock_move_views.xml 
2026-10-08 05:27:23,778 54 INFO bench odoo.modules.loading: loading stock/views/stock_picking_views.xml 
2026-10-08 05:27:23,948 54 INFO bench odoo.modules.loading: loading stock/views/stock_picking_type_views.xml 
2026-10-08 05:27:23,982 54 INFO bench odoo.modules.loading: loading stock/views/product_views.xml 
2026-10-08 05:27:24,148 54 INFO bench odoo.modules.loading: loading stock/views/stock_location_views.xml 
2026-10-08 05:27:24,211 54 INFO bench odoo.modules.loading: loading stock/views/stock_orderpoint_views.xml 
2026-10-08 05:27:24,269 54 INFO bench odoo.modules.loading: loading stock/views/stock_storage_category_views.xml 
2026-10-08 05:27:24,295 54 INFO bench odoo.modules.loading: loading stock/views/res_config_settings_views.xml 
2026-10-08 05:27:24,330 54 INFO bench odoo.modules.loading: loading stock/views/report_stock_traceability.xml 
2026-10-08 05:27:24,340 54 INFO bench odoo.modules.loading: loading stock/views/stock_template.xml 
2026-10-08 05:27:24,349 54 INFO bench odoo.modules.loading: loading stock/views/stock_rule_views.xml 
2026-10-08 05:27:24,380 54 INFO bench odoo.modules.loading: loading stock/views/stock_package_history_views.xml 
2026-10-08 05:27:24,391 54 INFO bench odoo.modules.loading: loading stock/views/stock_package_type_view.xml 
2026-10-08 05:27:24,415 54 INFO bench odoo.modules.loading: loading stock/views/stock_package_views.xml 
2026-10-08 05:27:24,451 54 INFO bench odoo.modules.loading: loading stock/views/stock_forecasted.xml 
2026-10-08 05:27:24,456 54 INFO bench odoo.modules.loading: loading stock/views/stock_reference_views.xml 
2026-10-08 05:27:24,476 54 INFO bench odoo.modules.loading: loading stock/views/uom_uom_views.xml 
2026-10-08 05:27:24,573 54 INFO bench odoo.modules.loading: Module stock loaded in 3.34s, 5092 queries (+5092 other) 
2026-10-08 05:27:24,573 54 INFO bench odoo.modules.loading: Loading module account_add_gln (49/76) 
2026-10-08 05:27:24,590 54 INFO bench odoo.registry: module account_add_gln: creating or updating database tables 
2026-10-08 05:27:24,657 54 INFO bench odoo.modules.loading: loading account_add_gln/views/res_partner_views.xml 
2026-10-08 05:27:24,691 54 INFO bench odoo.modules.loading: Module account_add_gln loaded in 0.12s, 105 queries (+105 other) 
2026-10-08 05:27:24,692 54 INFO bench odoo.modules.loading: Loading module account_edi_ubl_cii (50/76) 
2026-10-08 05:27:24,727 54 INFO bench odoo.registry: module account_edi_ubl_cii: creating or updating database tables 
2026-10-08 05:27:24,752 54 INFO bench odoo.models: Prepare computation of res.partner.peppol_endpoint 
2026-10-08 05:27:24,752 54 INFO bench odoo.models: Prepare computation of res.partner.peppol_eas 
2026-10-08 05:27:24,870 54 INFO bench odoo.modules.loading: loading account_edi_ubl_cii/data/cii_22_templates.xml 
2026-10-08 05:27:24,894 54 INFO bench odoo.modules.loading: loading account_edi_ubl_cii/data/ir_config_parameter_data.xml 
2026-10-08 05:27:24,897 54 INFO bench odoo.modules.loading: loading account_edi_ubl_cii/views/account_tax_views.xml 
2026-10-08 05:27:24,913 54 INFO bench odoo.modules.loading: loading account_edi_ubl_cii/views/account_move_views.xml 
2026-10-08 05:27:24,930 54 INFO bench odoo.modules.loading: loading account_edi_ubl_cii/views/res_partner_views.xml 
2026-10-08 05:27:24,945 54 INFO bench odoo.modules.loading: loading account_edi_ubl_cii/report/account_edi_ubl_cii_report_templates.xml 
2026-10-08 05:27:24,999 54 INFO bench odoo.modules.loading: Module account_edi_ubl_cii loaded in 0.31s, 388 queries (+388 other) 
2026-10-08 05:27:24,999 54 INFO bench odoo.modules.loading: Loading module account_payment (51/76) 
2026-10-08 05:27:25,027 54 INFO bench odoo.registry: module account_payment: creating or updating database tables 
2026-10-08 05:27:25,176 54 INFO bench odoo.modules.loading: loading account_payment/data/ir_config_parameter.xml 
2026-10-08 05:27:25,180 54 INFO bench odoo.modules.loading: loading account_payment/security/ir.model.access.csv 
2026-10-08 05:27:25,185 54 INFO bench odoo.modules.loading: loading account_payment/security/ir_rules.xml 
2026-10-08 05:27:25,192 54 INFO bench odoo.modules.loading: loading account_payment/views/account_payment_menus.xml 
2026-10-08 05:27:25,210 54 INFO bench odoo.modules.loading: loading account_payment/views/account_portal_templates.xml 
2026-10-08 05:27:25,268 54 INFO bench odoo.modules.loading: loading account_payment/views/account_move_views.xml 
2026-10-08 05:27:25,287 54 INFO bench odoo.modules.loading: loading account_payment/views/account_journal_views.xml 
2026-10-08 05:27:25,298 54 INFO bench odoo.modules.loading: loading account_payment/views/account_payment_views.xml 
2026-10-08 05:27:25,309 54 INFO bench odoo.modules.loading: loading account_payment/views/payment_form_templates.xml 
2026-10-08 05:27:25,315 54 INFO bench odoo.modules.loading: loading account_payment/views/payment_provider_views.xml 
2026-10-08 05:27:25,325 54 INFO bench odoo.modules.loading: loading account_payment/views/payment_transaction_views.xml 
2026-10-08 05:27:25,333 54 INFO bench odoo.modules.loading: loading account_payment/wizards/account_payment_register_views.xml 
2026-10-08 05:27:25,342 54 INFO bench odoo.modules.loading: loading account_payment/wizards/payment_link_wizard_views.xml 
2026-10-08 05:27:25,355 54 INFO bench odoo.modules.loading: loading account_payment/wizards/payment_refund_wizard_views.xml 
2026-10-08 05:27:25,360 54 INFO bench odoo.modules.loading: loading account_payment/wizards/res_config_settings_views.xml 
2026-10-08 05:27:25,405 54 INFO bench odoo.modules.loading: Module account_payment loaded in 0.41s, 576 queries (+576 other) 
2026-10-08 05:27:25,405 54 INFO bench odoo.modules.loading: Loading module mrp (52/76) 
2026-10-08 05:27:25,463 54 INFO bench odoo.registry: module mrp: creating or updating database tables 
2026-10-08 05:27:26,244 54 INFO bench odoo.modules.loading: loading mrp/security/mrp_security.xml 
2026-10-08 05:27:26,316 54 INFO bench odoo.modules.loading: loading mrp/security/ir.model.access.csv 
2026-10-08 05:27:26,337 54 INFO bench odoo.modules.loading: loading mrp/data/digest_data.xml 
2026-10-08 05:27:26,340 54 INFO bench odoo.modules.loading: loading mrp/data/mail_templates.xml 
2026-10-08 05:27:26,351 54 INFO bench odoo.modules.loading: loading mrp/data/mrp_data.xml 
2026-10-08 05:27:26,483 54 INFO bench odoo.modules.loading: loading mrp/data/mail_message_subtype_data.xml 
2026-10-08 05:27:26,493 54 INFO bench odoo.modules.loading: loading mrp/wizard/change_production_qty_views.xml 
2026-10-08 05:27:26,502 54 INFO bench odoo.modules.loading: loading mrp/wizard/mrp_workcenter_block_view.xml 
2026-10-08 05:27:26,512 54 INFO bench odoo.modules.loading: loading mrp/wizard/stock_warn_insufficient_qty_views.xml 
2026-10-08 05:27:26,524 54 INFO bench odoo.modules.loading: loading mrp/wizard/mrp_production_backorder.xml 
2026-10-08 05:27:26,533 54 INFO bench odoo.modules.loading: loading mrp/wizard/mrp_consumption_warning_views.xml 
2026-10-08 05:27:26,543 54 INFO bench odoo.modules.loading: loading mrp/wizard/mrp_production_split.xml 
2026-10-08 05:27:26,560 54 INFO bench odoo.modules.loading: loading mrp/wizard/mrp_production_serial_numbers.xml 
2026-10-08 05:27:26,568 54 INFO bench odoo.modules.loading: loading mrp/views/mrp_views_menus.xml 
2026-10-08 05:27:26,587 54 INFO bench odoo.modules.loading: loading mrp/views/stock_move_views.xml 
2026-10-08 05:27:26,635 54 INFO bench odoo.modules.loading: loading mrp/views/mrp_workorder_views.xml 
2026-10-08 05:27:26,731 54 INFO bench odoo.modules.loading: loading mrp/views/mrp_workcenter_views.xml 
2026-10-08 05:27:26,819 54 INFO bench odoo.modules.loading: loading mrp/views/mrp_bom_views.xml 
2026-10-08 05:27:26,867 54 INFO bench odoo.modules.loading: loading mrp/views/mrp_production_views.xml 
2026-10-08 05:27:27,007 54 INFO bench odoo.modules.loading: loading mrp/views/mrp_routing_views.xml 
2026-10-08 05:27:27,044 54 INFO bench odoo.modules.loading: loading mrp/views/product_document_views.xml 
2026-10-08 05:27:27,056 54 INFO bench odoo.modules.loading: loading mrp/views/product_views.xml 
2026-10-08 05:27:27,136 54 INFO bench odoo.modules.loading: loading mrp/views/stock_orderpoint_views.xml 
2026-10-08 05:27:27,151 54 INFO bench odoo.modules.loading: loading mrp/views/stock_warehouse_views.xml 
2026-10-08 05:27:27,161 54 INFO bench odoo.modules.loading: loading mrp/views/stock_picking_views.xml 
2026-10-08 05:27:27,196 54 INFO bench odoo.modules.loading: loading mrp/views/stock_rule_views.xml 
2026-10-08 05:27:27,208 54 INFO bench odoo.modules.loading: loading mrp/views/mrp_unbuild_views.xml 
2026-10-08 05:27:27,242 54 INFO bench odoo.modules.loading: loading mrp/views/res_config_settings_views.xml 
2026-10-08 05:27:27,264 54 INFO bench odoo.modules.loading: loading mrp/views/stock_scrap_views.xml 
2026-10-08 05:27:27,283 54 INFO bench odoo.modules.loading: loading mrp/wizard/stock_replenishment_info.xml 
2026-10-08 05:27:27,295 54 INFO bench odoo.modules.loading: loading mrp/report/report_deliveryslip.xml 
2026-10-08 05:27:27,309 54 INFO bench odoo.modules.loading: loading mrp/report/mrp_report_views_main.xml 
2026-10-08 05:27:27,323 54 INFO bench odoo.modules.loading: loading mrp/report/mrp_report_bom_structure.xml 
2026-10-08 05:27:27,336 54 INFO bench odoo.modules.loading: loading mrp/report/mrp_report_mo_overview.xml 
2026-10-08 05:27:27,358 54 INFO bench odoo.modules.loading: loading mrp/report/mrp_production_templates.xml 
2026-10-08 05:27:27,371 54 INFO bench odoo.modules.loading: loading mrp/report/report_stock_reception.xml 
2026-10-08 05:27:27,374 54 INFO bench odoo.modules.loading: loading mrp/report/report_stock_rule.xml 
2026-10-08 05:27:27,381 54 INFO bench odoo.modules.loading: loading mrp/report/mrp_zebra_production_templates.xml 
2026-10-08 05:27:27,385 54 INFO bench odoo.modules.loading: loading mrp/report/mrp_workorder_templates.xml 
2026-10-08 05:27:27,440 54 INFO bench odoo.modules.loading: Module mrp loaded in 2.03s, 3211 queries (+3211 other) 
2026-10-08 05:27:27,440 54 INFO bench odoo.modules.loading: Loading module purchase (53/76) 
2026-10-08 05:27:27,486 54 INFO bench odoo.registry: module purchase: creating or updating database tables 
2026-10-08 05:27:27,824 54 INFO bench odoo.modules.loading: loading purchase/security/purchase_security.xml 
2026-10-08 05:27:27,914 54 INFO bench odoo.modules.loading: loading purchase/security/ir.model.access.csv 
2026-10-08 05:27:27,931 54 INFO bench odoo.modules.loading: loading purchase/data/digest_data.xml 
2026-10-08 05:27:27,936 54 INFO bench odoo.modules.loading: loading purchase/views/account_move_views.xml 
2026-10-08 05:27:27,964 54 INFO bench odoo.modules.loading: loading purchase/data/purchase_data.xml 
2026-10-08 05:27:27,997 54 INFO bench odoo.modules.loading: loading purchase/data/ir_cron_data.xml 
2026-10-08 05:27:28,016 54 INFO bench odoo.modules.loading: loading purchase/report/purchase_reports.xml 
2026-10-08 05:27:28,022 54 INFO bench odoo.modules.loading: loading purchase/views/purchase_views.xml 
2026-10-08 05:27:28,213 54 INFO bench odoo.modules.loading: loading purchase/views/purchase_bill_line_match_views.xml 
2026-10-08 05:27:28,222 54 INFO bench odoo.modules.loading: loading purchase/views/res_config_settings_views.xml 
2026-10-08 05:27:28,246 54 INFO bench odoo.modules.loading: loading purchase/views/product_views.xml 
2026-10-08 05:27:28,333 54 INFO bench odoo.modules.loading: loading purchase/views/res_partner_views.xml 
2026-10-08 05:27:28,363 54 INFO bench odoo.modules.loading: loading purchase/report/purchase_bill_views.xml 
2026-10-08 05:27:28,373 54 INFO bench odoo.modules.loading: loading purchase/report/purchase_report_views.xml 
2026-10-08 05:27:28,399 54 INFO bench odoo.modules.loading: loading purchase/data/mail_templates.xml 
2026-10-08 05:27:28,407 54 INFO bench odoo.modules.loading: loading purchase/data/mail_template_data.xml 
2026-10-08 05:27:28,420 54 INFO bench odoo.modules.loading: loading purchase/views/portal_templates.xml 
2026-10-08 05:27:28,461 54 INFO bench odoo.modules.loading: loading purchase/report/purchase_order_templates.xml 
2026-10-08 05:27:28,475 54 INFO bench odoo.modules.loading: loading purchase/report/purchase_quotation_templates.xml 
2026-10-08 05:27:28,484 54 INFO bench odoo.modules.loading: loading purchase/views/analytic_account_views.xml 
2026-10-08 05:27:28,494 54 INFO bench odoo.modules.loading: loading purchase/wizard/bill_to_po_wizard_views.xml 
2026-10-08 05:27:28,500 54 INFO bench odoo.modules.loading: loading purchase/data/purchase_tour.xml 
2026-10-08 05:27:28,533 54 INFO bench odoo.modules.loading: Module purchase loaded in 1.09s, 1513 queries (+1513 other) 
2026-10-08 05:27:28,533 54 INFO bench odoo.modules.loading: Loading module snailmail_account (54/76) 
2026-10-08 05:27:28,558 54 INFO bench odoo.registry: module snailmail_account: creating or updating database tables 
2026-10-08 05:27:28,660 54 INFO bench odoo.modules.loading: loading snailmail_account/views/res_config_settings_views.xml 
2026-10-08 05:27:28,701 54 INFO bench odoo.modules.loading: Module snailmail_account loaded in 0.17s, 198 queries (+198 other) 
2026-10-08 05:27:28,701 54 INFO bench odoo.modules.loading: Loading module spreadsheet_account (55/76) 
2026-10-08 05:27:28,718 54 INFO bench odoo.registry: module spreadsheet_account: creating or updating database tables 
2026-10-08 05:27:28,780 54 INFO bench odoo.modules.loading: Module spreadsheet_account loaded in 0.08s, 58 queries (+58 other) 
2026-10-08 05:27:28,780 54 INFO bench odoo.modules.loading: Loading module spreadsheet_dashboard_account (56/76) 
2026-10-08 05:27:28,791 54 INFO bench odoo.modules.loading: loading spreadsheet_dashboard_account/data/dashboards.xml 
2026-10-08 05:27:28,859 54 INFO bench odoo.modules.loading: Module spreadsheet_dashboard_account loaded in 0.08s, 29 queries (+29 other) 
2026-10-08 05:27:28,859 54 INFO bench odoo.modules.loading: Loading module stock_account (57/76) 
2026-10-08 05:27:28,903 54 INFO bench odoo.registry: module stock_account: creating or updating database tables 
2026-10-08 05:27:29,172 54 INFO bench odoo.modules.loading: loading stock_account/security/stock_account_security.xml 
2026-10-08 05:27:29,183 54 INFO bench odoo.modules.loading: loading stock_account/security/ir.model.access.csv 
2026-10-08 05:27:29,192 54 INFO bench odoo.modules.loading: loading stock_account/data/stock_account_data.xml 
2026-10-08 05:27:29,218 54 INFO bench odoo.modules.loading: loading stock_account/views/account_account_views.xml 
2026-10-08 05:27:29,233 54 INFO bench odoo.modules.loading: loading stock_account/views/stock_account_views.xml 
2026-10-08 05:27:29,242 54 INFO bench odoo.modules.loading: loading stock_account/views/res_config_settings_views.xml 
2026-10-08 05:27:29,260 54 INFO bench odoo.modules.loading: loading stock_account/views/report_invoice.xml 
2026-10-08 05:27:29,273 54 INFO bench odoo.modules.loading: loading stock_account/views/stock_quant_views.xml 
2026-10-08 05:27:29,442 54 INFO bench odoo.modules.loading: loading stock_account/views/product_views.xml 
2026-10-08 05:27:29,509 54 INFO bench odoo.modules.loading: loading stock_account/views/product_value_views.xml 
2026-10-08 05:27:29,519 54 INFO bench odoo.modules.loading: loading stock_account/views/stock_location_views.xml 
2026-10-08 05:27:29,530 54 INFO bench odoo.modules.loading: loading stock_account/views/stock_lot_views.xml 
2026-10-08 05:27:29,538 54 INFO bench odoo.modules.loading: loading stock_account/views/stock_picking_views.xml 
2026-10-08 05:27:29,550 54 INFO bench odoo.modules.loading: loading stock_account/views/stock_move_views.xml 
2026-10-08 05:27:29,578 54 INFO bench odoo.modules.loading: loading stock_account/wizard/stock_inventory_adjustment_name_views.xml 
2026-10-08 05:27:29,589 54 INFO bench odoo.modules.loading: loading stock_account/report/account_invoice_report_view.xml 
2026-10-08 05:27:29,592 54 INFO bench odoo.modules.loading: loading stock_account/report/stock_avco_audit_report_views.xml 
2026-10-08 05:27:29,600 54 INFO bench odoo.modules.loading: loading stock_account/report/stock_valuation_report.xml 
2026-10-08 05:27:29,628 54 INFO bench odoo.modules.loading: Module stock_account loaded in 0.77s, 923 queries (+923 other) 
2026-10-08 05:27:29,628 54 INFO bench odoo.modules.loading: Loading module stock_sms (58/76) 
2026-10-08 05:27:29,649 54 INFO bench odoo.registry: module stock_sms: creating or updating database tables 
2026-10-08 05:27:29,734 54 INFO bench odoo.modules.loading: loading stock_sms/data/sms_data.xml 
2026-10-08 05:27:29,740 54 INFO bench odoo.modules.loading: loading stock_sms/views/res_config_settings_views.xml 
2026-10-08 05:27:29,765 54 INFO bench odoo.modules.loading: loading stock_sms/wizard/confirm_stock_sms_views.xml 
2026-10-08 05:27:29,770 54 INFO bench odoo.modules.loading: loading stock_sms/security/ir.model.access.csv 
2026-10-08 05:27:29,776 54 INFO bench odoo.modules.loading: loading stock_sms/security/sms_security.xml 
2026-10-08 05:27:29,821 54 INFO bench odoo.modules.loading: Module stock_sms loaded in 0.19s, 201 queries (+201 other) 
2026-10-08 05:27:29,821 54 INFO bench odoo.modules.loading: Loading module mrp_account (59/76) 
2026-10-08 05:27:29,862 54 INFO bench odoo.registry: module mrp_account: creating or updating database tables 
2026-10-08 05:27:30,108 54 INFO bench odoo.modules.loading: loading mrp_account/security/ir.model.access.csv 
2026-10-08 05:27:30,117 54 INFO bench odoo.modules.loading: loading mrp_account/views/product_views.xml 
2026-10-08 05:27:30,186 54 INFO bench odoo.modules.loading: loading mrp_account/views/mrp_production_views.xml 
2026-10-08 05:27:30,204 54 INFO bench odoo.modules.loading: loading mrp_account/views/analytic_account_views.xml 
2026-10-08 05:27:30,215 54 INFO bench odoo.modules.loading: loading mrp_account/views/account_move_views.xml 
2026-10-08 05:27:30,231 54 INFO bench odoo.modules.loading: loading mrp_account/views/mrp_workcenter_views.xml 
2026-10-08 05:27:30,246 54 INFO bench odoo.modules.loading: loading mrp_account/report/report_mrp_templates.xml 
2026-10-08 05:27:30,254 54 INFO bench odoo.modules.loading: loading mrp_account/wizard/mrp_wip_accounting.xml 
2026-10-08 05:27:30,289 54 INFO bench odoo.modules.loading: Module mrp_account loaded in 0.47s, 671 queries (+671 other) 
2026-10-08 05:27:30,289 54 INFO bench odoo.modules.loading: Loading module purchase_edi_ubl_bis3 (60/76) 
2026-10-08 05:27:30,311 54 INFO bench odoo.registry: module purchase_edi_ubl_bis3: creating or updating database tables 
2026-10-08 05:27:30,404 54 INFO bench odoo.modules.loading: Module purchase_edi_ubl_bis3 loaded in 0.12s, 128 queries (+128 other) 
2026-10-08 05:27:30,404 54 INFO bench odoo.modules.loading: Loading module purchase_stock (61/76) 
2026-10-08 05:27:30,459 54 INFO bench odoo.registry: module purchase_stock: creating or updating database tables 
2026-10-08 05:27:30,767 54 INFO bench odoo.modules.loading: loading purchase_stock/security/ir.model.access.csv 
2026-10-08 05:27:30,781 54 INFO bench odoo.modules.loading: loading purchase_stock/data/purchase_stock_data.xml 
2026-10-08 05:27:30,871 54 INFO bench odoo.modules.loading: loading purchase_stock/data/mail_templates.xml 
2026-10-08 05:27:30,877 54 INFO bench odoo.modules.loading: loading purchase_stock/report/vendor_delay_report.xml 
2026-10-08 05:27:30,890 54 INFO bench odoo.modules.loading: loading purchase_stock/views/purchase_views.xml 
2026-10-08 05:27:30,923 54 INFO bench odoo.modules.loading: loading purchase_stock/views/stock_views.xml 
2026-10-08 05:27:30,960 54 INFO bench odoo.modules.loading: loading purchase_stock/views/stock_picking_views.xml 
2026-10-08 05:27:30,979 54 INFO bench odoo.modules.loading: loading purchase_stock/views/stock_rule_views.xml 
2026-10-08 05:27:30,992 54 INFO bench odoo.modules.loading: loading purchase_stock/views/res_config_settings_views.xml 
2026-10-08 05:27:31,038 54 INFO bench odoo.modules.loading: loading purchase_stock/views/res_partner_views.xml 
2026-10-08 05:27:31,056 54 INFO bench odoo.modules.loading: loading purchase_stock/views/stock_lot_views.xml 
2026-10-08 05:27:31,069 54 INFO bench odoo.modules.loading: loading purchase_stock/views/stock_orderpoint_views.xml 
2026-10-08 05:27:31,077 54 INFO bench odoo.modules.loading: loading purchase_stock/views/stock_reference_views.xml 
2026-10-08 05:27:31,086 54 INFO bench odoo.modules.loading: loading purchase_stock/views/product_views.xml 
2026-10-08 05:27:31,107 54 INFO bench odoo.modules.loading: loading purchase_stock/report/purchase_report_views.xml 
2026-10-08 05:27:31,116 54 INFO bench odoo.modules.loading: loading purchase_stock/report/purchase_report_templates.xml 
2026-10-08 05:27:31,130 54 INFO bench odoo.modules.loading: loading purchase_stock/report/report_stock_rule.xml 
2026-10-08 05:27:31,140 54 INFO bench odoo.modules.loading: loading purchase_stock/wizard/stock_replenishment_info.xml 
2026-10-08 05:27:31,158 54 INFO bench odoo.modules.loading: loading purchase_stock/wizard/product_replenish_views.xml 
2026-10-08 05:27:31,187 54 INFO bench odoo.modules.loading: Module purchase_stock loaded in 0.78s, 1054 queries (+1054 other) 
2026-10-08 05:27:31,187 54 INFO bench odoo.modules.loading: Loading module sale (62/76) 
2026-10-08 05:27:31,249 54 INFO bench odoo.registry: module sale: creating or updating database tables 
2026-10-08 05:27:31,776 54 INFO bench odoo.modules.loading: loading sale/security/ir.model.access.csv 
2026-10-08 05:27:31,798 54 INFO bench odoo.modules.loading: loading sale/security/res_groups.xml 
2026-10-08 05:27:31,806 54 INFO bench odoo.modules.loading: loading sale/security/ir_rules.xml 
2026-10-08 05:27:31,932 54 INFO bench odoo.modules.loading: loading sale/report/account_invoice_report_views.xml 
2026-10-08 05:27:31,963 54 INFO bench odoo.modules.loading: loading sale/report/ir_actions_report_templates.xml 
2026-10-08 05:27:31,997 54 INFO bench odoo.modules.loading: loading sale/report/ir_actions_report.xml 
2026-10-08 05:27:32,005 54 INFO bench odoo.modules.loading: loading sale/report/sale_report_views.xml 
2026-10-08 05:27:32,054 54 INFO bench odoo.modules.loading: loading sale/data/ir_cron.xml 
2026-10-08 05:27:32,092 54 INFO bench odoo.modules.loading: loading sale/data/ir_sequence_data.xml 
2026-10-08 05:27:32,096 54 INFO bench odoo.modules.loading: loading sale/data/mail_message_subtype_data.xml 
2026-10-08 05:27:32,113 54 INFO bench odoo.modules.loading: loading sale/data/mail_template_data.xml 
2026-10-08 05:27:32,135 54 INFO bench odoo.modules.loading: loading sale/data/sale_tour.xml 
2026-10-08 05:27:32,138 54 INFO bench odoo.modules.loading: loading sale/data/ir_config_parameter.xml 
2026-10-08 05:27:32,148 54 INFO bench odoo.modules.loading: loading sale/wizard/account_accrued_orders_wizard_views.xml 
2026-10-08 05:27:32,155 54 INFO bench odoo.modules.loading: loading sale/wizard/mass_cancel_orders_views.xml 
2026-10-08 05:27:32,164 54 INFO bench odoo.modules.loading: loading sale/wizard/payment_link_wizard_views.xml 
2026-10-08 05:27:32,178 54 INFO bench odoo.modules.loading: loading sale/wizard/res_config_settings_views.xml 
2026-10-08 05:27:32,220 54 INFO bench odoo.modules.loading: loading sale/wizard/sale_make_invoice_advance_views.xml 
2026-10-08 05:27:32,230 54 INFO bench odoo.modules.loading: loading sale/wizard/sale_order_discount_views.xml 
2026-10-08 05:27:32,237 54 INFO bench odoo.modules.loading: loading sale/views/sale_order_views.xml 
2026-10-08 05:27:32,408 54 INFO bench odoo.modules.loading: loading sale/views/account_views.xml 
2026-10-08 05:27:32,460 54 INFO bench odoo.modules.loading: loading sale/views/crm_team_views.xml 
2026-10-08 05:27:32,488 54 INFO bench odoo.modules.loading: loading sale/views/mail_activity_views.xml 
2026-10-08 05:27:32,492 54 INFO bench odoo.modules.loading: loading sale/views/mail_activity_plan_views.xml 
2026-10-08 05:27:32,495 54 INFO bench odoo.modules.loading: loading sale/views/payment_views.xml 
2026-10-08 05:27:32,516 54 INFO bench odoo.modules.loading: loading sale/views/product_document_views.xml 
2026-10-08 05:27:32,545 54 INFO bench odoo.modules.loading: loading sale/views/product_pricelist_item_views.xml 
2026-10-08 05:27:32,559 54 INFO bench odoo.modules.loading: loading sale/views/product_template_views.xml 
2026-10-08 05:27:32,579 54 INFO bench odoo.modules.loading: loading sale/views/product_views.xml 
2026-10-08 05:27:32,649 54 INFO bench odoo.modules.loading: loading sale/views/res_partner_views.xml 
2026-10-08 05:27:32,691 54 INFO bench odoo.modules.loading: loading sale/views/sale_order_line_views.xml 
2026-10-08 05:27:32,710 54 INFO bench odoo.modules.loading: loading sale/views/sale_portal_templates.xml 
2026-10-08 05:27:32,773 54 INFO bench odoo.modules.loading: loading sale/views/utm_campaign_views.xml 
2026-10-08 05:27:32,792 54 INFO bench odoo.modules.loading: loading sale/views/sale_menus.xml 
2026-10-08 05:27:32,968 54 INFO bench odoo.modules.loading: Module sale loaded in 1.78s, 2520 queries (+2520 other) 
2026-10-08 05:27:32,968 54 INFO bench odoo.modules.loading: Loading module spreadsheet_dashboard_stock_account (63/76) 
2026-10-08 05:27:32,983 54 INFO bench odoo.modules.loading: loading spreadsheet_dashboard_stock_account/data/dashboards.xml 
2026-10-08 05:27:33,036 54 INFO bench odoo.modules.loading: Module spreadsheet_dashboard_stock_account loaded in 0.07s, 28 queries (+28 other) 
2026-10-08 05:27:33,036 54 INFO bench odoo.modules.loading: Loading module delivery (64/76) 
2026-10-08 05:27:33,066 54 INFO bench odoo.registry: module delivery: creating or updating database tables 
2026-10-08 05:27:33,275 54 INFO bench odoo.modules.loading: loading delivery/data/delivery_data.xml 
2026-10-08 05:27:33,323 54 INFO bench odoo.modules.loading: loading delivery/data/payment_method_data.xml 
2026-10-08 05:27:33,331 54 INFO bench odoo.modules.loading: loading delivery/data/payment_provider_data.xml 
2026-10-08 05:27:33,344 54 INFO bench odoo.modules.loading: loading delivery/security/ir.model.access.csv 
2026-10-08 05:27:33,369 54 INFO bench odoo.modules.loading: loading delivery/security/ir_rules.xml 
2026-10-08 05:27:33,375 54 INFO bench odoo.modules.loading: loading delivery/report/ir_actions_report_templates.xml 
2026-10-08 05:27:33,383 54 INFO bench odoo.modules.loading: loading delivery/views/delivery_carrier_views.xml 
2026-10-08 05:27:33,413 54 INFO bench odoo.modules.loading: loading delivery/views/delivery_price_rule_views.xml 
2026-10-08 05:27:33,424 54 INFO bench odoo.modules.loading: loading delivery/views/delivery_zip_prefix_views.xml 
2026-10-08 05:27:33,427 54 INFO bench odoo.modules.loading: loading delivery/views/ir_module_module_views.xml 
2026-10-08 05:27:33,444 54 INFO bench odoo.modules.loading: loading delivery/views/payment_form_templates.xml 
2026-10-08 05:27:33,449 54 INFO bench odoo.modules.loading: loading delivery/views/payment_provider_views.xml 
2026-10-08 05:27:33,459 54 INFO bench odoo.modules.loading: loading delivery/views/res_partner_views.xml 
2026-10-08 05:27:33,476 54 INFO bench odoo.modules.loading: loading delivery/views/sale_order_views.xml 
2026-10-08 05:27:33,493 54 INFO bench odoo.modules.loading: loading delivery/wizard/res_config_settings_views.xml 
2026-10-08 05:27:33,509 54 INFO bench odoo.modules.loading: loading delivery/wizard/choose_delivery_carrier_views.xml 
2026-10-08 05:27:33,535 54 INFO bench odoo.modules.loading: Module delivery loaded in 0.50s, 642 queries (+642 other) 
2026-10-08 05:27:33,536 54 INFO bench odoo.modules.loading: Loading module purchase_mrp (65/76) 
2026-10-08 05:27:33,554 54 INFO bench odoo.registry: module purchase_mrp: creating or updating database tables 
2026-10-08 05:27:33,637 54 INFO bench odoo.modules.loading: loading purchase_mrp/views/mrp_bom_views.xml 
2026-10-08 05:27:33,655 54 INFO bench odoo.modules.loading: loading purchase_mrp/views/purchase_order_views.xml 
2026-10-08 05:27:33,671 54 INFO bench odoo.modules.loading: loading purchase_mrp/views/mrp_production_views.xml 
2026-10-08 05:27:33,684 54 INFO bench odoo.modules.loading: loading purchase_mrp/views/stock_orderpoint_views.xml 
2026-10-08 05:27:33,703 54 INFO bench odoo.modules.loading: loading purchase_mrp/security/ir.model.access.csv 
2026-10-08 05:27:33,723 54 INFO bench odoo.modules.loading: Module purchase_mrp loaded in 0.19s, 233 queries (+233 other) 
2026-10-08 05:27:33,723 54 INFO bench odoo.modules.loading: Loading module sale_edi_ubl (66/76) 
2026-10-08 05:27:33,743 54 INFO bench odoo.registry: module sale_edi_ubl: creating or updating database tables 
2026-10-08 05:27:33,817 54 INFO bench odoo.modules.loading: Module sale_edi_ubl loaded in 0.09s, 88 queries (+88 other) 
2026-10-08 05:27:33,817 54 INFO bench odoo.modules.loading: Loading module sale_management (67/76) 
2026-10-08 05:27:33,846 54 INFO bench odoo.registry: module sale_management: creating or updating database tables 
2026-10-08 05:27:33,975 54 INFO bench odoo.modules.loading: loading sale_management/data/digest_data.xml 
2026-10-08 05:27:33,983 54 INFO bench odoo.modules.loading: loading sale_management/security/ir.model.access.csv 
2026-10-08 05:27:33,993 54 INFO bench odoo.modules.loading: loading sale_management/security/sale_management_security.xml 
2026-10-08 05:27:34,002 54 INFO bench odoo.modules.loading: loading sale_management/views/sale_order_template_views.xml 
2026-10-08 05:27:34,026 54 INFO bench odoo.modules.loading: loading sale_management/views/digest_views.xml 
2026-10-08 05:27:34,039 54 INFO bench odoo.modules.loading: loading sale_management/views/res_config_settings_views.xml 
2026-10-08 05:27:34,062 54 INFO bench odoo.modules.loading: loading sale_management/views/sale_order_views.xml 
2026-10-08 05:27:34,077 54 INFO bench odoo.modules.loading: loading sale_management/views/sale_portal_templates.xml 
2026-10-08 05:27:34,090 54 INFO bench odoo.modules.loading: loading sale_management/views/sale_management_menus.xml 
2026-10-08 05:27:34,117 54 INFO bench odoo.modules.loading: Module sale_management loaded in 0.30s, 372 queries (+372 other) 
2026-10-08 05:27:34,117 54 INFO bench odoo.modules.loading: Loading module sale_purchase (68/76) 
2026-10-08 05:27:34,142 54 INFO bench odoo.registry: module sale_purchase: creating or updating database tables 
2026-10-08 05:27:34,245 54 INFO bench odoo.modules.loading: loading sale_purchase/data/mail_templates.xml 
2026-10-08 05:27:34,259 54 INFO bench odoo.modules.loading: loading sale_purchase/views/product_views.xml 
2026-10-08 05:27:34,289 54 INFO bench odoo.modules.loading: loading sale_purchase/views/sale_order_views.xml 
2026-10-08 05:27:34,304 54 INFO bench odoo.modules.loading: loading sale_purchase/views/purchase_order_views.xml 
2026-10-08 05:27:34,332 54 INFO bench odoo.modules.loading: Module sale_purchase loaded in 0.22s, 244 queries (+244 other) 
2026-10-08 05:27:34,332 54 INFO bench odoo.modules.loading: Loading module sale_sms (69/76) 
2026-10-08 05:27:34,348 54 INFO bench odoo.modules.loading: loading sale_sms/security/ir.model.access.csv 
2026-10-08 05:27:34,377 54 INFO bench odoo.modules.loading: loading sale_sms/security/security.xml 
2026-10-08 05:27:34,396 54 INFO bench odoo.modules.loading: Module sale_sms loaded in 0.06s, 38 queries (+38 other) 
2026-10-08 05:27:34,397 54 INFO bench odoo.modules.loading: Loading module sale_stock (70/76) 
2026-10-08 05:27:36,441 54 INFO bench odoo.registry: module sale_stock: creating or updating database tables 
2026-10-08 05:27:36,700 54 INFO bench odoo.modules.loading: loading sale_stock/security/sale_stock_security.xml 
2026-10-08 05:27:36,714 54 INFO bench odoo.modules.loading: loading sale_stock/security/ir.model.access.csv 
2026-10-08 05:27:36,726 54 INFO bench odoo.modules.loading: loading sale_stock/views/sale_order_views.xml 
2026-10-08 05:27:36,787 54 INFO bench odoo.modules.loading: loading sale_stock/views/sale_order_line_views.xml 
2026-10-08 05:27:36,794 54 INFO bench odoo.modules.loading: loading sale_stock/views/stock_route_views.xml 
2026-10-08 05:27:36,805 54 INFO bench odoo.modules.loading: loading sale_stock/views/res_config_settings_views.xml 
2026-10-08 05:27:36,841 54 INFO bench odoo.modules.loading: loading sale_stock/views/sale_stock_portal_template.xml 
2026-10-08 05:27:36,856 54 INFO bench odoo.modules.loading: loading sale_stock/views/stock_lot_views.xml 
2026-10-08 05:27:36,868 54 INFO bench odoo.modules.loading: loading sale_stock/views/res_users_views.xml 
2026-10-08 05:27:36,896 54 INFO bench odoo.modules.loading: loading sale_stock/views/stock_picking_views.xml 
2026-10-08 05:27:36,917 54 INFO bench odoo.modules.loading: loading sale_stock/views/stock_reference_views.xml 
2026-10-08 05:27:36,927 54 INFO bench odoo.modules.loading: loading sale_stock/report/sale_order_report_templates.xml 
2026-10-08 05:27:36,935 54 INFO bench odoo.modules.loading: loading sale_stock/report/stock_report_deliveryslip.xml 
2026-10-08 05:27:36,943 54 INFO bench odoo.modules.loading: loading sale_stock/data/mail_templates.xml 
2026-10-08 05:27:36,951 54 INFO bench odoo.modules.loading: loading sale_stock/data/sale_stock_data.xml 
2026-10-08 05:27:36,956 54 INFO bench odoo.modules.loading: loading sale_stock/wizard/stock_rules_report_views.xml 
2026-10-08 05:27:36,979 54 INFO bench odoo.modules.loading: Module sale_stock loaded in 2.58s, 833 queries (+833 other) 
2026-10-08 05:27:36,979 54 INFO bench odoo.modules.loading: Loading module spreadsheet_dashboard_sale (71/76) 
2026-10-08 05:27:36,994 54 INFO bench odoo.modules.loading: loading spreadsheet_dashboard_sale/data/dashboards.xml 
2026-10-08 05:27:37,068 54 INFO bench odoo.modules.loading: Module spreadsheet_dashboard_sale loaded in 0.09s, 34 queries (+34 other) 
2026-10-08 05:27:37,068 54 INFO bench odoo.modules.loading: Loading module sale_mrp (72/76) 
2026-10-08 05:27:37,090 54 INFO bench odoo.registry: module sale_mrp: creating or updating database tables 
2026-10-08 05:27:37,210 54 INFO bench odoo.modules.loading: loading sale_mrp/security/ir.model.access.csv 
2026-10-08 05:27:37,219 54 INFO bench odoo.modules.loading: loading sale_mrp/views/mrp_production_views.xml 
2026-10-08 05:27:37,241 54 INFO bench odoo.modules.loading: loading sale_mrp/views/sale_order_views.xml 
2026-10-08 05:27:37,260 54 INFO bench odoo.modules.loading: loading sale_mrp/views/sale_portal_templates.xml 
2026-10-08 05:27:37,287 54 INFO bench odoo.modules.loading: Module sale_mrp loaded in 0.22s, 290 queries (+290 other) 
2026-10-08 05:27:37,287 54 INFO bench odoo.modules.loading: Loading module sale_pdf_quote_builder (73/76) 
2026-10-08 05:27:37,305 54 INFO bench odoo.registry: module sale_pdf_quote_builder: creating or updating database tables 
2026-10-08 05:27:37,447 54 INFO bench odoo.modules.loading: loading sale_pdf_quote_builder/data/ir_cron.xml 
2026-10-08 05:27:37,470 54 INFO bench odoo.modules.loading: loading sale_pdf_quote_builder/data/sale_pdf_form_field.xml 
2026-10-08 05:27:37,476 54 INFO bench odoo.modules.loading: loading sale_pdf_quote_builder/report/ir_actions_report.xml 
2026-10-08 05:27:37,483 54 INFO bench odoo.modules.loading: loading sale_pdf_quote_builder/security/ir.model.access.csv 
2026-10-08 05:27:37,498 54 INFO bench odoo.modules.loading: loading sale_pdf_quote_builder/security/ir_rules.xml 
2026-10-08 05:27:37,506 54 INFO bench odoo.modules.loading: loading sale_pdf_quote_builder/views/product_document_views.xml 
2026-10-08 05:27:37,521 54 INFO bench odoo.modules.loading: loading sale_pdf_quote_builder/views/quotation_document_views.xml 
2026-10-08 05:27:37,547 54 INFO bench odoo.modules.loading: loading sale_pdf_quote_builder/views/sale_order_template_views.xml 
2026-10-08 05:27:37,558 54 INFO bench odoo.modules.loading: loading sale_pdf_quote_builder/views/sale_order_views.xml 
2026-10-08 05:27:37,578 54 INFO bench odoo.modules.loading: loading sale_pdf_quote_builder/views/sale_pdf_form_field_views.xml 
2026-10-08 05:27:37,588 54 INFO bench odoo.modules.loading: loading sale_pdf_quote_builder/views/sale_pdf_quote_builder_menus.xml 
2026-10-08 05:27:37,593 54 INFO bench odoo.modules.loading: loading sale_pdf_quote_builder/wizards/res_config_settings_views.xml 
2026-10-08 05:27:37,631 54 INFO bench odoo.modules.loading: Module sale_pdf_quote_builder loaded in 0.34s, 411 queries (+411 other) 
2026-10-08 05:27:37,631 54 INFO bench odoo.modules.loading: Loading module sale_purchase_stock (74/76) 
2026-10-08 05:27:37,651 54 INFO bench odoo.registry: module sale_purchase_stock: creating or updating database tables 
2026-10-08 05:27:37,712 54 INFO bench odoo.modules.loading: loading sale_purchase_stock/views/purchase_order_views.xml 
2026-10-08 05:27:37,773 54 INFO bench odoo.modules.loading: Module sale_purchase_stock loaded in 0.14s, 143 queries (+143 other) 
2026-10-08 05:27:37,773 54 INFO bench odoo.modules.loading: Loading module stock_delivery (75/76) 
2026-10-08 05:27:37,802 54 INFO bench odoo.registry: module stock_delivery: creating or updating database tables 
2026-10-08 05:27:37,968 54 INFO bench odoo.modules.loading: loading stock_delivery/security/ir.model.access.csv 
2026-10-08 05:27:37,977 54 INFO bench odoo.modules.loading: loading stock_delivery/views/product_template_view.xml 
2026-10-08 05:27:38,008 54 INFO bench odoo.modules.loading: loading stock_delivery/views/delivery_view.xml 
2026-10-08 05:27:38,082 54 INFO bench odoo.modules.loading: loading stock_delivery/views/delivery_portal_template.xml 
2026-10-08 05:27:38,094 54 INFO bench odoo.modules.loading: loading stock_delivery/views/report_shipping.xml 
2026-10-08 05:27:38,101 54 INFO bench odoo.modules.loading: loading stock_delivery/views/report_deliveryslip.xml 
2026-10-08 05:27:38,134 54 INFO bench odoo.modules.loading: loading stock_delivery/views/report_package_barcode.xml 
2026-10-08 05:27:38,155 54 INFO bench odoo.modules.loading: loading stock_delivery/wizard/choose_delivery_carrier_views.xml 
2026-10-08 05:27:38,164 54 INFO bench odoo.modules.loading: loading stock_delivery/wizard/stock_put_in_pack_views.xml 
2026-10-08 05:27:38,174 54 INFO bench odoo.modules.loading: loading stock_delivery/views/stock_package_type_views.xml 
2026-10-08 05:27:38,195 54 INFO bench odoo.modules.loading: loading stock_delivery/views/stock_picking_type_views.xml 
2026-10-08 05:27:38,206 54 INFO bench odoo.modules.loading: loading stock_delivery/views/stock_rule_views.xml 
2026-10-08 05:27:38,221 54 INFO bench odoo.modules.loading: loading stock_delivery/views/stock_move_line_views.xml 
2026-10-08 05:27:38,244 54 INFO bench odoo.modules.loading: loading stock_delivery/report/product_templates.xml 
2026-10-08 05:27:38,281 54 INFO bench odoo.modules.loading: Module stock_delivery loaded in 0.51s, 664 queries (+664 other) 
2026-10-08 05:27:38,281 54 INFO bench odoo.modules.loading: Loading module stock_dropshipping (76/76) 
2026-10-08 05:27:38,322 54 INFO bench odoo.registry: module stock_dropshipping: creating or updating database tables 
2026-10-08 05:27:38,450 54 INFO bench odoo.modules.loading: loading stock_dropshipping/data/stock_data.xml 
2026-10-08 05:27:38,476 54 INFO bench odoo.modules.loading: loading stock_dropshipping/views/sale_order_views.xml 
2026-10-08 05:27:38,502 54 INFO bench odoo.modules.loading: loading stock_dropshipping/views/stock_picking_views.xml 
2026-10-08 05:27:38,529 54 INFO bench odoo.modules.loading: loading stock_dropshipping/views/purchase_order_views.xml 
2026-10-08 05:27:38,561 54 INFO bench odoo.modules.loading: Module stock_dropshipping loaded in 0.28s, 317 queries (+317 other) 
2026-10-08 05:27:38,561 54 INFO bench odoo.modules.loading: 76 modules loaded in 33.47s, 46537 queries (+46538 extra) 
2026-10-08 05:27:39,309 54 INFO bench odoo.modules.loading: Modules loaded. 
2026-10-08 05:27:40,250 54 INFO bench odoo.registry: Registry changed, signaling through the database 
2026-10-08 05:27:40,254 54 INFO bench odoo.registry: Registry loaded in 35.928s 
2026-10-08 05:27:40,254 54 INFO bench odoo.addons.base.models.ir_module: getting next ir.actions.todo() 
2026-10-08 05:27:40,260 54 INFO bench werkzeug: 127.0.0.1 - - [08/Oct/2026 05:27:40] "POST /json/2/ir.module.module/button_immediate_install HTTP/1.1" 200 - 51204 18.633 17.415
2026-10-08 05:27:40,276 54 INFO bench odoo.addons.base.models.ir_http: Generating routing map for key None 
2026-10-08 05:27:40,304 54 INFO bench werkzeug: 127.0.0.1 - - [08/Oct/2026 05:27:40] "POST /json/2/stock.route/search HTTP/1.1" 200 - 11 0.007 0.023
2026-10-08 05:27:40,330 54 INFO bench werkzeug: 127.0.0.1 - - [08/Oct/2026 05:27:40] "POST /json/2/stock.route/read HTTP/1.1" 200 - 3 0.002 0.006
2026-10-08 05:27:40,355 54 INFO bench werkzeug: 127.0.0.1 - - [08/Oct/2026 05:27:40] "POST /json/2/stock.route/search HTTP/1.1" 200 - 3 0.002 0.006
2026-10-08 05:27:40,378 54 INFO bench werkzeug: 127.0.0.1 - - [08/Oct/2026 05:27:40] "POST /json/2/stock.route/search HTTP/1.1" 200 - 3 0.002 0.005
2026-10-08 05:27:40,409 54 INFO bench werkzeug: 127.0.0.1 - - [08/Oct/2026 05:27:40] "POST /json/2/stock.route/search HTTP/1.1" 200 - 3 0.002 0.006
2026-10-08 05:27:40,431 54 INFO bench werkzeug: 127.0.0.1 - - [08/Oct/2026 05:27:40] "POST /json/2/stock.route/read HTTP/1.1" 200 - 3 0.001 0.007
2026-10-08 05:27:40,454 54 INFO bench werkzeug: 127.0.0.1 - - [08/Oct/2026 05:27:40] "POST /json/2/stock.route/search HTTP/1.1" 200 - 3 0.001 0.006
2026-10-08 05:27:40,475 54 INFO bench werkzeug: 127.0.0.1 - - [08/Oct/2026 05:27:40] "POST /json/2/stock.route/read HTTP/1.1" 200 - 3 0.001 0.005
2026-10-08 05:27:40,503 54 INFO bench werkzeug: 127.0.0.1 - - [08/Oct/2026 05:27:40] "POST /json/2/res.partner/search HTTP/1.1" 200 - 9 0.005 0.009
2026-10-08 05:27:40,562 54 INFO bench werkzeug: 127.0.0.1 - - [08/Oct/2026 05:27:40] "POST /json/2/res.partner/create HTTP/1.1" 200 - 33 0.017 0.028
2026-10-08 05:27:40,585 54 INFO bench werkzeug: 127.0.0.1 - - [08/Oct/2026 05:27:40] "POST /json/2/res.partner/search HTTP/1.1" 200 - 4 0.002 0.006
2026-10-08 05:27:40,625 54 INFO bench werkzeug: 127.0.0.1 - - [08/Oct/2026 05:27:40] "POST /json/2/res.partner/create HTTP/1.1" 200 - 18 0.008 0.020
2026-10-08 05:27:40,650 54 INFO bench werkzeug: 127.0.0.1 - - [08/Oct/2026 05:27:40] "POST /json/2/res.partner/search HTTP/1.1" 200 - 4 0.002 0.006
2026-10-08 05:27:40,695 54 INFO bench werkzeug: 127.0.0.1 - - [08/Oct/2026 05:27:40] "POST /json/2/res.partner/create HTTP/1.1" 200 - 18 0.008 0.022
2026-10-08 05:27:40,720 54 INFO bench werkzeug: 127.0.0.1 - - [08/Oct/2026 05:27:40] "POST /json/2/res.partner/search HTTP/1.1" 200 - 4 0.002 0.007
2026-10-08 05:27:40,762 54 INFO bench werkzeug: 127.0.0.1 - - [08/Oct/2026 05:27:40] "POST /json/2/res.partner/create HTTP/1.1" 200 - 18 0.007 0.020
2026-10-08 05:27:40,786 54 INFO bench werkzeug: 127.0.0.1 - - [08/Oct/2026 05:27:40] "POST /json/2/res.partner/search HTTP/1.1" 200 - 4 0.002 0.006
2026-10-08 05:27:40,834 54 INFO bench werkzeug: 127.0.0.1 - - [08/Oct/2026 05:27:40] "POST /json/2/res.partner/create HTTP/1.1" 200 - 18 0.007 0.019
2026-10-08 05:27:40,858 54 INFO bench werkzeug: 127.0.0.1 - - [08/Oct/2026 05:27:40] "POST /json/2/res.partner/search HTTP/1.1" 200 - 4 0.002 0.006
2026-10-08 05:27:40,900 54 INFO bench werkzeug: 127.0.0.1 - - [08/Oct/2026 05:27:40] "POST /json/2/res.partner/create HTTP/1.1" 200 - 18 0.007 0.021
2026-10-08 05:27:40,923 54 INFO bench werkzeug: 127.0.0.1 - - [08/Oct/2026 05:27:40] "POST /json/2/res.partner/search HTTP/1.1" 200 - 4 0.002 0.006
2026-10-08 05:27:40,962 54 INFO bench werkzeug: 127.0.0.1 - - [08/Oct/2026 05:27:40] "POST /json/2/res.partner/create HTTP/1.1" 200 - 18 0.007 0.019
2026-10-08 05:27:40,984 54 INFO bench werkzeug: 127.0.0.1 - - [08/Oct/2026 05:27:40] "POST /json/2/res.partner/search HTTP/1.1" 200 - 4 0.002 0.007
2026-10-08 05:27:41,025 54 INFO bench werkzeug: 127.0.0.1 - - [08/Oct/2026 05:27:41] "POST /json/2/res.partner/create HTTP/1.1" 200 - 18 0.007 0.020
2026-10-08 05:27:41,049 54 INFO bench werkzeug: 127.0.0.1 - - [08/Oct/2026 05:27:41] "POST /json/2/res.partner/search HTTP/1.1" 200 - 4 0.002 0.006
2026-10-08 05:27:41,092 54 INFO bench werkzeug: 127.0.0.1 - - [08/Oct/2026 05:27:41] "POST /json/2/res.partner/create HTTP/1.1" 200 - 18 0.007 0.020
2026-10-08 05:27:41,115 54 INFO bench werkzeug: 127.0.0.1 - - [08/Oct/2026 05:27:41] "POST /json/2/res.partner/search HTTP/1.1" 200 - 4 0.002 0.007
2026-10-08 05:27:41,155 54 INFO bench werkzeug: 127.0.0.1 - - [08/Oct/2026 05:27:41] "POST /json/2/res.partner/create HTTP/1.1" 200 - 18 0.007 0.020
2026-10-08 05:27:41,178 54 INFO bench werkzeug: 127.0.0.1 - - [08/Oct/2026 05:27:41] "POST /json/2/res.partner/search HTTP/1.1" 200 - 4 0.002 0.006
2026-10-08 05:27:41,218 54 INFO bench werkzeug: 127.0.0.1 - - [08/Oct/2026 05:27:41] "POST /json/2/res.partner/create HTTP/1.1" 200 - 18 0.007 0.019
2026-10-08 05:27:41,242 54 INFO bench werkzeug: 127.0.0.1 - - [08/Oct/2026 05:27:41] "POST /json/2/res.partner/search HTTP/1.1" 200 - 4 0.002 0.007
2026-10-08 05:27:41,285 54 INFO bench werkzeug: 127.0.0.1 - - [08/Oct/2026 05:27:41] "POST /json/2/res.partner/create HTTP/1.1" 200 - 18 0.007 0.019
2026-10-08 05:27:41,308 54 INFO bench werkzeug: 127.0.0.1 - - [08/Oct/2026 05:27:41] "POST /json/2/res.partner/search HTTP/1.1" 200 - 4 0.002 0.006
2026-10-08 05:27:41,349 54 INFO bench werkzeug: 127.0.0.1 - - [08/Oct/2026 05:27:41] "POST /json/2/res.partner/create HTTP/1.1" 200 - 18 0.007 0.019
2026-10-08 05:27:41,371 54 INFO bench werkzeug: 127.0.0.1 - - [08/Oct/2026 05:27:41] "POST /json/2/res.partner/search HTTP/1.1" 200 - 4 0.002 0.006
2026-10-08 05:27:41,411 54 INFO bench werkzeug: 127.0.0.1 - - [08/Oct/2026 05:27:41] "POST /json/2/res.partner/create HTTP/1.1" 200 - 18 0.008 0.019
2026-10-08 05:27:41,435 54 INFO bench werkzeug: 127.0.0.1 - - [08/Oct/2026 05:27:41] "POST /json/2/res.partner/search HTTP/1.1" 200 - 4 0.002 0.006
2026-10-08 05:27:41,480 54 INFO bench werkzeug: 127.0.0.1 - - [08/Oct/2026 05:27:41] "POST /json/2/res.partner/create HTTP/1.1" 200 - 18 0.009 0.022
2026-10-08 05:27:41,503 54 INFO bench werkzeug: 127.0.0.1 - - [08/Oct/2026 05:27:41] "POST /json/2/res.partner/search HTTP/1.1" 200 - 4 0.002 0.006
2026-10-08 05:27:41,547 54 INFO bench werkzeug: 127.0.0.1 - - [08/Oct/2026 05:27:41] "POST /json/2/res.partner/create HTTP/1.1" 200 - 18 0.008 0.022
2026-10-08 05:27:41,571 54 INFO bench werkzeug: 127.0.0.1 - - [08/Oct/2026 05:27:41] "POST /json/2/res.partner/search HTTP/1.1" 200 - 4 0.002 0.007
2026-10-08 05:27:41,614 54 INFO bench werkzeug: 127.0.0.1 - - [08/Oct/2026 05:27:41] "POST /json/2/res.partner/create HTTP/1.1" 200 - 18 0.007 0.020
2026-10-08 05:27:41,636 54 INFO bench werkzeug: 127.0.0.1 - - [08/Oct/2026 05:27:41] "POST /json/2/res.partner/search HTTP/1.1" 200 - 4 0.002 0.007
2026-10-08 05:27:41,679 54 INFO bench werkzeug: 127.0.0.1 - - [08/Oct/2026 05:27:41] "POST /json/2/res.partner/create HTTP/1.1" 200 - 18 0.008 0.021
2026-10-08 05:27:41,709 54 INFO bench werkzeug: 127.0.0.1 - - [08/Oct/2026 05:27:41] "POST /json/2/res.partner/search HTTP/1.1" 200 - 4 0.002 0.006
2026-10-08 05:27:41,750 54 INFO bench werkzeug: 127.0.0.1 - - [08/Oct/2026 05:27:41] "POST /json/2/res.partner/create HTTP/1.1" 200 - 18 0.008 0.019
2026-10-08 05:27:41,773 54 INFO bench werkzeug: 127.0.0.1 - - [08/Oct/2026 05:27:41] "POST /json/2/res.partner/search HTTP/1.1" 200 - 4 0.002 0.006
2026-10-08 05:27:41,813 54 INFO bench werkzeug: 127.0.0.1 - - [08/Oct/2026 05:27:41] "POST /json/2/res.partner/create HTTP/1.1" 200 - 18 0.007 0.019
2026-10-08 05:27:41,835 54 INFO bench werkzeug: 127.0.0.1 - - [08/Oct/2026 05:27:41] "POST /json/2/res.partner/search HTTP/1.1" 200 - 4 0.002 0.006
2026-10-08 05:27:41,879 54 INFO bench werkzeug: 127.0.0.1 - - [08/Oct/2026 05:27:41] "POST /json/2/res.partner/create HTTP/1.1" 200 - 18 0.008 0.021
2026-10-08 05:27:41,902 54 INFO bench werkzeug: 127.0.0.1 - - [08/Oct/2026 05:27:41] "POST /json/2/res.partner/search HTTP/1.1" 200 - 4 0.002 0.006
2026-10-08 05:27:41,944 54 INFO bench werkzeug: 127.0.0.1 - - [08/Oct/2026 05:27:41] "POST /json/2/res.partner/create HTTP/1.1" 200 - 18 0.007 0.020
2026-10-08 05:27:41,966 54 INFO bench werkzeug: 127.0.0.1 - - [08/Oct/2026 05:27:41] "POST /json/2/res.partner/search HTTP/1.1" 200 - 4 0.002 0.006
2026-10-08 05:27:42,006 54 INFO bench werkzeug: 127.0.0.1 - - [08/Oct/2026 05:27:42] "POST /json/2/res.partner/create HTTP/1.1" 200 - 18 0.007 0.018
2026-10-08 05:27:42,029 54 INFO bench werkzeug: 127.0.0.1 - - [08/Oct/2026 05:27:42] "POST /json/2/res.partner/search HTTP/1.1" 200 - 4 0.002 0.006
2026-10-08 05:27:42,072 54 INFO bench werkzeug: 127.0.0.1 - - [08/Oct/2026 05:27:42] "POST /json/2/res.partner/create HTTP/1.1" 200 - 18 0.008 0.021
2026-10-08 05:27:42,096 54 INFO bench werkzeug: 127.0.0.1 - - [08/Oct/2026 05:27:42] "POST /json/2/res.partner/search HTTP/1.1" 200 - 4 0.002 0.006
2026-10-08 05:27:42,145 54 INFO bench werkzeug: 127.0.0.1 - - [08/Oct/2026 05:27:42] "POST /json/2/res.partner/create HTTP/1.1" 200 - 18 0.007 0.020
2026-10-08 05:27:42,170 54 INFO bench werkzeug: 127.0.0.1 - - [08/Oct/2026 05:27:42] "POST /json/2/res.partner/search HTTP/1.1" 200 - 4 0.002 0.007
2026-10-08 05:27:42,213 54 INFO bench werkzeug: 127.0.0.1 - - [08/Oct/2026 05:27:42] "POST /json/2/res.partner/create HTTP/1.1" 200 - 18 0.007 0.020
2026-10-08 05:27:42,235 54 INFO bench werkzeug: 127.0.0.1 - - [08/Oct/2026 05:27:42] "POST /json/2/res.partner/search HTTP/1.1" 200 - 4 0.002 0.007
2026-10-08 05:27:42,278 54 INFO bench werkzeug: 127.0.0.1 - - [08/Oct/2026 05:27:42] "POST /json/2/res.partner/create HTTP/1.1" 200 - 18 0.008 0.020
2026-10-08 05:27:42,302 54 INFO bench werkzeug: 127.0.0.1 - - [08/Oct/2026 05:27:42] "POST /json/2/res.partner/search HTTP/1.1" 200 - 4 0.002 0.007
2026-10-08 05:27:42,345 54 INFO bench werkzeug: 127.0.0.1 - - [08/Oct/2026 05:27:42] "POST /json/2/res.partner/create HTTP/1.1" 200 - 18 0.007 0.022
2026-10-08 05:27:42,369 54 INFO bench werkzeug: 127.0.0.1 - - [08/Oct/2026 05:27:42] "POST /json/2/res.partner/search HTTP/1.1" 200 - 4 0.002 0.006
2026-10-08 05:27:42,410 54 INFO bench werkzeug: 127.0.0.1 - - [08/Oct/2026 05:27:42] "POST /json/2/res.partner/create HTTP/1.1" 200 - 18 0.008 0.021
2026-10-08 05:27:42,433 54 INFO bench werkzeug: 127.0.0.1 - - [08/Oct/2026 05:27:42] "POST /json/2/res.partner/search HTTP/1.1" 200 - 4 0.002 0.007
2026-10-08 05:27:42,481 54 INFO bench werkzeug: 127.0.0.1 - - [08/Oct/2026 05:27:42] "POST /json/2/res.partner/create HTTP/1.1" 200 - 18 0.009 0.024
2026-10-08 05:27:42,506 54 INFO bench werkzeug: 127.0.0.1 - - [08/Oct/2026 05:27:42] "POST /json/2/res.partner/search HTTP/1.1" 200 - 4 0.002 0.006
2026-10-08 05:27:42,551 54 INFO bench werkzeug: 127.0.0.1 - - [08/Oct/2026 05:27:42] "POST /json/2/res.partner/create HTTP/1.1" 200 - 18 0.008 0.021
2026-10-08 05:27:42,583 54 INFO bench werkzeug: 127.0.0.1 - - [08/Oct/2026 05:27:42] "POST /json/2/res.partner/search HTTP/1.1" 200 - 4 0.002 0.007
2026-10-08 05:27:42,624 54 INFO bench werkzeug: 127.0.0.1 - - [08/Oct/2026 05:27:42] "POST /json/2/res.partner/create HTTP/1.1" 200 - 18 0.008 0.020
2026-10-08 05:27:42,649 54 INFO bench werkzeug: 127.0.0.1 - - [08/Oct/2026 05:27:42] "POST /json/2/res.partner/search HTTP/1.1" 200 - 4 0.002 0.006
2026-10-08 05:27:42,690 54 INFO bench werkzeug: 127.0.0.1 - - [08/Oct/2026 05:27:42] "POST /json/2/res.partner/create HTTP/1.1" 200 - 18 0.008 0.021
2026-10-08 05:27:42,714 54 INFO bench werkzeug: 127.0.0.1 - - [08/Oct/2026 05:27:42] "POST /json/2/res.partner/search HTTP/1.1" 200 - 4 0.002 0.006
2026-10-08 05:27:42,758 54 INFO bench werkzeug: 127.0.0.1 - - [08/Oct/2026 05:27:42] "POST /json/2/res.partner/create HTTP/1.1" 200 - 18 0.008 0.021
2026-10-08 05:27:42,780 54 INFO bench werkzeug: 127.0.0.1 - - [08/Oct/2026 05:27:42] "POST /json/2/res.partner/search HTTP/1.1" 200 - 4 0.002 0.006
2026-10-08 05:27:42,822 54 INFO bench werkzeug: 127.0.0.1 - - [08/Oct/2026 05:27:42] "POST /json/2/res.partner/create HTTP/1.1" 200 - 18 0.007 0.020
2026-10-08 05:27:42,847 54 INFO bench werkzeug: 127.0.0.1 - - [08/Oct/2026 05:27:42] "POST /json/2/res.partner/search HTTP/1.1" 200 - 4 0.002 0.006
2026-10-08 05:27:42,888 54 INFO bench werkzeug: 127.0.0.1 - - [08/Oct/2026 05:27:42] "POST /json/2/res.partner/create HTTP/1.1" 200 - 18 0.007 0.022
2026-10-08 05:27:42,912 54 INFO bench werkzeug: 127.0.0.1 - - [08/Oct/2026 05:27:42] "POST /json/2/res.partner/search HTTP/1.1" 200 - 4 0.002 0.006
2026-10-08 05:27:42,955 54 INFO bench werkzeug: 127.0.0.1 - - [08/Oct/2026 05:27:42] "POST /json/2/res.partner/create HTTP/1.1" 200 - 18 0.007 0.020
2026-10-08 05:27:42,986 54 INFO bench werkzeug: 127.0.0.1 - - [08/Oct/2026 05:27:42] "POST /json/2/res.partner/search HTTP/1.1" 200 - 4 0.002 0.007
2026-10-08 05:27:43,029 54 INFO bench werkzeug: 127.0.0.1 - - [08/Oct/2026 05:27:43] "POST /json/2/res.partner/create HTTP/1.1" 200 - 18 0.008 0.020
2026-10-08 05:27:43,053 54 INFO bench werkzeug: 127.0.0.1 - - [08/Oct/2026 05:27:43] "POST /json/2/res.partner/search HTTP/1.1" 200 - 4 0.002 0.006
2026-10-08 05:27:43,096 54 INFO bench werkzeug: 127.0.0.1 - - [08/Oct/2026 05:27:43] "POST /json/2/res.partner/create HTTP/1.1" 200 - 18 0.008 0.021
2026-10-08 05:27:43,121 54 INFO bench werkzeug: 127.0.0.1 - - [08/Oct/2026 05:27:43] "POST /json/2/res.partner/search HTTP/1.1" 200 - 4 0.002 0.007
2026-10-08 05:27:43,162 54 INFO bench werkzeug: 127.0.0.1 - - [08/Oct/2026 05:27:43] "POST /json/2/res.partner/create HTTP/1.1" 200 - 18 0.008 0.019
2026-10-08 05:27:43,184 54 INFO bench werkzeug: 127.0.0.1 - - [08/Oct/2026 05:27:43] "POST /json/2/res.partner/search HTTP/1.1" 200 - 4 0.002 0.006
2026-10-08 05:27:43,223 54 INFO bench werkzeug: 127.0.0.1 - - [08/Oct/2026 05:27:43] "POST /json/2/res.partner/create HTTP/1.1" 200 - 18 0.007 0.019
2026-10-08 05:27:43,243 54 INFO bench werkzeug: 127.0.0.1 - - [08/Oct/2026 05:27:43] "POST /json/2/res.partner/search HTTP/1.1" 200 - 4 0.002 0.006
2026-10-08 05:27:43,283 54 INFO bench werkzeug: 127.0.0.1 - - [08/Oct/2026 05:27:43] "POST /json/2/res.partner/create HTTP/1.1" 200 - 18 0.006 0.019
2026-10-08 05:27:43,306 54 INFO bench werkzeug: 127.0.0.1 - - [08/Oct/2026 05:27:43] "POST /json/2/res.partner/search HTTP/1.1" 200 - 4 0.002 0.006
2026-10-08 05:27:43,343 54 INFO bench werkzeug: 127.0.0.1 - - [08/Oct/2026 05:27:43] "POST /json/2/res.partner/create HTTP/1.1" 200 - 18 0.007 0.019
2026-10-08 05:27:43,367 54 INFO bench werkzeug: 127.0.0.1 - - [08/Oct/2026 05:27:43] "POST /json/2/res.partner/search HTTP/1.1" 200 - 4 0.002 0.006
2026-10-08 05:27:43,409 54 INFO bench werkzeug: 127.0.0.1 - - [08/Oct/2026 05:27:43] "POST /json/2/res.partner/create HTTP/1.1" 200 - 18 0.007 0.020
2026-10-08 05:27:43,437 54 INFO bench werkzeug: 127.0.0.1 - - [08/Oct/2026 05:27:43] "POST /json/2/res.partner/search HTTP/1.1" 200 - 4 0.002 0.006
2026-10-08 05:27:43,477 54 INFO bench werkzeug: 127.0.0.1 - - [08/Oct/2026 05:27:43] "POST /json/2/res.partner/create HTTP/1.1" 200 - 18 0.007 0.019
2026-10-08 05:27:43,498 54 INFO bench werkzeug: 127.0.0.1 - - [08/Oct/2026 05:27:43] "POST /json/2/res.partner/search HTTP/1.1" 200 - 4 0.002 0.006
2026-10-08 05:27:43,540 54 INFO bench werkzeug: 127.0.0.1 - - [08/Oct/2026 05:27:43] "POST /json/2/res.partner/create HTTP/1.1" 200 - 18 0.007 0.020
2026-10-08 05:27:43,562 54 INFO bench werkzeug: 127.0.0.1 - - [08/Oct/2026 05:27:43] "POST /json/2/res.partner/search HTTP/1.1" 200 - 4 0.002 0.006
2026-10-08 05:27:43,603 54 INFO bench werkzeug: 127.0.0.1 - - [08/Oct/2026 05:27:43] "POST /json/2/res.partner/create HTTP/1.1" 200 - 18 0.009 0.020
2026-10-08 05:27:43,625 54 INFO bench werkzeug: 127.0.0.1 - - [08/Oct/2026 05:27:43] "POST /json/2/res.partner/search HTTP/1.1" 200 - 4 0.003 0.006
2026-10-08 05:27:43,665 54 INFO bench werkzeug: 127.0.0.1 - - [08/Oct/2026 05:27:43] "POST /json/2/res.partner/create HTTP/1.1" 200 - 18 0.007 0.019
2026-10-08 05:27:43,687 54 INFO bench werkzeug: 127.0.0.1 - - [08/Oct/2026 05:27:43] "POST /json/2/res.partner/search HTTP/1.1" 200 - 4 0.002 0.006
2026-10-08 05:27:43,729 54 INFO bench werkzeug: 127.0.0.1 - - [08/Oct/2026 05:27:43] "POST /json/2/res.partner/create HTTP/1.1" 200 - 18 0.007 0.019
2026-10-08 05:27:43,751 54 INFO bench werkzeug: 127.0.0.1 - - [08/Oct/2026 05:27:43] "POST /json/2/res.partner/search HTTP/1.1" 200 - 4 0.002 0.006
2026-10-08 05:27:43,791 54 INFO bench werkzeug: 127.0.0.1 - - [08/Oct/2026 05:27:43] "POST /json/2/res.partner/create HTTP/1.1" 200 - 18 0.008 0.019
2026-10-08 05:27:43,813 54 INFO bench werkzeug: 127.0.0.1 - - [08/Oct/2026 05:27:43] "POST /json/2/res.partner/search HTTP/1.1" 200 - 4 0.002 0.006
2026-10-08 05:27:43,859 54 INFO bench werkzeug: 127.0.0.1 - - [08/Oct/2026 05:27:43] "POST /json/2/res.partner/create HTTP/1.1" 200 - 18 0.007 0.018
2026-10-08 05:27:43,881 54 INFO bench werkzeug: 127.0.0.1 - - [08/Oct/2026 05:27:43] "POST /json/2/res.partner/search HTTP/1.1" 200 - 4 0.002 0.006
2026-10-08 05:27:43,920 54 INFO bench werkzeug: 127.0.0.1 - - [08/Oct/2026 05:27:43] "POST /json/2/res.partner/create HTTP/1.1" 200 - 18 0.007 0.019
2026-10-08 05:27:43,943 54 INFO bench werkzeug: 127.0.0.1 - - [08/Oct/2026 05:27:43] "POST /json/2/res.partner/search HTTP/1.1" 200 - 4 0.002 0.007
2026-10-08 05:27:43,983 54 INFO bench werkzeug: 127.0.0.1 - - [08/Oct/2026 05:27:43] "POST /json/2/res.partner/create HTTP/1.1" 200 - 18 0.007 0.019
2026-10-08 05:27:44,006 54 INFO bench werkzeug: 127.0.0.1 - - [08/Oct/2026 05:27:44] "POST /json/2/res.partner/search HTTP/1.1" 200 - 4 0.002 0.007
2026-10-08 05:27:44,045 54 INFO bench werkzeug: 127.0.0.1 - - [08/Oct/2026 05:27:44] "POST /json/2/res.partner/create HTTP/1.1" 200 - 18 0.007 0.018
2026-10-08 05:27:44,065 54 INFO bench werkzeug: 127.0.0.1 - - [08/Oct/2026 05:27:44] "POST /json/2/res.partner/read HTTP/1.1" 200 - 4 0.002 0.006
2026-10-08 05:27:44,087 54 INFO bench werkzeug: 127.0.0.1 - - [08/Oct/2026 05:27:44] "POST /json/2/res.partner/search HTTP/1.1" 200 - 4 0.002 0.006
2026-10-08 05:27:44,126 54 INFO bench werkzeug: 127.0.0.1 - - [08/Oct/2026 05:27:44] "POST /json/2/res.partner/create HTTP/1.1" 200 - 18 0.007 0.019
2026-10-08 05:27:44,151 54 INFO bench werkzeug: 127.0.0.1 - - [08/Oct/2026 05:27:44] "POST /json/2/res.partner/search HTTP/1.1" 200 - 4 0.003 0.006
2026-10-08 05:27:44,192 54 INFO bench werkzeug: 127.0.0.1 - - [08/Oct/2026 05:27:44] "POST /json/2/res.partner/create HTTP/1.1" 200 - 18 0.008 0.021
2026-10-08 05:27:44,214 54 INFO bench werkzeug: 127.0.0.1 - - [08/Oct/2026 05:27:44] "POST /json/2/res.partner/search HTTP/1.1" 200 - 4 0.002 0.006
2026-10-08 05:27:44,265 54 INFO bench werkzeug: 127.0.0.1 - - [08/Oct/2026 05:27:44] "POST /json/2/res.partner/create HTTP/1.1" 200 - 18 0.007 0.021
2026-10-08 05:27:44,289 54 INFO bench werkzeug: 127.0.0.1 - - [08/Oct/2026 05:27:44] "POST /json/2/res.partner/search HTTP/1.1" 200 - 4 0.003 0.007
2026-10-08 05:27:44,328 54 INFO bench werkzeug: 127.0.0.1 - - [08/Oct/2026 05:27:44] "POST /json/2/res.partner/create HTTP/1.1" 200 - 18 0.008 0.019
2026-10-08 05:27:44,350 54 INFO bench werkzeug: 127.0.0.1 - - [08/Oct/2026 05:27:44] "POST /json/2/res.partner/search HTTP/1.1" 200 - 4 0.002 0.006
2026-10-08 05:27:44,391 54 INFO bench werkzeug: 127.0.0.1 - - [08/Oct/2026 05:27:44] "POST /json/2/res.partner/create HTTP/1.1" 200 - 18 0.007 0.021
2026-10-08 05:27:44,411 54 INFO bench werkzeug: 127.0.0.1 - - [08/Oct/2026 05:27:44] "POST /json/2/res.partner/search HTTP/1.1" 200 - 4 0.002 0.006
2026-10-08 05:27:44,449 54 INFO bench werkzeug: 127.0.0.1 - - [08/Oct/2026 05:27:44] "POST /json/2/res.partner/create HTTP/1.1" 200 - 18 0.007 0.018
2026-10-08 05:27:44,472 54 INFO bench werkzeug: 127.0.0.1 - - [08/Oct/2026 05:27:44] "POST /json/2/res.partner/search HTTP/1.1" 200 - 4 0.002 0.007
2026-10-08 05:27:44,513 54 INFO bench werkzeug: 127.0.0.1 - - [08/Oct/2026 05:27:44] "POST /json/2/res.partner/create HTTP/1.1" 200 - 18 0.007 0.022
2026-10-08 05:27:44,537 54 INFO bench werkzeug: 127.0.0.1 - - [08/Oct/2026 05:27:44] "POST /json/2/res.partner/search HTTP/1.1" 200 - 4 0.003 0.006
2026-10-08 05:27:44,580 54 INFO bench werkzeug: 127.0.0.1 - - [08/Oct/2026 05:27:44] "POST /json/2/res.partner/create HTTP/1.1" 200 - 18 0.008 0.022
2026-10-08 05:27:44,606 54 INFO bench werkzeug: 127.0.0.1 - - [08/Oct/2026 05:27:44] "POST /json/2/res.partner/search HTTP/1.1" 200 - 4 0.003 0.007
2026-10-08 05:27:44,652 54 INFO bench werkzeug: 127.0.0.1 - - [08/Oct/2026 05:27:44] "POST /json/2/res.partner/create HTTP/1.1" 200 - 18 0.007 0.026
2026-10-08 05:27:44,683 54 INFO bench werkzeug: 127.0.0.1 - - [08/Oct/2026 05:27:44] "POST /json/2/res.partner/search HTTP/1.1" 200 - 4 0.003 0.007
2026-10-08 05:27:44,723 54 INFO bench werkzeug: 127.0.0.1 - - [08/Oct/2026 05:27:44] "POST /json/2/res.partner/create HTTP/1.1" 200 - 18 0.008 0.020
2026-10-08 05:27:44,747 54 INFO bench werkzeug: 127.0.0.1 - - [08/Oct/2026 05:27:44] "POST /json/2/res.partner/search HTTP/1.1" 200 - 4 0.003 0.006
2026-10-08 05:27:44,787 54 INFO bench werkzeug: 127.0.0.1 - - [08/Oct/2026 05:27:44] "POST /json/2/res.partner/create HTTP/1.1" 200 - 18 0.007 0.021
2026-10-08 05:27:44,809 54 INFO bench werkzeug: 127.0.0.1 - - [08/Oct/2026 05:27:44] "POST /json/2/res.partner/search HTTP/1.1" 200 - 4 0.002 0.006
2026-10-08 05:27:44,849 54 INFO bench werkzeug: 127.0.0.1 - - [08/Oct/2026 05:27:44] "POST /json/2/res.partner/create HTTP/1.1" 200 - 18 0.007 0.022
2026-10-08 05:27:44,870 54 INFO bench werkzeug: 127.0.0.1 - - [08/Oct/2026 05:27:44] "POST /json/2/res.partner/search HTTP/1.1" 200 - 4 0.002 0.006
2026-10-08 05:27:44,908 54 INFO bench werkzeug: 127.0.0.1 - - [08/Oct/2026 05:27:44] "POST /json/2/res.partner/create HTTP/1.1" 200 - 18 0.007 0.018
2026-10-08 05:27:44,929 54 INFO bench werkzeug: 127.0.0.1 - - [08/Oct/2026 05:27:44] "POST /json/2/res.partner/search HTTP/1.1" 200 - 4 0.002 0.006
2026-10-08 05:27:44,968 54 INFO bench werkzeug: 127.0.0.1 - - [08/Oct/2026 05:27:44] "POST /json/2/res.partner/create HTTP/1.1" 200 - 18 0.007 0.019
2026-10-08 05:27:44,991 54 INFO bench werkzeug: 127.0.0.1 - - [08/Oct/2026 05:27:44] "POST /json/2/res.partner/search HTTP/1.1" 200 - 4 0.002 0.007
2026-10-08 05:27:45,030 54 INFO bench werkzeug: 127.0.0.1 - - [08/Oct/2026 05:27:45] "POST /json/2/res.partner/create HTTP/1.1" 200 - 18 0.007 0.019
2026-10-08 05:27:45,051 54 INFO bench werkzeug: 127.0.0.1 - - [08/Oct/2026 05:27:45] "POST /json/2/res.partner/search HTTP/1.1" 200 - 4 0.002 0.006
2026-10-08 05:27:45,098 54 INFO bench werkzeug: 127.0.0.1 - - [08/Oct/2026 05:27:45] "POST /json/2/res.partner/create HTTP/1.1" 200 - 18 0.007 0.018
2026-10-08 05:27:45,119 54 INFO bench werkzeug: 127.0.0.1 - - [08/Oct/2026 05:27:45] "POST /json/2/res.partner/search HTTP/1.1" 200 - 4 0.002 0.006
2026-10-08 05:27:45,160 54 INFO bench werkzeug: 127.0.0.1 - - [08/Oct/2026 05:27:45] "POST /json/2/res.partner/create HTTP/1.1" 200 - 18 0.007 0.020
2026-10-08 05:27:45,182 54 INFO bench werkzeug: 127.0.0.1 - - [08/Oct/2026 05:27:45] "POST /json/2/res.partner/search HTTP/1.1" 200 - 4 0.002 0.006
2026-10-08 05:27:45,223 54 INFO bench werkzeug: 127.0.0.1 - - [08/Oct/2026 05:27:45] "POST /json/2/res.partner/create HTTP/1.1" 200 - 18 0.007 0.021
2026-10-08 05:27:45,244 54 INFO bench werkzeug: 127.0.0.1 - - [08/Oct/2026 05:27:45] "POST /json/2/res.partner/search HTTP/1.1" 200 - 4 0.002 0.006
2026-10-08 05:27:45,285 54 INFO bench werkzeug: 127.0.0.1 - - [08/Oct/2026 05:27:45] "POST /json/2/res.partner/create HTTP/1.1" 200 - 18 0.007 0.019
2026-10-08 05:27:45,307 54 INFO bench werkzeug: 127.0.0.1 - - [08/Oct/2026 05:27:45] "POST /json/2/res.partner/search HTTP/1.1" 200 - 4 0.002 0.006
2026-10-08 05:27:45,351 54 INFO bench werkzeug: 127.0.0.1 - - [08/Oct/2026 05:27:45] "POST /json/2/res.partner/create HTTP/1.1" 200 - 18 0.008 0.022
2026-10-08 05:27:45,372 54 INFO bench werkzeug: 127.0.0.1 - - [08/Oct/2026 05:27:45] "POST /json/2/res.partner/search HTTP/1.1" 200 - 4 0.002 0.006
2026-10-08 05:27:45,412 54 INFO bench werkzeug: 127.0.0.1 - - [08/Oct/2026 05:27:45] "POST /json/2/res.partner/create HTTP/1.1" 200 - 18 0.008 0.019
2026-10-08 05:27:45,435 54 INFO bench werkzeug: 127.0.0.1 - - [08/Oct/2026 05:27:45] "POST /json/2/res.partner/search HTTP/1.1" 200 - 4 0.002 0.006
2026-10-08 05:27:45,475 54 INFO bench werkzeug: 127.0.0.1 - - [08/Oct/2026 05:27:45] "POST /json/2/res.partner/create HTTP/1.1" 200 - 18 0.008 0.018
2026-10-08 05:27:45,505 54 INFO bench werkzeug: 127.0.0.1 - - [08/Oct/2026 05:27:45] "POST /json/2/res.partner/search HTTP/1.1" 200 - 4 0.002 0.006
2026-10-08 05:27:45,547 54 INFO bench werkzeug: 127.0.0.1 - - [08/Oct/2026 05:27:45] "POST /json/2/res.partner/create HTTP/1.1" 200 - 18 0.007 0.020
2026-10-08 05:27:45,568 54 INFO bench werkzeug: 127.0.0.1 - - [08/Oct/2026 05:27:45] "POST /json/2/res.partner/search HTTP/1.1" 200 - 4 0.002 0.006
2026-10-08 05:27:45,607 54 INFO bench werkzeug: 127.0.0.1 - - [08/Oct/2026 05:27:45] "POST /json/2/res.partner/create HTTP/1.1" 200 - 18 0.007 0.020
2026-10-08 05:27:45,629 54 INFO bench werkzeug: 127.0.0.1 - - [08/Oct/2026 05:27:45] "POST /json/2/res.partner/search HTTP/1.1" 200 - 4 0.002 0.006
2026-10-08 05:27:45,668 54 INFO bench werkzeug: 127.0.0.1 - - [08/Oct/2026 05:27:45] "POST /json/2/res.partner/create HTTP/1.1" 200 - 18 0.007 0.018
2026-10-08 05:27:45,689 54 INFO bench werkzeug: 127.0.0.1 - - [08/Oct/2026 05:27:45] "POST /json/2/res.partner/search HTTP/1.1" 200 - 4 0.002 0.006
2026-10-08 05:27:45,729 54 INFO bench werkzeug: 127.0.0.1 - - [08/Oct/2026 05:27:45] "POST /json/2/res.partner/create HTTP/1.1" 200 - 18 0.007 0.019
2026-10-08 05:27:45,752 54 INFO bench werkzeug: 127.0.0.1 - - [08/Oct/2026 05:27:45] "POST /json/2/res.partner/search HTTP/1.1" 200 - 4 0.002 0.006
2026-10-08 05:27:45,789 54 INFO bench werkzeug: 127.0.0.1 - - [08/Oct/2026 05:27:45] "POST /json/2/res.partner/create HTTP/1.1" 200 - 18 0.006 0.018
2026-10-08 05:27:45,811 54 INFO bench werkzeug: 127.0.0.1 - - [08/Oct/2026 05:27:45] "POST /json/2/res.partner/search HTTP/1.1" 200 - 4 0.002 0.006
2026-10-08 05:27:45,849 54 INFO bench werkzeug: 127.0.0.1 - - [08/Oct/2026 05:27:45] "POST /json/2/res.partner/create HTTP/1.1" 200 - 18 0.007 0.018
2026-10-08 05:27:45,870 54 INFO bench werkzeug: 127.0.0.1 - - [08/Oct/2026 05:27:45] "POST /json/2/res.partner/search HTTP/1.1" 200 - 4 0.002 0.006
2026-10-08 05:27:45,916 54 INFO bench werkzeug: 127.0.0.1 - - [08/Oct/2026 05:27:45] "POST /json/2/res.partner/create HTTP/1.1" 200 - 18 0.007 0.019
2026-10-08 05:27:45,938 54 INFO bench werkzeug: 127.0.0.1 - - [08/Oct/2026 05:27:45] "POST /json/2/res.partner/search HTTP/1.1" 200 - 4 0.002 0.006
2026-10-08 05:27:45,980 54 INFO bench werkzeug: 127.0.0.1 - - [08/Oct/2026 05:27:45] "POST /json/2/res.partner/create HTTP/1.1" 200 - 18 0.008 0.020
2026-10-08 05:27:46,002 54 INFO bench werkzeug: 127.0.0.1 - - [08/Oct/2026 05:27:46] "POST /json/2/res.partner/search HTTP/1.1" 200 - 4 0.002 0.006
2026-10-08 05:27:46,041 54 INFO bench werkzeug: 127.0.0.1 - - [08/Oct/2026 05:27:46] "POST /json/2/res.partner/create HTTP/1.1" 200 - 18 0.007 0.017
2026-10-08 05:27:46,062 54 INFO bench werkzeug: 127.0.0.1 - - [08/Oct/2026 05:27:46] "POST /json/2/res.partner/search HTTP/1.1" 200 - 4 0.002 0.006
2026-10-08 05:27:46,100 54 INFO bench werkzeug: 127.0.0.1 - - [08/Oct/2026 05:27:46] "POST /json/2/res.partner/create HTTP/1.1" 200 - 18 0.007 0.019
2026-10-08 05:27:46,121 54 INFO bench werkzeug: 127.0.0.1 - - [08/Oct/2026 05:27:46] "POST /json/2/res.partner/search HTTP/1.1" 200 - 4 0.002 0.006
2026-10-08 05:27:46,160 54 INFO bench werkzeug: 127.0.0.1 - - [08/Oct/2026 05:27:46] "POST /json/2/res.partner/create HTTP/1.1" 200 - 18 0.007 0.018
2026-10-08 05:27:46,184 54 INFO bench werkzeug: 127.0.0.1 - - [08/Oct/2026 05:27:46] "POST /json/2/res.partner/search HTTP/1.1" 200 - 4 0.002 0.007
2026-10-08 05:27:46,224 54 INFO bench werkzeug: 127.0.0.1 - - [08/Oct/2026 05:27:46] "POST /json/2/res.partner/create HTTP/1.1" 200 - 18 0.008 0.020
2026-10-08 05:27:46,246 54 INFO bench werkzeug: 127.0.0.1 - - [08/Oct/2026 05:27:46] "POST /json/2/res.partner/search HTTP/1.1" 200 - 4 0.002 0.006
2026-10-08 05:27:46,287 54 INFO bench werkzeug: 127.0.0.1 - - [08/Oct/2026 05:27:46] "POST /json/2/res.partner/create HTTP/1.1" 200 - 18 0.007 0.020
2026-10-08 05:27:46,308 54 INFO bench werkzeug: 127.0.0.1 - - [08/Oct/2026 05:27:46] "POST /json/2/res.partner/search HTTP/1.1" 200 - 4 0.002 0.007
2026-10-08 05:27:46,348 54 INFO bench werkzeug: 127.0.0.1 - - [08/Oct/2026 05:27:46] "POST /json/2/res.partner/create HTTP/1.1" 200 - 18 0.007 0.019
2026-10-08 05:27:46,370 54 INFO bench werkzeug: 127.0.0.1 - - [08/Oct/2026 05:27:46] "POST /json/2/res.partner/search HTTP/1.1" 200 - 4 0.002 0.006
2026-10-08 05:27:46,409 54 INFO bench werkzeug: 127.0.0.1 - - [08/Oct/2026 05:27:46] "POST /json/2/res.partner/create HTTP/1.1" 200 - 18 0.007 0.019
2026-10-08 05:27:46,430 54 INFO bench werkzeug: 127.0.0.1 - - [08/Oct/2026 05:27:46] "POST /json/2/res.partner/search HTTP/1.1" 200 - 4 0.002 0.006
2026-10-08 05:27:46,469 54 INFO bench werkzeug: 127.0.0.1 - - [08/Oct/2026 05:27:46] "POST /json/2/res.partner/create HTTP/1.1" 200 - 18 0.007 0.019
2026-10-08 05:27:46,490 54 INFO bench werkzeug: 127.0.0.1 - - [08/Oct/2026 05:27:46] "POST /json/2/res.partner/search HTTP/1.1" 200 - 4 0.002 0.006
2026-10-08 05:27:46,528 54 INFO bench werkzeug: 127.0.0.1 - - [08/Oct/2026 05:27:46] "POST /json/2/res.partner/create HTTP/1.1" 200 - 18 0.007 0.018
2026-10-08 05:27:46,550 54 INFO bench werkzeug: 127.0.0.1 - - [08/Oct/2026 05:27:46] "POST /json/2/res.partner/search HTTP/1.1" 200 - 4 0.002 0.006
2026-10-08 05:27:46,587 54 INFO bench werkzeug: 127.0.0.1 - - [08/Oct/2026 05:27:46] "POST /json/2/res.partner/create HTTP/1.1" 200 - 18 0.007 0.018
2026-10-08 05:27:46,608 54 INFO bench werkzeug: 127.0.0.1 - - [08/Oct/2026 05:27:46] "POST /json/2/res.partner/search HTTP/1.1" 200 - 4 0.002 0.006
2026-10-08 05:27:46,645 54 INFO bench werkzeug: 127.0.0.1 - - [08/Oct/2026 05:27:46] "POST /json/2/res.partner/create HTTP/1.1" 200 - 18 0.007 0.016
2026-10-08 05:27:46,670 54 INFO bench werkzeug: 127.0.0.1 - - [08/Oct/2026 05:27:46] "POST /json/2/res.partner/search HTTP/1.1" 200 - 4 0.002 0.006
2026-10-08 05:27:46,712 54 INFO bench werkzeug: 127.0.0.1 - - [08/Oct/2026 05:27:46] "POST /json/2/res.partner/create HTTP/1.1" 200 - 18 0.007 0.019
2026-10-08 05:27:46,734 54 INFO bench werkzeug: 127.0.0.1 - - [08/Oct/2026 05:27:46] "POST /json/2/res.partner/search HTTP/1.1" 200 - 4 0.002 0.006
2026-10-08 05:27:46,773 54 INFO bench werkzeug: 127.0.0.1 - - [08/Oct/2026 05:27:46] "POST /json/2/res.partner/create HTTP/1.1" 200 - 18 0.007 0.019
2026-10-08 05:27:46,794 54 INFO bench werkzeug: 127.0.0.1 - - [08/Oct/2026 05:27:46] "POST /json/2/res.partner/search HTTP/1.1" 200 - 4 0.003 0.006
2026-10-08 05:27:46,832 54 INFO bench werkzeug: 127.0.0.1 - - [08/Oct/2026 05:27:46] "POST /json/2/res.partner/create HTTP/1.1" 200 - 18 0.007 0.018
2026-10-08 05:27:46,857 54 INFO bench werkzeug: 127.0.0.1 - - [08/Oct/2026 05:27:46] "POST /json/2/res.partner/search HTTP/1.1" 200 - 4 0.002 0.007
2026-10-08 05:27:46,895 54 INFO bench werkzeug: 127.0.0.1 - - [08/Oct/2026 05:27:46] "POST /json/2/res.partner/create HTTP/1.1" 200 - 18 0.007 0.019
2026-10-08 05:27:46,917 54 INFO bench werkzeug: 127.0.0.1 - - [08/Oct/2026 05:27:46] "POST /json/2/res.partner/search HTTP/1.1" 200 - 4 0.002 0.006
2026-10-08 05:27:46,952 54 INFO bench werkzeug: 127.0.0.1 - - [08/Oct/2026 05:27:46] "POST /json/2/res.partner/create HTTP/1.1" 200 - 18 0.006 0.017
2026-10-08 05:27:46,974 54 INFO bench werkzeug: 127.0.0.1 - - [08/Oct/2026 05:27:46] "POST /json/2/res.partner/search HTTP/1.1" 200 - 4 0.002 0.006
2026-10-08 05:27:47,015 54 INFO bench werkzeug: 127.0.0.1 - - [08/Oct/2026 05:27:47] "POST /json/2/res.partner/create HTTP/1.1" 200 - 18 0.007 0.021
2026-10-08 05:27:47,034 54 INFO bench werkzeug: 127.0.0.1 - - [08/Oct/2026 05:27:47] "POST /json/2/res.partner/search HTTP/1.1" 200 - 4 0.002 0.006
2026-10-08 05:27:47,071 54 INFO bench werkzeug: 127.0.0.1 - - [08/Oct/2026 05:27:47] "POST /json/2/res.partner/create HTTP/1.1" 200 - 18 0.007 0.017
2026-10-08 05:27:47,099 54 INFO bench werkzeug: 127.0.0.1 - - [08/Oct/2026 05:27:47] "POST /json/2/res.partner/search HTTP/1.1" 200 - 4 0.002 0.006
2026-10-08 05:27:47,139 54 INFO bench werkzeug: 127.0.0.1 - - [08/Oct/2026 05:27:47] "POST /json/2/res.partner/create HTTP/1.1" 200 - 18 0.006 0.019
2026-10-08 05:27:47,161 54 INFO bench werkzeug: 127.0.0.1 - - [08/Oct/2026 05:27:47] "POST /json/2/res.partner/search HTTP/1.1" 200 - 4 0.002 0.006
2026-10-08 05:27:47,200 54 INFO bench werkzeug: 127.0.0.1 - - [08/Oct/2026 05:27:47] "POST /json/2/res.partner/create HTTP/1.1" 200 - 18 0.006 0.019
2026-10-08 05:27:47,222 54 INFO bench werkzeug: 127.0.0.1 - - [08/Oct/2026 05:27:47] "POST /json/2/res.partner/search HTTP/1.1" 200 - 4 0.002 0.006
2026-10-08 05:27:47,259 54 INFO bench werkzeug: 127.0.0.1 - - [08/Oct/2026 05:27:47] "POST /json/2/res.partner/create HTTP/1.1" 200 - 18 0.006 0.017
2026-10-08 05:27:47,280 54 INFO bench werkzeug: 127.0.0.1 - - [08/Oct/2026 05:27:47] "POST /json/2/res.partner/search HTTP/1.1" 200 - 4 0.002 0.006
2026-10-08 05:27:47,320 54 INFO bench werkzeug: 127.0.0.1 - - [08/Oct/2026 05:27:47] "POST /json/2/res.partner/create HTTP/1.1" 200 - 18 0.007 0.020
2026-10-08 05:27:47,341 54 INFO bench werkzeug: 127.0.0.1 - - [08/Oct/2026 05:27:47] "POST /json/2/res.partner/search HTTP/1.1" 200 - 4 0.002 0.006
2026-10-08 05:27:47,377 54 INFO bench werkzeug: 127.0.0.1 - - [08/Oct/2026 05:27:47] "POST /json/2/res.partner/create HTTP/1.1" 200 - 18 0.006 0.016
2026-10-08 05:27:47,400 54 INFO bench werkzeug: 127.0.0.1 - - [08/Oct/2026 05:27:47] "POST /json/2/res.partner/search HTTP/1.1" 200 - 4 0.002 0.007
2026-10-08 05:27:47,439 54 INFO bench werkzeug: 127.0.0.1 - - [08/Oct/2026 05:27:47] "POST /json/2/res.partner/create HTTP/1.1" 200 - 18 0.007 0.018
2026-10-08 05:27:47,460 54 INFO bench werkzeug: 127.0.0.1 - - [08/Oct/2026 05:27:47] "POST /json/2/res.partner/read HTTP/1.1" 200 - 4 0.002 0.006
2026-10-08 05:27:47,492 54 INFO bench werkzeug: 127.0.0.1 - - [08/Oct/2026 05:27:47] "POST /json/2/product.product/search HTTP/1.1" 200 - 10 0.004 0.008
2026-10-08 05:27:47,563 54 INFO bench odoo.registry: Caches invalidated, signaling through the database: ['default'] 
2026-10-08 05:27:47,567 54 INFO bench werkzeug: 127.0.0.1 - - [08/Oct/2026 05:27:47] "POST /json/2/product.product/create HTTP/1.1" 200 - 60 0.023 0.039
2026-10-08 05:27:47,593 54 INFO bench werkzeug: 127.0.0.1 - - [08/Oct/2026 05:27:47] "POST /json/2/product.product/read HTTP/1.1" 200 - 14 0.005 0.009
2026-10-08 05:27:47,618 54 INFO bench werkzeug: 127.0.0.1 - - [08/Oct/2026 05:27:47] "POST /json/2/product.supplierinfo/search HTTP/1.1" 200 - 10 0.004 0.008
2026-10-08 05:27:47,653 54 INFO bench werkzeug: 127.0.0.1 - - [08/Oct/2026 05:27:47] "POST /json/2/product.supplierinfo/create HTTP/1.1" 200 - 19 0.007 0.015
2026-10-08 05:27:47,672 54 INFO bench werkzeug: 127.0.0.1 - - [08/Oct/2026 05:27:47] "POST /json/2/product.supplierinfo/search HTTP/1.1" 200 - 4 0.002 0.006
2026-10-08 05:27:47,701 54 INFO bench werkzeug: 127.0.0.1 - - [08/Oct/2026 05:27:47] "POST /json/2/product.supplierinfo/create HTTP/1.1" 200 - 10 0.004 0.012
2026-10-08 05:27:47,723 54 INFO bench werkzeug: 127.0.0.1 - - [08/Oct/2026 05:27:47] "POST /json/2/product.supplierinfo/search HTTP/1.1" 200 - 4 0.002 0.006
2026-10-08 05:27:47,751 54 INFO bench werkzeug: 127.0.0.1 - - [08/Oct/2026 05:27:47] "POST /json/2/product.supplierinfo/create HTTP/1.1" 200 - 10 0.004 0.011
2026-10-08 05:27:47,771 54 INFO bench werkzeug: 127.0.0.1 - - [08/Oct/2026 05:27:47] "POST /json/2/product.supplierinfo/search HTTP/1.1" 200 - 4 0.002 0.005
2026-10-08 05:27:47,799 54 INFO bench werkzeug: 127.0.0.1 - - [08/Oct/2026 05:27:47] "POST /json/2/product.supplierinfo/create HTTP/1.1" 200 - 10 0.004 0.011
2026-10-08 05:27:47,820 54 INFO bench werkzeug: 127.0.0.1 - - [08/Oct/2026 05:27:47] "POST /json/2/product.product/search HTTP/1.1" 200 - 4 0.002 0.006
2026-10-08 05:27:47,888 54 INFO bench odoo.registry: Caches invalidated, signaling through the database: ['default'] 
2026-10-08 05:27:47,893 54 INFO bench werkzeug: 127.0.0.1 - - [08/Oct/2026 05:27:47] "POST /json/2/product.product/create HTTP/1.1" 200 - 60 0.019 0.035
2026-10-08 05:27:47,922 54 INFO bench werkzeug: 127.0.0.1 - - [08/Oct/2026 05:27:47] "POST /json/2/product.product/read HTTP/1.1" 200 - 14 0.005 0.009
2026-10-08 05:27:47,946 54 INFO bench werkzeug: 127.0.0.1 - - [08/Oct/2026 05:27:47] "POST /json/2/product.supplierinfo/search HTTP/1.1" 200 - 9 0.004 0.008
2026-10-08 05:27:47,984 54 INFO bench werkzeug: 127.0.0.1 - - [08/Oct/2026 05:27:47] "POST /json/2/product.supplierinfo/create HTTP/1.1" 200 - 19 0.007 0.017
2026-10-08 05:27:48,005 54 INFO bench werkzeug: 127.0.0.1 - - [08/Oct/2026 05:27:48] "POST /json/2/product.product/search HTTP/1.1" 200 - 4 0.002 0.006
2026-10-08 05:27:48,067 54 INFO bench odoo.registry: Caches invalidated, signaling through the database: ['default'] 
2026-10-08 05:27:48,072 54 INFO bench werkzeug: 127.0.0.1 - - [08/Oct/2026 05:27:48] "POST /json/2/product.product/create HTTP/1.1" 200 - 60 0.021 0.033
2026-10-08 05:27:48,100 54 INFO bench werkzeug: 127.0.0.1 - - [08/Oct/2026 05:27:48] "POST /json/2/product.product/read HTTP/1.1" 200 - 14 0.006 0.009
2026-10-08 05:27:48,124 54 INFO bench werkzeug: 127.0.0.1 - - [08/Oct/2026 05:27:48] "POST /json/2/product.supplierinfo/search HTTP/1.1" 200 - 9 0.004 0.008
2026-10-08 05:27:48,160 54 INFO bench werkzeug: 127.0.0.1 - - [08/Oct/2026 05:27:48] "POST /json/2/product.supplierinfo/create HTTP/1.1" 200 - 19 0.007 0.016
2026-10-08 05:27:48,181 54 INFO bench werkzeug: 127.0.0.1 - - [08/Oct/2026 05:27:48] "POST /json/2/product.product/search HTTP/1.1" 200 - 4 0.002 0.006
2026-10-08 05:27:48,246 54 INFO bench odoo.registry: Caches invalidated, signaling through the database: ['default'] 
2026-10-08 05:27:48,251 54 INFO bench werkzeug: 127.0.0.1 - - [08/Oct/2026 05:27:48] "POST /json/2/product.product/create HTTP/1.1" 200 - 60 0.020 0.036
2026-10-08 05:27:48,278 54 INFO bench werkzeug: 127.0.0.1 - - [08/Oct/2026 05:27:48] "POST /json/2/product.product/read HTTP/1.1" 200 - 14 0.005 0.010
2026-10-08 05:27:48,311 54 INFO bench werkzeug: 127.0.0.1 - - [08/Oct/2026 05:27:48] "POST /json/2/product.supplierinfo/search HTTP/1.1" 200 - 9 0.003 0.008
2026-10-08 05:27:48,347 54 INFO bench werkzeug: 127.0.0.1 - - [08/Oct/2026 05:27:48] "POST /json/2/product.supplierinfo/create HTTP/1.1" 200 - 19 0.007 0.015
2026-10-08 05:27:48,369 54 INFO bench werkzeug: 127.0.0.1 - - [08/Oct/2026 05:27:48] "POST /json/2/product.product/search HTTP/1.1" 200 - 4 0.002 0.006
2026-10-08 05:27:48,433 54 INFO bench odoo.registry: Caches invalidated, signaling through the database: ['default'] 
2026-10-08 05:27:48,438 54 INFO bench werkzeug: 127.0.0.1 - - [08/Oct/2026 05:27:48] "POST /json/2/product.product/create HTTP/1.1" 200 - 60 0.020 0.037
2026-10-08 05:27:48,465 54 INFO bench werkzeug: 127.0.0.1 - - [08/Oct/2026 05:27:48] "POST /json/2/product.product/read HTTP/1.1" 200 - 14 0.005 0.009
2026-10-08 05:27:48,492 54 INFO bench werkzeug: 127.0.0.1 - - [08/Oct/2026 05:27:48] "POST /json/2/product.supplierinfo/search HTTP/1.1" 200 - 9 0.004 0.009
2026-10-08 05:27:48,528 54 INFO bench werkzeug: 127.0.0.1 - - [08/Oct/2026 05:27:48] "POST /json/2/product.supplierinfo/create HTTP/1.1" 200 - 19 0.007 0.016
2026-10-08 05:27:48,549 54 INFO bench werkzeug: 127.0.0.1 - - [08/Oct/2026 05:27:48] "POST /json/2/product.product/search HTTP/1.1" 200 - 4 0.003 0.006
2026-10-08 05:27:48,613 54 INFO bench odoo.registry: Caches invalidated, signaling through the database: ['default'] 
2026-10-08 05:27:48,618 54 INFO bench werkzeug: 127.0.0.1 - - [08/Oct/2026 05:27:48] "POST /json/2/product.product/create HTTP/1.1" 200 - 60 0.020 0.035
2026-10-08 05:27:48,647 54 INFO bench werkzeug: 127.0.0.1 - - [08/Oct/2026 05:27:48] "POST /json/2/product.product/read HTTP/1.1" 200 - 14 0.006 0.009
2026-10-08 05:27:48,671 54 INFO bench werkzeug: 127.0.0.1 - - [08/Oct/2026 05:27:48] "POST /json/2/product.supplierinfo/search HTTP/1.1" 200 - 9 0.004 0.008
2026-10-08 05:27:48,706 54 INFO bench werkzeug: 127.0.0.1 - - [08/Oct/2026 05:27:48] "POST /json/2/product.supplierinfo/create HTTP/1.1" 200 - 19 0.008 0.015
2026-10-08 05:27:48,726 54 INFO bench werkzeug: 127.0.0.1 - - [08/Oct/2026 05:27:48] "POST /json/2/product.product/search HTTP/1.1" 200 - 4 0.002 0.006
2026-10-08 05:27:48,796 54 INFO bench odoo.registry: Caches invalidated, signaling through the database: ['default'] 
2026-10-08 05:27:48,800 54 INFO bench werkzeug: 127.0.0.1 - - [08/Oct/2026 05:27:48] "POST /json/2/product.product/create HTTP/1.1" 200 - 60 0.018 0.035
2026-10-08 05:27:48,831 54 INFO bench werkzeug: 127.0.0.1 - - [08/Oct/2026 05:27:48] "POST /json/2/product.product/read HTTP/1.1" 200 - 14 0.005 0.010
2026-10-08 05:27:48,858 54 INFO bench werkzeug: 127.0.0.1 - - [08/Oct/2026 05:27:48] "POST /json/2/product.supplierinfo/search HTTP/1.1" 200 - 9 0.003 0.008
2026-10-08 05:27:48,896 54 INFO bench werkzeug: 127.0.0.1 - - [08/Oct/2026 05:27:48] "POST /json/2/product.supplierinfo/create HTTP/1.1" 200 - 19 0.008 0.017
2026-10-08 05:27:48,918 54 INFO bench werkzeug: 127.0.0.1 - - [08/Oct/2026 05:27:48] "POST /json/2/product.product/search HTTP/1.1" 200 - 4 0.002 0.006
2026-10-08 05:27:48,984 54 INFO bench odoo.registry: Caches invalidated, signaling through the database: ['default'] 
2026-10-08 05:27:48,989 54 INFO bench werkzeug: 127.0.0.1 - - [08/Oct/2026 05:27:48] "POST /json/2/product.product/create HTTP/1.1" 200 - 60 0.020 0.036
2026-10-08 05:27:49,018 54 INFO bench werkzeug: 127.0.0.1 - - [08/Oct/2026 05:27:49] "POST /json/2/product.product/read HTTP/1.1" 200 - 14 0.006 0.010
2026-10-08 05:27:49,045 54 INFO bench werkzeug: 127.0.0.1 - - [08/Oct/2026 05:27:49] "POST /json/2/product.supplierinfo/search HTTP/1.1" 200 - 9 0.004 0.008
2026-10-08 05:27:49,080 54 INFO bench werkzeug: 127.0.0.1 - - [08/Oct/2026 05:27:49] "POST /json/2/product.supplierinfo/create HTTP/1.1" 200 - 19 0.007 0.015
2026-10-08 05:27:49,101 54 INFO bench werkzeug: 127.0.0.1 - - [08/Oct/2026 05:27:49] "POST /json/2/product.product/search HTTP/1.1" 200 - 4 0.002 0.006
2026-10-08 05:27:49,162 54 INFO bench odoo.registry: Caches invalidated, signaling through the database: ['default'] 
2026-10-08 05:27:49,166 54 INFO bench werkzeug: 127.0.0.1 - - [08/Oct/2026 05:27:49] "POST /json/2/product.product/create HTTP/1.1" 200 - 60 0.019 0.034
2026-10-08 05:27:49,195 54 INFO bench werkzeug: 127.0.0.1 - - [08/Oct/2026 05:27:49] "POST /json/2/product.product/read HTTP/1.1" 200 - 14 0.005 0.009
2026-10-08 05:27:49,221 54 INFO bench werkzeug: 127.0.0.1 - - [08/Oct/2026 05:27:49] "POST /json/2/product.supplierinfo/search HTTP/1.1" 200 - 9 0.003 0.008
2026-10-08 05:27:49,259 54 INFO bench werkzeug: 127.0.0.1 - - [08/Oct/2026 05:27:49] "POST /json/2/product.supplierinfo/create HTTP/1.1" 200 - 19 0.009 0.016
2026-10-08 05:27:49,293 54 INFO bench werkzeug: 127.0.0.1 - - [08/Oct/2026 05:27:49] "POST /json/2/product.product/search HTTP/1.1" 200 - 4 0.002 0.006
2026-10-08 05:27:49,359 54 INFO bench odoo.registry: Caches invalidated, signaling through the database: ['default'] 
2026-10-08 05:27:49,364 54 INFO bench werkzeug: 127.0.0.1 - - [08/Oct/2026 05:27:49] "POST /json/2/product.product/create HTTP/1.1" 200 - 60 0.020 0.038
2026-10-08 05:27:49,390 54 INFO bench werkzeug: 127.0.0.1 - - [08/Oct/2026 05:27:49] "POST /json/2/product.product/read HTTP/1.1" 200 - 14 0.005 0.009
2026-10-08 05:27:49,414 54 INFO bench werkzeug: 127.0.0.1 - - [08/Oct/2026 05:27:49] "POST /json/2/product.supplierinfo/search HTTP/1.1" 200 - 9 0.003 0.008
2026-10-08 05:27:49,450 54 INFO bench werkzeug: 127.0.0.1 - - [08/Oct/2026 05:27:49] "POST /json/2/product.supplierinfo/create HTTP/1.1" 200 - 19 0.007 0.015
2026-10-08 05:27:49,473 54 INFO bench werkzeug: 127.0.0.1 - - [08/Oct/2026 05:27:49] "POST /json/2/product.product/search HTTP/1.1" 200 - 4 0.002 0.007
2026-10-08 05:27:49,537 54 INFO bench odoo.registry: Caches invalidated, signaling through the database: ['default'] 
2026-10-08 05:27:49,545 54 INFO bench werkzeug: 127.0.0.1 - - [08/Oct/2026 05:27:49] "POST /json/2/product.product/create HTTP/1.1" 200 - 60 0.019 0.040
2026-10-08 05:27:49,573 54 INFO bench werkzeug: 127.0.0.1 - - [08/Oct/2026 05:27:49] "POST /json/2/product.product/read HTTP/1.1" 200 - 14 0.005 0.008
2026-10-08 05:27:49,598 54 INFO bench werkzeug: 127.0.0.1 - - [08/Oct/2026 05:27:49] "POST /json/2/product.supplierinfo/search HTTP/1.1" 200 - 9 0.004 0.008
2026-10-08 05:27:49,634 54 INFO bench werkzeug: 127.0.0.1 - - [08/Oct/2026 05:27:49] "POST /json/2/product.supplierinfo/create HTTP/1.1" 200 - 19 0.007 0.016
2026-10-08 05:27:49,655 54 INFO bench werkzeug: 127.0.0.1 - - [08/Oct/2026 05:27:49] "POST /json/2/product.product/search HTTP/1.1" 200 - 4 0.002 0.006
2026-10-08 05:27:49,717 54 INFO bench odoo.registry: Caches invalidated, signaling through the database: ['default'] 
2026-10-08 05:27:49,722 54 INFO bench werkzeug: 127.0.0.1 - - [08/Oct/2026 05:27:49] "POST /json/2/product.product/create HTTP/1.1" 200 - 60 0.019 0.034
2026-10-08 05:27:49,748 54 INFO bench werkzeug: 127.0.0.1 - - [08/Oct/2026 05:27:49] "POST /json/2/product.product/read HTTP/1.1" 200 - 14 0.005 0.009
2026-10-08 05:27:49,777 54 INFO bench werkzeug: 127.0.0.1 - - [08/Oct/2026 05:27:49] "POST /json/2/product.supplierinfo/search HTTP/1.1" 200 - 9 0.003 0.007
2026-10-08 05:27:49,813 54 INFO bench werkzeug: 127.0.0.1 - - [08/Oct/2026 05:27:49] "POST /json/2/product.supplierinfo/create HTTP/1.1" 200 - 19 0.007 0.015
2026-10-08 05:27:49,834 54 INFO bench werkzeug: 127.0.0.1 - - [08/Oct/2026 05:27:49] "POST /json/2/product.product/search HTTP/1.1" 200 - 4 0.002 0.006
2026-10-08 05:27:49,898 54 INFO bench odoo.registry: Caches invalidated, signaling through the database: ['default'] 
2026-10-08 05:27:49,903 54 INFO bench werkzeug: 127.0.0.1 - - [08/Oct/2026 05:27:49] "POST /json/2/product.product/create HTTP/1.1" 200 - 60 0.019 0.036
2026-10-08 05:27:49,930 54 INFO bench werkzeug: 127.0.0.1 - - [08/Oct/2026 05:27:49] "POST /json/2/product.product/read HTTP/1.1" 200 - 14 0.005 0.009
2026-10-08 05:27:49,953 54 INFO bench werkzeug: 127.0.0.1 - - [08/Oct/2026 05:27:49] "POST /json/2/product.supplierinfo/search HTTP/1.1" 200 - 9 0.003 0.007
2026-10-08 05:27:49,987 54 INFO bench werkzeug: 127.0.0.1 - - [08/Oct/2026 05:27:49] "POST /json/2/product.supplierinfo/create HTTP/1.1" 200 - 19 0.007 0.015
2026-10-08 05:27:50,009 54 INFO bench werkzeug: 127.0.0.1 - - [08/Oct/2026 05:27:50] "POST /json/2/product.product/search HTTP/1.1" 200 - 4 0.002 0.006
2026-10-08 05:27:50,073 54 INFO bench odoo.registry: Caches invalidated, signaling through the database: ['default'] 
2026-10-08 05:27:50,087 54 INFO bench werkzeug: 127.0.0.1 - - [08/Oct/2026 05:27:50] "POST /json/2/product.product/create HTTP/1.1" 200 - 60 0.020 0.045
2026-10-08 05:27:50,091 54 INFO bench odoo.addons.base.models.ir_cron: Job 'Base: Auto-vacuum internal data' (1) starting 
2026-10-08 05:27:50,211 54 INFO bench werkzeug: 127.0.0.1 - - [08/Oct/2026 05:27:50] "POST /json/2/product.product/read HTTP/1.1" 200 - 14 0.086 0.026
2026-10-08 05:27:50,271 54 INFO bench werkzeug: 127.0.0.1 - - [08/Oct/2026 05:27:50] "POST /json/2/product.supplierinfo/search HTTP/1.1" 200 - 9 0.014 0.018
2026-10-08 05:27:50,275 54 INFO bench odoo.addons.base.models.res_users: GC'd 0 user log entries 
2026-10-08 05:27:50,311 54 INFO bench werkzeug: 127.0.0.1 - - [08/Oct/2026 05:27:50] "POST /json/2/product.supplierinfo/create HTTP/1.1" 200 - 19 0.007 0.020
2026-10-08 05:27:50,332 54 INFO bench werkzeug: 127.0.0.1 - - [08/Oct/2026 05:27:50] "POST /json/2/product.product/search HTTP/1.1" 200 - 4 0.002 0.006
2026-10-08 05:27:50,404 54 INFO bench odoo.registry: Caches invalidated, signaling through the database: ['default'] 
2026-10-08 05:27:50,417 54 INFO bench werkzeug: 127.0.0.1 - - [08/Oct/2026 05:27:50] "POST /json/2/product.product/create HTTP/1.1" 200 - 60 0.022 0.044
2026-10-08 05:27:50,445 54 INFO bench werkzeug: 127.0.0.1 - - [08/Oct/2026 05:27:50] "POST /json/2/product.product/read HTTP/1.1" 200 - 14 0.005 0.009
2026-10-08 05:27:50,468 54 INFO bench werkzeug: 127.0.0.1 - - [08/Oct/2026 05:27:50] "POST /json/2/product.supplierinfo/search HTTP/1.1" 200 - 9 0.003 0.007
2026-10-08 05:27:50,489 54 INFO bench odoo.addons.base.models.res_device: GC device logs delete 0 entries 
2026-10-08 05:27:50,503 54 INFO bench werkzeug: 127.0.0.1 - - [08/Oct/2026 05:27:50] "POST /json/2/product.supplierinfo/create HTTP/1.1" 200 - 19 0.007 0.014
2026-10-08 05:27:50,507 54 INFO bench odoo.addons.base.models.ir_attachment: filestore gc 445 checked, 0 removed 
2026-10-08 05:27:50,525 54 INFO bench werkzeug: 127.0.0.1 - - [08/Oct/2026 05:27:50] "POST /json/2/product.product/search HTTP/1.1" 200 - 4 0.002 0.006
2026-10-08 05:27:50,593 54 INFO bench odoo.registry: Caches invalidated, signaling through the database: ['default'] 
2026-10-08 05:27:50,597 54 INFO bench odoo.addons.base.models.res_users: GC 'res.users.apikeys' delete 0 entries 
2026-10-08 05:27:50,600 54 INFO bench werkzeug: 127.0.0.1 - - [08/Oct/2026 05:27:50] "POST /json/2/product.product/create HTTP/1.1" 200 - 60 0.021 0.041
2026-10-08 05:27:50,627 54 INFO bench werkzeug: 127.0.0.1 - - [08/Oct/2026 05:27:50] "POST /json/2/product.product/read HTTP/1.1" 200 - 14 0.006 0.009
2026-10-08 05:27:50,651 54 INFO bench werkzeug: 127.0.0.1 - - [08/Oct/2026 05:27:50] "POST /json/2/product.supplierinfo/search HTTP/1.1" 200 - 9 0.003 0.007
2026-10-08 05:27:50,665 54 INFO bench odoo.addons.base.models.res_users: GC 'auth_totp.device' delete 0 entries 
2026-10-08 05:27:50,685 54 INFO bench werkzeug: 127.0.0.1 - - [08/Oct/2026 05:27:50] "POST /json/2/product.supplierinfo/create HTTP/1.1" 200 - 19 0.007 0.014
2026-10-08 05:27:50,706 54 INFO bench werkzeug: 127.0.0.1 - - [08/Oct/2026 05:27:50] "POST /json/2/product.product/search HTTP/1.1" 200 - 4 0.002 0.006
2026-10-08 05:27:50,768 54 INFO bench odoo.registry: Caches invalidated, signaling through the database: ['default'] 
2026-10-08 05:27:50,775 54 INFO bench werkzeug: 127.0.0.1 - - [08/Oct/2026 05:27:50] "POST /json/2/product.product/create HTTP/1.1" 200 - 60 0.019 0.035
2026-10-08 05:27:50,778 54 INFO bench odoo.addons.base.models.res_device: GC device logs delete 0 entries 
2026-10-08 05:27:50,800 54 INFO bench odoo.addons.api_doc.models.ir_attachment: GC'd 0 /doc cached index 
2026-10-08 05:27:50,804 54 INFO bench werkzeug: 127.0.0.1 - - [08/Oct/2026 05:27:50] "POST /json/2/product.product/read HTTP/1.1" 200 - 14 0.005 0.009
2026-10-08 05:27:50,828 54 INFO bench werkzeug: 127.0.0.1 - - [08/Oct/2026 05:27:50] "POST /json/2/product.supplierinfo/search HTTP/1.1" 200 - 9 0.003 0.008
2026-10-08 05:27:50,871 54 INFO bench werkzeug: 127.0.0.1 - - [08/Oct/2026 05:27:50] "POST /json/2/product.supplierinfo/create HTTP/1.1" 200 - 19 0.008 0.015
2026-10-08 05:27:50,874 54 INFO bench odoo.addons.sms.models.sms_sms: GC'd 0 sms marked for deletion 
2026-10-08 05:27:50,892 54 INFO bench werkzeug: 127.0.0.1 - - [08/Oct/2026 05:27:50] "POST /json/2/product.product/search HTTP/1.1" 200 - 4 0.002 0.006
2026-10-08 05:27:50,963 54 INFO bench odoo.registry: Caches invalidated, signaling through the database: ['default'] 
2026-10-08 05:27:50,969 54 INFO bench werkzeug: 127.0.0.1 - - [08/Oct/2026 05:27:50] "POST /json/2/product.product/create HTTP/1.1" 200 - 60 0.025 0.040
2026-10-08 05:27:50,997 54 INFO bench werkzeug: 127.0.0.1 - - [08/Oct/2026 05:27:50] "POST /json/2/product.product/read HTTP/1.1" 200 - 14 0.006 0.009
2026-10-08 05:27:51,022 54 INFO bench werkzeug: 127.0.0.1 - - [08/Oct/2026 05:27:51] "POST /json/2/product.supplierinfo/search HTTP/1.1" 200 - 9 0.003 0.008
2026-10-08 05:27:51,056 54 INFO bench werkzeug: 127.0.0.1 - - [08/Oct/2026 05:27:51] "POST /json/2/product.supplierinfo/create HTTP/1.1" 200 - 19 0.007 0.014
2026-10-08 05:27:51,069 54 INFO bench odoo.addons.base.models.ir_cron: Job 'Base: Auto-vacuum internal data' (1) fully done (#loop 1; done 0; remaining 0; duration 0.98s) 
2026-10-08 05:27:51,078 54 INFO bench werkzeug: 127.0.0.1 - - [08/Oct/2026 05:27:51] "POST /json/2/product.product/search HTTP/1.1" 200 - 4 0.002 0.008
2026-10-08 05:27:51,081 54 INFO bench odoo.addons.base.models.ir_cron: Job 'Notification: Delete Notifications older than 6 Months' (5) starting 
2026-10-08 05:27:51,099 54 INFO bench odoo.addons.base.models.ir_cron: Job 'Notification: Delete Notifications older than 6 Months' (5) fully done (#loop 1; done 0; remaining 0; duration 0.02s) 
2026-10-08 05:27:51,102 54 INFO bench odoo.addons.base.models.ir_cron: Job 'Mail: Post scheduled messages' (7) starting 
2026-10-08 05:27:51,110 54 INFO bench odoo.addons.base.models.ir_cron: Job 'Notification: Notify scheduled messages' (8) starting 
2026-10-08 05:27:51,130 54 INFO bench odoo.addons.mail.models.mail_scheduled_message: Posting 0 scheduled messages 
2026-10-08 05:27:51,138 54 INFO bench odoo.addons.base.models.ir_cron: Job 'Mail: Post scheduled messages' (7) fully done (#loop 1; done 0; remaining 0; duration 0.04s) 
2026-10-08 05:27:51,141 54 INFO bench odoo.addons.base.models.ir_cron: Job 'Notification: Notify scheduled messages' (8) fully done (#loop 1; done 0; remaining 0; duration 0.03s) 
2026-10-08 05:27:51,151 54 INFO bench odoo.addons.base.models.ir_cron: Job 'Mail: send web push notification' (9) starting 
2026-10-08 05:27:51,154 54 INFO bench odoo.addons.base.models.ir_cron: Job 'Discuss: channel member unmute' (10) starting 
2026-10-08 05:27:51,165 54 INFO bench odoo.registry: Caches invalidated, signaling through the database: ['default'] 
2026-10-08 05:27:51,169 54 INFO bench odoo.addons.base.models.ir_cron: Job 'Mail: send web push notification' (9) fully done (#loop 1; done 0; remaining 0; duration 0.02s) 
2026-10-08 05:27:51,172 54 INFO bench odoo.addons.base.models.ir_cron: Job 'Discuss: channel member unmute' (10) fully done (#loop 1; done 0; remaining 0; duration 0.02s) 
2026-10-08 05:27:51,172 54 INFO bench werkzeug: 127.0.0.1 - - [08/Oct/2026 05:27:51] "POST /json/2/product.product/create HTTP/1.1" 200 - 60 0.032 0.047
2026-10-08 05:27:51,177 54 INFO bench odoo.addons.base.models.ir_cron: Job 'SMS: SMS Queue Manager' (12) starting 
2026-10-08 05:27:51,181 54 INFO bench odoo.addons.base.models.ir_cron: Job 'Snailmail: process letters queue' (13) starting 
2026-10-08 05:27:51,193 54 INFO bench odoo.addons.base.models.ir_cron: Job 'SMS: SMS Queue Manager' (12) fully done (#loop 1; done 0; remaining 0; duration 0.02s) 
2026-10-08 05:27:51,196 54 INFO bench odoo.addons.base.models.ir_cron: Job 'Snailmail: process letters queue' (13) fully done (#loop 1; done 0; remaining 0; duration 0.02s) 
2026-10-08 05:27:51,202 54 INFO bench werkzeug: 127.0.0.1 - - [08/Oct/2026 05:27:51] "POST /json/2/product.product/read HTTP/1.1" 200 - 14 0.007 0.009
2026-10-08 05:27:51,204 54 INFO bench odoo.addons.base.models.ir_cron: Job 'Payment: Post-process transactions' (15) starting 
2026-10-08 05:27:51,207 54 INFO bench odoo.addons.base.models.ir_cron: Job 'Send invoices automatically' (17) starting 
2026-10-08 05:27:51,219 54 INFO bench odoo.addons.base.models.ir_cron: Job 'Payment: Post-process transactions' (15) fully done (#loop 1; done 0; remaining 0; duration 0.02s) 
2026-10-08 05:27:51,228 54 INFO bench odoo.addons.base.models.ir_cron: Job 'Send invoices automatically' (17) fully done (#loop 1; done 0; remaining 0; duration 0.02s) 
2026-10-08 05:27:51,230 54 INFO bench odoo.addons.base.models.ir_cron: Job 'Procurement: run scheduler' (18) starting 
2026-10-08 05:27:51,230 54 INFO bench werkzeug: 127.0.0.1 - - [08/Oct/2026 05:27:51] "POST /json/2/product.supplierinfo/search HTTP/1.1" 200 - 9 0.004 0.008
2026-10-08 05:27:51,235 54 INFO bench odoo.addons.base.models.ir_cron: Job 'Purchase reminder' (19) starting 
2026-10-08 05:27:51,257 54 INFO bench odoo.addons.base.models.ir_cron: Job 'Purchase reminder' (19) fully done (#loop 1; done 0; remaining 0; duration 0.02s) 
2026-10-08 05:27:51,266 54 INFO bench odoo.addons.base.models.ir_cron: Job 'Stock Account: Inventory Valuation Closing' (20) starting 
2026-10-08 05:27:51,268 54 INFO bench werkzeug: 127.0.0.1 - - [08/Oct/2026 05:27:51] "POST /json/2/product.supplierinfo/create HTTP/1.1" 200 - 19 0.010 0.014
2026-10-08 05:27:51,277 54 INFO bench odoo.addons.base.models.ir_cron: Job 'Procurement: run scheduler' (18) fully done (#loop 1; done 3; remaining 0; duration 0.05s) 
2026-10-08 05:27:51,284 54 INFO bench odoo.addons.base.models.ir_cron: Job 'Stock Account: Inventory Valuation Closing' (20) fully done (#loop 1; done 0; remaining 0; duration 0.02s) 
2026-10-08 05:27:51,284 54 INFO bench odoo.addons.base.models.ir_cron: Job 'Sale Pdf Quote Builder: assign form fields to documents post upgrade' (23) starting 
2026-10-08 05:27:51,290 54 INFO bench werkzeug: 127.0.0.1 - - [08/Oct/2026 05:27:51] "POST /json/2/product.product/search HTTP/1.1" 200 - 4 0.002 0.006
2026-10-08 05:27:51,292 54 INFO bench odoo.addons.base.models.ir_cron: Job 'Mail: Email Queue Manager' (3) starting 
2026-10-08 05:27:51,303 54 INFO bench odoo.addons.mail.models.mail_mail: Processing email queue with send limit of '1000' 
2026-10-08 05:27:51,308 54 INFO bench odoo.addons.base.models.ir_cron: Job 'Sale Pdf Quote Builder: assign form fields to documents post upgrade' (23) fully done (#loop 1; done 0; remaining 0; duration 0.02s) 
2026-10-08 05:27:51,311 54 INFO bench odoo.addons.base.models.ir_cron: Job 'Mail: Email Queue Manager' (3) fully done (#loop 1; done 0; remaining 0; duration 0.02s) 
2026-10-08 05:27:51,318 54 INFO bench odoo.addons.base.models.ir_cron: Job 'Users: Notify About Unregistered Users' (11) starting 
2026-10-08 05:27:51,322 54 INFO bench odoo.addons.base.models.ir_cron: Job 'Base: Portal Users Deletion' (2) starting 
2026-10-08 05:27:51,337 54 INFO bench odoo.addons.base.models.ir_cron: Job 'Users: Notify About Unregistered Users' (11) fully done (#loop 1; done 0; remaining 0; duration 0.02s) 
2026-10-08 05:27:51,347 54 INFO bench odoo.addons.base.models.ir_cron: Job 'Base: Portal Users Deletion' (2) fully done (#loop 1; done 0; remaining 0; duration 0.02s) 
2026-10-08 05:27:51,361 54 INFO bench odoo.registry: Caches invalidated, signaling through the database: ['default'] 
2026-10-08 05:27:51,366 54 INFO bench werkzeug: 127.0.0.1 - - [08/Oct/2026 05:27:51] "POST /json/2/product.product/create HTTP/1.1" 200 - 60 0.030 0.034
2026-10-08 05:27:51,400 54 INFO bench werkzeug: 127.0.0.1 - - [08/Oct/2026 05:27:51] "POST /json/2/product.product/read HTTP/1.1" 200 - 14 0.005 0.009
2026-10-08 05:27:51,425 54 INFO bench werkzeug: 127.0.0.1 - - [08/Oct/2026 05:27:51] "POST /json/2/product.supplierinfo/search HTTP/1.1" 200 - 9 0.003 0.008
2026-10-08 05:27:51,460 54 INFO bench werkzeug: 127.0.0.1 - - [08/Oct/2026 05:27:51] "POST /json/2/product.supplierinfo/create HTTP/1.1" 200 - 19 0.007 0.016
2026-10-08 05:27:51,481 54 INFO bench werkzeug: 127.0.0.1 - - [08/Oct/2026 05:27:51] "POST /json/2/product.product/search HTTP/1.1" 200 - 4 0.002 0.006
2026-10-08 05:27:51,547 54 INFO bench odoo.registry: Caches invalidated, signaling through the database: ['default'] 
2026-10-08 05:27:51,551 54 INFO bench werkzeug: 127.0.0.1 - - [08/Oct/2026 05:27:51] "POST /json/2/product.product/create HTTP/1.1" 200 - 60 0.019 0.036
2026-10-08 05:27:51,579 54 INFO bench werkzeug: 127.0.0.1 - - [08/Oct/2026 05:27:51] "POST /json/2/product.product/read HTTP/1.1" 200 - 14 0.005 0.009
2026-10-08 05:27:51,602 54 INFO bench werkzeug: 127.0.0.1 - - [08/Oct/2026 05:27:51] "POST /json/2/product.supplierinfo/search HTTP/1.1" 200 - 9 0.003 0.007
2026-10-08 05:27:51,637 54 INFO bench werkzeug: 127.0.0.1 - - [08/Oct/2026 05:27:51] "POST /json/2/product.supplierinfo/create HTTP/1.1" 200 - 19 0.008 0.014
2026-10-08 05:27:51,657 54 INFO bench werkzeug: 127.0.0.1 - - [08/Oct/2026 05:27:51] "POST /json/2/product.product/search HTTP/1.1" 200 - 4 0.002 0.006
2026-10-08 05:27:51,721 54 INFO bench odoo.registry: Caches invalidated, signaling through the database: ['default'] 
2026-10-08 05:27:51,725 54 INFO bench werkzeug: 127.0.0.1 - - [08/Oct/2026 05:27:51] "POST /json/2/product.product/create HTTP/1.1" 200 - 60 0.019 0.035
2026-10-08 05:27:51,755 54 INFO bench werkzeug: 127.0.0.1 - - [08/Oct/2026 05:27:51] "POST /json/2/product.product/read HTTP/1.1" 200 - 14 0.007 0.009
2026-10-08 05:27:51,779 54 INFO bench werkzeug: 127.0.0.1 - - [08/Oct/2026 05:27:51] "POST /json/2/product.supplierinfo/search HTTP/1.1" 200 - 9 0.003 0.008
2026-10-08 05:27:51,815 54 INFO bench werkzeug: 127.0.0.1 - - [08/Oct/2026 05:27:51] "POST /json/2/product.supplierinfo/create HTTP/1.1" 200 - 19 0.008 0.015
2026-10-08 05:27:51,842 54 INFO bench werkzeug: 127.0.0.1 - - [08/Oct/2026 05:27:51] "POST /json/2/product.product/search HTTP/1.1" 200 - 4 0.002 0.006
2026-10-08 05:27:51,905 54 INFO bench odoo.registry: Caches invalidated, signaling through the database: ['default'] 
2026-10-08 05:27:51,909 54 INFO bench werkzeug: 127.0.0.1 - - [08/Oct/2026 05:27:51] "POST /json/2/product.product/create HTTP/1.1" 200 - 60 0.020 0.034
2026-10-08 05:27:51,935 54 INFO bench werkzeug: 127.0.0.1 - - [08/Oct/2026 05:27:51] "POST /json/2/product.product/read HTTP/1.1" 200 - 14 0.006 0.009
2026-10-08 05:27:51,960 54 INFO bench werkzeug: 127.0.0.1 - - [08/Oct/2026 05:27:51] "POST /json/2/product.supplierinfo/search HTTP/1.1" 200 - 9 0.003 0.008
2026-10-08 05:27:51,995 54 INFO bench werkzeug: 127.0.0.1 - - [08/Oct/2026 05:27:51] "POST /json/2/product.supplierinfo/create HTTP/1.1" 200 - 19 0.007 0.014
2026-10-08 05:27:52,016 54 INFO bench werkzeug: 127.0.0.1 - - [08/Oct/2026 05:27:52] "POST /json/2/product.product/search HTTP/1.1" 200 - 4 0.002 0.006
2026-10-08 05:27:52,078 54 INFO bench odoo.registry: Caches invalidated, signaling through the database: ['default'] 
2026-10-08 05:27:52,082 54 INFO bench werkzeug: 127.0.0.1 - - [08/Oct/2026 05:27:52] "POST /json/2/product.product/create HTTP/1.1" 200 - 60 0.021 0.033
2026-10-08 05:27:52,110 54 INFO bench werkzeug: 127.0.0.1 - - [08/Oct/2026 05:27:52] "POST /json/2/product.product/read HTTP/1.1" 200 - 14 0.005 0.009
2026-10-08 05:27:52,134 54 INFO bench werkzeug: 127.0.0.1 - - [08/Oct/2026 05:27:52] "POST /json/2/product.supplierinfo/search HTTP/1.1" 200 - 9 0.004 0.008
2026-10-08 05:27:52,170 54 INFO bench werkzeug: 127.0.0.1 - - [08/Oct/2026 05:27:52] "POST /json/2/product.supplierinfo/create HTTP/1.1" 200 - 19 0.007 0.015
2026-10-08 05:27:52,191 54 INFO bench werkzeug: 127.0.0.1 - - [08/Oct/2026 05:27:52] "POST /json/2/product.product/search HTTP/1.1" 200 - 4 0.002 0.006
2026-10-08 05:27:52,254 54 INFO bench odoo.registry: Caches invalidated, signaling through the database: ['default'] 
2026-10-08 05:27:52,259 54 INFO bench werkzeug: 127.0.0.1 - - [08/Oct/2026 05:27:52] "POST /json/2/product.product/create HTTP/1.1" 200 - 60 0.019 0.036
2026-10-08 05:27:52,288 54 INFO bench werkzeug: 127.0.0.1 - - [08/Oct/2026 05:27:52] "POST /json/2/product.product/read HTTP/1.1" 200 - 14 0.006 0.010
2026-10-08 05:27:52,320 54 INFO bench werkzeug: 127.0.0.1 - - [08/Oct/2026 05:27:52] "POST /json/2/product.supplierinfo/search HTTP/1.1" 200 - 9 0.004 0.008
2026-10-08 05:27:52,355 54 INFO bench werkzeug: 127.0.0.1 - - [08/Oct/2026 05:27:52] "POST /json/2/product.supplierinfo/create HTTP/1.1" 200 - 19 0.007 0.015
2026-10-08 05:27:52,377 54 INFO bench werkzeug: 127.0.0.1 - - [08/Oct/2026 05:27:52] "POST /json/2/product.product/search HTTP/1.1" 200 - 4 0.002 0.006
2026-10-08 05:27:52,439 54 INFO bench odoo.registry: Caches invalidated, signaling through the database: ['default'] 
2026-10-08 05:27:52,443 54 INFO bench werkzeug: 127.0.0.1 - - [08/Oct/2026 05:27:52] "POST /json/2/product.product/create HTTP/1.1" 200 - 60 0.020 0.034
2026-10-08 05:27:52,470 54 INFO bench werkzeug: 127.0.0.1 - - [08/Oct/2026 05:27:52] "POST /json/2/product.product/read HTTP/1.1" 200 - 14 0.005 0.009
2026-10-08 05:27:52,494 54 INFO bench werkzeug: 127.0.0.1 - - [08/Oct/2026 05:27:52] "POST /json/2/product.supplierinfo/search HTTP/1.1" 200 - 9 0.004 0.007
2026-10-08 05:27:52,528 54 INFO bench werkzeug: 127.0.0.1 - - [08/Oct/2026 05:27:52] "POST /json/2/product.supplierinfo/create HTTP/1.1" 200 - 19 0.007 0.015
2026-10-08 05:27:52,549 54 INFO bench werkzeug: 127.0.0.1 - - [08/Oct/2026 05:27:52] "POST /json/2/product.product/search HTTP/1.1" 200 - 4 0.002 0.006
2026-10-08 05:27:52,613 54 INFO bench odoo.registry: Caches invalidated, signaling through the database: ['default'] 
2026-10-08 05:27:52,617 54 INFO bench werkzeug: 127.0.0.1 - - [08/Oct/2026 05:27:52] "POST /json/2/product.product/create HTTP/1.1" 200 - 60 0.020 0.035
2026-10-08 05:27:52,643 54 INFO bench werkzeug: 127.0.0.1 - - [08/Oct/2026 05:27:52] "POST /json/2/product.product/read HTTP/1.1" 200 - 14 0.005 0.008
2026-10-08 05:27:52,668 54 INFO bench werkzeug: 127.0.0.1 - - [08/Oct/2026 05:27:52] "POST /json/2/product.supplierinfo/search HTTP/1.1" 200 - 9 0.004 0.008
2026-10-08 05:27:52,705 54 INFO bench werkzeug: 127.0.0.1 - - [08/Oct/2026 05:27:52] "POST /json/2/product.supplierinfo/create HTTP/1.1" 200 - 19 0.007 0.015
2026-10-08 05:27:52,724 54 INFO bench werkzeug: 127.0.0.1 - - [08/Oct/2026 05:27:52] "POST /json/2/product.product/search HTTP/1.1" 200 - 4 0.002 0.006
2026-10-08 05:27:52,793 54 INFO bench odoo.registry: Caches invalidated, signaling through the database: ['default'] 
2026-10-08 05:27:52,797 54 INFO bench werkzeug: 127.0.0.1 - - [08/Oct/2026 05:27:52] "POST /json/2/product.product/create HTTP/1.1" 200 - 60 0.019 0.034
2026-10-08 05:27:52,824 54 INFO bench werkzeug: 127.0.0.1 - - [08/Oct/2026 05:27:52] "POST /json/2/product.product/read HTTP/1.1" 200 - 14 0.005 0.009
2026-10-08 05:27:52,850 54 INFO bench werkzeug: 127.0.0.1 - - [08/Oct/2026 05:27:52] "POST /json/2/product.supplierinfo/search HTTP/1.1" 200 - 9 0.004 0.008
2026-10-08 05:27:52,885 54 INFO bench werkzeug: 127.0.0.1 - - [08/Oct/2026 05:27:52] "POST /json/2/product.supplierinfo/create HTTP/1.1" 200 - 19 0.007 0.015
2026-10-08 05:27:52,906 54 INFO bench werkzeug: 127.0.0.1 - - [08/Oct/2026 05:27:52] "POST /json/2/product.product/search HTTP/1.1" 200 - 4 0.002 0.006
2026-10-08 05:27:52,966 54 INFO bench odoo.registry: Caches invalidated, signaling through the database: ['default'] 
2026-10-08 05:27:52,971 54 INFO bench werkzeug: 127.0.0.1 - - [08/Oct/2026 05:27:52] "POST /json/2/product.product/create HTTP/1.1" 200 - 60 0.018 0.033
2026-10-08 05:27:52,999 54 INFO bench werkzeug: 127.0.0.1 - - [08/Oct/2026 05:27:52] "POST /json/2/product.product/read HTTP/1.1" 200 - 14 0.005 0.009
2026-10-08 05:27:53,023 54 INFO bench werkzeug: 127.0.0.1 - - [08/Oct/2026 05:27:53] "POST /json/2/product.supplierinfo/search HTTP/1.1" 200 - 9 0.003 0.008
2026-10-08 05:27:53,060 54 INFO bench werkzeug: 127.0.0.1 - - [08/Oct/2026 05:27:53] "POST /json/2/product.supplierinfo/create HTTP/1.1" 200 - 19 0.007 0.016
2026-10-08 05:27:53,084 54 INFO bench werkzeug: 127.0.0.1 - - [08/Oct/2026 05:27:53] "POST /json/2/product.product/search HTTP/1.1" 200 - 4 0.002 0.007
2026-10-08 05:27:53,149 54 INFO bench odoo.registry: Caches invalidated, signaling through the database: ['default'] 
2026-10-08 05:27:53,154 54 INFO bench werkzeug: 127.0.0.1 - - [08/Oct/2026 05:27:53] "POST /json/2/product.product/create HTTP/1.1" 200 - 60 0.021 0.037
2026-10-08 05:27:53,179 54 INFO bench werkzeug: 127.0.0.1 - - [08/Oct/2026 05:27:53] "POST /json/2/product.product/read HTTP/1.1" 200 - 14 0.005 0.008
2026-10-08 05:27:53,203 54 INFO bench werkzeug: 127.0.0.1 - - [08/Oct/2026 05:27:53] "POST /json/2/product.supplierinfo/search HTTP/1.1" 200 - 9 0.003 0.009
2026-10-08 05:27:53,244 54 INFO bench werkzeug: 127.0.0.1 - - [08/Oct/2026 05:27:53] "POST /json/2/product.supplierinfo/create HTTP/1.1" 200 - 19 0.007 0.015
2026-10-08 05:27:53,265 54 INFO bench werkzeug: 127.0.0.1 - - [08/Oct/2026 05:27:53] "POST /json/2/product.product/search HTTP/1.1" 200 - 4 0.002 0.006
2026-10-08 05:27:53,330 54 INFO bench odoo.registry: Caches invalidated, signaling through the database: ['default'] 
2026-10-08 05:27:53,334 54 INFO bench werkzeug: 127.0.0.1 - - [08/Oct/2026 05:27:53] "POST /json/2/product.product/create HTTP/1.1" 200 - 60 0.021 0.035
2026-10-08 05:27:53,361 54 INFO bench werkzeug: 127.0.0.1 - - [08/Oct/2026 05:27:53] "POST /json/2/product.product/read HTTP/1.1" 200 - 14 0.005 0.009
2026-10-08 05:27:53,386 54 INFO bench werkzeug: 127.0.0.1 - - [08/Oct/2026 05:27:53] "POST /json/2/product.supplierinfo/search HTTP/1.1" 200 - 9 0.004 0.008
2026-10-08 05:27:53,424 54 INFO bench werkzeug: 127.0.0.1 - - [08/Oct/2026 05:27:53] "POST /json/2/product.supplierinfo/create HTTP/1.1" 200 - 19 0.007 0.015
2026-10-08 05:27:53,445 54 INFO bench werkzeug: 127.0.0.1 - - [08/Oct/2026 05:27:53] "POST /json/2/product.product/search HTTP/1.1" 200 - 4 0.002 0.006
2026-10-08 05:27:53,505 54 INFO bench odoo.registry: Caches invalidated, signaling through the database: ['default'] 
2026-10-08 05:27:53,509 54 INFO bench werkzeug: 127.0.0.1 - - [08/Oct/2026 05:27:53] "POST /json/2/product.product/create HTTP/1.1" 200 - 60 0.018 0.033
2026-10-08 05:27:53,536 54 INFO bench werkzeug: 127.0.0.1 - - [08/Oct/2026 05:27:53] "POST /json/2/product.product/read HTTP/1.1" 200 - 14 0.005 0.008
2026-10-08 05:27:53,562 54 INFO bench werkzeug: 127.0.0.1 - - [08/Oct/2026 05:27:53] "POST /json/2/product.supplierinfo/search HTTP/1.1" 200 - 9 0.003 0.008
2026-10-08 05:27:53,601 54 INFO bench werkzeug: 127.0.0.1 - - [08/Oct/2026 05:27:53] "POST /json/2/product.supplierinfo/create HTTP/1.1" 200 - 19 0.009 0.016
2026-10-08 05:27:53,623 54 INFO bench werkzeug: 127.0.0.1 - - [08/Oct/2026 05:27:53] "POST /json/2/product.product/search HTTP/1.1" 200 - 4 0.002 0.006
2026-10-08 05:27:53,684 54 INFO bench odoo.registry: Caches invalidated, signaling through the database: ['default'] 
2026-10-08 05:27:53,689 54 INFO bench werkzeug: 127.0.0.1 - - [08/Oct/2026 05:27:53] "POST /json/2/product.product/create HTTP/1.1" 200 - 60 0.020 0.033
2026-10-08 05:27:53,724 54 INFO bench werkzeug: 127.0.0.1 - - [08/Oct/2026 05:27:53] "POST /json/2/product.product/read HTTP/1.1" 200 - 14 0.005 0.009
2026-10-08 05:27:53,749 54 INFO bench werkzeug: 127.0.0.1 - - [08/Oct/2026 05:27:53] "POST /json/2/product.supplierinfo/search HTTP/1.1" 200 - 9 0.004 0.008
2026-10-08 05:27:53,786 54 INFO bench werkzeug: 127.0.0.1 - - [08/Oct/2026 05:27:53] "POST /json/2/product.supplierinfo/create HTTP/1.1" 200 - 19 0.007 0.015
2026-10-08 05:27:53,807 54 INFO bench werkzeug: 127.0.0.1 - - [08/Oct/2026 05:27:53] "POST /json/2/product.product/search HTTP/1.1" 200 - 4 0.002 0.006
2026-10-08 05:27:53,871 54 INFO bench odoo.registry: Caches invalidated, signaling through the database: ['default'] 
2026-10-08 05:27:53,875 54 INFO bench werkzeug: 127.0.0.1 - - [08/Oct/2026 05:27:53] "POST /json/2/product.product/create HTTP/1.1" 200 - 60 0.020 0.035
2026-10-08 05:27:53,905 54 INFO bench werkzeug: 127.0.0.1 - - [08/Oct/2026 05:27:53] "POST /json/2/product.product/read HTTP/1.1" 200 - 14 0.005 0.010
2026-10-08 05:27:53,933 54 INFO bench werkzeug: 127.0.0.1 - - [08/Oct/2026 05:27:53] "POST /json/2/product.supplierinfo/search HTTP/1.1" 200 - 9 0.004 0.010
2026-10-08 05:27:53,968 54 INFO bench werkzeug: 127.0.0.1 - - [08/Oct/2026 05:27:53] "POST /json/2/product.supplierinfo/create HTTP/1.1" 200 - 19 0.007 0.015
2026-10-08 05:27:53,989 54 INFO bench werkzeug: 127.0.0.1 - - [08/Oct/2026 05:27:53] "POST /json/2/product.product/search HTTP/1.1" 200 - 4 0.002 0.006
2026-10-08 05:27:54,053 54 INFO bench odoo.registry: Caches invalidated, signaling through the database: ['default'] 
2026-10-08 05:27:54,058 54 INFO bench werkzeug: 127.0.0.1 - - [08/Oct/2026 05:27:54] "POST /json/2/product.product/create HTTP/1.1" 200 - 60 0.020 0.035
2026-10-08 05:27:54,084 54 INFO bench werkzeug: 127.0.0.1 - - [08/Oct/2026 05:27:54] "POST /json/2/product.product/read HTTP/1.1" 200 - 14 0.005 0.009
2026-10-08 05:27:54,109 54 INFO bench werkzeug: 127.0.0.1 - - [08/Oct/2026 05:27:54] "POST /json/2/product.supplierinfo/search HTTP/1.1" 200 - 9 0.004 0.008
2026-10-08 05:27:54,150 54 INFO bench werkzeug: 127.0.0.1 - - [08/Oct/2026 05:27:54] "POST /json/2/product.supplierinfo/create HTTP/1.1" 200 - 19 0.007 0.015
2026-10-08 05:27:54,173 54 INFO bench werkzeug: 127.0.0.1 - - [08/Oct/2026 05:27:54] "POST /json/2/product.product/search HTTP/1.1" 200 - 4 0.002 0.007
2026-10-08 05:27:54,238 54 INFO bench odoo.registry: Caches invalidated, signaling through the database: ['default'] 
2026-10-08 05:27:54,242 54 INFO bench werkzeug: 127.0.0.1 - - [08/Oct/2026 05:27:54] "POST /json/2/product.product/create HTTP/1.1" 200 - 60 0.020 0.036
2026-10-08 05:27:54,270 54 INFO bench werkzeug: 127.0.0.1 - - [08/Oct/2026 05:27:54] "POST /json/2/product.product/read HTTP/1.1" 200 - 14 0.005 0.010
2026-10-08 05:27:54,295 54 INFO bench werkzeug: 127.0.0.1 - - [08/Oct/2026 05:27:54] "POST /json/2/product.supplierinfo/search HTTP/1.1" 200 - 9 0.003 0.008
2026-10-08 05:27:54,330 54 INFO bench werkzeug: 127.0.0.1 - - [08/Oct/2026 05:27:54] "POST /json/2/product.supplierinfo/create HTTP/1.1" 200 - 19 0.007 0.015
2026-10-08 05:27:54,350 54 INFO bench werkzeug: 127.0.0.1 - - [08/Oct/2026 05:27:54] "POST /json/2/product.product/search HTTP/1.1" 200 - 4 0.002 0.006
2026-10-08 05:27:54,414 54 INFO bench odoo.registry: Caches invalidated, signaling through the database: ['default'] 
2026-10-08 05:27:54,418 54 INFO bench werkzeug: 127.0.0.1 - - [08/Oct/2026 05:27:54] "POST /json/2/product.product/create HTTP/1.1" 200 - 60 0.020 0.034
2026-10-08 05:27:54,446 54 INFO bench werkzeug: 127.0.0.1 - - [08/Oct/2026 05:27:54] "POST /json/2/product.product/read HTTP/1.1" 200 - 14 0.005 0.009
2026-10-08 05:27:54,473 54 INFO bench werkzeug: 127.0.0.1 - - [08/Oct/2026 05:27:54] "POST /json/2/product.supplierinfo/search HTTP/1.1" 200 - 9 0.005 0.008
2026-10-08 05:27:54,509 54 INFO bench werkzeug: 127.0.0.1 - - [08/Oct/2026 05:27:54] "POST /json/2/product.supplierinfo/create HTTP/1.1" 200 - 19 0.008 0.015
2026-10-08 05:27:54,529 54 INFO bench werkzeug: 127.0.0.1 - - [08/Oct/2026 05:27:54] "POST /json/2/product.product/search HTTP/1.1" 200 - 4 0.002 0.006
2026-10-08 05:27:54,590 54 INFO bench odoo.registry: Caches invalidated, signaling through the database: ['default'] 
2026-10-08 05:27:54,594 54 INFO bench werkzeug: 127.0.0.1 - - [08/Oct/2026 05:27:54] "POST /json/2/product.product/create HTTP/1.1" 200 - 60 0.019 0.034
2026-10-08 05:27:54,630 54 INFO bench werkzeug: 127.0.0.1 - - [08/Oct/2026 05:27:54] "POST /json/2/product.product/read HTTP/1.1" 200 - 14 0.006 0.009
2026-10-08 05:27:54,654 54 INFO bench werkzeug: 127.0.0.1 - - [08/Oct/2026 05:27:54] "POST /json/2/product.supplierinfo/search HTTP/1.1" 200 - 9 0.003 0.008
2026-10-08 05:27:54,689 54 INFO bench werkzeug: 127.0.0.1 - - [08/Oct/2026 05:27:54] "POST /json/2/product.supplierinfo/create HTTP/1.1" 200 - 19 0.007 0.016
2026-10-08 05:27:54,710 54 INFO bench werkzeug: 127.0.0.1 - - [08/Oct/2026 05:27:54] "POST /json/2/product.product/search HTTP/1.1" 200 - 4 0.002 0.006
2026-10-08 05:27:54,772 54 INFO bench odoo.registry: Caches invalidated, signaling through the database: ['default'] 
2026-10-08 05:27:54,776 54 INFO bench werkzeug: 127.0.0.1 - - [08/Oct/2026 05:27:54] "POST /json/2/product.product/create HTTP/1.1" 200 - 60 0.019 0.034
2026-10-08 05:27:54,804 54 INFO bench werkzeug: 127.0.0.1 - - [08/Oct/2026 05:27:54] "POST /json/2/product.product/read HTTP/1.1" 200 - 14 0.005 0.009
2026-10-08 05:27:54,828 54 INFO bench werkzeug: 127.0.0.1 - - [08/Oct/2026 05:27:54] "POST /json/2/product.supplierinfo/search HTTP/1.1" 200 - 9 0.003 0.008
2026-10-08 05:27:54,863 54 INFO bench werkzeug: 127.0.0.1 - - [08/Oct/2026 05:27:54] "POST /json/2/product.supplierinfo/create HTTP/1.1" 200 - 19 0.007 0.015
2026-10-08 05:27:54,885 54 INFO bench werkzeug: 127.0.0.1 - - [08/Oct/2026 05:27:54] "POST /json/2/product.product/search HTTP/1.1" 200 - 4 0.002 0.006
2026-10-08 05:27:54,948 54 INFO bench odoo.registry: Caches invalidated, signaling through the database: ['default'] 
2026-10-08 05:27:54,952 54 INFO bench werkzeug: 127.0.0.1 - - [08/Oct/2026 05:27:54] "POST /json/2/product.product/create HTTP/1.1" 200 - 60 0.020 0.034
2026-10-08 05:27:54,980 54 INFO bench werkzeug: 127.0.0.1 - - [08/Oct/2026 05:27:54] "POST /json/2/product.product/read HTTP/1.1" 200 - 14 0.006 0.009
2026-10-08 05:27:55,005 54 INFO bench werkzeug: 127.0.0.1 - - [08/Oct/2026 05:27:55] "POST /json/2/product.supplierinfo/search HTTP/1.1" 200 - 9 0.004 0.008
2026-10-08 05:27:55,042 54 INFO bench werkzeug: 127.0.0.1 - - [08/Oct/2026 05:27:55] "POST /json/2/product.supplierinfo/create HTTP/1.1" 200 - 19 0.008 0.014
2026-10-08 05:27:55,064 54 INFO bench werkzeug: 127.0.0.1 - - [08/Oct/2026 05:27:55] "POST /json/2/product.product/search HTTP/1.1" 200 - 4 0.002 0.007
2026-10-08 05:27:55,147 54 INFO bench odoo.registry: Caches invalidated, signaling through the database: ['default'] 
2026-10-08 05:27:55,152 54 INFO bench werkzeug: 127.0.0.1 - - [08/Oct/2026 05:27:55] "POST /json/2/product.product/create HTTP/1.1" 200 - 60 0.021 0.040
2026-10-08 05:27:55,184 54 INFO bench werkzeug: 127.0.0.1 - - [08/Oct/2026 05:27:55] "POST /json/2/product.product/read HTTP/1.1" 200 - 14 0.006 0.011
2026-10-08 05:27:55,209 54 INFO bench werkzeug: 127.0.0.1 - - [08/Oct/2026 05:27:55] "POST /json/2/product.supplierinfo/search HTTP/1.1" 200 - 9 0.004 0.008
2026-10-08 05:27:55,246 54 INFO bench werkzeug: 127.0.0.1 - - [08/Oct/2026 05:27:55] "POST /json/2/product.supplierinfo/create HTTP/1.1" 200 - 19 0.007 0.016
2026-10-08 05:27:55,267 54 INFO bench werkzeug: 127.0.0.1 - - [08/Oct/2026 05:27:55] "POST /json/2/product.product/search HTTP/1.1" 200 - 4 0.002 0.006
2026-10-08 05:27:55,333 54 INFO bench odoo.registry: Caches invalidated, signaling through the database: ['default'] 
2026-10-08 05:27:55,338 54 INFO bench werkzeug: 127.0.0.1 - - [08/Oct/2026 05:27:55] "POST /json/2/product.product/create HTTP/1.1" 200 - 60 0.022 0.035
2026-10-08 05:27:55,365 54 INFO bench werkzeug: 127.0.0.1 - - [08/Oct/2026 05:27:55] "POST /json/2/product.product/read HTTP/1.1" 200 - 14 0.006 0.009
2026-10-08 05:27:55,390 54 INFO bench werkzeug: 127.0.0.1 - - [08/Oct/2026 05:27:55] "POST /json/2/product.supplierinfo/search HTTP/1.1" 200 - 9 0.004 0.007
2026-10-08 05:27:55,427 54 INFO bench werkzeug: 127.0.0.1 - - [08/Oct/2026 05:27:55] "POST /json/2/product.supplierinfo/create HTTP/1.1" 200 - 19 0.007 0.016
2026-10-08 05:27:55,447 54 INFO bench werkzeug: 127.0.0.1 - - [08/Oct/2026 05:27:55] "POST /json/2/product.product/search HTTP/1.1" 200 - 4 0.002 0.006
2026-10-08 05:27:55,510 54 INFO bench odoo.registry: Caches invalidated, signaling through the database: ['default'] 
2026-10-08 05:27:55,515 54 INFO bench werkzeug: 127.0.0.1 - - [08/Oct/2026 05:27:55] "POST /json/2/product.product/create HTTP/1.1" 200 - 60 0.020 0.036
2026-10-08 05:27:55,545 54 INFO bench werkzeug: 127.0.0.1 - - [08/Oct/2026 05:27:55] "POST /json/2/product.product/read HTTP/1.1" 200 - 14 0.006 0.009
2026-10-08 05:27:55,571 54 INFO bench werkzeug: 127.0.0.1 - - [08/Oct/2026 05:27:55] "POST /json/2/product.supplierinfo/search HTTP/1.1" 200 - 9 0.004 0.008
2026-10-08 05:27:55,614 54 INFO bench werkzeug: 127.0.0.1 - - [08/Oct/2026 05:27:55] "POST /json/2/product.supplierinfo/create HTTP/1.1" 200 - 19 0.008 0.016
2026-10-08 05:27:55,636 54 INFO bench werkzeug: 127.0.0.1 - - [08/Oct/2026 05:27:55] "POST /json/2/product.product/search HTTP/1.1" 200 - 4 0.002 0.006
2026-10-08 05:27:55,700 54 INFO bench odoo.registry: Caches invalidated, signaling through the database: ['default'] 
2026-10-08 05:27:55,704 54 INFO bench werkzeug: 127.0.0.1 - - [08/Oct/2026 05:27:55] "POST /json/2/product.product/create HTTP/1.1" 200 - 60 0.020 0.035
2026-10-08 05:27:55,732 54 INFO bench werkzeug: 127.0.0.1 - - [08/Oct/2026 05:27:55] "POST /json/2/product.product/read HTTP/1.1" 200 - 14 0.005 0.009
2026-10-08 05:27:55,758 54 INFO bench werkzeug: 127.0.0.1 - - [08/Oct/2026 05:27:55] "POST /json/2/product.supplierinfo/search HTTP/1.1" 200 - 9 0.004 0.009
2026-10-08 05:27:55,799 54 INFO bench werkzeug: 127.0.0.1 - - [08/Oct/2026 05:27:55] "POST /json/2/product.supplierinfo/create HTTP/1.1" 200 - 19 0.008 0.019
2026-10-08 05:27:55,821 54 INFO bench werkzeug: 127.0.0.1 - - [08/Oct/2026 05:27:55] "POST /json/2/product.product/search HTTP/1.1" 200 - 4 0.002 0.006
2026-10-08 05:27:55,884 54 INFO bench odoo.registry: Caches invalidated, signaling through the database: ['default'] 
2026-10-08 05:27:55,888 54 INFO bench werkzeug: 127.0.0.1 - - [08/Oct/2026 05:27:55] "POST /json/2/product.product/create HTTP/1.1" 200 - 60 0.020 0.035
2026-10-08 05:27:55,917 54 INFO bench werkzeug: 127.0.0.1 - - [08/Oct/2026 05:27:55] "POST /json/2/product.product/read HTTP/1.1" 200 - 14 0.006 0.010
2026-10-08 05:27:55,944 54 INFO bench werkzeug: 127.0.0.1 - - [08/Oct/2026 05:27:55] "POST /json/2/product.supplierinfo/search HTTP/1.1" 200 - 9 0.004 0.008
2026-10-08 05:27:55,980 54 INFO bench werkzeug: 127.0.0.1 - - [08/Oct/2026 05:27:55] "POST /json/2/product.supplierinfo/create HTTP/1.1" 200 - 19 0.008 0.015
2026-10-08 05:27:56,000 54 INFO bench werkzeug: 127.0.0.1 - - [08/Oct/2026 05:27:56] "POST /json/2/product.product/search HTTP/1.1" 200 - 4 0.002 0.006
2026-10-08 05:27:56,065 54 INFO bench odoo.registry: Caches invalidated, signaling through the database: ['default'] 
2026-10-08 05:27:56,069 54 INFO bench werkzeug: 127.0.0.1 - - [08/Oct/2026 05:27:56] "POST /json/2/product.product/create HTTP/1.1" 200 - 60 0.020 0.036
2026-10-08 05:27:56,108 54 INFO bench werkzeug: 127.0.0.1 - - [08/Oct/2026 05:27:56] "POST /json/2/product.product/read HTTP/1.1" 200 - 14 0.008 0.009
2026-10-08 05:27:56,135 54 INFO bench werkzeug: 127.0.0.1 - - [08/Oct/2026 05:27:56] "POST /json/2/product.supplierinfo/search HTTP/1.1" 200 - 9 0.003 0.007
2026-10-08 05:27:56,173 54 INFO bench werkzeug: 127.0.0.1 - - [08/Oct/2026 05:27:56] "POST /json/2/product.supplierinfo/create HTTP/1.1" 200 - 19 0.008 0.015
2026-10-08 05:27:56,194 54 INFO bench werkzeug: 127.0.0.1 - - [08/Oct/2026 05:27:56] "POST /json/2/product.product/search HTTP/1.1" 200 - 4 0.002 0.007
2026-10-08 05:27:56,259 54 INFO bench odoo.registry: Caches invalidated, signaling through the database: ['default'] 
2026-10-08 05:27:56,263 54 INFO bench werkzeug: 127.0.0.1 - - [08/Oct/2026 05:27:56] "POST /json/2/product.product/create HTTP/1.1" 200 - 60 0.020 0.036
2026-10-08 05:27:56,293 54 INFO bench werkzeug: 127.0.0.1 - - [08/Oct/2026 05:27:56] "POST /json/2/product.product/read HTTP/1.1" 200 - 14 0.005 0.009
2026-10-08 05:27:56,318 54 INFO bench werkzeug: 127.0.0.1 - - [08/Oct/2026 05:27:56] "POST /json/2/product.supplierinfo/search HTTP/1.1" 200 - 9 0.004 0.008
2026-10-08 05:27:56,357 54 INFO bench werkzeug: 127.0.0.1 - - [08/Oct/2026 05:27:56] "POST /json/2/product.supplierinfo/create HTTP/1.1" 200 - 19 0.008 0.018
2026-10-08 05:27:56,378 54 INFO bench werkzeug: 127.0.0.1 - - [08/Oct/2026 05:27:56] "POST /json/2/product.product/search HTTP/1.1" 200 - 4 0.002 0.006
2026-10-08 05:27:56,443 54 INFO bench odoo.registry: Caches invalidated, signaling through the database: ['default'] 
2026-10-08 05:27:56,447 54 INFO bench werkzeug: 127.0.0.1 - - [08/Oct/2026 05:27:56] "POST /json/2/product.product/create HTTP/1.1" 200 - 60 0.020 0.035
2026-10-08 05:27:56,475 54 INFO bench werkzeug: 127.0.0.1 - - [08/Oct/2026 05:27:56] "POST /json/2/product.product/read HTTP/1.1" 200 - 14 0.005 0.009
2026-10-08 05:27:56,500 54 INFO bench werkzeug: 127.0.0.1 - - [08/Oct/2026 05:27:56] "POST /json/2/product.supplierinfo/search HTTP/1.1" 200 - 9 0.004 0.008
2026-10-08 05:27:56,537 54 INFO bench werkzeug: 127.0.0.1 - - [08/Oct/2026 05:27:56] "POST /json/2/product.supplierinfo/create HTTP/1.1" 200 - 19 0.008 0.016
2026-10-08 05:27:56,565 54 INFO bench werkzeug: 127.0.0.1 - - [08/Oct/2026 05:27:56] "POST /json/2/product.product/search HTTP/1.1" 200 - 4 0.002 0.006
2026-10-08 05:27:56,630 54 INFO bench odoo.registry: Caches invalidated, signaling through the database: ['default'] 
2026-10-08 05:27:56,634 54 INFO bench werkzeug: 127.0.0.1 - - [08/Oct/2026 05:27:56] "POST /json/2/product.product/create HTTP/1.1" 200 - 60 0.021 0.036
2026-10-08 05:27:56,663 54 INFO bench werkzeug: 127.0.0.1 - - [08/Oct/2026 05:27:56] "POST /json/2/product.product/read HTTP/1.1" 200 - 14 0.005 0.009
2026-10-08 05:27:56,686 54 INFO bench werkzeug: 127.0.0.1 - - [08/Oct/2026 05:27:56] "POST /json/2/product.supplierinfo/search HTTP/1.1" 200 - 9 0.003 0.008
2026-10-08 05:27:56,724 54 INFO bench werkzeug: 127.0.0.1 - - [08/Oct/2026 05:27:56] "POST /json/2/product.supplierinfo/create HTTP/1.1" 200 - 19 0.009 0.016
2026-10-08 05:27:56,744 54 INFO bench werkzeug: 127.0.0.1 - - [08/Oct/2026 05:27:56] "POST /json/2/product.product/search HTTP/1.1" 200 - 4 0.002 0.006
2026-10-08 05:27:56,807 54 INFO bench odoo.registry: Caches invalidated, signaling through the database: ['default'] 
2026-10-08 05:27:56,812 54 INFO bench werkzeug: 127.0.0.1 - - [08/Oct/2026 05:27:56] "POST /json/2/product.product/create HTTP/1.1" 200 - 60 0.019 0.036
2026-10-08 05:27:56,840 54 INFO bench werkzeug: 127.0.0.1 - - [08/Oct/2026 05:27:56] "POST /json/2/product.product/read HTTP/1.1" 200 - 14 0.005 0.009
2026-10-08 05:27:56,866 54 INFO bench werkzeug: 127.0.0.1 - - [08/Oct/2026 05:27:56] "POST /json/2/product.supplierinfo/search HTTP/1.1" 200 - 9 0.004 0.009
2026-10-08 05:27:56,905 54 INFO bench werkzeug: 127.0.0.1 - - [08/Oct/2026 05:27:56] "POST /json/2/product.supplierinfo/create HTTP/1.1" 200 - 19 0.008 0.017
2026-10-08 05:27:56,926 54 INFO bench werkzeug: 127.0.0.1 - - [08/Oct/2026 05:27:56] "POST /json/2/product.product/search HTTP/1.1" 200 - 4 0.002 0.007
2026-10-08 05:27:56,989 54 INFO bench odoo.registry: Caches invalidated, signaling through the database: ['default'] 
2026-10-08 05:27:56,993 54 INFO bench werkzeug: 127.0.0.1 - - [08/Oct/2026 05:27:56] "POST /json/2/product.product/create HTTP/1.1" 200 - 60 0.019 0.036
2026-10-08 05:27:57,021 54 INFO bench werkzeug: 127.0.0.1 - - [08/Oct/2026 05:27:57] "POST /json/2/product.product/read HTTP/1.1" 200 - 14 0.005 0.010
2026-10-08 05:27:57,053 54 INFO bench werkzeug: 127.0.0.1 - - [08/Oct/2026 05:27:57] "POST /json/2/product.supplierinfo/search HTTP/1.1" 200 - 9 0.004 0.008
2026-10-08 05:27:57,091 54 INFO bench werkzeug: 127.0.0.1 - - [08/Oct/2026 05:27:57] "POST /json/2/product.supplierinfo/create HTTP/1.1" 200 - 19 0.007 0.016
2026-10-08 05:27:57,117 54 INFO bench werkzeug: 127.0.0.1 - - [08/Oct/2026 05:27:57] "POST /json/2/product.product/read HTTP/1.1" 200 - 7 0.003 0.009
2026-10-08 05:27:57,139 54 INFO bench werkzeug: 127.0.0.1 - - [08/Oct/2026 05:27:57] "POST /json/2/product.supplierinfo/read HTTP/1.1" 200 - 4 0.002 0.006
2026-10-08 05:27:57,177 54 INFO bench werkzeug: 127.0.0.1 - - [08/Oct/2026 05:27:57] "POST /json/2/res.partner/write HTTP/1.1" 200 - 20 0.008 0.017
2026-10-08 05:27:57,209 54 INFO bench werkzeug: 127.0.0.1 - - [08/Oct/2026 05:27:57] "POST /json/2/res.partner/write HTTP/1.1" 200 - 8 0.003 0.013
2026-10-08 05:27:57,238 54 INFO bench werkzeug: 127.0.0.1 - - [08/Oct/2026 05:27:57] "POST /json/2/res.partner/write HTTP/1.1" 200 - 8 0.004 0.012
2026-10-08 05:27:57,270 54 INFO bench werkzeug: 127.0.0.1 - - [08/Oct/2026 05:27:57] "POST /json/2/res.partner/write HTTP/1.1" 200 - 8 0.004 0.013
2026-10-08 05:27:57,304 54 INFO bench werkzeug: 127.0.0.1 - - [08/Oct/2026 05:27:57] "POST /json/2/res.partner/write HTTP/1.1" 200 - 8 0.004 0.014
2026-10-08 05:27:57,334 54 INFO bench werkzeug: 127.0.0.1 - - [08/Oct/2026 05:27:57] "POST /json/2/res.partner/write HTTP/1.1" 200 - 8 0.004 0.012
2026-10-08 05:27:57,367 54 INFO bench werkzeug: 127.0.0.1 - - [08/Oct/2026 05:27:57] "POST /json/2/res.partner/write HTTP/1.1" 200 - 8 0.004 0.013
2026-10-08 05:27:57,401 54 INFO bench werkzeug: 127.0.0.1 - - [08/Oct/2026 05:27:57] "POST /json/2/res.partner/write HTTP/1.1" 200 - 8 0.005 0.014
2026-10-08 05:27:57,434 54 INFO bench werkzeug: 127.0.0.1 - - [08/Oct/2026 05:27:57] "POST /json/2/res.partner/write HTTP/1.1" 200 - 8 0.004 0.013
2026-10-08 05:27:57,472 54 INFO bench werkzeug: 127.0.0.1 - - [08/Oct/2026 05:27:57] "POST /json/2/res.partner/write HTTP/1.1" 200 - 8 0.003 0.013
2026-10-08 05:27:57,503 54 INFO bench werkzeug: 127.0.0.1 - - [08/Oct/2026 05:27:57] "POST /json/2/res.partner/write HTTP/1.1" 200 - 8 0.004 0.013
2026-10-08 05:27:57,535 54 INFO bench werkzeug: 127.0.0.1 - - [08/Oct/2026 05:27:57] "POST /json/2/res.partner/write HTTP/1.1" 200 - 8 0.004 0.012
2026-10-08 05:27:57,564 54 INFO bench werkzeug: 127.0.0.1 - - [08/Oct/2026 05:27:57] "POST /json/2/res.partner/write HTTP/1.1" 200 - 8 0.004 0.012
2026-10-08 05:27:57,595 54 INFO bench werkzeug: 127.0.0.1 - - [08/Oct/2026 05:27:57] "POST /json/2/res.partner/write HTTP/1.1" 200 - 8 0.004 0.013
2026-10-08 05:27:57,625 54 INFO bench werkzeug: 127.0.0.1 - - [08/Oct/2026 05:27:57] "POST /json/2/res.partner/write HTTP/1.1" 200 - 8 0.004 0.013
2026-10-08 05:27:57,655 54 INFO bench werkzeug: 127.0.0.1 - - [08/Oct/2026 05:27:57] "POST /json/2/res.partner/write HTTP/1.1" 200 - 8 0.004 0.012
2026-10-08 05:27:57,683 54 INFO bench werkzeug: 127.0.0.1 - - [08/Oct/2026 05:27:57] "POST /json/2/res.partner/write HTTP/1.1" 200 - 8 0.003 0.012
2026-10-08 05:27:57,714 54 INFO bench werkzeug: 127.0.0.1 - - [08/Oct/2026 05:27:57] "POST /json/2/res.partner/write HTTP/1.1" 200 - 8 0.003 0.012
2026-10-08 05:27:57,753 54 INFO bench werkzeug: 127.0.0.1 - - [08/Oct/2026 05:27:57] "POST /json/2/res.partner/write HTTP/1.1" 200 - 8 0.004 0.015
2026-10-08 05:27:57,786 54 INFO bench werkzeug: 127.0.0.1 - - [08/Oct/2026 05:27:57] "POST /json/2/res.partner/write HTTP/1.1" 200 - 8 0.004 0.014
2026-10-08 05:27:57,818 54 INFO bench werkzeug: 127.0.0.1 - - [08/Oct/2026 05:27:57] "POST /json/2/res.partner/write HTTP/1.1" 200 - 8 0.004 0.013
2026-10-08 05:27:57,849 54 INFO bench werkzeug: 127.0.0.1 - - [08/Oct/2026 05:27:57] "POST /json/2/res.partner/write HTTP/1.1" 200 - 8 0.004 0.014
2026-10-08 05:27:57,880 54 INFO bench werkzeug: 127.0.0.1 - - [08/Oct/2026 05:27:57] "POST /json/2/res.partner/write HTTP/1.1" 200 - 8 0.004 0.012
2026-10-08 05:27:57,920 54 INFO bench werkzeug: 127.0.0.1 - - [08/Oct/2026 05:27:57] "POST /json/2/res.partner/write HTTP/1.1" 200 - 8 0.003 0.012
2026-10-08 05:27:57,951 54 INFO bench werkzeug: 127.0.0.1 - - [08/Oct/2026 05:27:57] "POST /json/2/res.partner/write HTTP/1.1" 200 - 8 0.004 0.012
2026-10-08 05:27:57,980 54 INFO bench werkzeug: 127.0.0.1 - - [08/Oct/2026 05:27:57] "POST /json/2/res.partner/write HTTP/1.1" 200 - 8 0.003 0.012
2026-10-08 05:27:58,008 54 INFO bench werkzeug: 127.0.0.1 - - [08/Oct/2026 05:27:58] "POST /json/2/res.partner/write HTTP/1.1" 200 - 8 0.003 0.011
2026-10-08 05:27:58,038 54 INFO bench werkzeug: 127.0.0.1 - - [08/Oct/2026 05:27:58] "POST /json/2/res.partner/write HTTP/1.1" 200 - 8 0.003 0.011
2026-10-08 05:27:58,068 54 INFO bench werkzeug: 127.0.0.1 - - [08/Oct/2026 05:27:58] "POST /json/2/res.partner/write HTTP/1.1" 200 - 8 0.004 0.012
2026-10-08 05:27:58,097 54 INFO bench werkzeug: 127.0.0.1 - - [08/Oct/2026 05:27:58] "POST /json/2/res.partner/write HTTP/1.1" 200 - 8 0.003 0.012
2026-10-08 05:27:58,127 54 INFO bench werkzeug: 127.0.0.1 - - [08/Oct/2026 05:27:58] "POST /json/2/res.partner/write HTTP/1.1" 200 - 8 0.004 0.013
2026-10-08 05:27:58,159 54 INFO bench werkzeug: 127.0.0.1 - - [08/Oct/2026 05:27:58] "POST /json/2/res.partner/write HTTP/1.1" 200 - 8 0.004 0.013
2026-10-08 05:27:58,195 54 INFO bench werkzeug: 127.0.0.1 - - [08/Oct/2026 05:27:58] "POST /json/2/res.partner/write HTTP/1.1" 200 - 8 0.004 0.017
2026-10-08 05:27:58,231 54 INFO bench werkzeug: 127.0.0.1 - - [08/Oct/2026 05:27:58] "POST /json/2/res.partner/write HTTP/1.1" 200 - 8 0.004 0.016
2026-10-08 05:27:58,264 54 INFO bench werkzeug: 127.0.0.1 - - [08/Oct/2026 05:27:58] "POST /json/2/res.partner/write HTTP/1.1" 200 - 8 0.005 0.013
2026-10-08 05:27:58,299 54 INFO bench werkzeug: 127.0.0.1 - - [08/Oct/2026 05:27:58] "POST /json/2/res.partner/write HTTP/1.1" 200 - 8 0.005 0.014
2026-10-08 05:27:58,341 54 INFO bench werkzeug: 127.0.0.1 - - [08/Oct/2026 05:27:58] "POST /json/2/res.partner/write HTTP/1.1" 200 - 8 0.005 0.014
2026-10-08 05:27:58,375 54 INFO bench werkzeug: 127.0.0.1 - - [08/Oct/2026 05:27:58] "POST /json/2/res.partner/write HTTP/1.1" 200 - 8 0.004 0.013
2026-10-08 05:27:58,413 54 INFO bench werkzeug: 127.0.0.1 - - [08/Oct/2026 05:27:58] "POST /json/2/res.partner/write HTTP/1.1" 200 - 8 0.004 0.014
2026-10-08 05:27:58,448 54 INFO bench werkzeug: 127.0.0.1 - - [08/Oct/2026 05:27:58] "POST /json/2/res.partner/write HTTP/1.1" 200 - 8 0.004 0.014
2026-10-08 05:27:58,483 54 INFO bench werkzeug: 127.0.0.1 - - [08/Oct/2026 05:27:58] "POST /json/2/res.partner/write HTTP/1.1" 200 - 8 0.004 0.013
2026-10-08 05:27:58,518 54 INFO bench werkzeug: 127.0.0.1 - - [08/Oct/2026 05:27:58] "POST /json/2/res.partner/write HTTP/1.1" 200 - 8 0.004 0.013
2026-10-08 05:27:58,553 54 INFO bench werkzeug: 127.0.0.1 - - [08/Oct/2026 05:27:58] "POST /json/2/res.partner/write HTTP/1.1" 200 - 8 0.004 0.014
2026-10-08 05:27:58,586 54 INFO bench werkzeug: 127.0.0.1 - - [08/Oct/2026 05:27:58] "POST /json/2/res.partner/write HTTP/1.1" 200 - 8 0.004 0.013
2026-10-08 05:27:58,620 54 INFO bench werkzeug: 127.0.0.1 - - [08/Oct/2026 05:27:58] "POST /json/2/res.partner/write HTTP/1.1" 200 - 8 0.005 0.014
2026-10-08 05:27:58,654 54 INFO bench werkzeug: 127.0.0.1 - - [08/Oct/2026 05:27:58] "POST /json/2/res.partner/write HTTP/1.1" 200 - 8 0.005 0.014
2026-10-08 05:27:58,691 54 INFO bench werkzeug: 127.0.0.1 - - [08/Oct/2026 05:27:58] "POST /json/2/res.partner/write HTTP/1.1" 200 - 8 0.004 0.013
2026-10-08 05:27:58,724 54 INFO bench werkzeug: 127.0.0.1 - - [08/Oct/2026 05:27:58] "POST /json/2/res.partner/write HTTP/1.1" 200 - 8 0.004 0.014
2026-10-08 05:27:58,756 54 INFO bench werkzeug: 127.0.0.1 - - [08/Oct/2026 05:27:58] "POST /json/2/res.partner/write HTTP/1.1" 200 - 8 0.005 0.013
2026-10-08 05:27:58,797 54 INFO bench werkzeug: 127.0.0.1 - - [08/Oct/2026 05:27:58] "POST /json/2/res.partner/write HTTP/1.1" 200 - 8 0.004 0.013
2026-10-08 05:27:58,834 54 INFO bench werkzeug: 127.0.0.1 - - [08/Oct/2026 05:27:58] "POST /json/2/res.partner/write HTTP/1.1" 200 - 8 0.005 0.015
2026-10-08 05:27:58,866 54 INFO bench werkzeug: 127.0.0.1 - - [08/Oct/2026 05:27:58] "POST /json/2/res.partner/write HTTP/1.1" 200 - 8 0.004 0.013
2026-10-08 05:27:58,905 54 INFO bench werkzeug: 127.0.0.1 - - [08/Oct/2026 05:27:58] "POST /json/2/res.partner/write HTTP/1.1" 200 - 8 0.005 0.017
2026-10-08 05:27:58,939 54 INFO bench werkzeug: 127.0.0.1 - - [08/Oct/2026 05:27:58] "POST /json/2/res.partner/write HTTP/1.1" 200 - 8 0.004 0.014
2026-10-08 05:27:58,964 54 INFO bench werkzeug: 127.0.0.1 - - [08/Oct/2026 05:27:58] "POST /json/2/product.product/read HTTP/1.1" 200 - 5 0.003 0.007
2026-10-08 05:27:58,991 54 INFO bench werkzeug: 127.0.0.1 - - [08/Oct/2026 05:27:58] "POST /json/2/mrp.bom/search HTTP/1.1" 200 - 8 0.003 0.008
2026-10-08 05:27:59,042 54 INFO bench werkzeug: 127.0.0.1 - - [08/Oct/2026 05:27:59] "POST /json/2/mrp.bom/create HTTP/1.1" 200 - 31 0.013 0.024
2026-10-08 05:27:59,081 54 INFO bench werkzeug: 127.0.0.1 - - [08/Oct/2026 05:27:59] "POST /json/2/mrp.bom.line/create HTTP/1.1" 200 - 15 0.007 0.016
2026-10-08 05:27:59,117 54 INFO bench werkzeug: 127.0.0.1 - - [08/Oct/2026 05:27:59] "POST /json/2/mrp.bom.line/create HTTP/1.1" 200 - 10 0.006 0.015
2026-10-08 05:27:59,142 54 INFO bench werkzeug: 127.0.0.1 - - [08/Oct/2026 05:27:59] "POST /json/2/product.product/read HTTP/1.1" 200 - 5 0.002 0.007
2026-10-08 05:27:59,162 54 INFO bench werkzeug: 127.0.0.1 - - [08/Oct/2026 05:27:59] "POST /json/2/mrp.bom/search HTTP/1.1" 200 - 3 0.001 0.005
2026-10-08 05:27:59,201 54 INFO bench werkzeug: 127.0.0.1 - - [08/Oct/2026 05:27:59] "POST /json/2/mrp.bom/create HTTP/1.1" 200 - 16 0.007 0.017
2026-10-08 05:27:59,241 54 INFO bench werkzeug: 127.0.0.1 - - [08/Oct/2026 05:27:59] "POST /json/2/mrp.bom.line/create HTTP/1.1" 200 - 10 0.005 0.012
2026-10-08 05:27:59,274 54 INFO bench werkzeug: 127.0.0.1 - - [08/Oct/2026 05:27:59] "POST /json/2/mrp.bom.line/create HTTP/1.1" 200 - 10 0.005 0.012
2026-10-08 05:27:59,299 54 INFO bench werkzeug: 127.0.0.1 - - [08/Oct/2026 05:27:59] "POST /json/2/product.product/read HTTP/1.1" 200 - 5 0.004 0.007
2026-10-08 05:27:59,320 54 INFO bench werkzeug: 127.0.0.1 - - [08/Oct/2026 05:27:59] "POST /json/2/mrp.bom/search HTTP/1.1" 200 - 3 0.001 0.005
2026-10-08 05:27:59,359 54 INFO bench werkzeug: 127.0.0.1 - - [08/Oct/2026 05:27:59] "POST /json/2/mrp.bom/create HTTP/1.1" 200 - 16 0.007 0.016
2026-10-08 05:27:59,390 54 INFO bench werkzeug: 127.0.0.1 - - [08/Oct/2026 05:27:59] "POST /json/2/mrp.bom.line/create HTTP/1.1" 200 - 10 0.004 0.012
2026-10-08 05:27:59,421 54 INFO bench werkzeug: 127.0.0.1 - - [08/Oct/2026 05:27:59] "POST /json/2/mrp.bom.line/create HTTP/1.1" 200 - 10 0.005 0.013
2026-10-08 05:27:59,448 54 INFO bench werkzeug: 127.0.0.1 - - [08/Oct/2026 05:27:59] "POST /json/2/product.product/read HTTP/1.1" 200 - 5 0.003 0.008
2026-10-08 05:27:59,474 54 INFO bench werkzeug: 127.0.0.1 - - [08/Oct/2026 05:27:59] "POST /json/2/mrp.bom/search HTTP/1.1" 200 - 3 0.002 0.005
2026-10-08 05:27:59,514 54 INFO bench werkzeug: 127.0.0.1 - - [08/Oct/2026 05:27:59] "POST /json/2/mrp.bom/create HTTP/1.1" 200 - 16 0.007 0.016
2026-10-08 05:27:59,544 54 INFO bench werkzeug: 127.0.0.1 - - [08/Oct/2026 05:27:59] "POST /json/2/mrp.bom.line/create HTTP/1.1" 200 - 10 0.004 0.012
2026-10-08 05:27:59,569 54 INFO bench werkzeug: 127.0.0.1 - - [08/Oct/2026 05:27:59] "POST /json/2/product.product/read HTTP/1.1" 200 - 5 0.003 0.007
2026-10-08 05:27:59,590 54 INFO bench werkzeug: 127.0.0.1 - - [08/Oct/2026 05:27:59] "POST /json/2/mrp.bom/search HTTP/1.1" 200 - 3 0.002 0.005
2026-10-08 05:27:59,629 54 INFO bench werkzeug: 127.0.0.1 - - [08/Oct/2026 05:27:59] "POST /json/2/mrp.bom/create HTTP/1.1" 200 - 16 0.007 0.017
2026-10-08 05:27:59,669 54 INFO bench werkzeug: 127.0.0.1 - - [08/Oct/2026 05:27:59] "POST /json/2/mrp.bom.line/create HTTP/1.1" 200 - 10 0.004 0.013
2026-10-08 05:27:59,694 54 INFO bench werkzeug: 127.0.0.1 - - [08/Oct/2026 05:27:59] "POST /json/2/product.product/read HTTP/1.1" 200 - 5 0.002 0.007
2026-10-08 05:27:59,716 54 INFO bench werkzeug: 127.0.0.1 - - [08/Oct/2026 05:27:59] "POST /json/2/mrp.bom/search HTTP/1.1" 200 - 3 0.001 0.005
2026-10-08 05:27:59,752 54 INFO bench werkzeug: 127.0.0.1 - - [08/Oct/2026 05:27:59] "POST /json/2/mrp.bom/create HTTP/1.1" 200 - 16 0.007 0.016
2026-10-08 05:27:59,783 54 INFO bench werkzeug: 127.0.0.1 - - [08/Oct/2026 05:27:59] "POST /json/2/mrp.bom.line/create HTTP/1.1" 200 - 10 0.004 0.012
2026-10-08 05:27:59,807 54 INFO bench werkzeug: 127.0.0.1 - - [08/Oct/2026 05:27:59] "POST /json/2/product.product/read HTTP/1.1" 200 - 5 0.002 0.007
2026-10-08 05:27:59,830 54 INFO bench werkzeug: 127.0.0.1 - - [08/Oct/2026 05:27:59] "POST /json/2/mrp.bom/search HTTP/1.1" 200 - 3 0.002 0.006
2026-10-08 05:27:59,869 54 INFO bench werkzeug: 127.0.0.1 - - [08/Oct/2026 05:27:59] "POST /json/2/mrp.bom/create HTTP/1.1" 200 - 16 0.007 0.017
2026-10-08 05:27:59,902 54 INFO bench werkzeug: 127.0.0.1 - - [08/Oct/2026 05:27:59] "POST /json/2/mrp.bom.line/create HTTP/1.1" 200 - 10 0.005 0.014
2026-10-08 05:27:59,925 54 INFO bench werkzeug: 127.0.0.1 - - [08/Oct/2026 05:27:59] "POST /json/2/product.product/read HTTP/1.1" 200 - 5 0.002 0.007
2026-10-08 05:27:59,947 54 INFO bench werkzeug: 127.0.0.1 - - [08/Oct/2026 05:27:59] "POST /json/2/mrp.bom/search HTTP/1.1" 200 - 3 0.001 0.005
2026-10-08 05:27:59,987 54 INFO bench werkzeug: 127.0.0.1 - - [08/Oct/2026 05:27:59] "POST /json/2/mrp.bom/create HTTP/1.1" 200 - 16 0.008 0.018
2026-10-08 05:28:00,019 54 INFO bench werkzeug: 127.0.0.1 - - [08/Oct/2026 05:28:00] "POST /json/2/mrp.bom.line/create HTTP/1.1" 200 - 10 0.004 0.013
2026-10-08 05:28:00,056 54 INFO bench werkzeug: 127.0.0.1 - - [08/Oct/2026 05:28:00] "POST /json/2/mrp.bom.line/create HTTP/1.1" 200 - 10 0.004 0.011
2026-10-08 05:28:00,080 54 INFO bench werkzeug: 127.0.0.1 - - [08/Oct/2026 05:28:00] "POST /json/2/product.product/read HTTP/1.1" 200 - 5 0.002 0.007
2026-10-08 05:28:00,102 54 INFO bench werkzeug: 127.0.0.1 - - [08/Oct/2026 05:28:00] "POST /json/2/mrp.bom/search HTTP/1.1" 200 - 3 0.002 0.005
2026-10-08 05:28:00,142 54 INFO bench werkzeug: 127.0.0.1 - - [08/Oct/2026 05:28:00] "POST /json/2/mrp.bom/create HTTP/1.1" 200 - 16 0.007 0.017
2026-10-08 05:28:00,172 54 INFO bench werkzeug: 127.0.0.1 - - [08/Oct/2026 05:28:00] "POST /json/2/mrp.bom.line/create HTTP/1.1" 200 - 10 0.004 0.012
2026-10-08 05:28:00,203 54 INFO bench werkzeug: 127.0.0.1 - - [08/Oct/2026 05:28:00] "POST /json/2/mrp.bom.line/create HTTP/1.1" 200 - 10 0.004 0.012
2026-10-08 05:28:00,229 54 INFO bench werkzeug: 127.0.0.1 - - [08/Oct/2026 05:28:00] "POST /json/2/product.product/read HTTP/1.1" 200 - 5 0.003 0.009
2026-10-08 05:28:00,250 54 INFO bench werkzeug: 127.0.0.1 - - [08/Oct/2026 05:28:00] "POST /json/2/mrp.bom/search HTTP/1.1" 200 - 3 0.001 0.005
2026-10-08 05:28:00,287 54 INFO bench werkzeug: 127.0.0.1 - - [08/Oct/2026 05:28:00] "POST /json/2/mrp.bom/create HTTP/1.1" 200 - 16 0.007 0.017
2026-10-08 05:28:00,320 54 INFO bench werkzeug: 127.0.0.1 - - [08/Oct/2026 05:28:00] "POST /json/2/mrp.bom.line/create HTTP/1.1" 200 - 10 0.004 0.013
2026-10-08 05:28:00,350 54 INFO bench werkzeug: 127.0.0.1 - - [08/Oct/2026 05:28:00] "POST /json/2/mrp.bom.line/create HTTP/1.1" 200 - 10 0.004 0.012
2026-10-08 05:28:00,371 54 INFO bench werkzeug: 127.0.0.1 - - [08/Oct/2026 05:28:00] "POST /json/2/mrp.bom/read HTTP/1.1" 200 - 3 0.001 0.005
2026-10-08 05:28:00,396 54 INFO bench werkzeug: 127.0.0.1 - - [08/Oct/2026 05:28:00] "POST /json/2/mrp.bom.line/read HTTP/1.1" 200 - 8 0.004 0.008
2026-10-08 05:28:00,423 54 INFO bench werkzeug: 127.0.0.1 - - [08/Oct/2026 05:28:00] "POST /json/2/stock.warehouse/search HTTP/1.1" 200 - 8 0.004 0.007
2026-10-08 05:28:00,444 54 INFO bench werkzeug: 127.0.0.1 - - [08/Oct/2026 05:28:00] "POST /json/2/stock.warehouse/read HTTP/1.1" 200 - 5 0.003 0.005
2026-10-08 05:28:00,467 54 INFO bench werkzeug: 127.0.0.1 - - [08/Oct/2026 05:28:00] "POST /json/2/product.product/read HTTP/1.1" 200 - 5 0.003 0.007
2026-10-08 05:28:00,490 54 INFO bench werkzeug: 127.0.0.1 - - [08/Oct/2026 05:28:00] "POST /json/2/stock.quant/search HTTP/1.1" 200 - 8 0.003 0.007
2026-10-08 05:28:00,528 54 INFO bench werkzeug: 127.0.0.1 - - [08/Oct/2026 05:28:00] "POST /json/2/stock.quant/create HTTP/1.1" 200 - 19 0.007 0.017
2026-10-08 05:28:00,613 54 INFO bench werkzeug: 127.0.0.1 - - [08/Oct/2026 05:28:00] "POST /json/2/stock.quant/action_apply_inventory HTTP/1.1" 200 - 62 0.027 0.043
2026-10-08 05:28:00,638 54 INFO bench werkzeug: 127.0.0.1 - - [08/Oct/2026 05:28:00] "POST /json/2/product.product/read HTTP/1.1" 200 - 5 0.003 0.007
2026-10-08 05:28:00,658 54 INFO bench werkzeug: 127.0.0.1 - - [08/Oct/2026 05:28:00] "POST /json/2/stock.quant/search HTTP/1.1" 200 - 3 0.001 0.005
2026-10-08 05:28:00,691 54 INFO bench werkzeug: 127.0.0.1 - - [08/Oct/2026 05:28:00] "POST /json/2/stock.quant/create HTTP/1.1" 200 - 11 0.005 0.014
2026-10-08 05:28:00,754 54 INFO bench werkzeug: 127.0.0.1 - - [08/Oct/2026 05:28:00] "POST /json/2/stock.quant/action_apply_inventory HTTP/1.1" 200 - 36 0.014 0.032
2026-10-08 05:28:00,779 54 INFO bench werkzeug: 127.0.0.1 - - [08/Oct/2026 05:28:00] "POST /json/2/product.product/read HTTP/1.1" 200 - 5 0.003 0.008
2026-10-08 05:28:00,800 54 INFO bench werkzeug: 127.0.0.1 - - [08/Oct/2026 05:28:00] "POST /json/2/stock.quant/search HTTP/1.1" 200 - 3 0.002 0.005
2026-10-08 05:28:00,837 54 INFO bench werkzeug: 127.0.0.1 - - [08/Oct/2026 05:28:00] "POST /json/2/stock.quant/create HTTP/1.1" 200 - 11 0.004 0.013
2026-10-08 05:28:00,899 54 INFO bench werkzeug: 127.0.0.1 - - [08/Oct/2026 05:28:00] "POST /json/2/stock.quant/action_apply_inventory HTTP/1.1" 200 - 36 0.015 0.032
2026-10-08 05:28:00,923 54 INFO bench werkzeug: 127.0.0.1 - - [08/Oct/2026 05:28:00] "POST /json/2/product.product/read HTTP/1.1" 200 - 5 0.002 0.007
2026-10-08 05:28:00,944 54 INFO bench werkzeug: 127.0.0.1 - - [08/Oct/2026 05:28:00] "POST /json/2/stock.quant/search HTTP/1.1" 200 - 3 0.001 0.005
2026-10-08 05:28:00,975 54 INFO bench werkzeug: 127.0.0.1 - - [08/Oct/2026 05:28:00] "POST /json/2/stock.quant/create HTTP/1.1" 200 - 11 0.004 0.013
2026-10-08 05:28:01,035 54 INFO bench werkzeug: 127.0.0.1 - - [08/Oct/2026 05:28:01] "POST /json/2/stock.quant/action_apply_inventory HTTP/1.1" 200 - 36 0.015 0.032
2026-10-08 05:28:01,058 54 INFO bench werkzeug: 127.0.0.1 - - [08/Oct/2026 05:28:01] "POST /json/2/product.product/read HTTP/1.1" 200 - 5 0.003 0.007
2026-10-08 05:28:01,079 54 INFO bench werkzeug: 127.0.0.1 - - [08/Oct/2026 05:28:01] "POST /json/2/stock.quant/search HTTP/1.1" 200 - 3 0.001 0.005
2026-10-08 05:28:01,115 54 INFO bench werkzeug: 127.0.0.1 - - [08/Oct/2026 05:28:01] "POST /json/2/stock.quant/create HTTP/1.1" 200 - 11 0.005 0.014
2026-10-08 05:28:01,178 54 INFO bench werkzeug: 127.0.0.1 - - [08/Oct/2026 05:28:01] "POST /json/2/stock.quant/action_apply_inventory HTTP/1.1" 200 - 36 0.015 0.034
2026-10-08 05:28:01,201 54 INFO bench werkzeug: 127.0.0.1 - - [08/Oct/2026 05:28:01] "POST /json/2/product.product/read HTTP/1.1" 200 - 5 0.003 0.007
2026-10-08 05:28:01,221 54 INFO bench werkzeug: 127.0.0.1 - - [08/Oct/2026 05:28:01] "POST /json/2/stock.quant/search HTTP/1.1" 200 - 3 0.001 0.005
2026-10-08 05:28:01,250 54 INFO bench werkzeug: 127.0.0.1 - - [08/Oct/2026 05:28:01] "POST /json/2/stock.quant/create HTTP/1.1" 200 - 11 0.004 0.012
2026-10-08 05:28:01,310 54 INFO bench werkzeug: 127.0.0.1 - - [08/Oct/2026 05:28:01] "POST /json/2/stock.quant/action_apply_inventory HTTP/1.1" 200 - 36 0.015 0.032
2026-10-08 05:28:01,339 54 INFO bench werkzeug: 127.0.0.1 - - [08/Oct/2026 05:28:01] "POST /json/2/product.product/read HTTP/1.1" 200 - 5 0.002 0.006
2026-10-08 05:28:01,358 54 INFO bench werkzeug: 127.0.0.1 - - [08/Oct/2026 05:28:01] "POST /json/2/stock.quant/search HTTP/1.1" 200 - 3 0.001 0.005
2026-10-08 05:28:01,392 54 INFO bench werkzeug: 127.0.0.1 - - [08/Oct/2026 05:28:01] "POST /json/2/stock.quant/create HTTP/1.1" 200 - 11 0.004 0.015
2026-10-08 05:28:01,455 54 INFO bench werkzeug: 127.0.0.1 - - [08/Oct/2026 05:28:01] "POST /json/2/stock.quant/action_apply_inventory HTTP/1.1" 200 - 36 0.014 0.035
2026-10-08 05:28:01,477 54 INFO bench werkzeug: 127.0.0.1 - - [08/Oct/2026 05:28:01] "POST /json/2/product.product/read HTTP/1.1" 200 - 5 0.002 0.007
2026-10-08 05:28:01,497 54 INFO bench werkzeug: 127.0.0.1 - - [08/Oct/2026 05:28:01] "POST /json/2/stock.quant/search HTTP/1.1" 200 - 3 0.001 0.005
2026-10-08 05:28:01,530 54 INFO bench werkzeug: 127.0.0.1 - - [08/Oct/2026 05:28:01] "POST /json/2/stock.quant/create HTTP/1.1" 200 - 11 0.005 0.014
2026-10-08 05:28:01,595 54 INFO bench werkzeug: 127.0.0.1 - - [08/Oct/2026 05:28:01] "POST /json/2/stock.quant/action_apply_inventory HTTP/1.1" 200 - 36 0.016 0.034
2026-10-08 05:28:01,621 54 INFO bench werkzeug: 127.0.0.1 - - [08/Oct/2026 05:28:01] "POST /json/2/product.product/read HTTP/1.1" 200 - 5 0.002 0.008
2026-10-08 05:28:01,646 54 INFO bench werkzeug: 127.0.0.1 - - [08/Oct/2026 05:28:01] "POST /json/2/stock.quant/search HTTP/1.1" 200 - 3 0.002 0.006
2026-10-08 05:28:01,679 54 INFO bench werkzeug: 127.0.0.1 - - [08/Oct/2026 05:28:01] "POST /json/2/stock.quant/create HTTP/1.1" 200 - 11 0.004 0.015
2026-10-08 05:28:01,739 54 INFO bench werkzeug: 127.0.0.1 - - [08/Oct/2026 05:28:01] "POST /json/2/stock.quant/action_apply_inventory HTTP/1.1" 200 - 36 0.015 0.031
2026-10-08 05:28:01,762 54 INFO bench werkzeug: 127.0.0.1 - - [08/Oct/2026 05:28:01] "POST /json/2/product.product/read HTTP/1.1" 200 - 5 0.002 0.007
2026-10-08 05:28:01,788 54 INFO bench werkzeug: 127.0.0.1 - - [08/Oct/2026 05:28:01] "POST /json/2/stock.quant/search HTTP/1.1" 200 - 3 0.001 0.005
2026-10-08 05:28:01,820 54 INFO bench werkzeug: 127.0.0.1 - - [08/Oct/2026 05:28:01] "POST /json/2/stock.quant/create HTTP/1.1" 200 - 11 0.004 0.014
2026-10-08 05:28:01,875 54 INFO bench werkzeug: 127.0.0.1 - - [08/Oct/2026 05:28:01] "POST /json/2/stock.quant/action_apply_inventory HTTP/1.1" 200 - 36 0.013 0.029
2026-10-08 05:28:01,898 54 INFO bench werkzeug: 127.0.0.1 - - [08/Oct/2026 05:28:01] "POST /json/2/product.product/read HTTP/1.1" 200 - 5 0.002 0.007
2026-10-08 05:28:01,918 54 INFO bench werkzeug: 127.0.0.1 - - [08/Oct/2026 05:28:01] "POST /json/2/stock.quant/search HTTP/1.1" 200 - 3 0.001 0.005
2026-10-08 05:28:01,950 54 INFO bench werkzeug: 127.0.0.1 - - [08/Oct/2026 05:28:01] "POST /json/2/stock.quant/create HTTP/1.1" 200 - 11 0.004 0.014
2026-10-08 05:28:02,005 54 INFO bench werkzeug: 127.0.0.1 - - [08/Oct/2026 05:28:02] "POST /json/2/stock.quant/action_apply_inventory HTTP/1.1" 200 - 36 0.013 0.028
2026-10-08 05:28:02,029 54 INFO bench werkzeug: 127.0.0.1 - - [08/Oct/2026 05:28:02] "POST /json/2/product.product/read HTTP/1.1" 200 - 5 0.002 0.007
2026-10-08 05:28:02,049 54 INFO bench werkzeug: 127.0.0.1 - - [08/Oct/2026 05:28:02] "POST /json/2/stock.quant/search HTTP/1.1" 200 - 3 0.001 0.005
2026-10-08 05:28:02,083 54 INFO bench werkzeug: 127.0.0.1 - - [08/Oct/2026 05:28:02] "POST /json/2/stock.quant/create HTTP/1.1" 200 - 11 0.005 0.014
2026-10-08 05:28:02,143 54 INFO bench werkzeug: 127.0.0.1 - - [08/Oct/2026 05:28:02] "POST /json/2/stock.quant/action_apply_inventory HTTP/1.1" 200 - 36 0.014 0.031
2026-10-08 05:28:02,166 54 INFO bench werkzeug: 127.0.0.1 - - [08/Oct/2026 05:28:02] "POST /json/2/product.product/read HTTP/1.1" 200 - 5 0.003 0.007
2026-10-08 05:28:02,187 54 INFO bench werkzeug: 127.0.0.1 - - [08/Oct/2026 05:28:02] "POST /json/2/stock.quant/search HTTP/1.1" 200 - 3 0.001 0.005
2026-10-08 05:28:02,226 54 INFO bench werkzeug: 127.0.0.1 - - [08/Oct/2026 05:28:02] "POST /json/2/stock.quant/create HTTP/1.1" 200 - 11 0.005 0.015
2026-10-08 05:28:02,282 54 INFO bench werkzeug: 127.0.0.1 - - [08/Oct/2026 05:28:02] "POST /json/2/stock.quant/action_apply_inventory HTTP/1.1" 200 - 36 0.013 0.029
2026-10-08 05:28:02,304 54 INFO bench werkzeug: 127.0.0.1 - - [08/Oct/2026 05:28:02] "POST /json/2/product.product/read HTTP/1.1" 200 - 5 0.002 0.007
2026-10-08 05:28:02,325 54 INFO bench werkzeug: 127.0.0.1 - - [08/Oct/2026 05:28:02] "POST /json/2/stock.quant/search HTTP/1.1" 200 - 3 0.001 0.005
2026-10-08 05:28:02,357 54 INFO bench werkzeug: 127.0.0.1 - - [08/Oct/2026 05:28:02] "POST /json/2/stock.quant/create HTTP/1.1" 200 - 11 0.004 0.013
2026-10-08 05:28:02,413 54 INFO bench werkzeug: 127.0.0.1 - - [08/Oct/2026 05:28:02] "POST /json/2/stock.quant/action_apply_inventory HTTP/1.1" 200 - 36 0.013 0.030
2026-10-08 05:28:02,435 54 INFO bench werkzeug: 127.0.0.1 - - [08/Oct/2026 05:28:02] "POST /json/2/product.product/read HTTP/1.1" 200 - 5 0.002 0.006
2026-10-08 05:28:02,455 54 INFO bench werkzeug: 127.0.0.1 - - [08/Oct/2026 05:28:02] "POST /json/2/stock.quant/search HTTP/1.1" 200 - 3 0.001 0.005
2026-10-08 05:28:02,486 54 INFO bench werkzeug: 127.0.0.1 - - [08/Oct/2026 05:28:02] "POST /json/2/stock.quant/create HTTP/1.1" 200 - 11 0.004 0.013
2026-10-08 05:28:02,541 54 INFO bench werkzeug: 127.0.0.1 - - [08/Oct/2026 05:28:02] "POST /json/2/stock.quant/action_apply_inventory HTTP/1.1" 200 - 36 0.013 0.028
2026-10-08 05:28:02,564 54 INFO bench werkzeug: 127.0.0.1 - - [08/Oct/2026 05:28:02] "POST /json/2/product.product/read HTTP/1.1" 200 - 5 0.002 0.007
2026-10-08 05:28:02,583 54 INFO bench werkzeug: 127.0.0.1 - - [08/Oct/2026 05:28:02] "POST /json/2/stock.quant/search HTTP/1.1" 200 - 3 0.001 0.005
2026-10-08 05:28:02,613 54 INFO bench werkzeug: 127.0.0.1 - - [08/Oct/2026 05:28:02] "POST /json/2/stock.quant/create HTTP/1.1" 200 - 11 0.004 0.013
2026-10-08 05:28:02,677 54 INFO bench werkzeug: 127.0.0.1 - - [08/Oct/2026 05:28:02] "POST /json/2/stock.quant/action_apply_inventory HTTP/1.1" 200 - 36 0.013 0.030
2026-10-08 05:28:02,701 54 INFO bench werkzeug: 127.0.0.1 - - [08/Oct/2026 05:28:02] "POST /json/2/product.product/read HTTP/1.1" 200 - 5 0.002 0.007
2026-10-08 05:28:02,720 54 INFO bench werkzeug: 127.0.0.1 - - [08/Oct/2026 05:28:02] "POST /json/2/stock.quant/search HTTP/1.1" 200 - 3 0.002 0.005
2026-10-08 05:28:02,750 54 INFO bench werkzeug: 127.0.0.1 - - [08/Oct/2026 05:28:02] "POST /json/2/stock.quant/create HTTP/1.1" 200 - 11 0.004 0.013
2026-10-08 05:28:02,810 54 INFO bench werkzeug: 127.0.0.1 - - [08/Oct/2026 05:28:02] "POST /json/2/stock.quant/action_apply_inventory HTTP/1.1" 200 - 36 0.014 0.032
2026-10-08 05:28:02,832 54 INFO bench werkzeug: 127.0.0.1 - - [08/Oct/2026 05:28:02] "POST /json/2/product.product/read HTTP/1.1" 200 - 5 0.002 0.006
2026-10-08 05:28:02,853 54 INFO bench werkzeug: 127.0.0.1 - - [08/Oct/2026 05:28:02] "POST /json/2/stock.quant/search HTTP/1.1" 200 - 3 0.001 0.005
2026-10-08 05:28:02,884 54 INFO bench werkzeug: 127.0.0.1 - - [08/Oct/2026 05:28:02] "POST /json/2/stock.quant/create HTTP/1.1" 200 - 11 0.005 0.013
2026-10-08 05:28:02,943 54 INFO bench werkzeug: 127.0.0.1 - - [08/Oct/2026 05:28:02] "POST /json/2/stock.quant/action_apply_inventory HTTP/1.1" 200 - 36 0.015 0.030
2026-10-08 05:28:02,967 54 INFO bench werkzeug: 127.0.0.1 - - [08/Oct/2026 05:28:02] "POST /json/2/product.product/read HTTP/1.1" 200 - 5 0.003 0.007
2026-10-08 05:28:02,987 54 INFO bench werkzeug: 127.0.0.1 - - [08/Oct/2026 05:28:02] "POST /json/2/stock.quant/search HTTP/1.1" 200 - 3 0.001 0.005
2026-10-08 05:28:03,020 54 INFO bench werkzeug: 127.0.0.1 - - [08/Oct/2026 05:28:03] "POST /json/2/stock.quant/create HTTP/1.1" 200 - 11 0.004 0.013
2026-10-08 05:28:03,077 54 INFO bench werkzeug: 127.0.0.1 - - [08/Oct/2026 05:28:03] "POST /json/2/stock.quant/action_apply_inventory HTTP/1.1" 200 - 36 0.015 0.030
2026-10-08 05:28:03,107 54 INFO bench werkzeug: 127.0.0.1 - - [08/Oct/2026 05:28:03] "POST /json/2/product.product/read HTTP/1.1" 200 - 5 0.002 0.007
2026-10-08 05:28:03,127 54 INFO bench werkzeug: 127.0.0.1 - - [08/Oct/2026 05:28:03] "POST /json/2/stock.quant/search HTTP/1.1" 200 - 3 0.001 0.005
2026-10-08 05:28:03,159 54 INFO bench werkzeug: 127.0.0.1 - - [08/Oct/2026 05:28:03] "POST /json/2/stock.quant/create HTTP/1.1" 200 - 11 0.004 0.014
2026-10-08 05:28:03,220 54 INFO bench werkzeug: 127.0.0.1 - - [08/Oct/2026 05:28:03] "POST /json/2/stock.quant/action_apply_inventory HTTP/1.1" 200 - 36 0.015 0.031
2026-10-08 05:28:03,243 54 INFO bench werkzeug: 127.0.0.1 - - [08/Oct/2026 05:28:03] "POST /json/2/product.product/read HTTP/1.1" 200 - 5 0.002 0.007
2026-10-08 05:28:03,263 54 INFO bench werkzeug: 127.0.0.1 - - [08/Oct/2026 05:28:03] "POST /json/2/stock.quant/search HTTP/1.1" 200 - 3 0.001 0.005
2026-10-08 05:28:03,293 54 INFO bench werkzeug: 127.0.0.1 - - [08/Oct/2026 05:28:03] "POST /json/2/stock.quant/create HTTP/1.1" 200 - 11 0.004 0.013
2026-10-08 05:28:03,355 54 INFO bench werkzeug: 127.0.0.1 - - [08/Oct/2026 05:28:03] "POST /json/2/stock.quant/action_apply_inventory HTTP/1.1" 200 - 36 0.014 0.033
2026-10-08 05:28:03,377 54 INFO bench werkzeug: 127.0.0.1 - - [08/Oct/2026 05:28:03] "POST /json/2/product.product/read HTTP/1.1" 200 - 5 0.002 0.006
2026-10-08 05:28:03,396 54 INFO bench werkzeug: 127.0.0.1 - - [08/Oct/2026 05:28:03] "POST /json/2/stock.quant/search HTTP/1.1" 200 - 3 0.001 0.005
2026-10-08 05:28:03,427 54 INFO bench werkzeug: 127.0.0.1 - - [08/Oct/2026 05:28:03] "POST /json/2/stock.quant/create HTTP/1.1" 200 - 11 0.004 0.013
2026-10-08 05:28:03,484 54 INFO bench werkzeug: 127.0.0.1 - - [08/Oct/2026 05:28:03] "POST /json/2/stock.quant/action_apply_inventory HTTP/1.1" 200 - 36 0.014 0.029
2026-10-08 05:28:03,506 54 INFO bench werkzeug: 127.0.0.1 - - [08/Oct/2026 05:28:03] "POST /json/2/product.product/read HTTP/1.1" 200 - 5 0.002 0.006
2026-10-08 05:28:03,533 54 INFO bench werkzeug: 127.0.0.1 - - [08/Oct/2026 05:28:03] "POST /json/2/stock.quant/search HTTP/1.1" 200 - 3 0.001 0.005
2026-10-08 05:28:03,564 54 INFO bench werkzeug: 127.0.0.1 - - [08/Oct/2026 05:28:03] "POST /json/2/stock.quant/create HTTP/1.1" 200 - 11 0.004 0.012
2026-10-08 05:28:03,622 54 INFO bench werkzeug: 127.0.0.1 - - [08/Oct/2026 05:28:03] "POST /json/2/stock.quant/action_apply_inventory HTTP/1.1" 200 - 36 0.014 0.030
2026-10-08 05:28:03,643 54 INFO bench werkzeug: 127.0.0.1 - - [08/Oct/2026 05:28:03] "POST /json/2/product.product/read HTTP/1.1" 200 - 5 0.002 0.007
2026-10-08 05:28:03,665 54 INFO bench werkzeug: 127.0.0.1 - - [08/Oct/2026 05:28:03] "POST /json/2/stock.quant/search HTTP/1.1" 200 - 3 0.002 0.005
2026-10-08 05:28:03,697 54 INFO bench werkzeug: 127.0.0.1 - - [08/Oct/2026 05:28:03] "POST /json/2/stock.quant/create HTTP/1.1" 200 - 11 0.004 0.014
2026-10-08 05:28:03,759 54 INFO bench werkzeug: 127.0.0.1 - - [08/Oct/2026 05:28:03] "POST /json/2/stock.quant/action_apply_inventory HTTP/1.1" 200 - 36 0.016 0.030
2026-10-08 05:28:03,782 54 INFO bench werkzeug: 127.0.0.1 - - [08/Oct/2026 05:28:03] "POST /json/2/product.product/read HTTP/1.1" 200 - 5 0.002 0.007
2026-10-08 05:28:03,803 54 INFO bench werkzeug: 127.0.0.1 - - [08/Oct/2026 05:28:03] "POST /json/2/stock.quant/search HTTP/1.1" 200 - 3 0.001 0.005
2026-10-08 05:28:03,835 54 INFO bench werkzeug: 127.0.0.1 - - [08/Oct/2026 05:28:03] "POST /json/2/stock.quant/create HTTP/1.1" 200 - 11 0.005 0.014
2026-10-08 05:28:03,896 54 INFO bench werkzeug: 127.0.0.1 - - [08/Oct/2026 05:28:03] "POST /json/2/stock.quant/action_apply_inventory HTTP/1.1" 200 - 36 0.015 0.031
2026-10-08 05:28:03,919 54 INFO bench werkzeug: 127.0.0.1 - - [08/Oct/2026 05:28:03] "POST /json/2/product.product/read HTTP/1.1" 200 - 5 0.002 0.007
2026-10-08 05:28:03,939 54 INFO bench werkzeug: 127.0.0.1 - - [08/Oct/2026 05:28:03] "POST /json/2/stock.quant/search HTTP/1.1" 200 - 3 0.001 0.005
2026-10-08 05:28:03,978 54 INFO bench werkzeug: 127.0.0.1 - - [08/Oct/2026 05:28:03] "POST /json/2/stock.quant/create HTTP/1.1" 200 - 11 0.004 0.014
2026-10-08 05:28:04,036 54 INFO bench werkzeug: 127.0.0.1 - - [08/Oct/2026 05:28:04] "POST /json/2/stock.quant/action_apply_inventory HTTP/1.1" 200 - 36 0.014 0.030
2026-10-08 05:28:04,058 54 INFO bench werkzeug: 127.0.0.1 - - [08/Oct/2026 05:28:04] "POST /json/2/product.product/read HTTP/1.1" 200 - 5 0.002 0.007
2026-10-08 05:28:04,079 54 INFO bench werkzeug: 127.0.0.1 - - [08/Oct/2026 05:28:04] "POST /json/2/stock.quant/search HTTP/1.1" 200 - 3 0.001 0.005
2026-10-08 05:28:04,110 54 INFO bench werkzeug: 127.0.0.1 - - [08/Oct/2026 05:28:04] "POST /json/2/stock.quant/create HTTP/1.1" 200 - 11 0.004 0.014
2026-10-08 05:28:04,166 54 INFO bench werkzeug: 127.0.0.1 - - [08/Oct/2026 05:28:04] "POST /json/2/stock.quant/action_apply_inventory HTTP/1.1" 200 - 36 0.014 0.029
2026-10-08 05:28:04,192 54 INFO bench werkzeug: 127.0.0.1 - - [08/Oct/2026 05:28:04] "POST /json/2/product.product/read HTTP/1.1" 200 - 5 0.002 0.007
2026-10-08 05:28:04,213 54 INFO bench werkzeug: 127.0.0.1 - - [08/Oct/2026 05:28:04] "POST /json/2/stock.quant/search HTTP/1.1" 200 - 3 0.001 0.005
2026-10-08 05:28:04,246 54 INFO bench werkzeug: 127.0.0.1 - - [08/Oct/2026 05:28:04] "POST /json/2/stock.quant/create HTTP/1.1" 200 - 11 0.004 0.015
2026-10-08 05:28:04,317 54 INFO bench werkzeug: 127.0.0.1 - - [08/Oct/2026 05:28:04] "POST /json/2/stock.quant/action_apply_inventory HTTP/1.1" 200 - 36 0.017 0.039
2026-10-08 05:28:04,342 54 INFO bench werkzeug: 127.0.0.1 - - [08/Oct/2026 05:28:04] "POST /json/2/product.product/read HTTP/1.1" 200 - 5 0.003 0.008
2026-10-08 05:28:04,365 54 INFO bench werkzeug: 127.0.0.1 - - [08/Oct/2026 05:28:04] "POST /json/2/stock.quant/search HTTP/1.1" 200 - 3 0.002 0.006
2026-10-08 05:28:04,401 54 INFO bench werkzeug: 127.0.0.1 - - [08/Oct/2026 05:28:04] "POST /json/2/stock.quant/create HTTP/1.1" 200 - 11 0.004 0.015
2026-10-08 05:28:04,479 54 INFO bench werkzeug: 127.0.0.1 - - [08/Oct/2026 05:28:04] "POST /json/2/stock.quant/action_apply_inventory HTTP/1.1" 200 - 36 0.016 0.038
2026-10-08 05:28:04,505 54 INFO bench werkzeug: 127.0.0.1 - - [08/Oct/2026 05:28:04] "POST /json/2/product.product/read HTTP/1.1" 200 - 5 0.002 0.007
2026-10-08 05:28:04,525 54 INFO bench werkzeug: 127.0.0.1 - - [08/Oct/2026 05:28:04] "POST /json/2/stock.quant/search HTTP/1.1" 200 - 3 0.001 0.005
2026-10-08 05:28:04,560 54 INFO bench werkzeug: 127.0.0.1 - - [08/Oct/2026 05:28:04] "POST /json/2/stock.quant/create HTTP/1.1" 200 - 11 0.005 0.016
2026-10-08 05:28:04,622 54 INFO bench werkzeug: 127.0.0.1 - - [08/Oct/2026 05:28:04] "POST /json/2/stock.quant/action_apply_inventory HTTP/1.1" 200 - 36 0.015 0.032
2026-10-08 05:28:04,647 54 INFO bench werkzeug: 127.0.0.1 - - [08/Oct/2026 05:28:04] "POST /json/2/product.product/read HTTP/1.1" 200 - 5 0.002 0.008
2026-10-08 05:28:04,668 54 INFO bench werkzeug: 127.0.0.1 - - [08/Oct/2026 05:28:04] "POST /json/2/stock.quant/search HTTP/1.1" 200 - 3 0.002 0.005
2026-10-08 05:28:04,702 54 INFO bench werkzeug: 127.0.0.1 - - [08/Oct/2026 05:28:04] "POST /json/2/stock.quant/create HTTP/1.1" 200 - 11 0.004 0.014
2026-10-08 05:28:04,769 54 INFO bench werkzeug: 127.0.0.1 - - [08/Oct/2026 05:28:04] "POST /json/2/stock.quant/action_apply_inventory HTTP/1.1" 200 - 36 0.016 0.036
2026-10-08 05:28:04,794 54 INFO bench werkzeug: 127.0.0.1 - - [08/Oct/2026 05:28:04] "POST /json/2/product.product/read HTTP/1.1" 200 - 5 0.002 0.007
2026-10-08 05:28:04,815 54 INFO bench werkzeug: 127.0.0.1 - - [08/Oct/2026 05:28:04] "POST /json/2/stock.quant/search HTTP/1.1" 200 - 3 0.002 0.006
2026-10-08 05:28:04,850 54 INFO bench werkzeug: 127.0.0.1 - - [08/Oct/2026 05:28:04] "POST /json/2/stock.quant/create HTTP/1.1" 200 - 11 0.004 0.015
2026-10-08 05:28:04,914 54 INFO bench werkzeug: 127.0.0.1 - - [08/Oct/2026 05:28:04] "POST /json/2/stock.quant/action_apply_inventory HTTP/1.1" 200 - 36 0.016 0.033
2026-10-08 05:28:04,947 54 INFO bench werkzeug: 127.0.0.1 - - [08/Oct/2026 05:28:04] "POST /json/2/product.product/read HTTP/1.1" 200 - 5 0.002 0.007
2026-10-08 05:28:04,970 54 INFO bench werkzeug: 127.0.0.1 - - [08/Oct/2026 05:28:04] "POST /json/2/stock.quant/search HTTP/1.1" 200 - 3 0.001 0.005
2026-10-08 05:28:05,005 54 INFO bench werkzeug: 127.0.0.1 - - [08/Oct/2026 05:28:05] "POST /json/2/stock.quant/create HTTP/1.1" 200 - 11 0.005 0.015
2026-10-08 05:28:05,070 54 INFO bench werkzeug: 127.0.0.1 - - [08/Oct/2026 05:28:05] "POST /json/2/stock.quant/action_apply_inventory HTTP/1.1" 200 - 36 0.015 0.034
2026-10-08 05:28:05,095 54 INFO bench werkzeug: 127.0.0.1 - - [08/Oct/2026 05:28:05] "POST /json/2/product.product/read HTTP/1.1" 200 - 5 0.003 0.007
2026-10-08 05:28:05,118 54 INFO bench werkzeug: 127.0.0.1 - - [08/Oct/2026 05:28:05] "POST /json/2/stock.quant/search HTTP/1.1" 200 - 3 0.001 0.005
2026-10-08 05:28:05,153 54 INFO bench werkzeug: 127.0.0.1 - - [08/Oct/2026 05:28:05] "POST /json/2/stock.quant/create HTTP/1.1" 200 - 11 0.005 0.016
2026-10-08 05:28:05,216 54 INFO bench werkzeug: 127.0.0.1 - - [08/Oct/2026 05:28:05] "POST /json/2/stock.quant/action_apply_inventory HTTP/1.1" 200 - 36 0.015 0.033
2026-10-08 05:28:05,242 54 INFO bench werkzeug: 127.0.0.1 - - [08/Oct/2026 05:28:05] "POST /json/2/product.product/read HTTP/1.1" 200 - 5 0.002 0.007
2026-10-08 05:28:05,263 54 INFO bench werkzeug: 127.0.0.1 - - [08/Oct/2026 05:28:05] "POST /json/2/stock.quant/search HTTP/1.1" 200 - 3 0.001 0.005
2026-10-08 05:28:05,302 54 INFO bench werkzeug: 127.0.0.1 - - [08/Oct/2026 05:28:05] "POST /json/2/stock.quant/create HTTP/1.1" 200 - 11 0.006 0.015
2026-10-08 05:28:05,361 54 INFO bench werkzeug: 127.0.0.1 - - [08/Oct/2026 05:28:05] "POST /json/2/stock.quant/action_apply_inventory HTTP/1.1" 200 - 36 0.014 0.031
2026-10-08 05:28:05,385 54 INFO bench werkzeug: 127.0.0.1 - - [08/Oct/2026 05:28:05] "POST /json/2/product.product/read HTTP/1.1" 200 - 5 0.003 0.008
2026-10-08 05:28:05,419 54 INFO bench werkzeug: 127.0.0.1 - - [08/Oct/2026 05:28:05] "POST /json/2/stock.quant/search HTTP/1.1" 200 - 3 0.002 0.006
2026-10-08 05:28:05,454 54 INFO bench werkzeug: 127.0.0.1 - - [08/Oct/2026 05:28:05] "POST /json/2/stock.quant/create HTTP/1.1" 200 - 11 0.005 0.015
2026-10-08 05:28:05,519 54 INFO bench werkzeug: 127.0.0.1 - - [08/Oct/2026 05:28:05] "POST /json/2/stock.quant/action_apply_inventory HTTP/1.1" 200 - 36 0.016 0.034
2026-10-08 05:28:05,545 54 INFO bench werkzeug: 127.0.0.1 - - [08/Oct/2026 05:28:05] "POST /json/2/product.product/read HTTP/1.1" 200 - 5 0.002 0.007
2026-10-08 05:28:05,569 54 INFO bench werkzeug: 127.0.0.1 - - [08/Oct/2026 05:28:05] "POST /json/2/stock.quant/search HTTP/1.1" 200 - 3 0.001 0.006
2026-10-08 05:28:05,603 54 INFO bench werkzeug: 127.0.0.1 - - [08/Oct/2026 05:28:05] "POST /json/2/stock.quant/create HTTP/1.1" 200 - 11 0.005 0.014
2026-10-08 05:28:05,670 54 INFO bench werkzeug: 127.0.0.1 - - [08/Oct/2026 05:28:05] "POST /json/2/stock.quant/action_apply_inventory HTTP/1.1" 200 - 36 0.016 0.035
2026-10-08 05:28:05,695 54 INFO bench werkzeug: 127.0.0.1 - - [08/Oct/2026 05:28:05] "POST /json/2/product.product/read HTTP/1.1" 200 - 5 0.002 0.007
2026-10-08 05:28:05,718 54 INFO bench werkzeug: 127.0.0.1 - - [08/Oct/2026 05:28:05] "POST /json/2/stock.quant/search HTTP/1.1" 200 - 3 0.002 0.006
2026-10-08 05:28:05,754 54 INFO bench werkzeug: 127.0.0.1 - - [08/Oct/2026 05:28:05] "POST /json/2/stock.quant/create HTTP/1.1" 200 - 11 0.005 0.016
2026-10-08 05:28:05,827 54 INFO bench werkzeug: 127.0.0.1 - - [08/Oct/2026 05:28:05] "POST /json/2/stock.quant/action_apply_inventory HTTP/1.1" 200 - 36 0.018 0.039
2026-10-08 05:28:05,856 54 INFO bench werkzeug: 127.0.0.1 - - [08/Oct/2026 05:28:05] "POST /json/2/product.product/read HTTP/1.1" 200 - 5 0.003 0.009
2026-10-08 05:28:05,881 54 INFO bench werkzeug: 127.0.0.1 - - [08/Oct/2026 05:28:05] "POST /json/2/stock.quant/search HTTP/1.1" 200 - 3 0.002 0.006
2026-10-08 05:28:05,931 54 INFO bench werkzeug: 127.0.0.1 - - [08/Oct/2026 05:28:05] "POST /json/2/stock.quant/create HTTP/1.1" 200 - 11 0.005 0.015
2026-10-08 05:28:06,010 54 INFO bench werkzeug: 127.0.0.1 - - [08/Oct/2026 05:28:06] "POST /json/2/stock.quant/action_apply_inventory HTTP/1.1" 200 - 36 0.015 0.048
2026-10-08 05:28:06,033 54 INFO bench werkzeug: 127.0.0.1 - - [08/Oct/2026 05:28:06] "POST /json/2/product.product/read HTTP/1.1" 200 - 5 0.002 0.007
2026-10-08 05:28:06,056 54 INFO bench werkzeug: 127.0.0.1 - - [08/Oct/2026 05:28:06] "POST /json/2/stock.quant/search HTTP/1.1" 200 - 3 0.001 0.005
2026-10-08 05:28:06,089 54 INFO bench werkzeug: 127.0.0.1 - - [08/Oct/2026 05:28:06] "POST /json/2/stock.quant/create HTTP/1.1" 200 - 11 0.004 0.014
2026-10-08 05:28:06,158 54 INFO bench werkzeug: 127.0.0.1 - - [08/Oct/2026 05:28:06] "POST /json/2/stock.quant/action_apply_inventory HTTP/1.1" 200 - 36 0.016 0.037
2026-10-08 05:28:06,181 54 INFO bench werkzeug: 127.0.0.1 - - [08/Oct/2026 05:28:06] "POST /json/2/product.product/read HTTP/1.1" 200 - 5 0.002 0.007
2026-10-08 05:28:06,203 54 INFO bench werkzeug: 127.0.0.1 - - [08/Oct/2026 05:28:06] "POST /json/2/stock.quant/search HTTP/1.1" 200 - 3 0.001 0.005
2026-10-08 05:28:06,237 54 INFO bench werkzeug: 127.0.0.1 - - [08/Oct/2026 05:28:06] "POST /json/2/stock.quant/create HTTP/1.1" 200 - 11 0.005 0.016
2026-10-08 05:28:06,299 54 INFO bench werkzeug: 127.0.0.1 - - [08/Oct/2026 05:28:06] "POST /json/2/stock.quant/action_apply_inventory HTTP/1.1" 200 - 36 0.015 0.033
2026-10-08 05:28:06,326 54 INFO bench werkzeug: 127.0.0.1 - - [08/Oct/2026 05:28:06] "POST /json/2/product.product/read HTTP/1.1" 200 - 5 0.003 0.008
2026-10-08 05:28:06,347 54 INFO bench werkzeug: 127.0.0.1 - - [08/Oct/2026 05:28:06] "POST /json/2/stock.quant/search HTTP/1.1" 200 - 3 0.002 0.006
2026-10-08 05:28:06,383 54 INFO bench werkzeug: 127.0.0.1 - - [08/Oct/2026 05:28:06] "POST /json/2/stock.quant/create HTTP/1.1" 200 - 11 0.005 0.014
2026-10-08 05:28:06,459 54 INFO bench werkzeug: 127.0.0.1 - - [08/Oct/2026 05:28:06] "POST /json/2/stock.quant/action_apply_inventory HTTP/1.1" 200 - 36 0.017 0.037
2026-10-08 05:28:06,485 54 INFO bench werkzeug: 127.0.0.1 - - [08/Oct/2026 05:28:06] "POST /json/2/product.product/read HTTP/1.1" 200 - 5 0.003 0.007
2026-10-08 05:28:06,507 54 INFO bench werkzeug: 127.0.0.1 - - [08/Oct/2026 05:28:06] "POST /json/2/stock.quant/search HTTP/1.1" 200 - 3 0.001 0.005
2026-10-08 05:28:06,542 54 INFO bench werkzeug: 127.0.0.1 - - [08/Oct/2026 05:28:06] "POST /json/2/stock.quant/create HTTP/1.1" 200 - 11 0.004 0.014
2026-10-08 05:28:06,606 54 INFO bench werkzeug: 127.0.0.1 - - [08/Oct/2026 05:28:06] "POST /json/2/stock.quant/action_apply_inventory HTTP/1.1" 200 - 36 0.017 0.032
2026-10-08 05:28:06,634 54 INFO bench werkzeug: 127.0.0.1 - - [08/Oct/2026 05:28:06] "POST /json/2/product.product/read HTTP/1.1" 200 - 5 0.003 0.008
2026-10-08 05:28:06,657 54 INFO bench werkzeug: 127.0.0.1 - - [08/Oct/2026 05:28:06] "POST /json/2/stock.quant/search HTTP/1.1" 200 - 3 0.002 0.005
2026-10-08 05:28:06,692 54 INFO bench werkzeug: 127.0.0.1 - - [08/Oct/2026 05:28:06] "POST /json/2/stock.quant/create HTTP/1.1" 200 - 11 0.005 0.016
2026-10-08 05:28:06,758 54 INFO bench werkzeug: 127.0.0.1 - - [08/Oct/2026 05:28:06] "POST /json/2/stock.quant/action_apply_inventory HTTP/1.1" 200 - 36 0.016 0.036
2026-10-08 05:28:06,785 54 INFO bench werkzeug: 127.0.0.1 - - [08/Oct/2026 05:28:06] "POST /json/2/product.product/read HTTP/1.1" 200 - 5 0.002 0.008
2026-10-08 05:28:06,807 54 INFO bench werkzeug: 127.0.0.1 - - [08/Oct/2026 05:28:06] "POST /json/2/stock.quant/search HTTP/1.1" 200 - 3 0.002 0.005
2026-10-08 05:28:06,842 54 INFO bench werkzeug: 127.0.0.1 - - [08/Oct/2026 05:28:06] "POST /json/2/stock.quant/create HTTP/1.1" 200 - 11 0.005 0.015
2026-10-08 05:28:06,905 54 INFO bench werkzeug: 127.0.0.1 - - [08/Oct/2026 05:28:06] "POST /json/2/stock.quant/action_apply_inventory HTTP/1.1" 200 - 36 0.016 0.032
2026-10-08 05:28:06,936 54 INFO bench werkzeug: 127.0.0.1 - - [08/Oct/2026 05:28:06] "POST /json/2/product.product/read HTTP/1.1" 200 - 5 0.003 0.007
2026-10-08 05:28:06,959 54 INFO bench werkzeug: 127.0.0.1 - - [08/Oct/2026 05:28:06] "POST /json/2/stock.quant/search HTTP/1.1" 200 - 3 0.002 0.005
2026-10-08 05:28:06,991 54 INFO bench werkzeug: 127.0.0.1 - - [08/Oct/2026 05:28:06] "POST /json/2/stock.quant/create HTTP/1.1" 200 - 11 0.004 0.015
2026-10-08 05:28:07,054 54 INFO bench werkzeug: 127.0.0.1 - - [08/Oct/2026 05:28:07] "POST /json/2/stock.quant/action_apply_inventory HTTP/1.1" 200 - 36 0.016 0.033
2026-10-08 05:28:07,078 54 INFO bench werkzeug: 127.0.0.1 - - [08/Oct/2026 05:28:07] "POST /json/2/product.product/read HTTP/1.1" 200 - 5 0.002 0.007
2026-10-08 05:28:07,100 54 INFO bench werkzeug: 127.0.0.1 - - [08/Oct/2026 05:28:07] "POST /json/2/stock.quant/search HTTP/1.1" 200 - 3 0.001 0.005
2026-10-08 05:28:07,135 54 INFO bench werkzeug: 127.0.0.1 - - [08/Oct/2026 05:28:07] "POST /json/2/stock.quant/create HTTP/1.1" 200 - 11 0.004 0.014
2026-10-08 05:28:07,195 54 INFO bench werkzeug: 127.0.0.1 - - [08/Oct/2026 05:28:07] "POST /json/2/stock.quant/action_apply_inventory HTTP/1.1" 200 - 36 0.014 0.030
2026-10-08 05:28:07,217 54 INFO bench werkzeug: 127.0.0.1 - - [08/Oct/2026 05:28:07] "POST /json/2/product.product/read HTTP/1.1" 200 - 5 0.002 0.006
2026-10-08 05:28:07,237 54 INFO bench werkzeug: 127.0.0.1 - - [08/Oct/2026 05:28:07] "POST /json/2/stock.quant/search HTTP/1.1" 200 - 3 0.001 0.005
2026-10-08 05:28:07,269 54 INFO bench werkzeug: 127.0.0.1 - - [08/Oct/2026 05:28:07] "POST /json/2/stock.quant/create HTTP/1.1" 200 - 11 0.004 0.014
2026-10-08 05:28:07,329 54 INFO bench werkzeug: 127.0.0.1 - - [08/Oct/2026 05:28:07] "POST /json/2/stock.quant/action_apply_inventory HTTP/1.1" 200 - 36 0.015 0.032
2026-10-08 05:28:07,352 54 INFO bench werkzeug: 127.0.0.1 - - [08/Oct/2026 05:28:07] "POST /json/2/product.product/read HTTP/1.1" 200 - 5 0.002 0.007
2026-10-08 05:28:07,379 54 INFO bench werkzeug: 127.0.0.1 - - [08/Oct/2026 05:28:07] "POST /json/2/stock.quant/search HTTP/1.1" 200 - 3 0.001 0.005
2026-10-08 05:28:07,412 54 INFO bench werkzeug: 127.0.0.1 - - [08/Oct/2026 05:28:07] "POST /json/2/stock.quant/create HTTP/1.1" 200 - 11 0.004 0.013
2026-10-08 05:28:07,470 54 INFO bench werkzeug: 127.0.0.1 - - [08/Oct/2026 05:28:07] "POST /json/2/stock.quant/action_apply_inventory HTTP/1.1" 200 - 36 0.014 0.030
2026-10-08 05:28:07,494 54 INFO bench werkzeug: 127.0.0.1 - - [08/Oct/2026 05:28:07] "POST /json/2/product.product/read HTTP/1.1" 200 - 5 0.002 0.007
2026-10-08 05:28:07,514 54 INFO bench werkzeug: 127.0.0.1 - - [08/Oct/2026 05:28:07] "POST /json/2/stock.quant/search HTTP/1.1" 200 - 3 0.002 0.005
2026-10-08 05:28:07,545 54 INFO bench werkzeug: 127.0.0.1 - - [08/Oct/2026 05:28:07] "POST /json/2/stock.quant/create HTTP/1.1" 200 - 11 0.004 0.013
2026-10-08 05:28:07,603 54 INFO bench werkzeug: 127.0.0.1 - - [08/Oct/2026 05:28:07] "POST /json/2/stock.quant/action_apply_inventory HTTP/1.1" 200 - 36 0.015 0.029
2026-10-08 05:28:07,627 54 INFO bench werkzeug: 127.0.0.1 - - [08/Oct/2026 05:28:07] "POST /json/2/product.product/read HTTP/1.1" 200 - 5 0.002 0.007
2026-10-08 05:28:07,648 54 INFO bench werkzeug: 127.0.0.1 - - [08/Oct/2026 05:28:07] "POST /json/2/stock.quant/search HTTP/1.1" 200 - 3 0.001 0.005
2026-10-08 05:28:07,679 54 INFO bench werkzeug: 127.0.0.1 - - [08/Oct/2026 05:28:07] "POST /json/2/stock.quant/create HTTP/1.1" 200 - 11 0.005 0.014
2026-10-08 05:28:07,769 54 INFO bench werkzeug: 127.0.0.1 - - [08/Oct/2026 05:28:07] "POST /json/2/stock.quant/action_apply_inventory HTTP/1.1" 200 - 36 0.015 0.062
2026-10-08 05:28:07,898 54 INFO bench werkzeug: 127.0.0.1 - - [08/Oct/2026 05:28:07] "GET /doc-bearer/ir.config_parameter.json HTTP/1.1" 200 - 9 0.003 0.113
2026-10-08 05:28:07,938 54 INFO bench odoo.registry: Caches invalidated, signaling through the database: ['stable'] 
2026-10-08 05:28:07,943 54 INFO bench werkzeug: 127.0.0.1 - - [08/Oct/2026 05:28:07] "POST /json/2/ir.config_parameter/set_param HTTP/1.1" 200 - 12 0.005 0.017
2026-10-08 05:28:07,975 54 INFO bench werkzeug: 127.0.0.1 - - [08/Oct/2026 05:28:07] "POST /json/2/res.partner/search HTTP/1.1" 200 - 15 0.006 0.011
2026-10-08 05:28:07,997 54 INFO bench werkzeug: 127.0.0.1 - - [08/Oct/2026 05:28:07] "POST /json/2/res.partner/search HTTP/1.1" 200 - 4 0.002 0.007
2026-10-08 05:28:08,019 54 INFO bench werkzeug: 127.0.0.1 - - [08/Oct/2026 05:28:08] "POST /json/2/res.partner/search HTTP/1.1" 200 - 4 0.002 0.006
2026-10-08 05:28:08,041 54 INFO bench werkzeug: 127.0.0.1 - - [08/Oct/2026 05:28:08] "POST /json/2/res.partner/search HTTP/1.1" 200 - 4 0.002 0.006
2026-10-08 05:28:08,063 54 INFO bench werkzeug: 127.0.0.1 - - [08/Oct/2026 05:28:08] "POST /json/2/res.partner/search HTTP/1.1" 200 - 4 0.002 0.007
2026-10-08 05:28:08,087 54 INFO bench werkzeug: 127.0.0.1 - - [08/Oct/2026 05:28:08] "POST /json/2/res.partner/search HTTP/1.1" 200 - 4 0.002 0.007
2026-10-08 05:28:08,109 54 INFO bench werkzeug: 127.0.0.1 - - [08/Oct/2026 05:28:08] "POST /json/2/res.partner/search HTTP/1.1" 200 - 4 0.002 0.006
2026-10-08 05:28:08,130 54 INFO bench werkzeug: 127.0.0.1 - - [08/Oct/2026 05:28:08] "POST /json/2/res.partner/search HTTP/1.1" 200 - 4 0.002 0.006
2026-10-08 05:28:08,153 54 INFO bench werkzeug: 127.0.0.1 - - [08/Oct/2026 05:28:08] "POST /json/2/res.partner/search HTTP/1.1" 200 - 4 0.002 0.006
2026-10-08 05:28:08,173 54 INFO bench werkzeug: 127.0.0.1 - - [08/Oct/2026 05:28:08] "POST /json/2/res.partner/search HTTP/1.1" 200 - 4 0.002 0.006
2026-10-08 05:28:08,195 54 INFO bench werkzeug: 127.0.0.1 - - [08/Oct/2026 05:28:08] "POST /json/2/res.partner/search HTTP/1.1" 200 - 4 0.002 0.006
2026-10-08 05:28:08,216 54 INFO bench werkzeug: 127.0.0.1 - - [08/Oct/2026 05:28:08] "POST /json/2/res.partner/search HTTP/1.1" 200 - 4 0.002 0.006
2026-10-08 05:28:08,246 54 INFO bench werkzeug: 127.0.0.1 - - [08/Oct/2026 05:28:08] "POST /json/2/res.partner/search HTTP/1.1" 200 - 4 0.002 0.006
2026-10-08 05:28:08,268 54 INFO bench werkzeug: 127.0.0.1 - - [08/Oct/2026 05:28:08] "POST /json/2/res.partner/search HTTP/1.1" 200 - 4 0.002 0.006
2026-10-08 05:28:08,290 54 INFO bench werkzeug: 127.0.0.1 - - [08/Oct/2026 05:28:08] "POST /json/2/res.partner/search HTTP/1.1" 200 - 4 0.002 0.006
2026-10-08 05:28:08,311 54 INFO bench werkzeug: 127.0.0.1 - - [08/Oct/2026 05:28:08] "POST /json/2/res.partner/search HTTP/1.1" 200 - 4 0.002 0.006
2026-10-08 05:28:08,335 54 INFO bench werkzeug: 127.0.0.1 - - [08/Oct/2026 05:28:08] "POST /json/2/res.partner/search HTTP/1.1" 200 - 4 0.002 0.006
2026-10-08 05:28:08,357 54 INFO bench werkzeug: 127.0.0.1 - - [08/Oct/2026 05:28:08] "POST /json/2/res.partner/search HTTP/1.1" 200 - 4 0.002 0.006
2026-10-08 05:28:08,380 54 INFO bench werkzeug: 127.0.0.1 - - [08/Oct/2026 05:28:08] "POST /json/2/res.partner/search HTTP/1.1" 200 - 4 0.002 0.006
2026-10-08 05:28:08,402 54 INFO bench werkzeug: 127.0.0.1 - - [08/Oct/2026 05:28:08] "POST /json/2/res.partner/search HTTP/1.1" 200 - 4 0.002 0.006
2026-10-08 05:28:08,426 54 INFO bench werkzeug: 127.0.0.1 - - [08/Oct/2026 05:28:08] "POST /json/2/res.partner/search HTTP/1.1" 200 - 4 0.002 0.006
2026-10-08 05:28:08,450 54 INFO bench werkzeug: 127.0.0.1 - - [08/Oct/2026 05:28:08] "POST /json/2/res.partner/search HTTP/1.1" 200 - 4 0.002 0.006
2026-10-08 05:28:08,472 54 INFO bench werkzeug: 127.0.0.1 - - [08/Oct/2026 05:28:08] "POST /json/2/res.partner/search HTTP/1.1" 200 - 4 0.002 0.006
2026-10-08 05:28:08,495 54 INFO bench werkzeug: 127.0.0.1 - - [08/Oct/2026 05:28:08] "POST /json/2/res.partner/search HTTP/1.1" 200 - 4 0.002 0.006
2026-10-08 05:28:08,517 54 INFO bench werkzeug: 127.0.0.1 - - [08/Oct/2026 05:28:08] "POST /json/2/res.partner/search HTTP/1.1" 200 - 4 0.002 0.006
2026-10-08 05:28:08,548 54 INFO bench werkzeug: 127.0.0.1 - - [08/Oct/2026 05:28:08] "POST /json/2/res.partner/search HTTP/1.1" 200 - 4 0.002 0.006
2026-10-08 05:28:08,571 54 INFO bench werkzeug: 127.0.0.1 - - [08/Oct/2026 05:28:08] "POST /json/2/res.partner/search HTTP/1.1" 200 - 4 0.002 0.006
2026-10-08 05:28:08,592 54 INFO bench werkzeug: 127.0.0.1 - - [08/Oct/2026 05:28:08] "POST /json/2/res.partner/search HTTP/1.1" 200 - 4 0.002 0.007
2026-10-08 05:28:08,613 54 INFO bench werkzeug: 127.0.0.1 - - [08/Oct/2026 05:28:08] "POST /json/2/res.partner/search HTTP/1.1" 200 - 4 0.002 0.006
2026-10-08 05:28:08,637 54 INFO bench werkzeug: 127.0.0.1 - - [08/Oct/2026 05:28:08] "POST /json/2/res.partner/search HTTP/1.1" 200 - 4 0.002 0.006
2026-10-08 05:28:08,660 54 INFO bench werkzeug: 127.0.0.1 - - [08/Oct/2026 05:28:08] "POST /json/2/res.partner/search HTTP/1.1" 200 - 4 0.002 0.006
2026-10-08 05:28:10,682 54 INFO bench werkzeug: 127.0.0.1 - - [08/Oct/2026 05:28:10] "POST /json/2/res.partner/search HTTP/1.1" 200 - 4 0.002 0.007
2026-10-08 05:28:10,704 54 INFO bench werkzeug: 127.0.0.1 - - [08/Oct/2026 05:28:10] "POST /json/2/res.partner/search HTTP/1.1" 200 - 4 0.002 0.006
2026-10-08 05:28:10,726 54 INFO bench werkzeug: 127.0.0.1 - - [08/Oct/2026 05:28:10] "POST /json/2/res.partner/search HTTP/1.1" 200 - 4 0.002 0.006
2026-10-08 05:28:10,748 54 INFO bench werkzeug: 127.0.0.1 - - [08/Oct/2026 05:28:10] "POST /json/2/res.partner/search HTTP/1.1" 200 - 4 0.002 0.006
2026-10-08 05:28:10,771 54 INFO bench werkzeug: 127.0.0.1 - - [08/Oct/2026 05:28:10] "POST /json/2/res.partner/search HTTP/1.1" 200 - 4 0.002 0.006
2026-10-08 05:28:10,793 54 INFO bench werkzeug: 127.0.0.1 - - [08/Oct/2026 05:28:10] "POST /json/2/res.partner/search HTTP/1.1" 200 - 4 0.002 0.006
2026-10-08 05:28:10,815 54 INFO bench werkzeug: 127.0.0.1 - - [08/Oct/2026 05:28:10] "POST /json/2/res.partner/search HTTP/1.1" 200 - 4 0.002 0.007
2026-10-08 05:28:10,846 54 INFO bench werkzeug: 127.0.0.1 - - [08/Oct/2026 05:28:10] "POST /json/2/res.partner/search HTTP/1.1" 200 - 4 0.002 0.007
2026-10-08 05:28:10,869 54 INFO bench werkzeug: 127.0.0.1 - - [08/Oct/2026 05:28:10] "POST /json/2/res.partner/search HTTP/1.1" 200 - 4 0.002 0.006
2026-10-08 05:28:10,891 54 INFO bench werkzeug: 127.0.0.1 - - [08/Oct/2026 05:28:10] "POST /json/2/res.partner/search HTTP/1.1" 200 - 4 0.002 0.006
2026-10-08 05:28:10,915 54 INFO bench werkzeug: 127.0.0.1 - - [08/Oct/2026 05:28:10] "POST /json/2/res.partner/search HTTP/1.1" 200 - 4 0.003 0.007
2026-10-08 05:28:10,939 54 INFO bench werkzeug: 127.0.0.1 - - [08/Oct/2026 05:28:10] "POST /json/2/res.partner/search HTTP/1.1" 200 - 4 0.002 0.007
2026-10-08 05:28:10,962 54 INFO bench werkzeug: 127.0.0.1 - - [08/Oct/2026 05:28:10] "POST /json/2/res.partner/search HTTP/1.1" 200 - 4 0.002 0.007
2026-10-08 05:28:10,989 54 INFO bench werkzeug: 127.0.0.1 - - [08/Oct/2026 05:28:10] "POST /json/2/res.partner/search HTTP/1.1" 200 - 4 0.002 0.007
2026-10-08 05:28:11,013 54 INFO bench werkzeug: 127.0.0.1 - - [08/Oct/2026 05:28:11] "POST /json/2/res.partner/search HTTP/1.1" 200 - 4 0.002 0.007
2026-10-08 05:28:11,038 54 INFO bench werkzeug: 127.0.0.1 - - [08/Oct/2026 05:28:11] "POST /json/2/res.partner/search HTTP/1.1" 200 - 4 0.002 0.006
2026-10-08 05:28:11,062 54 INFO bench werkzeug: 127.0.0.1 - - [08/Oct/2026 05:28:11] "POST /json/2/res.partner/search HTTP/1.1" 200 - 4 0.002 0.007
2026-10-08 05:28:11,086 54 INFO bench werkzeug: 127.0.0.1 - - [08/Oct/2026 05:28:11] "POST /json/2/res.partner/search HTTP/1.1" 200 - 4 0.002 0.007
2026-10-08 05:28:11,111 54 INFO bench werkzeug: 127.0.0.1 - - [08/Oct/2026 05:28:11] "POST /json/2/res.partner/search HTTP/1.1" 200 - 4 0.002 0.007
2026-10-08 05:28:11,136 54 INFO bench werkzeug: 127.0.0.1 - - [08/Oct/2026 05:28:11] "POST /json/2/res.partner/search HTTP/1.1" 200 - 4 0.002 0.007
2026-10-08 05:28:11,174 54 INFO bench werkzeug: 127.0.0.1 - - [08/Oct/2026 05:28:11] "POST /json/2/res.partner/search HTTP/1.1" 200 - 4 0.002 0.011
2026-10-08 05:28:11,200 54 INFO bench werkzeug: 127.0.0.1 - - [08/Oct/2026 05:28:11] "POST /json/2/res.partner/search HTTP/1.1" 200 - 4 0.002 0.007
2026-10-08 05:28:11,225 54 INFO bench werkzeug: 127.0.0.1 - - [08/Oct/2026 05:28:11] "POST /json/2/res.partner/search HTTP/1.1" 200 - 4 0.002 0.006
2026-10-08 05:28:11,249 54 INFO bench werkzeug: 127.0.0.1 - - [08/Oct/2026 05:28:11] "POST /json/2/res.partner/search HTTP/1.1" 200 - 4 0.002 0.007
2026-10-08 05:28:11,274 54 INFO bench werkzeug: 127.0.0.1 - - [08/Oct/2026 05:28:11] "POST /json/2/res.partner/search HTTP/1.1" 200 - 4 0.002 0.008
2026-10-08 05:28:11,298 54 INFO bench werkzeug: 127.0.0.1 - - [08/Oct/2026 05:28:11] "POST /json/2/res.partner/search HTTP/1.1" 200 - 4 0.002 0.007
2026-10-08 05:28:11,322 54 INFO bench werkzeug: 127.0.0.1 - - [08/Oct/2026 05:28:11] "POST /json/2/res.partner/search HTTP/1.1" 200 - 4 0.002 0.006
2026-10-08 05:28:11,347 54 INFO bench werkzeug: 127.0.0.1 - - [08/Oct/2026 05:28:11] "POST /json/2/res.partner/search HTTP/1.1" 200 - 4 0.002 0.007
2026-10-08 05:28:11,371 54 INFO bench werkzeug: 127.0.0.1 - - [08/Oct/2026 05:28:11] "POST /json/2/res.partner/search HTTP/1.1" 200 - 4 0.002 0.007
2026-10-08 05:28:11,394 54 INFO bench werkzeug: 127.0.0.1 - - [08/Oct/2026 05:28:11] "POST /json/2/res.partner/search HTTP/1.1" 200 - 4 0.002 0.006
2026-10-08 05:28:11,417 54 INFO bench werkzeug: 127.0.0.1 - - [08/Oct/2026 05:28:11] "POST /json/2/res.partner/search HTTP/1.1" 200 - 4 0.002 0.007
2026-10-08 05:28:11,441 54 INFO bench werkzeug: 127.0.0.1 - - [08/Oct/2026 05:28:11] "POST /json/2/res.partner/search HTTP/1.1" 200 - 4 0.002 0.006
2026-10-08 05:28:11,464 54 INFO bench werkzeug: 127.0.0.1 - - [08/Oct/2026 05:28:11] "POST /json/2/res.partner/search HTTP/1.1" 200 - 4 0.002 0.007
2026-10-08 05:28:11,498 54 INFO bench werkzeug: 127.0.0.1 - - [08/Oct/2026 05:28:11] "POST /json/2/res.partner/search HTTP/1.1" 200 - 4 0.003 0.007
2026-10-08 05:28:11,523 54 INFO bench werkzeug: 127.0.0.1 - - [08/Oct/2026 05:28:11] "POST /json/2/res.partner/search HTTP/1.1" 200 - 4 0.002 0.007
2026-10-08 05:28:11,547 54 INFO bench werkzeug: 127.0.0.1 - - [08/Oct/2026 05:28:11] "POST /json/2/res.partner/search HTTP/1.1" 200 - 4 0.002 0.006
2026-10-08 05:28:11,575 54 INFO bench werkzeug: 127.0.0.1 - - [08/Oct/2026 05:28:11] "POST /json/2/res.partner/search HTTP/1.1" 200 - 4 0.002 0.008
2026-10-08 05:28:11,600 54 INFO bench werkzeug: 127.0.0.1 - - [08/Oct/2026 05:28:11] "POST /json/2/res.partner/search HTTP/1.1" 200 - 4 0.002 0.007
2026-10-08 05:28:11,624 54 INFO bench werkzeug: 127.0.0.1 - - [08/Oct/2026 05:28:11] "POST /json/2/res.partner/search HTTP/1.1" 200 - 4 0.002 0.006
2026-10-08 05:28:11,649 54 INFO bench werkzeug: 127.0.0.1 - - [08/Oct/2026 05:28:11] "POST /json/2/res.partner/search HTTP/1.1" 200 - 4 0.002 0.007
2026-10-08 05:28:11,676 54 INFO bench werkzeug: 127.0.0.1 - - [08/Oct/2026 05:28:11] "POST /json/2/res.partner/search HTTP/1.1" 200 - 4 0.003 0.007
2026-10-08 05:28:11,701 54 INFO bench werkzeug: 127.0.0.1 - - [08/Oct/2026 05:28:11] "POST /json/2/res.partner/search HTTP/1.1" 200 - 4 0.002 0.007
2026-10-08 05:28:11,727 54 INFO bench werkzeug: 127.0.0.1 - - [08/Oct/2026 05:28:11] "POST /json/2/res.partner/search HTTP/1.1" 200 - 4 0.003 0.007
2026-10-08 05:28:11,755 54 INFO bench werkzeug: 127.0.0.1 - - [08/Oct/2026 05:28:11] "POST /json/2/res.partner/search HTTP/1.1" 200 - 4 0.002 0.007
2026-10-08 05:28:11,781 54 INFO bench werkzeug: 127.0.0.1 - - [08/Oct/2026 05:28:11] "POST /json/2/res.partner/search HTTP/1.1" 200 - 4 0.003 0.007
2026-10-08 05:28:11,807 54 INFO bench werkzeug: 127.0.0.1 - - [08/Oct/2026 05:28:11] "POST /json/2/res.partner/search HTTP/1.1" 200 - 4 0.003 0.007
2026-10-08 05:28:11,842 54 INFO bench werkzeug: 127.0.0.1 - - [08/Oct/2026 05:28:11] "POST /json/2/res.partner/search HTTP/1.1" 200 - 4 0.002 0.007
2026-10-08 05:28:11,865 54 INFO bench werkzeug: 127.0.0.1 - - [08/Oct/2026 05:28:11] "POST /json/2/res.partner/search HTTP/1.1" 200 - 4 0.002 0.007
2026-10-08 05:28:11,891 54 INFO bench werkzeug: 127.0.0.1 - - [08/Oct/2026 05:28:11] "POST /json/2/res.partner/search HTTP/1.1" 200 - 4 0.002 0.007
2026-10-08 05:28:11,915 54 INFO bench werkzeug: 127.0.0.1 - - [08/Oct/2026 05:28:11] "POST /json/2/res.partner/search HTTP/1.1" 200 - 4 0.002 0.007
2026-10-08 05:28:11,939 54 INFO bench werkzeug: 127.0.0.1 - - [08/Oct/2026 05:28:11] "POST /json/2/res.partner/search HTTP/1.1" 200 - 4 0.003 0.007
2026-10-08 05:28:11,963 54 INFO bench werkzeug: 127.0.0.1 - - [08/Oct/2026 05:28:11] "POST /json/2/res.partner/search HTTP/1.1" 200 - 4 0.002 0.007
2026-10-08 05:28:11,992 54 INFO bench werkzeug: 127.0.0.1 - - [08/Oct/2026 05:28:11] "POST /json/2/res.partner/search HTTP/1.1" 200 - 4 0.003 0.007
2026-10-08 05:28:12,020 54 INFO bench werkzeug: 127.0.0.1 - - [08/Oct/2026 05:28:12] "POST /json/2/res.partner/search HTTP/1.1" 200 - 4 0.002 0.007
2026-10-08 05:28:12,046 54 INFO bench werkzeug: 127.0.0.1 - - [08/Oct/2026 05:28:12] "POST /json/2/res.partner/search HTTP/1.1" 200 - 4 0.002 0.007
2026-10-08 05:28:12,074 54 INFO bench werkzeug: 127.0.0.1 - - [08/Oct/2026 05:28:12] "POST /json/2/res.partner/search HTTP/1.1" 200 - 4 0.002 0.007
2026-10-08 05:28:12,098 54 INFO bench werkzeug: 127.0.0.1 - - [08/Oct/2026 05:28:12] "POST /json/2/res.partner/search HTTP/1.1" 200 - 4 0.002 0.007
2026-10-08 05:28:12,125 54 INFO bench werkzeug: 127.0.0.1 - - [08/Oct/2026 05:28:12] "POST /json/2/res.partner/search HTTP/1.1" 200 - 4 0.002 0.007
2026-10-08 05:28:12,158 54 INFO bench werkzeug: 127.0.0.1 - - [08/Oct/2026 05:28:12] "POST /json/2/res.partner/search HTTP/1.1" 200 - 4 0.003 0.008
2026-10-08 05:28:12,183 54 INFO bench werkzeug: 127.0.0.1 - - [08/Oct/2026 05:28:12] "POST /json/2/res.partner/search HTTP/1.1" 200 - 4 0.002 0.007
2026-10-08 05:28:12,208 54 INFO bench werkzeug: 127.0.0.1 - - [08/Oct/2026 05:28:12] "POST /json/2/res.partner/search HTTP/1.1" 200 - 4 0.002 0.007
2026-10-08 05:28:12,233 54 INFO bench werkzeug: 127.0.0.1 - - [08/Oct/2026 05:28:12] "POST /json/2/res.partner/search HTTP/1.1" 200 - 4 0.003 0.007
2026-10-08 05:28:12,259 54 INFO bench werkzeug: 127.0.0.1 - - [08/Oct/2026 05:28:12] "POST /json/2/res.partner/search HTTP/1.1" 200 - 4 0.002 0.008
2026-10-08 05:28:12,286 54 INFO bench werkzeug: 127.0.0.1 - - [08/Oct/2026 05:28:12] "POST /json/2/res.partner/search HTTP/1.1" 200 - 4 0.003 0.007
2026-10-08 05:28:12,310 54 INFO bench werkzeug: 127.0.0.1 - - [08/Oct/2026 05:28:12] "POST /json/2/res.partner/search HTTP/1.1" 200 - 4 0.003 0.007
2026-10-08 05:28:12,335 54 INFO bench werkzeug: 127.0.0.1 - - [08/Oct/2026 05:28:12] "POST /json/2/res.partner/search HTTP/1.1" 200 - 4 0.002 0.006
2026-10-08 05:28:12,360 54 INFO bench werkzeug: 127.0.0.1 - - [08/Oct/2026 05:28:12] "POST /json/2/res.partner/search HTTP/1.1" 200 - 4 0.002 0.007
2026-10-08 05:28:12,385 54 INFO bench werkzeug: 127.0.0.1 - - [08/Oct/2026 05:28:12] "POST /json/2/res.partner/search HTTP/1.1" 200 - 4 0.003 0.008
2026-10-08 05:28:12,410 54 INFO bench werkzeug: 127.0.0.1 - - [08/Oct/2026 05:28:12] "POST /json/2/res.partner/search HTTP/1.1" 200 - 4 0.002 0.007
2026-10-08 05:28:12,434 54 INFO bench werkzeug: 127.0.0.1 - - [08/Oct/2026 05:28:12] "POST /json/2/res.partner/search HTTP/1.1" 200 - 4 0.002 0.007
2026-10-08 05:28:12,456 54 INFO bench werkzeug: 127.0.0.1 - - [08/Oct/2026 05:28:12] "POST /json/2/res.partner/search HTTP/1.1" 200 - 4 0.002 0.007
2026-10-08 05:28:12,497 54 INFO bench werkzeug: 127.0.0.1 - - [08/Oct/2026 05:28:12] "POST /json/2/res.partner/search HTTP/1.1" 200 - 4 0.002 0.007
2026-10-08 05:28:12,523 54 INFO bench werkzeug: 127.0.0.1 - - [08/Oct/2026 05:28:12] "POST /json/2/res.partner/search HTTP/1.1" 200 - 4 0.002 0.007
2026-10-08 05:28:12,546 54 INFO bench werkzeug: 127.0.0.1 - - [08/Oct/2026 05:28:12] "POST /json/2/res.partner/search HTTP/1.1" 200 - 4 0.002 0.007
2026-10-08 05:28:12,571 54 INFO bench werkzeug: 127.0.0.1 - - [08/Oct/2026 05:28:12] "POST /json/2/res.partner/search HTTP/1.1" 200 - 4 0.002 0.007
2026-10-08 05:28:12,597 54 INFO bench werkzeug: 127.0.0.1 - - [08/Oct/2026 05:28:12] "POST /json/2/res.partner/search HTTP/1.1" 200 - 4 0.002 0.007
2026-10-08 05:28:12,621 54 INFO bench werkzeug: 127.0.0.1 - - [08/Oct/2026 05:28:12] "POST /json/2/res.partner/search HTTP/1.1" 200 - 4 0.002 0.007
2026-10-08 05:28:12,651 54 INFO bench werkzeug: 127.0.0.1 - - [08/Oct/2026 05:28:12] "POST /json/2/product.product/search HTTP/1.1" 200 - 10 0.004 0.009
2026-10-08 05:28:12,678 54 INFO bench werkzeug: 127.0.0.1 - - [08/Oct/2026 05:28:12] "POST /json/2/product.product/search HTTP/1.1" 200 - 4 0.003 0.008
2026-10-08 05:28:12,701 54 INFO bench werkzeug: 127.0.0.1 - - [08/Oct/2026 05:28:12] "POST /json/2/product.product/search HTTP/1.1" 200 - 4 0.002 0.007
2026-10-08 05:28:12,727 54 INFO bench werkzeug: 127.0.0.1 - - [08/Oct/2026 05:28:12] "POST /json/2/product.product/search HTTP/1.1" 200 - 4 0.002 0.007
2026-10-08 05:28:12,753 54 INFO bench werkzeug: 127.0.0.1 - - [08/Oct/2026 05:28:12] "POST /json/2/product.product/search HTTP/1.1" 200 - 4 0.004 0.007
2026-10-08 05:28:12,778 54 INFO bench werkzeug: 127.0.0.1 - - [08/Oct/2026 05:28:12] "POST /json/2/product.product/search HTTP/1.1" 200 - 4 0.002 0.007
2026-10-08 05:28:12,803 54 INFO bench werkzeug: 127.0.0.1 - - [08/Oct/2026 05:28:12] "POST /json/2/product.product/search HTTP/1.1" 200 - 4 0.003 0.008
2026-10-08 05:28:12,827 54 INFO bench werkzeug: 127.0.0.1 - - [08/Oct/2026 05:28:12] "POST /json/2/product.product/search HTTP/1.1" 200 - 4 0.002 0.007
2026-10-08 05:28:12,860 54 INFO bench werkzeug: 127.0.0.1 - - [08/Oct/2026 05:28:12] "POST /json/2/product.product/search HTTP/1.1" 200 - 4 0.002 0.007
2026-10-08 05:28:12,886 54 INFO bench werkzeug: 127.0.0.1 - - [08/Oct/2026 05:28:12] "POST /json/2/product.product/search HTTP/1.1" 200 - 4 0.003 0.007
2026-10-08 05:28:12,910 54 INFO bench werkzeug: 127.0.0.1 - - [08/Oct/2026 05:28:12] "POST /json/2/product.product/search HTTP/1.1" 200 - 4 0.003 0.007
2026-10-08 05:28:12,935 54 INFO bench werkzeug: 127.0.0.1 - - [08/Oct/2026 05:28:12] "POST /json/2/product.product/search HTTP/1.1" 200 - 4 0.002 0.007
2026-10-08 05:28:12,961 54 INFO bench werkzeug: 127.0.0.1 - - [08/Oct/2026 05:28:12] "POST /json/2/product.product/search HTTP/1.1" 200 - 4 0.002 0.007
2026-10-08 05:28:12,985 54 INFO bench werkzeug: 127.0.0.1 - - [08/Oct/2026 05:28:12] "POST /json/2/product.product/search HTTP/1.1" 200 - 4 0.002 0.007
2026-10-08 05:28:13,010 54 INFO bench werkzeug: 127.0.0.1 - - [08/Oct/2026 05:28:13] "POST /json/2/product.product/search HTTP/1.1" 200 - 4 0.003 0.007
2026-10-08 05:28:13,036 54 INFO bench werkzeug: 127.0.0.1 - - [08/Oct/2026 05:28:13] "POST /json/2/product.product/search HTTP/1.1" 200 - 4 0.002 0.006
2026-10-08 05:28:13,062 54 INFO bench werkzeug: 127.0.0.1 - - [08/Oct/2026 05:28:13] "POST /json/2/product.product/search HTTP/1.1" 200 - 4 0.002 0.007
2026-10-08 05:28:13,087 54 INFO bench werkzeug: 127.0.0.1 - - [08/Oct/2026 05:28:13] "POST /json/2/product.product/search HTTP/1.1" 200 - 4 0.003 0.007
2026-10-08 05:28:13,112 54 INFO bench werkzeug: 127.0.0.1 - - [08/Oct/2026 05:28:13] "POST /json/2/product.product/search HTTP/1.1" 200 - 4 0.002 0.007
2026-10-08 05:28:13,137 54 INFO bench werkzeug: 127.0.0.1 - - [08/Oct/2026 05:28:13] "POST /json/2/product.product/search HTTP/1.1" 200 - 4 0.002 0.007
2026-10-08 05:28:13,161 54 INFO bench werkzeug: 127.0.0.1 - - [08/Oct/2026 05:28:13] "POST /json/2/product.product/search HTTP/1.1" 200 - 4 0.002 0.007
2026-10-08 05:28:13,192 54 INFO bench werkzeug: 127.0.0.1 - - [08/Oct/2026 05:28:13] "POST /json/2/product.product/search HTTP/1.1" 200 - 4 0.002 0.007
2026-10-08 05:28:13,214 54 INFO bench werkzeug: 127.0.0.1 - - [08/Oct/2026 05:28:13] "POST /json/2/product.product/search HTTP/1.1" 200 - 4 0.002 0.006
2026-10-08 05:28:13,237 54 INFO bench werkzeug: 127.0.0.1 - - [08/Oct/2026 05:28:13] "POST /json/2/product.product/search HTTP/1.1" 200 - 4 0.002 0.007
2026-10-08 05:28:13,263 54 INFO bench werkzeug: 127.0.0.1 - - [08/Oct/2026 05:28:13] "POST /json/2/product.product/search HTTP/1.1" 200 - 4 0.002 0.007
2026-10-08 05:28:13,287 54 INFO bench werkzeug: 127.0.0.1 - - [08/Oct/2026 05:28:13] "POST /json/2/product.product/search HTTP/1.1" 200 - 4 0.002 0.006
2026-10-08 05:28:13,311 54 INFO bench werkzeug: 127.0.0.1 - - [08/Oct/2026 05:28:13] "POST /json/2/product.product/search HTTP/1.1" 200 - 4 0.002 0.007
2026-10-08 05:28:13,337 54 INFO bench werkzeug: 127.0.0.1 - - [08/Oct/2026 05:28:13] "POST /json/2/product.product/search HTTP/1.1" 200 - 4 0.002 0.007
2026-10-08 05:28:13,362 54 INFO bench werkzeug: 127.0.0.1 - - [08/Oct/2026 05:28:13] "POST /json/2/product.product/search HTTP/1.1" 200 - 4 0.002 0.008
2026-10-08 05:28:13,390 54 INFO bench werkzeug: 127.0.0.1 - - [08/Oct/2026 05:28:13] "POST /json/2/product.product/search HTTP/1.1" 200 - 4 0.003 0.007
2026-10-08 05:28:13,417 54 INFO bench werkzeug: 127.0.0.1 - - [08/Oct/2026 05:28:13] "POST /json/2/product.product/search HTTP/1.1" 200 - 4 0.003 0.008
2026-10-08 05:28:13,442 54 INFO bench werkzeug: 127.0.0.1 - - [08/Oct/2026 05:28:13] "POST /json/2/product.product/search HTTP/1.1" 200 - 4 0.002 0.007
2026-10-08 05:28:13,469 54 INFO bench werkzeug: 127.0.0.1 - - [08/Oct/2026 05:28:13] "POST /json/2/product.product/search HTTP/1.1" 200 - 4 0.003 0.008
2026-10-08 05:28:13,493 54 INFO bench werkzeug: 127.0.0.1 - - [08/Oct/2026 05:28:13] "POST /json/2/product.product/search HTTP/1.1" 200 - 4 0.003 0.007
2026-10-08 05:28:13,527 54 INFO bench werkzeug: 127.0.0.1 - - [08/Oct/2026 05:28:13] "POST /json/2/product.product/search HTTP/1.1" 200 - 4 0.004 0.008
2026-10-08 05:28:13,553 54 INFO bench werkzeug: 127.0.0.1 - - [08/Oct/2026 05:28:13] "POST /json/2/product.product/search HTTP/1.1" 200 - 4 0.002 0.007
2026-10-08 05:28:13,578 54 INFO bench werkzeug: 127.0.0.1 - - [08/Oct/2026 05:28:13] "POST /json/2/product.product/search HTTP/1.1" 200 - 4 0.002 0.007
2026-10-08 05:28:13,601 54 INFO bench werkzeug: 127.0.0.1 - - [08/Oct/2026 05:28:13] "POST /json/2/product.product/search HTTP/1.1" 200 - 4 0.002 0.007
2026-10-08 05:28:13,627 54 INFO bench werkzeug: 127.0.0.1 - - [08/Oct/2026 05:28:13] "POST /json/2/product.product/search HTTP/1.1" 200 - 4 0.002 0.007
2026-10-08 05:28:13,652 54 INFO bench werkzeug: 127.0.0.1 - - [08/Oct/2026 05:28:13] "POST /json/2/product.product/search HTTP/1.1" 200 - 4 0.002 0.007
2026-10-08 05:28:13,678 54 INFO bench werkzeug: 127.0.0.1 - - [08/Oct/2026 05:28:13] "POST /json/2/product.product/search HTTP/1.1" 200 - 4 0.002 0.007
2026-10-08 05:28:13,703 54 INFO bench werkzeug: 127.0.0.1 - - [08/Oct/2026 05:28:13] "POST /json/2/product.product/search HTTP/1.1" 200 - 4 0.002 0.007
2026-10-08 05:28:13,728 54 INFO bench werkzeug: 127.0.0.1 - - [08/Oct/2026 05:28:13] "POST /json/2/product.product/search HTTP/1.1" 200 - 4 0.002 0.007
2026-10-08 05:28:13,752 54 INFO bench werkzeug: 127.0.0.1 - - [08/Oct/2026 05:28:13] "POST /json/2/product.product/search HTTP/1.1" 200 - 4 0.002 0.007
2026-10-08 05:28:13,777 54 INFO bench werkzeug: 127.0.0.1 - - [08/Oct/2026 05:28:13] "POST /json/2/product.product/search HTTP/1.1" 200 - 4 0.002 0.007
2026-10-08 05:28:13,804 54 INFO bench werkzeug: 127.0.0.1 - - [08/Oct/2026 05:28:13] "POST /json/2/product.product/search HTTP/1.1" 200 - 4 0.002 0.007
2026-10-08 05:28:13,829 54 INFO bench werkzeug: 127.0.0.1 - - [08/Oct/2026 05:28:13] "POST /json/2/product.product/search HTTP/1.1" 200 - 4 0.002 0.007
2026-10-08 05:28:13,860 54 INFO bench werkzeug: 127.0.0.1 - - [08/Oct/2026 05:28:13] "POST /json/2/product.product/search HTTP/1.1" 200 - 4 0.002 0.007
2026-10-08 05:28:13,886 54 INFO bench werkzeug: 127.0.0.1 - - [08/Oct/2026 05:28:13] "POST /json/2/product.product/search HTTP/1.1" 200 - 4 0.002 0.006
2026-10-08 05:28:13,909 54 INFO bench werkzeug: 127.0.0.1 - - [08/Oct/2026 05:28:13] "POST /json/2/product.product/search HTTP/1.1" 200 - 4 0.002 0.007
2026-10-08 05:28:13,935 54 INFO bench werkzeug: 127.0.0.1 - - [08/Oct/2026 05:28:13] "POST /json/2/product.product/search HTTP/1.1" 200 - 4 0.002 0.008
2026-10-08 05:28:13,966 54 INFO bench werkzeug: 127.0.0.1 - - [08/Oct/2026 05:28:13] "POST /json/2/mrp.bom/search HTTP/1.1" 200 - 9 0.005 0.011
2026-10-08 05:28:13,991 54 INFO bench werkzeug: 127.0.0.1 - - [08/Oct/2026 05:28:13] "POST /json/2/mrp.bom/search HTTP/1.1" 200 - 4 0.002 0.007
2026-10-08 05:28:14,016 54 INFO bench werkzeug: 127.0.0.1 - - [08/Oct/2026 05:28:14] "POST /json/2/mrp.bom/search HTTP/1.1" 200 - 4 0.003 0.007
2026-10-08 05:28:14,040 54 INFO bench werkzeug: 127.0.0.1 - - [08/Oct/2026 05:28:14] "POST /json/2/mrp.bom/search HTTP/1.1" 200 - 4 0.002 0.007
2026-10-08 05:28:14,066 54 INFO bench werkzeug: 127.0.0.1 - - [08/Oct/2026 05:28:14] "POST /json/2/mrp.bom/search HTTP/1.1" 200 - 4 0.002 0.007
2026-10-08 05:28:14,090 54 INFO bench werkzeug: 127.0.0.1 - - [08/Oct/2026 05:28:14] "POST /json/2/mrp.bom/search HTTP/1.1" 200 - 4 0.002 0.006
2026-10-08 05:28:14,117 54 INFO bench werkzeug: 127.0.0.1 - - [08/Oct/2026 05:28:14] "POST /json/2/mrp.bom/search HTTP/1.1" 200 - 4 0.002 0.008
2026-10-08 05:28:14,147 54 INFO bench werkzeug: 127.0.0.1 - - [08/Oct/2026 05:28:14] "POST /json/2/mrp.bom/search HTTP/1.1" 200 - 4 0.003 0.009
2026-10-08 05:28:14,172 54 INFO bench werkzeug: 127.0.0.1 - - [08/Oct/2026 05:28:14] "POST /json/2/mrp.bom/search HTTP/1.1" 200 - 4 0.002 0.007
2026-10-08 05:28:14,208 54 INFO bench werkzeug: 127.0.0.1 - - [08/Oct/2026 05:28:14] "POST /json/2/mrp.bom/search HTTP/1.1" 200 - 4 0.003 0.009
2026-10-08 05:28:14,235 54 INFO bench werkzeug: 127.0.0.1 - - [08/Oct/2026 05:28:14] "POST /json/2/product.product/search HTTP/1.1" 200 - 4 0.002 0.007
2026-10-08 05:28:14,264 54 INFO bench werkzeug: 127.0.0.1 - - [08/Oct/2026 05:28:14] "POST /json/2/stock.quant/search HTTP/1.1" 200 - 9 0.004 0.009
2026-10-08 05:28:14,290 54 INFO bench werkzeug: 127.0.0.1 - - [08/Oct/2026 05:28:14] "POST /json/2/product.product/search HTTP/1.1" 200 - 4 0.002 0.007
2026-10-08 05:28:14,313 54 INFO bench werkzeug: 127.0.0.1 - - [08/Oct/2026 05:28:14] "POST /json/2/stock.quant/search HTTP/1.1" 200 - 3 0.001 0.006
2026-10-08 05:28:14,340 54 INFO bench werkzeug: 127.0.0.1 - - [08/Oct/2026 05:28:14] "POST /json/2/product.product/search HTTP/1.1" 200 - 4 0.003 0.007
2026-10-08 05:28:14,362 54 INFO bench werkzeug: 127.0.0.1 - - [08/Oct/2026 05:28:14] "POST /json/2/stock.quant/search HTTP/1.1" 200 - 3 0.001 0.006
2026-10-08 05:28:14,388 54 INFO bench werkzeug: 127.0.0.1 - - [08/Oct/2026 05:28:14] "POST /json/2/product.product/search HTTP/1.1" 200 - 4 0.002 0.006
2026-10-08 05:28:14,411 54 INFO bench werkzeug: 127.0.0.1 - - [08/Oct/2026 05:28:14] "POST /json/2/stock.quant/search HTTP/1.1" 200 - 3 0.001 0.006
2026-10-08 05:28:14,435 54 INFO bench werkzeug: 127.0.0.1 - - [08/Oct/2026 05:28:14] "POST /json/2/product.product/search HTTP/1.1" 200 - 4 0.003 0.007
2026-10-08 05:28:14,457 54 INFO bench werkzeug: 127.0.0.1 - - [08/Oct/2026 05:28:14] "POST /json/2/stock.quant/search HTTP/1.1" 200 - 3 0.001 0.005
2026-10-08 05:28:14,480 54 INFO bench werkzeug: 127.0.0.1 - - [08/Oct/2026 05:28:14] "POST /json/2/product.product/search HTTP/1.1" 200 - 4 0.002 0.007
2026-10-08 05:28:14,503 54 INFO bench werkzeug: 127.0.0.1 - - [08/Oct/2026 05:28:14] "POST /json/2/stock.quant/search HTTP/1.1" 200 - 3 0.001 0.005
2026-10-08 05:28:14,540 54 INFO bench werkzeug: 127.0.0.1 - - [08/Oct/2026 05:28:14] "POST /json/2/product.product/search HTTP/1.1" 200 - 4 0.003 0.008
2026-10-08 05:28:14,564 54 INFO bench werkzeug: 127.0.0.1 - - [08/Oct/2026 05:28:14] "POST /json/2/stock.quant/search HTTP/1.1" 200 - 3 0.002 0.006
2026-10-08 05:28:14,588 54 INFO bench werkzeug: 127.0.0.1 - - [08/Oct/2026 05:28:14] "POST /json/2/product.product/search HTTP/1.1" 200 - 4 0.002 0.007
2026-10-08 05:28:14,609 54 INFO bench werkzeug: 127.0.0.1 - - [08/Oct/2026 05:28:14] "POST /json/2/stock.quant/search HTTP/1.1" 200 - 3 0.002 0.006
2026-10-08 05:28:14,634 54 INFO bench werkzeug: 127.0.0.1 - - [08/Oct/2026 05:28:14] "POST /json/2/product.product/search HTTP/1.1" 200 - 4 0.002 0.007
2026-10-08 05:28:14,655 54 INFO bench werkzeug: 127.0.0.1 - - [08/Oct/2026 05:28:14] "POST /json/2/stock.quant/search HTTP/1.1" 200 - 3 0.001 0.005
2026-10-08 05:28:14,680 54 INFO bench werkzeug: 127.0.0.1 - - [08/Oct/2026 05:28:14] "POST /json/2/product.product/search HTTP/1.1" 200 - 4 0.002 0.007
2026-10-08 05:28:14,702 54 INFO bench werkzeug: 127.0.0.1 - - [08/Oct/2026 05:28:14] "POST /json/2/stock.quant/search HTTP/1.1" 200 - 3 0.001 0.005
2026-10-08 05:28:14,726 54 INFO bench werkzeug: 127.0.0.1 - - [08/Oct/2026 05:28:14] "POST /json/2/product.product/search HTTP/1.1" 200 - 4 0.002 0.007
2026-10-08 05:28:14,749 54 INFO bench werkzeug: 127.0.0.1 - - [08/Oct/2026 05:28:14] "POST /json/2/stock.quant/search HTTP/1.1" 200 - 3 0.001 0.006
2026-10-08 05:28:14,777 54 INFO bench werkzeug: 127.0.0.1 - - [08/Oct/2026 05:28:14] "POST /json/2/product.product/search HTTP/1.1" 200 - 4 0.003 0.007
2026-10-08 05:28:14,800 54 INFO bench werkzeug: 127.0.0.1 - - [08/Oct/2026 05:28:14] "POST /json/2/stock.quant/search HTTP/1.1" 200 - 3 0.002 0.005
2026-10-08 05:28:14,828 54 INFO bench werkzeug: 127.0.0.1 - - [08/Oct/2026 05:28:14] "POST /json/2/product.product/search HTTP/1.1" 200 - 4 0.002 0.013
2026-10-08 05:28:14,862 54 INFO bench werkzeug: 127.0.0.1 - - [08/Oct/2026 05:28:14] "POST /json/2/stock.quant/search HTTP/1.1" 200 - 3 0.002 0.006
2026-10-08 05:28:14,886 54 INFO bench werkzeug: 127.0.0.1 - - [08/Oct/2026 05:28:14] "POST /json/2/product.product/search HTTP/1.1" 200 - 4 0.002 0.007
2026-10-08 05:28:14,907 54 INFO bench werkzeug: 127.0.0.1 - - [08/Oct/2026 05:28:14] "POST /json/2/stock.quant/search HTTP/1.1" 200 - 3 0.001 0.005
2026-10-08 05:28:14,933 54 INFO bench werkzeug: 127.0.0.1 - - [08/Oct/2026 05:28:14] "POST /json/2/product.product/search HTTP/1.1" 200 - 4 0.002 0.007
2026-10-08 05:28:14,954 54 INFO bench werkzeug: 127.0.0.1 - - [08/Oct/2026 05:28:14] "POST /json/2/stock.quant/search HTTP/1.1" 200 - 3 0.001 0.006
2026-10-08 05:28:14,979 54 INFO bench werkzeug: 127.0.0.1 - - [08/Oct/2026 05:28:14] "POST /json/2/product.product/search HTTP/1.1" 200 - 4 0.002 0.007
2026-10-08 05:28:15,001 54 INFO bench werkzeug: 127.0.0.1 - - [08/Oct/2026 05:28:15] "POST /json/2/stock.quant/search HTTP/1.1" 200 - 3 0.001 0.006
2026-10-08 05:28:15,026 54 INFO bench werkzeug: 127.0.0.1 - - [08/Oct/2026 05:28:15] "POST /json/2/product.product/search HTTP/1.1" 200 - 4 0.003 0.007
2026-10-08 05:28:15,049 54 INFO bench werkzeug: 127.0.0.1 - - [08/Oct/2026 05:28:15] "POST /json/2/stock.quant/search HTTP/1.1" 200 - 3 0.002 0.006
2026-10-08 05:28:15,073 54 INFO bench werkzeug: 127.0.0.1 - - [08/Oct/2026 05:28:15] "POST /json/2/product.product/search HTTP/1.1" 200 - 4 0.003 0.007
2026-10-08 05:28:15,098 54 INFO bench werkzeug: 127.0.0.1 - - [08/Oct/2026 05:28:15] "POST /json/2/stock.quant/search HTTP/1.1" 200 - 3 0.002 0.006
2026-10-08 05:28:15,125 54 INFO bench werkzeug: 127.0.0.1 - - [08/Oct/2026 05:28:15] "POST /json/2/product.product/search HTTP/1.1" 200 - 4 0.003 0.008
2026-10-08 05:28:15,149 54 INFO bench werkzeug: 127.0.0.1 - - [08/Oct/2026 05:28:15] "POST /json/2/stock.quant/search HTTP/1.1" 200 - 3 0.001 0.005
2026-10-08 05:28:15,182 54 INFO bench werkzeug: 127.0.0.1 - - [08/Oct/2026 05:28:15] "POST /json/2/product.product/search HTTP/1.1" 200 - 4 0.002 0.007
2026-10-08 05:28:15,205 54 INFO bench werkzeug: 127.0.0.1 - - [08/Oct/2026 05:28:15] "POST /json/2/stock.quant/search HTTP/1.1" 200 - 3 0.001 0.005
2026-10-08 05:28:15,229 54 INFO bench werkzeug: 127.0.0.1 - - [08/Oct/2026 05:28:15] "POST /json/2/product.product/search HTTP/1.1" 200 - 4 0.002 0.007
2026-10-08 05:28:15,251 54 INFO bench werkzeug: 127.0.0.1 - - [08/Oct/2026 05:28:15] "POST /json/2/stock.quant/search HTTP/1.1" 200 - 3 0.002 0.005
2026-10-08 05:28:15,277 54 INFO bench werkzeug: 127.0.0.1 - - [08/Oct/2026 05:28:15] "POST /json/2/product.product/search HTTP/1.1" 200 - 4 0.003 0.007
2026-10-08 05:28:15,299 54 INFO bench werkzeug: 127.0.0.1 - - [08/Oct/2026 05:28:15] "POST /json/2/stock.quant/search HTTP/1.1" 200 - 3 0.002 0.006
2026-10-08 05:28:15,322 54 INFO bench werkzeug: 127.0.0.1 - - [08/Oct/2026 05:28:15] "POST /json/2/product.product/search HTTP/1.1" 200 - 4 0.002 0.007
2026-10-08 05:28:15,345 54 INFO bench werkzeug: 127.0.0.1 - - [08/Oct/2026 05:28:15] "POST /json/2/stock.quant/search HTTP/1.1" 200 - 3 0.002 0.005
2026-10-08 05:28:15,371 54 INFO bench werkzeug: 127.0.0.1 - - [08/Oct/2026 05:28:15] "POST /json/2/product.product/search HTTP/1.1" 200 - 4 0.002 0.007
2026-10-08 05:28:15,398 54 INFO bench werkzeug: 127.0.0.1 - - [08/Oct/2026 05:28:15] "POST /json/2/stock.quant/search HTTP/1.1" 200 - 3 0.002 0.006
2026-10-08 05:28:15,423 54 INFO bench werkzeug: 127.0.0.1 - - [08/Oct/2026 05:28:15] "POST /json/2/product.product/search HTTP/1.1" 200 - 4 0.002 0.007
2026-10-08 05:28:15,448 54 INFO bench werkzeug: 127.0.0.1 - - [08/Oct/2026 05:28:15] "POST /json/2/stock.quant/search HTTP/1.1" 200 - 3 0.002 0.006
2026-10-08 05:28:15,474 54 INFO bench werkzeug: 127.0.0.1 - - [08/Oct/2026 05:28:15] "POST /json/2/product.product/search HTTP/1.1" 200 - 4 0.002 0.007
2026-10-08 05:28:15,507 54 INFO bench werkzeug: 127.0.0.1 - - [08/Oct/2026 05:28:15] "POST /json/2/stock.quant/search HTTP/1.1" 200 - 3 0.002 0.006
2026-10-08 05:28:15,534 54 INFO bench werkzeug: 127.0.0.1 - - [08/Oct/2026 05:28:15] "POST /json/2/product.product/search HTTP/1.1" 200 - 4 0.003 0.007
2026-10-08 05:28:15,559 54 INFO bench werkzeug: 127.0.0.1 - - [08/Oct/2026 05:28:15] "POST /json/2/stock.quant/search HTTP/1.1" 200 - 3 0.002 0.006
2026-10-08 05:28:15,583 54 INFO bench werkzeug: 127.0.0.1 - - [08/Oct/2026 05:28:15] "POST /json/2/product.product/search HTTP/1.1" 200 - 4 0.002 0.007
2026-10-08 05:28:15,606 54 INFO bench werkzeug: 127.0.0.1 - - [08/Oct/2026 05:28:15] "POST /json/2/stock.quant/search HTTP/1.1" 200 - 3 0.001 0.006
2026-10-08 05:28:15,631 54 INFO bench werkzeug: 127.0.0.1 - - [08/Oct/2026 05:28:15] "POST /json/2/product.product/search HTTP/1.1" 200 - 4 0.002 0.007
2026-10-08 05:28:15,656 54 INFO bench werkzeug: 127.0.0.1 - - [08/Oct/2026 05:28:15] "POST /json/2/stock.quant/search HTTP/1.1" 200 - 3 0.002 0.006
2026-10-08 05:28:15,682 54 INFO bench werkzeug: 127.0.0.1 - - [08/Oct/2026 05:28:15] "POST /json/2/product.product/search HTTP/1.1" 200 - 4 0.002 0.007
2026-10-08 05:28:15,706 54 INFO bench werkzeug: 127.0.0.1 - - [08/Oct/2026 05:28:15] "POST /json/2/stock.quant/search HTTP/1.1" 200 - 3 0.001 0.006
2026-10-08 05:28:15,734 54 INFO bench werkzeug: 127.0.0.1 - - [08/Oct/2026 05:28:15] "POST /json/2/product.product/search HTTP/1.1" 200 - 4 0.004 0.007
2026-10-08 05:28:15,756 54 INFO bench werkzeug: 127.0.0.1 - - [08/Oct/2026 05:28:15] "POST /json/2/stock.quant/search HTTP/1.1" 200 - 3 0.002 0.006
2026-10-08 05:28:15,780 54 INFO bench werkzeug: 127.0.0.1 - - [08/Oct/2026 05:28:15] "POST /json/2/product.product/search HTTP/1.1" 200 - 4 0.002 0.007
2026-10-08 05:28:15,803 54 INFO bench werkzeug: 127.0.0.1 - - [08/Oct/2026 05:28:15] "POST /json/2/stock.quant/search HTTP/1.1" 200 - 3 0.002 0.006
2026-10-08 05:28:15,837 54 INFO bench werkzeug: 127.0.0.1 - - [08/Oct/2026 05:28:15] "POST /json/2/product.product/search HTTP/1.1" 200 - 4 0.002 0.007
2026-10-08 05:28:15,858 54 INFO bench werkzeug: 127.0.0.1 - - [08/Oct/2026 05:28:15] "POST /json/2/stock.quant/search HTTP/1.1" 200 - 3 0.002 0.006
2026-10-08 05:28:15,884 54 INFO bench werkzeug: 127.0.0.1 - - [08/Oct/2026 05:28:15] "POST /json/2/product.product/search HTTP/1.1" 200 - 4 0.003 0.008
2026-10-08 05:28:15,909 54 INFO bench werkzeug: 127.0.0.1 - - [08/Oct/2026 05:28:15] "POST /json/2/stock.quant/search HTTP/1.1" 200 - 3 0.002 0.006
2026-10-08 05:28:15,937 54 INFO bench werkzeug: 127.0.0.1 - - [08/Oct/2026 05:28:15] "POST /json/2/product.product/search HTTP/1.1" 200 - 4 0.003 0.007
2026-10-08 05:28:15,957 54 INFO bench werkzeug: 127.0.0.1 - - [08/Oct/2026 05:28:15] "POST /json/2/stock.quant/search HTTP/1.1" 200 - 3 0.001 0.005
2026-10-08 05:28:15,982 54 INFO bench werkzeug: 127.0.0.1 - - [08/Oct/2026 05:28:15] "POST /json/2/product.product/search HTTP/1.1" 200 - 4 0.002 0.007
2026-10-08 05:28:16,006 54 INFO bench werkzeug: 127.0.0.1 - - [08/Oct/2026 05:28:16] "POST /json/2/stock.quant/search HTTP/1.1" 200 - 3 0.002 0.006
2026-10-08 05:28:16,032 54 INFO bench werkzeug: 127.0.0.1 - - [08/Oct/2026 05:28:16] "POST /json/2/product.product/search HTTP/1.1" 200 - 4 0.003 0.009
2026-10-08 05:28:16,057 54 INFO bench werkzeug: 127.0.0.1 - - [08/Oct/2026 05:28:16] "POST /json/2/stock.quant/search HTTP/1.1" 200 - 3 0.001 0.006
2026-10-08 05:28:16,084 54 INFO bench werkzeug: 127.0.0.1 - - [08/Oct/2026 05:28:16] "POST /json/2/product.product/search HTTP/1.1" 200 - 4 0.003 0.008
2026-10-08 05:28:16,106 54 INFO bench werkzeug: 127.0.0.1 - - [08/Oct/2026 05:28:16] "POST /json/2/stock.quant/search HTTP/1.1" 200 - 3 0.002 0.006
2026-10-08 05:28:16,132 54 INFO bench werkzeug: 127.0.0.1 - - [08/Oct/2026 05:28:16] "POST /json/2/product.product/search HTTP/1.1" 200 - 4 0.002 0.008
2026-10-08 05:28:16,165 54 INFO bench werkzeug: 127.0.0.1 - - [08/Oct/2026 05:28:16] "POST /json/2/stock.quant/search HTTP/1.1" 200 - 3 0.001 0.005
2026-10-08 05:28:16,189 54 INFO bench werkzeug: 127.0.0.1 - - [08/Oct/2026 05:28:16] "POST /json/2/product.product/search HTTP/1.1" 200 - 4 0.002 0.006
2026-10-08 05:28:16,213 54 INFO bench werkzeug: 127.0.0.1 - - [08/Oct/2026 05:28:16] "POST /json/2/stock.quant/search HTTP/1.1" 200 - 3 0.001 0.005
2026-10-08 05:28:16,240 54 INFO bench werkzeug: 127.0.0.1 - - [08/Oct/2026 05:28:16] "POST /json/2/product.product/search HTTP/1.1" 200 - 4 0.002 0.008
2026-10-08 05:28:16,264 54 INFO bench werkzeug: 127.0.0.1 - - [08/Oct/2026 05:28:16] "POST /json/2/stock.quant/search HTTP/1.1" 200 - 3 0.002 0.006
2026-10-08 05:28:16,291 54 INFO bench werkzeug: 127.0.0.1 - - [08/Oct/2026 05:28:16] "POST /json/2/product.product/search HTTP/1.1" 200 - 4 0.002 0.007
2026-10-08 05:28:16,319 54 INFO bench werkzeug: 127.0.0.1 - - [08/Oct/2026 05:28:16] "POST /json/2/stock.quant/search HTTP/1.1" 200 - 3 0.002 0.007
2026-10-08 05:28:16,345 54 INFO bench werkzeug: 127.0.0.1 - - [08/Oct/2026 05:28:16] "POST /json/2/product.product/search HTTP/1.1" 200 - 4 0.002 0.007
2026-10-08 05:28:16,368 54 INFO bench werkzeug: 127.0.0.1 - - [08/Oct/2026 05:28:16] "POST /json/2/stock.quant/search HTTP/1.1" 200 - 3 0.001 0.005
2026-10-08 05:28:16,393 54 INFO bench werkzeug: 127.0.0.1 - - [08/Oct/2026 05:28:16] "POST /json/2/product.product/search HTTP/1.1" 200 - 4 0.002 0.007
2026-10-08 05:28:16,414 54 INFO bench werkzeug: 127.0.0.1 - - [08/Oct/2026 05:28:16] "POST /json/2/stock.quant/search HTTP/1.1" 200 - 3 0.002 0.005
2026-10-08 05:28:16,438 54 INFO bench werkzeug: 127.0.0.1 - - [08/Oct/2026 05:28:16] "POST /json/2/product.product/search HTTP/1.1" 200 - 4 0.002 0.007
2026-10-08 05:28:16,461 54 INFO bench werkzeug: 127.0.0.1 - - [08/Oct/2026 05:28:16] "POST /json/2/stock.quant/search HTTP/1.1" 200 - 3 0.002 0.006
2026-10-08 05:28:16,504 54 INFO bench werkzeug: 127.0.0.1 - - [08/Oct/2026 05:28:16] "POST /json/2/product.product/search HTTP/1.1" 200 - 4 0.003 0.007
2026-10-08 05:28:16,529 54 INFO bench werkzeug: 127.0.0.1 - - [08/Oct/2026 05:28:16] "POST /json/2/stock.quant/search HTTP/1.1" 200 - 3 0.002 0.006
2026-10-08 05:28:16,553 54 INFO bench werkzeug: 127.0.0.1 - - [08/Oct/2026 05:28:16] "POST /json/2/product.product/search HTTP/1.1" 200 - 4 0.002 0.007
2026-10-08 05:28:16,576 54 INFO bench werkzeug: 127.0.0.1 - - [08/Oct/2026 05:28:16] "POST /json/2/stock.quant/search HTTP/1.1" 200 - 3 0.002 0.006
2026-10-08 05:28:16,603 54 INFO bench werkzeug: 127.0.0.1 - - [08/Oct/2026 05:28:16] "POST /json/2/product.product/search HTTP/1.1" 200 - 4 0.003 0.008
2026-10-08 05:28:16,627 54 INFO bench werkzeug: 127.0.0.1 - - [08/Oct/2026 05:28:16] "POST /json/2/stock.quant/search HTTP/1.1" 200 - 3 0.002 0.006
2026-10-08 05:28:16,654 54 INFO bench werkzeug: 127.0.0.1 - - [08/Oct/2026 05:28:16] "POST /json/2/product.product/search HTTP/1.1" 200 - 4 0.002 0.008
2026-10-08 05:28:16,679 54 INFO bench werkzeug: 127.0.0.1 - - [08/Oct/2026 05:28:16] "POST /json/2/stock.quant/search HTTP/1.1" 200 - 3 0.002 0.006
2026-10-08 05:28:16,705 54 INFO bench werkzeug: 127.0.0.1 - - [08/Oct/2026 05:28:16] "POST /json/2/product.product/search HTTP/1.1" 200 - 4 0.002 0.007
2026-10-08 05:28:16,729 54 INFO bench werkzeug: 127.0.0.1 - - [08/Oct/2026 05:28:16] "POST /json/2/stock.quant/search HTTP/1.1" 200 - 3 0.002 0.006
2026-10-08 05:28:16,754 54 INFO bench werkzeug: 127.0.0.1 - - [08/Oct/2026 05:28:16] "POST /json/2/product.product/search HTTP/1.1" 200 - 4 0.002 0.007
2026-10-08 05:28:16,778 54 INFO bench werkzeug: 127.0.0.1 - - [08/Oct/2026 05:28:16] "POST /json/2/stock.quant/search HTTP/1.1" 200 - 3 0.002 0.006
2026-10-08 05:28:18,411 54 INFO bench werkzeug: 127.0.0.1 - - [08/Oct/2026 05:28:18] "GET /web/health HTTP/1.1" 200 - 2 0.002 0.012
2026-10-08 05:28:22,518 54 INFO bench werkzeug: 127.0.0.1 - - [08/Oct/2026 05:28:22] "GET /web/health HTTP/1.1" 200 - 2 0.002 0.009
2026-10-08 05:28:25,530 54 INFO bench werkzeug: 127.0.0.1 - - [08/Oct/2026 05:28:25] "GET /web/database/selector HTTP/1.1" 200 - 5 0.004 0.309
2026-10-08 05:28:25,847 54 INFO bench werkzeug: 127.0.0.1 - - [08/Oct/2026 05:28:25] "GET /web/database/selector HTTP/1.1" 200 - 5 0.003 0.310
2026-10-08 05:28:25,999 54 INFO bench werkzeug: 127.0.0.1 - - [08/Oct/2026 05:28:25] "POST /json/2/res.users/context_get HTTP/1.1" 200 - 4 0.002 0.006
2026-10-08 05:28:26,022 54 INFO bench werkzeug: 127.0.0.1 - - [08/Oct/2026 05:28:26] "POST /json/2/res.partner/search HTTP/1.1" 200 - 4 0.002 0.006
2026-10-08 05:28:26,043 54 INFO bench werkzeug: 127.0.0.1 - - [08/Oct/2026 05:28:26] "POST /json/2/product.product/search HTTP/1.1" 200 - 4 0.002 0.006
2026-10-08 05:28:26,069 54 INFO bench werkzeug: 127.0.0.1 - - [08/Oct/2026 05:28:26] "POST /json/2/sale.order/search HTTP/1.1" 200 - 8 0.004 0.007
2026-10-08 05:28:26,092 54 INFO bench werkzeug: 127.0.0.1 - - [08/Oct/2026 05:28:26] "POST /json/2/res.partner/search HTTP/1.1" 200 - 4 0.002 0.006
2026-10-08 05:28:26,111 54 INFO bench werkzeug: 127.0.0.1 - - [08/Oct/2026 05:28:26] "POST /json/2/sale.order/search HTTP/1.1" 200 - 3 0.001 0.005
2026-10-08 05:28:26,132 54 INFO bench werkzeug: 127.0.0.1 - - [08/Oct/2026 05:28:26] "POST /json/2/res.partner/search HTTP/1.1" 200 - 4 0.002 0.006
2026-10-08 05:28:26,153 54 INFO bench werkzeug: 127.0.0.1 - - [08/Oct/2026 05:28:26] "POST /json/2/sale.order/search HTTP/1.1" 200 - 3 0.001 0.005
2026-10-08 05:28:26,174 54 INFO bench werkzeug: 127.0.0.1 - - [08/Oct/2026 05:28:26] "POST /json/2/res.partner/search HTTP/1.1" 200 - 4 0.002 0.006
2026-10-08 05:28:26,196 54 INFO bench werkzeug: 127.0.0.1 - - [08/Oct/2026 05:28:26] "POST /json/2/sale.order/search HTTP/1.1" 200 - 3 0.001 0.005
2026-10-08 05:28:26,221 54 INFO bench werkzeug: 127.0.0.1 - - [08/Oct/2026 05:28:26] "POST /json/2/sale.order/search HTTP/1.1" 200 - 3 0.001 0.005
2026-10-08 05:28:26,241 54 INFO bench werkzeug: 127.0.0.1 - - [08/Oct/2026 05:28:26] "POST /json/2/sale.order/search HTTP/1.1" 200 - 3 0.002 0.005
2026-10-08 05:28:26,260 54 INFO bench werkzeug: 127.0.0.1 - - [08/Oct/2026 05:28:26] "POST /json/2/sale.order/search HTTP/1.1" 200 - 3 0.001 0.005
2026-10-08 05:28:26,281 54 INFO bench werkzeug: 127.0.0.1 - - [08/Oct/2026 05:28:26] "POST /json/2/sale.order/search HTTP/1.1" 200 - 3 0.001 0.005
2026-10-08 05:28:26,301 54 INFO bench werkzeug: 127.0.0.1 - - [08/Oct/2026 05:28:26] "POST /json/2/sale.order/search HTTP/1.1" 200 - 3 0.001 0.005
2026-10-08 05:28:26,320 54 INFO bench werkzeug: 127.0.0.1 - - [08/Oct/2026 05:28:26] "POST /json/2/sale.order/search HTTP/1.1" 200 - 3 0.001 0.005
2026-10-08 05:28:26,341 54 INFO bench werkzeug: 127.0.0.1 - - [08/Oct/2026 05:28:26] "POST /json/2/sale.order/search HTTP/1.1" 200 - 3 0.002 0.006
2026-10-08 05:28:26,361 54 INFO bench werkzeug: 127.0.0.1 - - [08/Oct/2026 05:28:26] "POST /json/2/sale.order/search HTTP/1.1" 200 - 3 0.001 0.005
2026-10-08 05:28:26,381 54 INFO bench werkzeug: 127.0.0.1 - - [08/Oct/2026 05:28:26] "POST /json/2/sale.order/search HTTP/1.1" 200 - 3 0.002 0.005
2026-10-08 05:28:26,401 54 INFO bench werkzeug: 127.0.0.1 - - [08/Oct/2026 05:28:26] "POST /json/2/sale.order/search HTTP/1.1" 200 - 3 0.001 0.005
2026-10-08 05:28:26,422 54 INFO bench werkzeug: 127.0.0.1 - - [08/Oct/2026 05:28:26] "POST /json/2/sale.order/search HTTP/1.1" 200 - 3 0.002 0.005
2026-10-08 05:28:26,443 54 INFO bench werkzeug: 127.0.0.1 - - [08/Oct/2026 05:28:26] "POST /json/2/sale.order/search HTTP/1.1" 200 - 3 0.001 0.005
2026-10-08 05:28:26,469 54 INFO bench werkzeug: 127.0.0.1 - - [08/Oct/2026 05:28:26] "POST /json/2/sale.order/search HTTP/1.1" 200 - 3 0.001 0.005
2026-10-08 05:28:26,489 54 INFO bench werkzeug: 127.0.0.1 - - [08/Oct/2026 05:28:26] "POST /json/2/sale.order/search HTTP/1.1" 200 - 3 0.001 0.005
2026-10-08 05:28:26,509 54 INFO bench werkzeug: 127.0.0.1 - - [08/Oct/2026 05:28:26] "POST /json/2/sale.order/search HTTP/1.1" 200 - 3 0.001 0.005
2026-10-08 05:28:26,530 54 INFO bench werkzeug: 127.0.0.1 - - [08/Oct/2026 05:28:26] "POST /json/2/sale.order/search HTTP/1.1" 200 - 3 0.001 0.005
2026-10-08 05:28:26,551 54 INFO bench werkzeug: 127.0.0.1 - - [08/Oct/2026 05:28:26] "POST /json/2/product.product/search HTTP/1.1" 200 - 4 0.002 0.006
2026-10-08 05:28:26,571 54 INFO bench werkzeug: 127.0.0.1 - - [08/Oct/2026 05:28:26] "POST /json/2/product.product/search HTTP/1.1" 200 - 4 0.002 0.006
2026-10-08 05:28:26,592 54 INFO bench werkzeug: 127.0.0.1 - - [08/Oct/2026 05:28:26] "POST /json/2/product.product/search HTTP/1.1" 200 - 4 0.002 0.006
2026-10-08 05:28:26,613 54 INFO bench werkzeug: 127.0.0.1 - - [08/Oct/2026 05:28:26] "POST /json/2/product.product/search HTTP/1.1" 200 - 4 0.002 0.006
2026-10-08 05:28:26,633 54 INFO bench werkzeug: 127.0.0.1 - - [08/Oct/2026 05:28:26] "POST /json/2/product.product/search HTTP/1.1" 200 - 4 0.002 0.006
2026-10-08 05:28:26,654 54 INFO bench werkzeug: 127.0.0.1 - - [08/Oct/2026 05:28:26] "POST /json/2/product.product/search HTTP/1.1" 200 - 4 0.002 0.006
2026-10-08 05:28:26,676 54 INFO bench werkzeug: 127.0.0.1 - - [08/Oct/2026 05:28:26] "POST /json/2/product.product/search HTTP/1.1" 200 - 4 0.002 0.006
2026-10-08 05:28:26,698 54 INFO bench werkzeug: 127.0.0.1 - - [08/Oct/2026 05:28:26] "POST /json/2/product.product/search HTTP/1.1" 200 - 4 0.002 0.006
2026-10-08 05:28:26,720 54 INFO bench werkzeug: 127.0.0.1 - - [08/Oct/2026 05:28:26] "POST /json/2/product.product/search HTTP/1.1" 200 - 4 0.002 0.006
2026-10-08 05:28:26,749 54 INFO bench werkzeug: 127.0.0.1 - - [08/Oct/2026 05:28:26] "POST /json/2/product.product/search HTTP/1.1" 200 - 4 0.002 0.006
2026-10-08 05:28:26,771 54 INFO bench werkzeug: 127.0.0.1 - - [08/Oct/2026 05:28:26] "POST /json/2/product.product/search HTTP/1.1" 200 - 4 0.002 0.006
2026-10-08 05:28:26,793 54 INFO bench werkzeug: 127.0.0.1 - - [08/Oct/2026 05:28:26] "POST /json/2/product.product/search HTTP/1.1" 200 - 4 0.002 0.006
2026-10-08 05:28:26,815 54 INFO bench werkzeug: 127.0.0.1 - - [08/Oct/2026 05:28:26] "POST /json/2/product.product/search HTTP/1.1" 200 - 4 0.002 0.007
2026-10-08 05:28:26,835 54 INFO bench werkzeug: 127.0.0.1 - - [08/Oct/2026 05:28:26] "POST /json/2/product.product/search HTTP/1.1" 200 - 4 0.002 0.006
2026-10-08 05:28:26,856 54 INFO bench werkzeug: 127.0.0.1 - - [08/Oct/2026 05:28:26] "POST /json/2/product.product/search HTTP/1.1" 200 - 4 0.002 0.006
2026-10-08 05:28:26,876 54 INFO bench werkzeug: 127.0.0.1 - - [08/Oct/2026 05:28:26] "POST /json/2/product.product/search HTTP/1.1" 200 - 4 0.002 0.006
2026-10-08 05:28:26,900 54 INFO bench werkzeug: 127.0.0.1 - - [08/Oct/2026 05:28:26] "POST /json/2/purchase.order/search HTTP/1.1" 200 - 8 0.003 0.007
2026-10-08 05:28:26,923 54 INFO bench werkzeug: 127.0.0.1 - - [08/Oct/2026 05:28:26] "POST /json/2/mrp.production/search HTTP/1.1" 200 - 8 0.003 0.007
2026-10-08 05:28:26,943 54 INFO bench werkzeug: 127.0.0.1 - - [08/Oct/2026 05:28:26] "POST /json/2/mrp.production/search HTTP/1.1" 200 - 3 0.001 0.005
2026-10-08 05:28:26,963 54 INFO bench werkzeug: 127.0.0.1 - - [08/Oct/2026 05:28:26] "POST /json/2/mrp.production/search HTTP/1.1" 200 - 3 0.001 0.005
2026-10-08 05:28:26,983 54 INFO bench werkzeug: 127.0.0.1 - - [08/Oct/2026 05:28:26] "POST /json/2/mrp.production/search HTTP/1.1" 200 - 3 0.001 0.005
2026-10-08 05:28:27,002 54 INFO bench werkzeug: 127.0.0.1 - - [08/Oct/2026 05:28:27] "POST /json/2/mrp.production/search HTTP/1.1" 200 - 3 0.001 0.005
2026-10-08 05:28:27,028 54 INFO bench werkzeug: 127.0.0.1 - - [08/Oct/2026 05:28:27] "POST /json/2/mrp.production/search HTTP/1.1" 200 - 3 0.001 0.005
2026-10-08 05:28:27,047 54 INFO bench werkzeug: 127.0.0.1 - - [08/Oct/2026 05:28:27] "POST /json/2/mrp.production/search HTTP/1.1" 200 - 3 0.002 0.005
2026-10-08 05:28:27,066 54 INFO bench werkzeug: 127.0.0.1 - - [08/Oct/2026 05:28:27] "POST /json/2/mrp.production/search HTTP/1.1" 200 - 3 0.001 0.005
2026-10-08 05:28:27,085 54 INFO bench werkzeug: 127.0.0.1 - - [08/Oct/2026 05:28:27] "POST /json/2/mrp.production/search HTTP/1.1" 200 - 3 0.001 0.005
2026-10-08 05:28:27,103 54 INFO bench werkzeug: 127.0.0.1 - - [08/Oct/2026 05:28:27] "POST /json/2/mrp.production/search HTTP/1.1" 200 - 3 0.001 0.005
2026-10-08 05:28:27,126 54 INFO bench werkzeug: 127.0.0.1 - - [08/Oct/2026 05:28:27] "POST /json/2/sale.order/search HTTP/1.1" 200 - 3 0.001 0.008
2026-10-08 05:28:27,145 54 INFO bench werkzeug: 127.0.0.1 - - [08/Oct/2026 05:28:27] "POST /json/2/sale.order/search HTTP/1.1" 200 - 3 0.002 0.005
2026-10-08 05:28:27,164 54 INFO bench werkzeug: 127.0.0.1 - - [08/Oct/2026 05:28:27] "POST /json/2/sale.order/search HTTP/1.1" 200 - 3 0.001 0.005
2026-10-08 05:28:27,184 54 INFO bench werkzeug: 127.0.0.1 - - [08/Oct/2026 05:28:27] "POST /json/2/sale.order/search HTTP/1.1" 200 - 3 0.001 0.005
2026-10-08 05:28:27,204 54 INFO bench werkzeug: 127.0.0.1 - - [08/Oct/2026 05:28:27] "POST /json/2/sale.order/search HTTP/1.1" 200 - 3 0.001 0.005
2026-10-08 05:28:27,224 54 INFO bench werkzeug: 127.0.0.1 - - [08/Oct/2026 05:28:27] "POST /json/2/purchase.order/search HTTP/1.1" 200 - 3 0.001 0.005
2026-10-08 05:28:27,244 54 INFO bench werkzeug: 127.0.0.1 - - [08/Oct/2026 05:28:27] "POST /json/2/purchase.order/search HTTP/1.1" 200 - 3 0.001 0.005
2026-10-08 05:28:27,264 54 INFO bench werkzeug: 127.0.0.1 - - [08/Oct/2026 05:28:27] "POST /json/2/purchase.order/search HTTP/1.1" 200 - 3 0.001 0.005
2026-10-08 05:28:27,292 54 INFO bench werkzeug: 127.0.0.1 - - [08/Oct/2026 05:28:27] "POST /json/2/purchase.order/search HTTP/1.1" 200 - 3 0.001 0.005
2026-10-08 05:28:27,311 54 INFO bench werkzeug: 127.0.0.1 - - [08/Oct/2026 05:28:27] "POST /json/2/purchase.order/search HTTP/1.1" 200 - 3 0.001 0.005
2026-10-08 05:28:27,331 54 INFO bench werkzeug: 127.0.0.1 - - [08/Oct/2026 05:28:27] "POST /json/2/mrp.production/search HTTP/1.1" 200 - 3 0.001 0.005
2026-10-08 05:28:27,350 54 INFO bench werkzeug: 127.0.0.1 - - [08/Oct/2026 05:28:27] "POST /json/2/mrp.production/search HTTP/1.1" 200 - 3 0.002 0.005
2026-10-08 05:28:27,370 54 INFO bench werkzeug: 127.0.0.1 - - [08/Oct/2026 05:28:27] "POST /json/2/mrp.production/search HTTP/1.1" 200 - 3 0.001 0.005
2026-10-08 05:28:27,389 54 INFO bench werkzeug: 127.0.0.1 - - [08/Oct/2026 05:28:27] "POST /json/2/mrp.production/search HTTP/1.1" 200 - 3 0.001 0.005
2026-10-08 05:28:27,408 54 INFO bench werkzeug: 127.0.0.1 - - [08/Oct/2026 05:28:27] "POST /json/2/mrp.production/search HTTP/1.1" 200 - 3 0.001 0.005
2026-10-08 05:28:27,428 54 INFO bench werkzeug: 127.0.0.1 - - [08/Oct/2026 05:28:27] "POST /json/2/mrp.production/search HTTP/1.1" 200 - 3 0.001 0.005
2026-10-08 05:28:27,447 54 INFO bench werkzeug: 127.0.0.1 - - [08/Oct/2026 05:28:27] "POST /json/2/mrp.production/search HTTP/1.1" 200 - 3 0.001 0.005
2026-10-08 05:28:27,466 54 INFO bench werkzeug: 127.0.0.1 - - [08/Oct/2026 05:28:27] "POST /json/2/mrp.production/search HTTP/1.1" 200 - 3 0.001 0.005
2026-10-08 05:28:27,485 54 INFO bench werkzeug: 127.0.0.1 - - [08/Oct/2026 05:28:27] "POST /json/2/mrp.production/search HTTP/1.1" 200 - 3 0.001 0.005
2026-10-08 05:28:27,504 54 INFO bench werkzeug: 127.0.0.1 - - [08/Oct/2026 05:28:27] "POST /json/2/mrp.production/search HTTP/1.1" 200 - 3 0.001 0.005
2026-10-08 05:28:27,524 54 INFO bench werkzeug: 127.0.0.1 - - [08/Oct/2026 05:28:27] "POST /json/2/purchase.order/search HTTP/1.1" 200 - 3 0.001 0.005
2026-10-08 05:28:27,543 54 INFO bench werkzeug: 127.0.0.1 - - [08/Oct/2026 05:28:27] "POST /json/2/purchase.order/search HTTP/1.1" 200 - 3 0.001 0.004
2026-10-08 05:28:27,571 54 INFO bench werkzeug: 127.0.0.1 - - [08/Oct/2026 05:28:27] "POST /json/2/mrp.production/search HTTP/1.1" 200 - 3 0.001 0.005
2026-10-08 05:28:27,590 54 INFO bench werkzeug: 127.0.0.1 - - [08/Oct/2026 05:28:27] "POST /json/2/mrp.production/search HTTP/1.1" 200 - 3 0.002 0.005
2026-10-08 05:28:27,609 54 INFO bench werkzeug: 127.0.0.1 - - [08/Oct/2026 05:28:27] "POST /json/2/mrp.production/search HTTP/1.1" 200 - 3 0.001 0.005
2026-10-08 05:28:27,629 54 INFO bench werkzeug: 127.0.0.1 - - [08/Oct/2026 05:28:27] "POST /json/2/mrp.production/search HTTP/1.1" 200 - 3 0.001 0.005
2026-10-08 05:28:27,649 54 INFO bench werkzeug: 127.0.0.1 - - [08/Oct/2026 05:28:27] "POST /json/2/mrp.production/search HTTP/1.1" 200 - 3 0.001 0.005
2026-10-08 05:28:27,668 54 INFO bench werkzeug: 127.0.0.1 - - [08/Oct/2026 05:28:27] "POST /json/2/mrp.production/search HTTP/1.1" 200 - 3 0.001 0.005
2026-10-08 05:28:27,686 54 INFO bench werkzeug: 127.0.0.1 - - [08/Oct/2026 05:28:27] "POST /json/2/mrp.production/search HTTP/1.1" 200 - 3 0.001 0.005
2026-10-08 05:28:27,706 54 INFO bench werkzeug: 127.0.0.1 - - [08/Oct/2026 05:28:27] "POST /json/2/mrp.production/search HTTP/1.1" 200 - 3 0.001 0.005
2026-10-08 05:28:27,724 54 INFO bench werkzeug: 127.0.0.1 - - [08/Oct/2026 05:28:27] "POST /json/2/mrp.production/search HTTP/1.1" 200 - 3 0.001 0.005
2026-10-08 05:28:27,742 54 INFO bench werkzeug: 127.0.0.1 - - [08/Oct/2026 05:28:27] "POST /json/2/mrp.production/search HTTP/1.1" 200 - 3 0.001 0.005
2026-10-08 05:28:27,762 54 INFO bench werkzeug: 127.0.0.1 - - [08/Oct/2026 05:28:27] "POST /json/2/purchase.order/search HTTP/1.1" 200 - 3 0.002 0.005
2026-10-08 05:28:27,781 54 INFO bench werkzeug: 127.0.0.1 - - [08/Oct/2026 05:28:27] "POST /json/2/purchase.order/search HTTP/1.1" 200 - 3 0.001 0.005
2026-10-08 05:28:27,807 54 INFO bench werkzeug: 127.0.0.1 - - [08/Oct/2026 05:28:27] "POST /json/2/sale.order/search HTTP/1.1" 200 - 3 0.001 0.005
2026-10-08 05:28:27,828 54 INFO bench werkzeug: 127.0.0.1 - - [08/Oct/2026 05:28:27] "POST /json/2/sale.order/search HTTP/1.1" 200 - 3 0.001 0.005
2026-10-08 05:28:27,848 54 INFO bench werkzeug: 127.0.0.1 - - [08/Oct/2026 05:28:27] "POST /json/2/sale.order/search HTTP/1.1" 200 - 3 0.001 0.005
2026-10-08 05:28:27,870 54 INFO bench werkzeug: 127.0.0.1 - - [08/Oct/2026 05:28:27] "POST /json/2/sale.order/search HTTP/1.1" 200 - 3 0.001 0.005
2026-10-08 05:28:27,889 54 INFO bench werkzeug: 127.0.0.1 - - [08/Oct/2026 05:28:27] "POST /json/2/purchase.order/search HTTP/1.1" 200 - 3 0.001 0.005
2026-10-08 05:28:27,913 54 INFO bench werkzeug: 127.0.0.1 - - [08/Oct/2026 05:28:27] "POST /json/2/purchase.order.line/search HTTP/1.1" 200 - 8 0.003 0.007
2026-10-08 05:28:27,934 54 INFO bench werkzeug: 127.0.0.1 - - [08/Oct/2026 05:28:27] "POST /json/2/product.product/search HTTP/1.1" 200 - 4 0.002 0.006
2026-10-08 05:28:27,955 54 INFO bench werkzeug: 127.0.0.1 - - [08/Oct/2026 05:28:27] "POST /json/2/product.product/search HTTP/1.1" 200 - 4 0.002 0.006
2026-10-08 05:28:27,975 54 INFO bench werkzeug: 127.0.0.1 - - [08/Oct/2026 05:28:27] "POST /json/2/product.product/search HTTP/1.1" 200 - 4 0.002 0.006
2026-10-08 05:28:27,997 54 INFO bench werkzeug: 127.0.0.1 - - [08/Oct/2026 05:28:27] "POST /json/2/product.product/search HTTP/1.1" 200 - 4 0.002 0.006
2026-10-08 05:28:28,017 54 INFO bench werkzeug: 127.0.0.1 - - [08/Oct/2026 05:28:28] "POST /json/2/product.product/search HTTP/1.1" 200 - 4 0.002 0.006
2026-10-08 05:28:28,037 54 INFO bench werkzeug: 127.0.0.1 - - [08/Oct/2026 05:28:28] "POST /json/2/product.product/search HTTP/1.1" 200 - 4 0.002 0.006
2026-10-08 05:28:28,059 54 INFO bench werkzeug: 127.0.0.1 - - [08/Oct/2026 05:28:28] "POST /json/2/product.product/search HTTP/1.1" 200 - 4 0.002 0.006
2026-10-08 05:28:28,084 54 INFO bench werkzeug: 127.0.0.1 - - [08/Oct/2026 05:28:28] "POST /json/2/product.product/search HTTP/1.1" 200 - 4 0.003 0.006
2026-10-08 05:28:28,105 54 INFO bench werkzeug: 127.0.0.1 - - [08/Oct/2026 05:28:28] "POST /json/2/product.product/search HTTP/1.1" 200 - 4 0.002 0.006
2026-10-08 05:28:28,125 54 INFO bench werkzeug: 127.0.0.1 - - [08/Oct/2026 05:28:28] "POST /json/2/product.product/search HTTP/1.1" 200 - 4 0.002 0.006
2026-10-08 05:28:28,146 54 INFO bench werkzeug: 127.0.0.1 - - [08/Oct/2026 05:28:28] "POST /json/2/product.product/search HTTP/1.1" 200 - 4 0.002 0.006
2026-10-08 05:28:28,167 54 INFO bench werkzeug: 127.0.0.1 - - [08/Oct/2026 05:28:28] "POST /json/2/product.product/search HTTP/1.1" 200 - 4 0.002 0.006
2026-10-08 05:28:28,188 54 INFO bench werkzeug: 127.0.0.1 - - [08/Oct/2026 05:28:28] "POST /json/2/product.product/search HTTP/1.1" 200 - 4 0.002 0.006
2026-10-08 05:28:28,208 54 INFO bench werkzeug: 127.0.0.1 - - [08/Oct/2026 05:28:28] "POST /json/2/product.product/search HTTP/1.1" 200 - 4 0.002 0.006
2026-10-08 05:28:28,229 54 INFO bench werkzeug: 127.0.0.1 - - [08/Oct/2026 05:28:28] "POST /json/2/product.product/search HTTP/1.1" 200 - 4 0.002 0.007
2026-10-08 05:28:28,252 54 INFO bench werkzeug: 127.0.0.1 - - [08/Oct/2026 05:28:28] "POST /json/2/product.product/search HTTP/1.1" 200 - 4 0.002 0.007
2026-10-08 05:28:28,274 54 INFO bench werkzeug: 127.0.0.1 - - [08/Oct/2026 05:28:28] "POST /json/2/product.product/search HTTP/1.1" 200 - 4 0.002 0.006
2026-10-08 05:28:28,295 54 INFO bench werkzeug: 127.0.0.1 - - [08/Oct/2026 05:28:28] "POST /json/2/product.product/search HTTP/1.1" 200 - 4 0.002 0.006
2026-10-08 05:28:28,318 54 INFO bench werkzeug: 127.0.0.1 - - [08/Oct/2026 05:28:28] "POST /json/2/product.product/search HTTP/1.1" 200 - 4 0.002 0.006
2026-10-08 05:28:28,340 54 INFO bench werkzeug: 127.0.0.1 - - [08/Oct/2026 05:28:28] "POST /json/2/product.product/search HTTP/1.1" 200 - 4 0.002 0.006
2026-10-08 05:28:28,362 54 INFO bench werkzeug: 127.0.0.1 - - [08/Oct/2026 05:28:28] "POST /json/2/product.product/search HTTP/1.1" 200 - 4 0.002 0.006
2026-10-08 05:28:28,390 54 INFO bench werkzeug: 127.0.0.1 - - [08/Oct/2026 05:28:28] "POST /json/2/product.product/search HTTP/1.1" 200 - 4 0.002 0.006
2026-10-08 05:28:28,412 54 INFO bench werkzeug: 127.0.0.1 - - [08/Oct/2026 05:28:28] "POST /json/2/product.product/search HTTP/1.1" 200 - 4 0.002 0.006
2026-10-08 05:28:28,434 54 INFO bench werkzeug: 127.0.0.1 - - [08/Oct/2026 05:28:28] "POST /json/2/product.product/search HTTP/1.1" 200 - 4 0.002 0.006
2026-10-08 05:28:28,454 54 INFO bench werkzeug: 127.0.0.1 - - [08/Oct/2026 05:28:28] "POST /json/2/product.product/search HTTP/1.1" 200 - 4 0.002 0.006
2026-10-08 05:28:28,474 54 INFO bench werkzeug: 127.0.0.1 - - [08/Oct/2026 05:28:28] "POST /json/2/product.product/search HTTP/1.1" 200 - 4 0.002 0.006
2026-10-08 05:28:28,495 54 INFO bench werkzeug: 127.0.0.1 - - [08/Oct/2026 05:28:28] "POST /json/2/product.product/search HTTP/1.1" 200 - 4 0.002 0.007
2026-10-08 05:28:28,516 54 INFO bench werkzeug: 127.0.0.1 - - [08/Oct/2026 05:28:28] "POST /json/2/product.product/search HTTP/1.1" 200 - 4 0.002 0.006
2026-10-08 05:28:28,537 54 INFO bench werkzeug: 127.0.0.1 - - [08/Oct/2026 05:28:28] "POST /json/2/product.product/search HTTP/1.1" 200 - 4 0.002 0.006
2026-10-08 05:28:28,558 54 INFO bench werkzeug: 127.0.0.1 - - [08/Oct/2026 05:28:28] "POST /json/2/product.product/search HTTP/1.1" 200 - 4 0.002 0.006
2026-10-08 05:28:28,579 54 INFO bench werkzeug: 127.0.0.1 - - [08/Oct/2026 05:28:28] "POST /json/2/product.product/search HTTP/1.1" 200 - 4 0.002 0.006
2026-10-08 05:28:28,601 54 INFO bench werkzeug: 127.0.0.1 - - [08/Oct/2026 05:28:28] "POST /json/2/product.product/search HTTP/1.1" 200 - 4 0.002 0.006
2026-10-08 05:28:28,622 54 INFO bench werkzeug: 127.0.0.1 - - [08/Oct/2026 05:28:28] "POST /json/2/product.product/search HTTP/1.1" 200 - 4 0.002 0.006
2026-10-08 05:28:28,643 54 INFO bench werkzeug: 127.0.0.1 - - [08/Oct/2026 05:28:28] "POST /json/2/product.product/search HTTP/1.1" 200 - 4 0.002 0.006
2026-10-08 05:28:28,671 54 INFO bench werkzeug: 127.0.0.1 - - [08/Oct/2026 05:28:28] "POST /json/2/res.partner/search HTTP/1.1" 200 - 4 0.002 0.006
2026-10-08 05:28:28,692 54 INFO bench werkzeug: 127.0.0.1 - - [08/Oct/2026 05:28:28] "POST /json/2/res.partner/search HTTP/1.1" 200 - 4 0.002 0.006
2026-10-08 05:28:28,712 54 INFO bench werkzeug: 127.0.0.1 - - [08/Oct/2026 05:28:28] "POST /json/2/res.partner/search HTTP/1.1" 200 - 4 0.002 0.006
2026-10-08 05:28:28,733 54 INFO bench werkzeug: 127.0.0.1 - - [08/Oct/2026 05:28:28] "POST /json/2/res.partner/search HTTP/1.1" 200 - 4 0.002 0.006
2026-10-08 05:28:28,753 54 INFO bench werkzeug: 127.0.0.1 - - [08/Oct/2026 05:28:28] "POST /json/2/res.partner/search HTTP/1.1" 200 - 4 0.002 0.006
2026-10-08 05:28:28,774 54 INFO bench werkzeug: 127.0.0.1 - - [08/Oct/2026 05:28:28] "POST /json/2/res.partner/search HTTP/1.1" 200 - 4 0.002 0.006
2026-10-08 05:28:28,796 54 INFO bench werkzeug: 127.0.0.1 - - [08/Oct/2026 05:28:28] "POST /json/2/res.partner/search HTTP/1.1" 200 - 4 0.002 0.006
2026-10-08 05:28:28,816 54 INFO bench werkzeug: 127.0.0.1 - - [08/Oct/2026 05:28:28] "POST /json/2/res.partner/search HTTP/1.1" 200 - 4 0.002 0.006
2026-10-08 05:28:28,837 54 INFO bench werkzeug: 127.0.0.1 - - [08/Oct/2026 05:28:28] "POST /json/2/res.partner/search HTTP/1.1" 200 - 4 0.002 0.006
2026-10-08 05:28:28,857 54 INFO bench werkzeug: 127.0.0.1 - - [08/Oct/2026 05:28:28] "POST /json/2/res.partner/search HTTP/1.1" 200 - 4 0.002 0.006
2026-10-08 05:28:28,879 54 INFO bench werkzeug: 127.0.0.1 - - [08/Oct/2026 05:28:28] "POST /json/2/res.partner/search HTTP/1.1" 200 - 4 0.002 0.006
2026-10-08 05:28:28,899 54 INFO bench werkzeug: 127.0.0.1 - - [08/Oct/2026 05:28:28] "POST /json/2/res.partner/search HTTP/1.1" 200 - 4 0.002 0.006
2026-10-08 05:28:28,928 54 INFO bench werkzeug: 127.0.0.1 - - [08/Oct/2026 05:28:28] "POST /json/2/res.partner/search HTTP/1.1" 200 - 4 0.002 0.006
2026-10-08 05:28:28,950 54 INFO bench werkzeug: 127.0.0.1 - - [08/Oct/2026 05:28:28] "POST /json/2/res.partner/search HTTP/1.1" 200 - 4 0.002 0.006
2026-10-08 05:28:28,974 54 INFO bench werkzeug: 127.0.0.1 - - [08/Oct/2026 05:28:28] "POST /json/2/res.partner/search HTTP/1.1" 200 - 4 0.002 0.007
2026-10-08 05:28:28,994 54 INFO bench werkzeug: 127.0.0.1 - - [08/Oct/2026 05:28:28] "POST /json/2/res.partner/search HTTP/1.1" 200 - 4 0.002 0.006
2026-10-08 05:28:29,014 54 INFO bench werkzeug: 127.0.0.1 - - [08/Oct/2026 05:28:29] "POST /json/2/res.partner/search HTTP/1.1" 200 - 4 0.002 0.006
2026-10-08 05:28:29,035 54 INFO bench werkzeug: 127.0.0.1 - - [08/Oct/2026 05:28:29] "POST /json/2/res.partner/search HTTP/1.1" 200 - 4 0.002 0.006
2026-10-08 05:28:29,056 54 INFO bench werkzeug: 127.0.0.1 - - [08/Oct/2026 05:28:29] "POST /json/2/res.partner/search HTTP/1.1" 200 - 4 0.002 0.006
2026-10-08 05:28:29,075 54 INFO bench werkzeug: 127.0.0.1 - - [08/Oct/2026 05:28:29] "POST /json/2/res.partner/search HTTP/1.1" 200 - 4 0.002 0.006
2026-10-08 05:28:29,097 54 INFO bench werkzeug: 127.0.0.1 - - [08/Oct/2026 05:28:29] "POST /json/2/res.partner/search HTTP/1.1" 200 - 4 0.002 0.006
2026-10-08 05:28:29,116 54 INFO bench werkzeug: 127.0.0.1 - - [08/Oct/2026 05:28:29] "POST /json/2/res.partner/search HTTP/1.1" 200 - 4 0.002 0.006
2026-10-08 05:28:29,136 54 INFO bench werkzeug: 127.0.0.1 - - [08/Oct/2026 05:28:29] "POST /json/2/res.partner/search HTTP/1.1" 200 - 4 0.002 0.006
2026-10-08 05:28:29,157 54 INFO bench werkzeug: 127.0.0.1 - - [08/Oct/2026 05:28:29] "POST /json/2/res.partner/search HTTP/1.1" 200 - 4 0.002 0.006
2026-10-08 05:28:29,178 54 INFO bench werkzeug: 127.0.0.1 - - [08/Oct/2026 05:28:29] "POST /json/2/res.partner/search HTTP/1.1" 200 - 4 0.002 0.006
2026-10-08 05:28:29,198 54 INFO bench werkzeug: 127.0.0.1 - - [08/Oct/2026 05:28:29] "POST /json/2/res.partner/search HTTP/1.1" 200 - 4 0.002 0.006
2026-10-08 05:28:29,227 54 INFO bench werkzeug: 127.0.0.1 - - [08/Oct/2026 05:28:29] "POST /json/2/res.partner/search HTTP/1.1" 200 - 4 0.002 0.006
2026-10-08 05:28:29,247 54 INFO bench werkzeug: 127.0.0.1 - - [08/Oct/2026 05:28:29] "POST /json/2/res.partner/search HTTP/1.1" 200 - 4 0.002 0.006
2026-10-08 05:28:29,268 54 INFO bench werkzeug: 127.0.0.1 - - [08/Oct/2026 05:28:29] "POST /json/2/res.partner/search HTTP/1.1" 200 - 4 0.002 0.006
2026-10-08 05:28:29,288 54 INFO bench werkzeug: 127.0.0.1 - - [08/Oct/2026 05:28:29] "POST /json/2/res.partner/search HTTP/1.1" 200 - 4 0.002 0.006
2026-10-08 05:28:29,309 54 INFO bench werkzeug: 127.0.0.1 - - [08/Oct/2026 05:28:29] "POST /json/2/res.partner/search HTTP/1.1" 200 - 4 0.002 0.006
2026-10-08 05:28:29,330 54 INFO bench werkzeug: 127.0.0.1 - - [08/Oct/2026 05:28:29] "POST /json/2/res.partner/search HTTP/1.1" 200 - 4 0.002 0.006
2026-10-08 05:28:29,350 54 INFO bench werkzeug: 127.0.0.1 - - [08/Oct/2026 05:28:29] "POST /json/2/res.partner/search HTTP/1.1" 200 - 4 0.002 0.006
2026-10-08 05:28:29,371 54 INFO bench werkzeug: 127.0.0.1 - - [08/Oct/2026 05:28:29] "POST /json/2/res.partner/search HTTP/1.1" 200 - 4 0.002 0.006
2026-10-08 05:28:29,392 54 INFO bench werkzeug: 127.0.0.1 - - [08/Oct/2026 05:28:29] "POST /json/2/res.partner/search HTTP/1.1" 200 - 4 0.002 0.006
2026-10-08 05:28:29,412 54 INFO bench werkzeug: 127.0.0.1 - - [08/Oct/2026 05:28:29] "POST /json/2/res.partner/search HTTP/1.1" 200 - 4 0.002 0.006
2026-10-08 05:28:29,432 54 INFO bench werkzeug: 127.0.0.1 - - [08/Oct/2026 05:28:29] "POST /json/2/res.partner/search HTTP/1.1" 200 - 4 0.002 0.006
2026-10-08 05:28:29,453 54 INFO bench werkzeug: 127.0.0.1 - - [08/Oct/2026 05:28:29] "POST /json/2/res.partner/search HTTP/1.1" 200 - 4 0.002 0.006
2026-10-08 05:28:29,474 54 INFO bench werkzeug: 127.0.0.1 - - [08/Oct/2026 05:28:29] "POST /json/2/res.partner/search HTTP/1.1" 200 - 4 0.002 0.006
2026-10-08 05:28:29,499 54 INFO bench werkzeug: 127.0.0.1 - - [08/Oct/2026 05:28:29] "POST /json/2/res.partner/search HTTP/1.1" 200 - 4 0.002 0.006
2026-10-08 05:28:29,519 54 INFO bench werkzeug: 127.0.0.1 - - [08/Oct/2026 05:28:29] "POST /json/2/res.partner/search HTTP/1.1" 200 - 4 0.002 0.006
2026-10-08 05:28:29,539 54 INFO bench werkzeug: 127.0.0.1 - - [08/Oct/2026 05:28:29] "POST /json/2/res.partner/search HTTP/1.1" 200 - 4 0.002 0.006
2026-10-08 05:28:29,560 54 INFO bench werkzeug: 127.0.0.1 - - [08/Oct/2026 05:28:29] "POST /json/2/res.partner/search HTTP/1.1" 200 - 4 0.002 0.006
2026-10-08 05:28:29,580 54 INFO bench werkzeug: 127.0.0.1 - - [08/Oct/2026 05:28:29] "POST /json/2/res.partner/search HTTP/1.1" 200 - 4 0.002 0.006
2026-10-08 05:28:29,600 54 INFO bench werkzeug: 127.0.0.1 - - [08/Oct/2026 05:28:29] "POST /json/2/res.partner/search HTTP/1.1" 200 - 4 0.002 0.005
2026-10-08 05:28:29,620 54 INFO bench werkzeug: 127.0.0.1 - - [08/Oct/2026 05:28:29] "POST /json/2/res.partner/search HTTP/1.1" 200 - 4 0.002 0.006
2026-10-08 05:28:29,641 54 INFO bench werkzeug: 127.0.0.1 - - [08/Oct/2026 05:28:29] "POST /json/2/res.partner/search HTTP/1.1" 200 - 4 0.002 0.006
2026-10-08 05:28:29,661 54 INFO bench werkzeug: 127.0.0.1 - - [08/Oct/2026 05:28:29] "POST /json/2/res.partner/search HTTP/1.1" 200 - 4 0.002 0.006
2026-10-08 05:28:29,682 54 INFO bench werkzeug: 127.0.0.1 - - [08/Oct/2026 05:28:29] "POST /json/2/res.partner/search HTTP/1.1" 200 - 4 0.002 0.006
2026-10-08 05:28:29,702 54 INFO bench werkzeug: 127.0.0.1 - - [08/Oct/2026 05:28:29] "POST /json/2/res.partner/search HTTP/1.1" 200 - 4 0.002 0.005
2026-10-08 05:28:29,722 54 INFO bench werkzeug: 127.0.0.1 - - [08/Oct/2026 05:28:29] "POST /json/2/res.partner/search HTTP/1.1" 200 - 4 0.002 0.006
2026-10-08 05:28:29,742 54 INFO bench werkzeug: 127.0.0.1 - - [08/Oct/2026 05:28:29] "POST /json/2/res.partner/search HTTP/1.1" 200 - 4 0.002 0.005
2026-10-08 05:28:29,769 54 INFO bench werkzeug: 127.0.0.1 - - [08/Oct/2026 05:28:29] "POST /json/2/res.partner/search HTTP/1.1" 200 - 4 0.003 0.006
2026-10-08 05:28:29,790 54 INFO bench werkzeug: 127.0.0.1 - - [08/Oct/2026 05:28:29] "POST /json/2/res.partner/search HTTP/1.1" 200 - 4 0.002 0.006
2026-10-08 05:28:29,810 54 INFO bench werkzeug: 127.0.0.1 - - [08/Oct/2026 05:28:29] "POST /json/2/res.partner/search HTTP/1.1" 200 - 4 0.002 0.005
2026-10-08 05:28:29,830 54 INFO bench werkzeug: 127.0.0.1 - - [08/Oct/2026 05:28:29] "POST /json/2/res.partner/search HTTP/1.1" 200 - 4 0.002 0.006
2026-10-08 05:28:29,850 54 INFO bench werkzeug: 127.0.0.1 - - [08/Oct/2026 05:28:29] "POST /json/2/res.partner/search HTTP/1.1" 200 - 4 0.002 0.006
2026-10-08 05:28:29,870 54 INFO bench werkzeug: 127.0.0.1 - - [08/Oct/2026 05:28:29] "POST /json/2/res.partner/search HTTP/1.1" 200 - 4 0.002 0.006
2026-10-08 05:28:29,892 54 INFO bench werkzeug: 127.0.0.1 - - [08/Oct/2026 05:28:29] "POST /json/2/res.partner/search HTTP/1.1" 200 - 4 0.002 0.006
2026-10-08 05:28:29,912 54 INFO bench werkzeug: 127.0.0.1 - - [08/Oct/2026 05:28:29] "POST /json/2/res.partner/search HTTP/1.1" 200 - 4 0.002 0.006
2026-10-08 05:28:29,933 54 INFO bench werkzeug: 127.0.0.1 - - [08/Oct/2026 05:28:29] "POST /json/2/res.partner/search HTTP/1.1" 200 - 4 0.002 0.005
2026-10-08 05:28:29,953 54 INFO bench werkzeug: 127.0.0.1 - - [08/Oct/2026 05:28:29] "POST /json/2/res.partner/search HTTP/1.1" 200 - 4 0.002 0.006
2026-10-08 05:28:29,973 54 INFO bench werkzeug: 127.0.0.1 - - [08/Oct/2026 05:28:29] "POST /json/2/res.partner/search HTTP/1.1" 200 - 4 0.002 0.006
2026-10-08 05:28:29,996 54 INFO bench werkzeug: 127.0.0.1 - - [08/Oct/2026 05:28:29] "POST /json/2/res.partner/search HTTP/1.1" 200 - 4 0.002 0.007
2026-10-08 05:28:30,015 54 INFO bench werkzeug: 127.0.0.1 - - [08/Oct/2026 05:28:30] "POST /json/2/res.partner/search HTTP/1.1" 200 - 4 0.002 0.006
2026-10-08 05:28:30,043 54 INFO bench werkzeug: 127.0.0.1 - - [08/Oct/2026 05:28:30] "POST /json/2/res.partner/search HTTP/1.1" 200 - 4 0.002 0.006
2026-10-08 05:28:30,063 54 INFO bench werkzeug: 127.0.0.1 - - [08/Oct/2026 05:28:30] "POST /json/2/res.partner/search HTTP/1.1" 200 - 4 0.002 0.006
2026-10-08 05:28:30,084 54 INFO bench werkzeug: 127.0.0.1 - - [08/Oct/2026 05:28:30] "POST /json/2/res.partner/search HTTP/1.1" 200 - 4 0.002 0.006
2026-10-08 05:28:30,105 54 INFO bench werkzeug: 127.0.0.1 - - [08/Oct/2026 05:28:30] "POST /json/2/res.partner/search HTTP/1.1" 200 - 4 0.002 0.006
2026-10-08 05:28:30,128 54 INFO bench werkzeug: 127.0.0.1 - - [08/Oct/2026 05:28:30] "POST /json/2/res.partner/search HTTP/1.1" 200 - 4 0.002 0.009
2026-10-08 05:28:30,149 54 INFO bench werkzeug: 127.0.0.1 - - [08/Oct/2026 05:28:30] "POST /json/2/res.partner/search HTTP/1.1" 200 - 4 0.002 0.006
2026-10-08 05:28:30,170 54 INFO bench werkzeug: 127.0.0.1 - - [08/Oct/2026 05:28:30] "POST /json/2/res.partner/search HTTP/1.1" 200 - 4 0.002 0.006
2026-10-08 05:28:30,191 54 INFO bench werkzeug: 127.0.0.1 - - [08/Oct/2026 05:28:30] "POST /json/2/res.partner/search HTTP/1.1" 200 - 4 0.002 0.006
2026-10-08 05:28:30,211 54 INFO bench werkzeug: 127.0.0.1 - - [08/Oct/2026 05:28:30] "POST /json/2/res.partner/search HTTP/1.1" 200 - 4 0.002 0.005
2026-10-08 05:28:30,232 54 INFO bench werkzeug: 127.0.0.1 - - [08/Oct/2026 05:28:30] "POST /json/2/res.partner/search HTTP/1.1" 200 - 4 0.002 0.006
2026-10-08 05:28:30,252 54 INFO bench werkzeug: 127.0.0.1 - - [08/Oct/2026 05:28:30] "POST /json/2/res.partner/search HTTP/1.1" 200 - 4 0.002 0.006
2026-10-08 05:28:30,272 54 INFO bench werkzeug: 127.0.0.1 - - [08/Oct/2026 05:28:30] "POST /json/2/res.partner/search HTTP/1.1" 200 - 4 0.002 0.006
2026-10-08 05:28:30,293 54 INFO bench werkzeug: 127.0.0.1 - - [08/Oct/2026 05:28:30] "POST /json/2/res.partner/search HTTP/1.1" 200 - 4 0.002 0.006
2026-10-08 05:28:30,320 54 INFO bench werkzeug: 127.0.0.1 - - [08/Oct/2026 05:28:30] "POST /json/2/res.partner/search HTTP/1.1" 200 - 4 0.002 0.006
2026-10-08 05:28:30,341 54 INFO bench werkzeug: 127.0.0.1 - - [08/Oct/2026 05:28:30] "POST /json/2/res.partner/search HTTP/1.1" 200 - 4 0.002 0.006
2026-10-08 05:28:30,362 54 INFO bench werkzeug: 127.0.0.1 - - [08/Oct/2026 05:28:30] "POST /json/2/res.partner/search HTTP/1.1" 200 - 4 0.002 0.006
2026-10-08 05:28:30,384 54 INFO bench werkzeug: 127.0.0.1 - - [08/Oct/2026 05:28:30] "POST /json/2/res.partner/search HTTP/1.1" 200 - 4 0.002 0.006
2026-10-08 05:28:30,406 54 INFO bench werkzeug: 127.0.0.1 - - [08/Oct/2026 05:28:30] "POST /json/2/res.partner/search HTTP/1.1" 200 - 4 0.002 0.006
2026-10-08 05:28:30,426 54 INFO bench werkzeug: 127.0.0.1 - - [08/Oct/2026 05:28:30] "POST /json/2/res.partner/search HTTP/1.1" 200 - 4 0.002 0.005
2026-10-08 05:28:30,444 54 INFO bench werkzeug: 127.0.0.1 - - [08/Oct/2026 05:28:30] "POST /json/2/sale.order/search HTTP/1.1" 200 - 3 0.001 0.005
2026-10-08 05:28:30,467 54 INFO bench werkzeug: 127.0.0.1 - - [08/Oct/2026 05:28:30] "POST /json/2/sale.order.line/search HTTP/1.1" 200 - 8 0.003 0.007
2026-10-08 05:28:30,486 54 INFO bench werkzeug: 127.0.0.1 - - [08/Oct/2026 05:28:30] "POST /json/2/purchase.order/search HTTP/1.1" 200 - 3 0.001 0.005
2026-10-08 05:28:30,506 54 INFO bench werkzeug: 127.0.0.1 - - [08/Oct/2026 05:28:30] "POST /json/2/purchase.order.line/search HTTP/1.1" 200 - 3 0.001 0.005
2026-10-08 05:28:30,524 54 INFO bench werkzeug: 127.0.0.1 - - [08/Oct/2026 05:28:30] "POST /json/2/mrp.production/search HTTP/1.1" 200 - 3 0.001 0.005
