{
  "python": "<WORKSPACE>/.p26/v/bin/python",
  "python_version": "3.13.12 | packaged by conda-forge | (main, Feb  5 2026, 05:53:46) [GCC 14.3.0]",
  "dependencies": {
    "pytest": true,
    "jsonschema": true,
    "numpy": true,
    "scipy": true,
    "websockets": true
  },
  "node_path": "<USER_HOME>/.nvm/versions/node/v22.22.1/bin/node",
  "node_version": "v22.22.1",
  "nvm_exact_entries": [
    "<USER_HOME>/.nvm/versions/node/v22.22.1",
    "<USER_HOME>/.nvm/versions/node/v20.20.1"
  ],
  "pnpm_path": null,
  "opencode_path": null,
  "workspace_search_command": [
    "rg",
    "--files",
    "--hidden",
    "--no-ignore",
    "-g",
    "node",
    "-g",
    "opencode",
    "-g",
    "opencode-*",
    "-g",
    "pnpm",
    "-g",
    "pnpm-lock.yaml",
    "-g",
    "*opencode*provenance*",
    "-g",
    "*opencode*sha*",
    "-g",
    "!**/.git/**",
    "-g",
    "!**/.rpnh/**",
    "-g",
    "!**/raw/**",
    "-g",
    "!**/stages/**",
    "<WORKSPACE>"
  ],
  "workspace_search_exit": 2,
  "workspace_search_stderr": "rg: <WORKSPACE>/.e26/d: Permission denied (os error 13)\nrg: <WORKSPACE>/.e26/e/containerd: Permission denied (os error 13)\nrg: <WORKSPACE>/.e26/e/runtime-runc: Permission denied (os error 13)\nrg: <WORKSPACE>/.e26/e/libnetwork: Permission denied (os error 13)\nrg: <WORKSPACE>/task-first-wave-examples-20261008/work/docker-tmp: Permission denied (os error 13)\n",
  "workspace_search_complete": false,
  "workspace_candidates": [
    {
      "path": "<WORKSPACE>/task-cloud-takeover-20261006/B4/candidate/docs/validation/opencode-20260925.json",
      "bytes": 617,
      "elf": false,
      "executable": false
    },
    {
      "path": "<WORKSPACE>/task-cloud-takeover-20261006/B4/candidate/docs/validation/opencode-20260925.md",
      "bytes": 2991,
      "elf": false,
      "executable": false
    },
    {
      "path": "<WORKSPACE>/task-cloud-takeover-20261006/B2/stage03/docs/validation/opencode-20260925.json",
      "bytes": 617,
      "elf": false,
      "executable": false
    },
    {
      "path": "<WORKSPACE>/task-cloud-takeover-20261006/B2/stage03/docs/validation/opencode-20260925.md",
      "bytes": 2991,
      "elf": false,
      "executable": false
    },
    {
      "path": "<WORKSPACE>/task-cloud-takeover-20261006/B4/evidence/final01/source/docs/validation/opencode-20260925.json",
      "bytes": 617,
      "elf": false,
      "executable": false
    },
    {
      "path": "<WORKSPACE>/task-cloud-takeover-20261006/B4/evidence/final01/source/docs/validation/opencode-20260925.md",
      "bytes": 2991,
      "elf": false,
      "executable": false
    },
    {
      "path": "<WORKSPACE>/task-cloud-takeover-20261006/B8/prior/A2/candidate/docs/validation/opencode-20260925.json",
      "bytes": 617,
      "elf": false,
      "executable": false
    },
    {
      "path": "<WORKSPACE>/task-cloud-takeover-20261006/B8/prior/A2/candidate/docs/validation/opencode-20260925.md",
      "bytes": 2991,
      "elf": false,
      "executable": false
    },
    {
      "path": "<WORKSPACE>/task-cloud-takeover-20261006/B4/candidate/cpn/examples/adapter_task/assets/opencode-petrinet.png",
      "bytes": 96409,
      "elf": false,
      "executable": false
    },
    {
      "path": "<WORKSPACE>/task-cloud-takeover-20261006/B2/stage03/cpn/examples/adapter_task/assets/opencode-petrinet.png",
      "bytes": 96409,
      "elf": false,
      "executable": false
    },
    {
      "path": "<WORKSPACE>/task-cloud-takeover-20261006/B4/evidence/final01/source/cpn/examples/adapter_task/assets/opencode-petrinet.png",
      "bytes": 96409,
      "elf": false,
      "executable": false
    },
    {
      "path": "<WORKSPACE>/task-cloud-takeover-20261006/B2/evidence/freeze01/source/docs/validation/opencode-20260925.json",
      "bytes": 617,
      "elf": false,
      "executable": false
    },
    {
      "path": "<WORKSPACE>/task-cloud-takeover-20261006/B2/evidence/freeze01/source/docs/validation/opencode-20260925.md",
      "bytes": 2991,
      "elf": false,
      "executable": false
    },
    {
      "path": "<WORKSPACE>/task-github-publish-20261006/testing/artifacts/source-baseline/cpn/examples/adapter_task/assets/opencode-petrinet.png",
      "bytes": 96409,
      "elf": false,
      "executable": false
    },
    {
      "path": "<WORKSPACE>/task-cloud-takeover-20261006/B4/evidence/attempt01/source/docs/validation/opencode-20260925.json",
      "bytes": 617,
      "elf": false,
      "executable": false
    },
    {
      "path": "<WORKSPACE>/task-cloud-takeover-20261006/B4/evidence/attempt01/source/docs/validation/opencode-20260925.md",
      "bytes": 2991,
      "elf": false,
      "executable": false
    },
    {
      "path": "<WORKSPACE>/task-cloud-takeover-20261006/B2/evidence/freeze01/source/cpn/examples/adapter_task/assets/opencode-petrinet.png",
      "bytes": 96409,
      "elf": false,
      "executable": false
    },
    {
      "path": "<WORKSPACE>/task-cloud-takeover-20261006/B8/prior/A2/candidate/cpn/examples/adapter_task/assets/opencode-petrinet.png",
      "bytes": 96409,
      "elf": false,
      "executable": false
    },
    {
      "path": "<WORKSPACE>/task-cloud-takeover-20261006/B3/candidate/docs/validation/opencode-20260925.json",
      "bytes": 617,
      "elf": false,
      "executable": false
    },
    {
      "path": "<WORKSPACE>/task-cloud-takeover-20261006/B3/candidate/docs/validation/opencode-20260925.md",
      "bytes": 2991,
      "elf": false,
      "executable": false
    },
    {
      "path": "<WORKSPACE>/task-cloud-takeover-20261006/B4/evidence/attempt01/source/cpn/examples/adapter_task/assets/opencode-petrinet.png",
      "bytes": 96409,
      "elf": false,
      "executable": false
    },
    {
      "path": "<WORKSPACE>/task-github-publish-20261006/testing/artifacts/docs-site-wording-final/cpn/examples/adapter_task/assets/opencode-petrinet.png",
      "bytes": 96409,
      "elf": false,
      "executable": false
    },
    {
      "path": "<WORKSPACE>/task-cloud-takeover-20261006/B2/evidence/patch-recovery-freeze04/main/source/docs/validation/opencode-20260925.json",
      "bytes": 617,
      "elf": false,
      "executable": false
    },
    {
      "path": "<WORKSPACE>/task-cloud-takeover-20261006/B2/evidence/patch-recovery-freeze04/main/source/docs/validation/opencode-20260925.md",
      "bytes": 2991,
      "elf": false,
      "executable": false
    },
    {
      "path": "<WORKSPACE>/task-eu07/pytest01/test_exported_bundle_is_self_c0/adapter-task/assets/opencode-petrinet.png",
      "bytes": 96409,
      "elf": false,
      "executable": false
    },
    {
      "path": "<WORKSPACE>/task-cloud-takeover-20261006/B8/prior/A4/evidence/recovery-check-freeze04-r1/source/docs/validation/opencode-20260925.json",
      "bytes": 617,
      "elf": false,
      "executable": false
    },
    {
      "path": "<WORKSPACE>/task-cloud-takeover-20261006/B8/prior/A4/evidence/recovery-check-freeze04-r1/source/docs/validation/opencode-20260925.md",
      "bytes": 2991,
      "elf": false,
      "executable": false
    },
    {
      "path": "<WORKSPACE>/task-eu07/dpytest01/test_dsh_console_help_works_fr0/installed/lib/python3.13/site-packages/cpn/examples/adapter_task/assets/opencode-petrinet.png",
      "bytes": 96409,
      "elf": false,
      "executable": false
    },
    {
      "path": "<WORKSPACE>/task-github-publish-20261006/testing/artifacts/package-source-final/build/lib/cpn/examples/adapter_task/assets/opencode-petrinet.png",
      "bytes": 96409,
      "elf": false,
      "executable": false
    },
    {
      "path": "<WORKSPACE>/task-cloud-takeover-20261006/B3/candidate/cpn/examples/adapter_task/assets/opencode-petrinet.png",
      "bytes": 96409,
      "elf": false,
      "executable": false
    },
    {
      "path": "<WORKSPACE>/task-cloud-takeover-20261006/B4/evidence/readers01/source/docs/validation/opencode-20260925.json",
      "bytes": 617,
      "elf": false,
      "executable": false
    },
    {
      "path": "<WORKSPACE>/task-cloud-takeover-20261006/B4/evidence/readers01/source/docs/validation/opencode-20260925.md",
      "bytes": 2991,
      "elf": false,
      "executable": false
    },
    {
      "path": "<WORKSPACE>/task-github-publish-20261006/testing/artifacts/package-source-final/docs/validation/opencode-20260925.json",
      "bytes": 617,
      "elf": false,
      "executable": false
    },
    {
      "path": "<WORKSPACE>/task-github-publish-20261006/testing/artifacts/package-source-final/docs/validation/opencode-20260925.md",
      "bytes": 2991,
      "elf": false,
      "executable": false
    },
    {
      "path": "<WORKSPACE>/task-cloud-takeover-20261006/B2/evidence/patch-recovery-freeze04/main/source/cpn/examples/adapter_task/assets/opencode-petrinet.png",
      "bytes": 96409,
      "elf": false,
      "executable": false
    },
    {
      "path": "<WORKSPACE>/task-cloud-takeover-20261006/B4/evidence/negatives01/source/docs/validation/opencode-20260925.json",
      "bytes": 617,
      "elf": false,
      "executable": false
    },
    {
      "path": "<WORKSPACE>/task-cloud-takeover-20261006/B4/evidence/negatives01/source/docs/validation/opencode-20260925.md",
      "bytes": 2991,
      "elf": false,
      "executable": false
    },
    {
      "path": "<WORKSPACE>/task-cloud-takeover-20261006/B8/prior/A4/evidence/recovery-check-freeze04-r1/source/cpn/examples/adapter_task/assets/opencode-petrinet.png",
      "bytes": 96409,
      "elf": false,
      "executable": false
    },
    {
      "path": "<WORKSPACE>/task-eu07/dpytest01/test_dsh_run_propagates_explic0/bin/node",
      "bytes": 54,
      "elf": false,
      "executable": true
    },
    {
      "path": "<WORKSPACE>/task-cloud-takeover-20261006/B2/evidence/patch-recovery-freeze04/current/source/docs/validation/opencode-20260925.json",
      "bytes": 617,
      "elf": false,
      "executable": false
    },
    {
      "path": "<WORKSPACE>/task-cloud-takeover-20261006/B2/evidence/patch-recovery-freeze04/current/source/docs/validation/opencode-20260925.md",
      "bytes": 2991,
      "elf": false,
      "executable": false
    },
    {
      "path": "<WORKSPACE>/task-cloud-takeover-20261006/B4/evidence/readers01/source/cpn/examples/adapter_task/assets/opencode-petrinet.png",
      "bytes": 96409,
      "elf": false,
      "executable": false
    },
    {
      "path": "<WORKSPACE>/task-cloud-takeover-20261006/B4/evidence/negatives01/source/cpn/examples/adapter_task/assets/opencode-petrinet.png",
      "bytes": 96409,
      "elf": false,
      "executable": false
    },
    {
      "path": "<WORKSPACE>/task-github-publish-20261006/testing/artifacts/package-source-final/cpn/examples/adapter_task/assets/opencode-petrinet.png",
      "bytes": 96409,
      "elf": false,
      "executable": false
    },
    {
      "path": "<WORKSPACE>/task-cloud-takeover-20261006/B8/prior/A4/evidence/recovery-check-freeze04/source/docs/validation/opencode-20260925.json",
      "bytes": 617,
      "elf": false,
      "executable": false
    },
    {
      "path": "<WORKSPACE>/task-cloud-takeover-20261006/B8/prior/A4/evidence/recovery-check-freeze04/source/docs/validation/opencode-20260925.md",
      "bytes": 2991,
      "elf": false,
      "executable": false
    },
    {
      "path": "<WORKSPACE>/task-cloud-takeover-20261006/B2/evidence/patch-recovery-freeze04/current/source/cpn/examples/adapter_task/assets/opencode-petrinet.png",
      "bytes": 96409,
      "elf": false,
      "executable": false
    },
    {
      "path": "<WORKSPACE>/task-cloud-takeover-20261006/B4/evidence/attempt03/source/docs/validation/opencode-20260925.json",
      "bytes": 617,
      "elf": false,
      "executable": false
    },
    {
      "path": "<WORKSPACE>/task-cloud-takeover-20261006/B4/evidence/attempt03/source/docs/validation/opencode-20260925.md",
      "bytes": 2991,
      "elf": false,
      "executable": false
    },
    {
      "path": "<WORKSPACE>/task-github-publish-20261006/testing/artifacts/docs-site-final/cpn/examples/adapter_task/assets/opencode-petrinet.png",
      "bytes": 96409,
      "elf": false,
      "executable": false
    },
    {
      "path": "<WORKSPACE>/task-cloud-takeover-20261006/B8/prior/A4/evidence/recovery-check-freeze04/source/cpn/examples/adapter_task/assets/opencode-petrinet.png",
      "bytes": 96409,
      "elf": false,
      "executable": false
    },
    {
      "path": "<WORKSPACE>/task-github-publish-20261006/testing/artifacts/package-source/build/lib/cpn/examples/adapter_task/assets/opencode-petrinet.png",
      "bytes": 96409,
      "elf": false,
      "executable": false
    },
    {
      "path": "<WORKSPACE>/task-cloud-takeover-20261006/B2/evidence/patch-recovery-freeze03/main/source/docs/validation/opencode-20260925.json",
      "bytes": 617,
      "elf": false,
      "executable": false
    },
    {
      "path": "<WORKSPACE>/task-cloud-takeover-20261006/B2/evidence/patch-recovery-freeze03/main/source/docs/validation/opencode-20260925.md",
      "bytes": 2991,
      "elf": false,
      "executable": false
    },
    {
      "path": "<WORKSPACE>/task-github-publish-20261006/testing/artifacts/package-source/docs/validation/opencode-20260925.json",
      "bytes": 617,
      "elf": false,
      "executable": false
    },
    {
      "path": "<WORKSPACE>/task-github-publish-20261006/testing/artifacts/package-source/docs/validation/opencode-20260925.md",
      "bytes": 2991,
      "elf": false,
      "executable": false
    },
    {
      "path": "<WORKSPACE>/task-cloud-takeover-20261006/B4/evidence/attempt03/source/cpn/examples/adapter_task/assets/opencode-petrinet.png",
      "bytes": 96409,
      "elf": false,
      "executable": false
    },
    {
      "path": "<WORKSPACE>/task-cloud-takeover-20261006/B8/prior/A4/evidence/freeze04-source/docs/validation/opencode-20260925.json",
      "bytes": 617,
      "elf": false,
      "executable": false
    },
    {
      "path": "<WORKSPACE>/task-cloud-takeover-20261006/B8/prior/A4/evidence/freeze04-source/docs/validation/opencode-20260925.md",
      "bytes": 2991,
      "elf": false,
      "executable": false
    },
    {
      "path": "<WORKSPACE>/task-cloud-takeover-20261006/B4/evidence/cas01/source/docs/validation/opencode-20260925.json",
      "bytes": 617,
      "elf": false,
      "executable": false
    },
    {
      "path": "<WORKSPACE>/task-cloud-takeover-20261006/B4/evidence/cas01/source/docs/validation/opencode-20260925.md",
      "bytes": 2991,
      "elf": false,
      "executable": false
    },
    {
      "path": "<WORKSPACE>/task-cloud-takeover-20261006/B2/evidence/patch-recovery-freeze03/main/source/cpn/examples/adapter_task/assets/opencode-petrinet.png",
      "bytes": 96409,
      "elf": false,
      "executable": false
    },
    {
      "path": "<WORKSPACE>/task-local-early-20261006/A2/candidate/docs/validation/opencode-20260925.json",
      "bytes": 617,
      "elf": false,
      "executable": false
    },
    {
      "path": "<WORKSPACE>/task-local-early-20261006/A2/candidate/docs/validation/opencode-20260925.md",
      "bytes": 2991,
      "elf": false,
      "executable": false
    },
    {
      "path": "<WORKSPACE>/task-cloud-takeover-20261006/B8/prior/A4/evidence/freeze04-source/cpn/examples/adapter_task/assets/opencode-petrinet.png",
      "bytes": 96409,
      "elf": false,
      "executable": false
    },
    {
      "path": "<WORKSPACE>/task-cloud-takeover-20261006/B4/evidence/cas01/source/cpn/examples/adapter_task/assets/opencode-petrinet.png",
      "bytes": 96409,
      "elf": false,
      "executable": false
    },
    {
      "path": "<WORKSPACE>/task-github-publish-20261006/testing/artifacts/package-source/cpn/examples/adapter_task/assets/opencode-petrinet.png",
      "bytes": 96409,
      "elf": false,
      "executable": false
    },
    {
      "path": "<WORKSPACE>/task-cloud-takeover-20261006/B2/evidence/patch-recovery-freeze03/current/source/docs/validation/opencode-20260925.json",
      "bytes": 617,
      "elf": false,
      "executable": false
    },
    {
      "path": "<WORKSPACE>/task-cloud-takeover-20261006/B2/evidence/patch-recovery-freeze03/current/source/docs/validation/opencode-20260925.md",
      "bytes": 2991,
      "elf": false,
      "executable": false
    },
    {
      "path": "<WORKSPACE>/task-cloud-takeover-20261006/B8/prior/A4/evidence/recovery-check/source/docs/validation/opencode-20260925.json",
      "bytes": 617,
      "elf": false,
      "executable": false
    },
    {
      "path": "<WORKSPACE>/task-cloud-takeover-20261006/B8/prior/A4/evidence/recovery-check/source/docs/validation/opencode-20260925.md",
      "bytes": 2991,
      "elf": false,
      "executable": false
    },
    {
      "path": "<WORKSPACE>/task-cloud-takeover-20261006/B4/evidence/readers02/source/docs/validation/opencode-20260925.json",
      "bytes": 617,
      "elf": false,
      "executable": false
    },
    {
      "path": "<WORKSPACE>/task-cloud-takeover-20261006/B4/evidence/readers02/source/docs/validation/opencode-20260925.md",
      "bytes": 2991,
      "elf": false,
      "executable": false
    },
    {
      "path": "<WORKSPACE>/task-local-early-20261006/A2/candidate/cpn/examples/adapter_task/assets/opencode-petrinet.png",
      "bytes": 96409,
      "elf": false,
      "executable": false
    },
    {
      "path": "<WORKSPACE>/task-cloud-takeover-20261006/B2/evidence/patch-recovery-freeze02/main/source/docs/validation/opencode-20260925.json",
      "bytes": 617,
      "elf": false,
      "executable": false
    },
    {
      "path": "<WORKSPACE>/task-cloud-takeover-20261006/B2/evidence/patch-recovery-freeze02/main/source/docs/validation/opencode-20260925.md",
      "bytes": 2991,
      "elf": false,
      "executable": false
    },
    {
      "path": "<WORKSPACE>/task-github-publish-20261006/testing/artifacts/package-source-final-r2/build/lib/cpn/examples/adapter_task/assets/opencode-petrinet.png",
      "bytes": 96409,
      "elf": false,
      "executable": false
    },
    {
      "path": "<WORKSPACE>/task-github-publish-20261006/testing/artifacts/package-source-final-r2/docs/validation/opencode-20260925.json",
      "bytes": 617,
      "elf": false,
      "executable": false
    },
    {
      "path": "<WORKSPACE>/task-github-publish-20261006/testing/artifacts/package-source-final-r2/docs/validation/opencode-20260925.md",
      "bytes": 2991,
      "elf": false,
      "executable": false
    },
    {
      "path": "<WORKSPACE>/task-cloud-takeover-20261006/B2/evidence/patch-recovery-freeze03/current/source/cpn/examples/adapter_task/assets/opencode-petrinet.png",
      "bytes": 96409,
      "elf": false,
      "executable": false
    },
    {
      "path": "<WORKSPACE>/task-local-early-20261006/inputs/p6_source1107/docs/validation/opencode-20260925.json",
      "bytes": 617,
      "elf": false,
      "executable": false
    },
    {
      "path": "<WORKSPACE>/task-local-early-20261006/inputs/p6_source1107/docs/validation/opencode-20260925.md",
      "bytes": 2991,
      "elf": false,
      "executable": false
    },
    {
      "path": "<WORKSPACE>/task-cloud-takeover-20261006/B4/evidence/readers02/source/cpn/examples/adapter_task/assets/opencode-petrinet.png",
      "bytes": 96409,
      "elf": false,
      "executable": false
    },
    {
      "path": "<WORKSPACE>/task-cloud-takeover-20261006/B8/prior/A4/evidence/recovery-check/source/cpn/examples/adapter_task/assets/opencode-petrinet.png",
      "bytes": 96409,
      "elf": false,
      "executable": false
    },
    {
      "path": "<WORKSPACE>/task-cloud-takeover-20261006/B2/evidence/patch-recovery-freeze02/main/source/cpn/examples/adapter_task/assets/opencode-petrinet.png",
      "bytes": 96409,
      "elf": false,
      "executable": false
    },
    {
      "path": "<WORKSPACE>/task-local-early-20261006/inputs/typed_assembly_v9/source/docs/validation/opencode-20260925.json",
      "bytes": 617,
      "elf": false,
      "executable": false
    },
    {
      "path": "<WORKSPACE>/task-local-early-20261006/inputs/typed_assembly_v9/source/docs/validation/opencode-20260925.md",
      "bytes": 2991,
      "elf": false,
      "executable": false
    },
    {
      "path": "<WORKSPACE>/task-cloud-takeover-20261006/B4/evidence/revision02/source/docs/validation/opencode-20260925.json",
      "bytes": 617,
      "elf": false,
      "executable": false
    },
    {
      "path": "<WORKSPACE>/task-cloud-takeover-20261006/B4/evidence/revision02/source/docs/validation/opencode-20260925.md",
      "bytes": 2991,
      "elf": false,
      "executable": false
    },
    {
      "path": "<WORKSPACE>/task-cloud-takeover-20261006/B4/evidence/revision03/source/docs/validation/opencode-20260925.json",
      "bytes": 617,
      "elf": false,
      "executable": false
    },
    {
      "path": "<WORKSPACE>/task-cloud-takeover-20261006/B4/evidence/revision03/source/docs/validation/opencode-20260925.md",
      "bytes": 2991,
      "elf": false,
      "executable": false
    },
    {
      "path": "<WORKSPACE>/task-rebuilt-20261007/w6/docs-site-initial/cpn/examples/adapter_task/assets/opencode-petrinet.png",
      "bytes": 96409,
      "elf": false,
      "executable": false
    },
    {
      "path": "<WORKSPACE>/task-eu07/installedpytest01/test_actual_installed_sample_r0/existing-python/lib/python3.13/site-packages/cpn/examples/adapter_task/assets/opencode-petrinet.png",
      "bytes": 96409,
      "elf": false,
      "executable": false
    },
    {
      "path": "<WORKSPACE>/task-local-early-20261006/inputs/p6_source1107/cpn/examples/adapter_task/assets/opencode-petrinet.png",
      "bytes": 96409,
      "elf": false,
      "executable": false
    },
    {
      "path": "<WORKSPACE>/task-rebuilt-20261007/w6/docs-site-final-01/cpn/examples/adapter_task/assets/opencode-petrinet.png",
      "bytes": 96409,
      "elf": false,
      "executable": false
    },
    {
      "path": "<WORKSPACE>/task-local-early-20261006/inputs/typed_assembly_v9/source/cpn/examples/adapter_task/assets/opencode-petrinet.png",
      "bytes": 96409,
      "elf": false,
      "executable": false
    },
    {
      "path": "<WORKSPACE>/task-cloud-takeover-20261006/B2/evidence/patch-recovery-freeze02/current/source/docs/validation/opencode-20260925.json",
      "bytes": 617,
      "elf": false,
      "executable": false
    },
    {
      "path": "<WORKSPACE>/task-cloud-takeover-20261006/B2/evidence/patch-recovery-freeze02/current/source/docs/validation/opencode-20260925.md",
      "bytes": 2991,
      "elf": false,
      "executable": false
    },
    {
      "path": "<WORKSPACE>/task-cloud-takeover-20261006/B4/evidence/revision02/source/cpn/examples/adapter_task/assets/opencode-petrinet.png",
      "bytes": 96409,
      "elf": false,
      "executable": false
    },
    {
      "path": "<WORKSPACE>/task-local-early-20261006/inputs/i02_draft116_bundle/base/source/docs/validation/opencode-20260925.json",
      "bytes": 617,
      "elf": false,
      "executable": false
    },
    {
      "path": "<WORKSPACE>/task-local-early-20261006/inputs/i02_draft116_bundle/base/source/docs/validation/opencode-20260925.md",
      "bytes": 2991,
      "elf": false,
      "executable": false
    },
    {
      "path": "<WORKSPACE>/task-github-publish-20261006/testing/artifacts/package-source-final-r2/cpn/examples/adapter_task/assets/opencode-petrinet.png",
      "bytes": 96409,
      "elf": false,
      "executable": false
    },
    {
      "path": "<WORKSPACE>/task-cloud-takeover-20261006/B8/prior/A4/evidence/freeze03-source/docs/validation/opencode-20260925.json",
      "bytes": 617,
      "elf": false,
      "executable": false
    },
    {
      "path": "<WORKSPACE>/task-cloud-takeover-20261006/B8/prior/A4/evidence/freeze03-source/docs/validation/opencode-20260925.md",
      "bytes": 2991,
      "elf": false,
      "executable": false
    },
    {
      "path": "<WORKSPACE>/task-cloud-takeover-20261006/B4/evidence/revision03/source/cpn/examples/adapter_task/assets/opencode-petrinet.png",
      "bytes": 96409,
      "elf": false,
      "executable": false
    },
    {
      "path": "<WORKSPACE>/task-local-early-20261006/inputs/p4_assembly_merge/source/docs/validation/opencode-20260925.json",
      "bytes": 617,
      "elf": false,
      "executable": false
    },
    {
      "path": "<WORKSPACE>/task-rebuilt-20261007/w6/docs-site-final-02/cpn/examples/adapter_task/assets/opencode-petrinet.png",
      "bytes": 96409,
      "elf": false,
      "executable": false
    },
    {
      "path": "<WORKSPACE>/task-local-early-20261006/inputs/p4_assembly_merge/source/docs/validation/opencode-20260925.md",
      "bytes": 2991,
      "elf": false,
      "executable": false
    },
    {
      "path": "<WORKSPACE>/task-cloud-takeover-20261006/B4/evidence/replay01/source/docs/validation/opencode-20260925.json",
      "bytes": 617,
      "elf": false,
      "executable": false
    },
    {
      "path": "<WORKSPACE>/task-cloud-takeover-20261006/B4/evidence/replay01/source/docs/validation/opencode-20260925.md",
      "bytes": 2991,
      "elf": false,
      "executable": false
    },
    {
      "path": "<WORKSPACE>/task-cloud-takeover-20261006/B4/evidence/attempt02/source/docs/validation/opencode-20260925.json",
      "bytes": 617,
      "elf": false,
      "executable": false
    },
    {
      "path": "<WORKSPACE>/task-cloud-takeover-20261006/B4/evidence/attempt02/source/docs/validation/opencode-20260925.md",
      "bytes": 2991,
      "elf": false,
      "executable": false
    },
    {
      "path": "<WORKSPACE>/task-cloud-takeover-20261006/B2/evidence/patch-recovery-freeze02/current/source/cpn/examples/adapter_task/assets/opencode-petrinet.png",
      "bytes": 96409,
      "elf": false,
      "executable": false
    },
    {
      "path": "<WORKSPACE>/task-local-early-20261006/inputs/i02_draft116_bundle/base/source/cpn/examples/adapter_task/assets/opencode-petrinet.png",
      "bytes": 96409,
      "elf": false,
      "executable": false
    },
    {
      "path": "<WORKSPACE>/task-local-early-20261006/inputs/p4_assembly_merge/source/cpn/examples/adapter_task/assets/opencode-petrinet.png",
      "bytes": 96409,
      "elf": false,
      "executable": false
    },
    {
      "path": "<WORKSPACE>/task-cloud-takeover-20261006/B2/stage02/docs/validation/opencode-20260925.json",
      "bytes": 617,
      "elf": false,
      "executable": false
    },
    {
      "path": "<WORKSPACE>/task-cloud-takeover-20261006/B2/stage02/docs/validation/opencode-20260925.md",
      "bytes": 2991,
      "elf": false,
      "executable": false
    },
    {
      "path": "<WORKSPACE>/task-cloud-takeover-20261006/B4/evidence/replay01/source/cpn/examples/adapter_task/assets/opencode-petrinet.png",
      "bytes": 96409,
      "elf": false,
      "executable": false
    },
    {
      "path": "<WORKSPACE>/task-cloud-takeover-20261006/B4/evidence/attempt02/source/cpn/examples/adapter_task/assets/opencode-petrinet.png",
      "bytes": 96409,
      "elf": false,
      "executable": false
    },
    {
      "path": "<WORKSPACE>/task-github-publish-20261006/testing/env/wheel-final/lib/python3.13/site-packages/cpn/examples/adapter_task/assets/opencode-petrinet.png",
      "bytes": 96409,
      "elf": false,
      "executable": false
    },
    {
      "path": "<WORKSPACE>/task-cloud-takeover-20261006/B4/evidence/attempt04/source/docs/validation/opencode-20260925.json",
      "bytes": 617,
      "elf": false,
      "executable": false
    },
    {
      "path": "<WORKSPACE>/task-cloud-takeover-20261006/B4/evidence/attempt04/source/docs/validation/opencode-20260925.md",
      "bytes": 2991,
      "elf": false,
      "executable": false
    },
    {
      "path": "<WORKSPACE>/task-cloud-takeover-20261006/B8/prior/A4/evidence/freeze03-source/cpn/examples/adapter_task/assets/opencode-petrinet.png",
      "bytes": 96409,
      "elf": false,
      "executable": false
    },
    {
      "path": "<WORKSPACE>/task-cloud-takeover-20261006/B2/stage02/cpn/examples/adapter_task/assets/opencode-petrinet.png",
      "bytes": 96409,
      "elf": false,
      "executable": false
    },
    {
      "path": "<WORKSPACE>/task-rebuilt-20261007/build-source-02/docs/validation/opencode-20260925.json",
      "bytes": 617,
      "elf": false,
      "executable": false
    },
    {
      "path": "<WORKSPACE>/task-rebuilt-20261007/build-source-02/docs/validation/opencode-20260925.md",
      "bytes": 2991,
      "elf": false,
      "executable": false
    },
    {
      "path": "<WORKSPACE>/task-cloud-takeover-20261006/B2/main-baseline/docs/validation/opencode-20260925.json",
      "bytes": 617,
      "elf": false,
      "executable": false
    },
    {
      "path": "<WORKSPACE>/task-cloud-takeover-20261006/B2/main-baseline/docs/validation/opencode-20260925.md",
      "bytes": 2991,
      "elf": false,
      "executable": false
    },
    {
      "path": "<WORKSPACE>/task-cloud-takeover-20261006/B8/prior/A4/evidence/recovery-check-freeze03/source/docs/validation/opencode-20260925.json",
      "bytes": 617,
      "elf": false,
      "executable": false
    },
    {
      "path": "<WORKSPACE>/task-cloud-takeover-20261006/B8/prior/A4/evidence/recovery-check-freeze03/source/docs/validation/opencode-20260925.md",
      "bytes": 2991,
      "elf": false,
      "executable": false
    },
    {
      "path": "<WORKSPACE>/task-local-early-20261006/inputs/exact_base881/docs/validation/opencode-20260925.json",
      "bytes": 617,
      "elf": false,
      "executable": false
    },
    {
      "path": "<WORKSPACE>/task-local-early-20261006/inputs/exact_base881/docs/validation/opencode-20260925.md",
      "bytes": 2991,
      "elf": false,
      "executable": false
    },
    {
      "path": "<WORKSPACE>/task-cloud-takeover-20261006/B4/evidence/attempt04/source/cpn/examples/adapter_task/assets/opencode-petrinet.png",
      "bytes": 96409,
      "elf": false,
      "executable": false
    },
    {
      "path": "<WORKSPACE>/task-local-early-20261006/inputs/i02_source_expected/docs/validation/opencode-20260925.json",
      "bytes": 617,
      "elf": false,
      "executable": false
    },
    {
      "path": "<WORKSPACE>/task-local-early-20261006/inputs/i02_source_expected/docs/validation/opencode-20260925.md",
      "bytes": 2991,
      "elf": false,
      "executable": false
    },
    {
      "path": "<WORKSPACE>/task-github-publish-20261006/testing/env/wheel-final-r2/lib/python3.13/site-packages/cpn/examples/adapter_task/assets/opencode-petrinet.png",
      "bytes": 96409,
      "elf": false,
      "executable": false
    },
    {
      "path": "<WORKSPACE>/task-rebuilt-20261007/build-source-02/cpn/examples/adapter_task/assets/opencode-petrinet.png",
      "bytes": 96409,
      "elf": false,
      "executable": false
    },
    {
      "path": "<WORKSPACE>/task-cloud-takeover-20261006/B2/main-baseline/cpn/examples/adapter_task/assets/opencode-petrinet.png",
      "bytes": 96409,
      "elf": false,
      "executable": false
    },
    {
      "path": "<WORKSPACE>/task-cloud-takeover-20261006/B4/evidence/revision01/source/docs/validation/opencode-20260925.json",
      "bytes": 617,
      "elf": false,
      "executable": false
    },
    {
      "path": "<WORKSPACE>/task-cloud-takeover-20261006/B4/evidence/revision01/source/docs/validation/opencode-20260925.md",
      "bytes": 2991,
      "elf": false,
      "executable": false
    },
    {
      "path": "<WORKSPACE>/task-cloud-takeover-20261006/B2/candidate/docs/validation/opencode-20260925.json",
      "bytes": 617,
      "elf": false,
      "executable": false
    },
    {
      "path": "<WORKSPACE>/task-cloud-takeover-20261006/B2/candidate/docs/validation/opencode-20260925.md",
      "bytes": 2991,
      "elf": false,
      "executable": false
    },
    {
      "path": "<WORKSPACE>/task-cloud-takeover-20261006/B8/prior/A4/evidence/recovery-check-freeze03/source/cpn/examples/adapter_task/assets/opencode-petrinet.png",
      "bytes": 96409,
      "elf": false,
      "executable": false
    },
    {
      "path": "<WORKSPACE>/task-local-early-20261006/inputs/exact_base881/cpn/examples/adapter_task/assets/opencode-petrinet.png",
      "bytes": 96409,
      "elf": false,
      "executable": false
    },
    {
      "path": "<WORKSPACE>/task-rebuilt-20261007/review-final/restored-source/docs/validation/opencode-20260925.json",
      "bytes": 617,
      "elf": false,
      "executable": false
    },
    {
      "path": "<WORKSPACE>/task-rebuilt-20261007/review-final/restored-source/docs/validation/opencode-20260925.md",
      "bytes": 2991,
      "elf": false,
      "executable": false
    },
    {
      "path": "<WORKSPACE>/task-local-early-20261006/inputs/i02_source_expected/cpn/examples/adapter_task/assets/opencode-petrinet.png",
      "bytes": 96409,
      "elf": false,
      "executable": false
    },
    {
      "path": "<WORKSPACE>/task-local-early-20261006/inputs/accepted_source1109/docs/validation/opencode-20260925.json",
      "bytes": 617,
      "elf": false,
      "executable": false
    },
    {
      "path": "<WORKSPACE>/task-local-early-20261006/inputs/accepted_source1109/docs/validation/opencode-20260925.md",
      "bytes": 2991,
      "elf": false,
      "executable": false
    },
    {
      "path": "<WORKSPACE>/task-local-early-20261006/inputs/p4_base1046/docs/validation/opencode-20260925.json",
      "bytes": 617,
      "elf": false,
      "executable": false
    },
    {
      "path": "<WORKSPACE>/task-local-early-20261006/inputs/p4_base1046/docs/validation/opencode-20260925.md",
      "bytes": 2991,
      "elf": false,
      "executable": false
    },
    {
      "path": "<WORKSPACE>/task-cloud-takeover-20261006/B4/evidence/revision01/source/cpn/examples/adapter_task/assets/opencode-petrinet.png",
      "bytes": 96409,
      "elf": false,
      "executable": false
    },
    {
      "path": "<WORKSPACE>/task-cloud-takeover-20261006/B2/candidate/cpn/examples/adapter_task/assets/opencode-petrinet.png",
      "bytes": 96409,
      "elf": false,
      "executable": false
    },
    {
      "path": "<WORKSPACE>/task-cloud-takeover-20261006/B4/evidence/negatives02/source/docs/validation/opencode-20260925.json",
      "bytes": 617,
      "elf": false,
      "executable": false
    },
    {
      "path": "<WORKSPACE>/task-cloud-takeover-20261006/B4/evidence/negatives02/source/docs/validation/opencode-20260925.md",
      "bytes": 2991,
      "elf": false,
      "executable": false
    },
    {
      "path": "<WORKSPACE>/task-next-increment-20261006/patch-check-worktree/docs/validation/opencode-20260925.json",
      "bytes": 617,
      "elf": false,
      "executable": false
    },
    {
      "path": "<WORKSPACE>/task-next-increment-20261006/patch-check-worktree/docs/validation/opencode-20260925.md",
      "bytes": 2991,
      "elf": false,
      "executable": false
    },
    {
      "path": "<WORKSPACE>/task-github-publish-20261006/testing/env/wheel/lib/python3.13/site-packages/cpn/examples/adapter_task/assets/opencode-petrinet.png",
      "bytes": 96409,
      "elf": false,
      "executable": false
    },
    {
      "path": "<WORKSPACE>/task-cloud-takeover-20261006/restored/current_candidate/docs/validation/opencode-20260925.json",
      "bytes": 617,
      "elf": false,
      "executable": false
    },
    {
      "path": "<WORKSPACE>/task-cloud-takeover-20261006/restored/current_candidate/docs/validation/opencode-20260925.md",
      "bytes": 2991,
      "elf": false,
      "executable": false
    },
    {
      "path": "<WORKSPACE>/task-local-early-20261006/inputs/accepted_source1109/cpn/examples/adapter_task/assets/opencode-petrinet.png",
      "bytes": 96409,
      "elf": false,
      "executable": false
    },
    {
      "path": "<WORKSPACE>/task-local-early-20261006/inputs/p4_base1046/cpn/examples/adapter_task/assets/opencode-petrinet.png",
      "bytes": 96409,
      "elf": false,
      "executable": false
    },
    {
      "path": "<WORKSPACE>/task-rebuilt-20261007/review-final/restored-source/cpn/examples/adapter_task/assets/opencode-petrinet.png",
      "bytes": 96409,
      "elf": false,
      "executable": false
    },
    {
      "path": "<WORKSPACE>/task-local-early-20261006/inputs/typed_source1104/docs/validation/opencode-20260925.json",
      "bytes": 617,
      "elf": false,
      "executable": false
    },
    {
      "path": "<WORKSPACE>/task-local-early-20261006/inputs/typed_source1104/docs/validation/opencode-20260925.md",
      "bytes": 2991,
      "elf": false,
      "executable": false
    },
    {
      "path": "<WORKSPACE>/task-local-early-20261006/inputs/p6_graph_source_merge/base/source/docs/validation/opencode-20260925.json",
      "bytes": 617,
      "elf": false,
      "executable": false
    },
    {
      "path": "<WORKSPACE>/task-local-early-20261006/inputs/p6_graph_source_merge/base/source/docs/validation/opencode-20260925.md",
      "bytes": 2991,
      "elf": false,
      "executable": false
    },
    {
      "path": "<WORKSPACE>/task-next-increment-20261006/patch-check-worktree/cpn/examples/adapter_task/assets/opencode-petrinet.png",
      "bytes": 96409,
      "elf": false,
      "executable": false
    },
    {
      "path": "<WORKSPACE>/task-cloud-takeover-20261006/B8/prior/A7/integration/docs/validation/opencode-20260925.json",
      "bytes": 617,
      "elf": false,
      "executable": false
    },
    {
      "path": "<WORKSPACE>/task-cloud-takeover-20261006/B8/prior/A7/integration/docs/validation/opencode-20260925.md",
      "bytes": 2991,
      "elf": false,
      "executable": false
    },
    {
      "path": "<WORKSPACE>/task-cloud-takeover-20261006/restored/current_candidate/cpn/examples/adapter_task/assets/opencode-petrinet.png",
      "bytes": 96409,
      "elf": false,
      "executable": false
    },
    {
      "path": "<WORKSPACE>/task-cloud-takeover-20261006/B4/evidence/negatives02/source/cpn/examples/adapter_task/assets/opencode-petrinet.png",
      "bytes": 96409,
      "elf": false,
      "executable": false
    },
    {
      "path": "<WORKSPACE>/task-rebuilt-20261007/packaging/restored-review/docs/validation/opencode-20260925.json",
      "bytes": 617,
      "elf": false,
      "executable": false
    },
    {
      "path": "<WORKSPACE>/task-rebuilt-20261007/packaging/restored-review/docs/validation/opencode-20260925.md",
      "bytes": 2991,
      "elf": false,
      "executable": false
    },
    {
      "path": "<WORKSPACE>/task-next-increment-20261006/source-final-01/docs/validation/opencode-20260925.json",
      "bytes": 617,
      "elf": false,
      "executable": false
    },
    {
      "path": "<WORKSPACE>/task-next-increment-20261006/source-final-01/docs/validation/opencode-20260925.md",
      "bytes": 2991,
      "elf": false,
      "executable": false
    },
    {
      "path": "<WORKSPACE>/task-local-early-20261006/inputs/typed_source1104/cpn/examples/adapter_task/assets/opencode-petrinet.png",
      "bytes": 96409,
      "elf": false,
      "executable": false
    },
    {
      "path": "<WORKSPACE>/task-cloud-takeover-20261006/restored/v12_source1109/docs/validation/opencode-20260925.json",
      "bytes": 617,
      "elf": false,
      "executable": false
    },
    {
      "path": "<WORKSPACE>/task-cloud-takeover-20261006/restored/v12_source1109/docs/validation/opencode-20260925.md",
      "bytes": 2991,
      "elf": false,
      "executable": false
    },
    {
      "path": "<WORKSPACE>/task-local-early-20261006/inputs/typed_base1097/docs/validation/opencode-20260925.json",
      "bytes": 617,
      "elf": false,
      "executable": false
    },
    {
      "path": "<WORKSPACE>/task-local-early-20261006/inputs/typed_base1097/docs/validation/opencode-20260925.md",
      "bytes": 2991,
      "elf": false,
      "executable": false
    },
    {
      "path": "<WORKSPACE>/task-cloud-takeover-20261006/B4/evidence/r02success01/source/docs/validation/opencode-20260925.json",
      "bytes": 617,
      "elf": false,
      "executable": false
    },
    {
      "path": "<WORKSPACE>/task-cloud-takeover-20261006/B4/evidence/r02success01/source/docs/validation/opencode-20260925.md",
      "bytes": 2991,
      "elf": false,
      "executable": false
    },
    {
      "path": "<WORKSPACE>/task-local-early-20261006/inputs/p6_graph_source_merge/base/source/cpn/examples/adapter_task/assets/opencode-petrinet.png",
      "bytes": 96409,
      "elf": false,
      "executable": false
    },
    {
      "path": "<WORKSPACE>/task-local-early-20261006/inputs/p6_base1087/docs/validation/opencode-20260925.json",
      "bytes": 617,
      "elf": false,
      "executable": false
    },
    {
      "path": "<WORKSPACE>/task-local-early-20261006/inputs/p6_base1087/docs/validation/opencode-20260925.md",
      "bytes": 2991,
      "elf": false,
      "executable": false
    },
    {
      "path": "<WORKSPACE>/task-next-increment-20261006/source-final-01/cpn/examples/adapter_task/assets/opencode-petrinet.png",
      "bytes": 96409,
      "elf": false,
      "executable": false
    },
    {
      "path": "<WORKSPACE>/task-rebuilt-20261007/packaging/restored-review/cpn/examples/adapter_task/assets/opencode-petrinet.png",
      "bytes": 96409,
      "elf": false,
      "executable": false
    },
    {
      "path": "<WORKSPACE>/task-local-early-20261006/inputs/p6_graph_source_merge/source/docs/validation/opencode-20260925.json",
      "bytes": 617,
      "elf": false,
      "executable": false
    },
    {
      "path": "<WORKSPACE>/task-cloud-takeover-20261006/restored/v12_source1109/cpn/examples/adapter_task/assets/opencode-petrinet.png",
      "bytes": 96409,
      "elf": false,
      "executable": false
    },
    {
      "path": "<WORKSPACE>/task-local-early-20261006/inputs/typed_base1097/cpn/examples/adapter_task/assets/opencode-petrinet.png",
      "bytes": 96409,
      "elf": false,
      "executable": false
    },
    {
      "path": "<WORKSPACE>/task-local-early-20261006/inputs/p6_graph_source_merge/source/docs/validation/opencode-20260925.md",
      "bytes": 2991,
      "elf": false,
      "executable": false
    },
    {
      "path": "<WORKSPACE>/task-cloud-takeover-20261006/B4/evidence/r02success01/source/cpn/examples/adapter_task/assets/opencode-petrinet.png",
      "bytes": 96409,
      "elf": false,
      "executable": false
    },
    {
      "path": "<WORKSPACE>/task-cloud-takeover-20261006/B8/prior/A7/integration/cpn/examples/adapter_task/assets/opencode-petrinet.png",
      "bytes": 96409,
      "elf": false,
      "executable": false
    },
    {
      "path": "<WORKSPACE>/task-rebuilt-20261007/packaging/restored-published/docs/validation/opencode-20260925.json",
      "bytes": 617,
      "elf": false,
      "executable": false
    },
    {
      "path": "<WORKSPACE>/task-rebuilt-20261007/packaging/restored-published/docs/validation/opencode-20260925.md",
      "bytes": 2991,
      "elf": false,
      "executable": false
    },
    {
      "path": "<WORKSPACE>/task-cloud-takeover-20261006/restored/legacy_cold_exact/docs/validation/opencode-20260925.json",
      "bytes": 617,
      "elf": false,
      "executable": false
    },
    {
      "path": "<WORKSPACE>/task-cloud-takeover-20261006/restored/legacy_cold_exact/docs/validation/opencode-20260925.md",
      "bytes": 2991,
      "elf": false,
      "executable": false
    },
    {
      "path": "<WORKSPACE>/task-local-early-20261006/inputs/p4_source1059/docs/validation/opencode-20260925.json",
      "bytes": 617,
      "elf": false,
      "executable": false
    },
    {
      "path": "<WORKSPACE>/task-local-early-20261006/inputs/p4_source1059/docs/validation/opencode-20260925.md",
      "bytes": 2991,
      "elf": false,
      "executable": false
    },
    {
      "path": "<WORKSPACE>/task-next-increment-20261006/build-source/build/lib/cpn/examples/adapter_task/assets/opencode-petrinet.png",
      "bytes": 96409,
      "elf": false,
      "executable": false
    },
    {
      "path": "<WORKSPACE>/task-local-early-20261006/inputs/p6_base1087/cpn/examples/adapter_task/assets/opencode-petrinet.png",
      "bytes": 96409,
      "elf": false,
      "executable": false
    },
    {
      "path": "<WORKSPACE>/task-cloud-takeover-20261006/restored/pure_original_source1122/docs/validation/opencode-20260925.json",
      "bytes": 617,
      "elf": false,
      "executable": false
    },
    {
      "path": "<WORKSPACE>/task-cloud-takeover-20261006/restored/pure_original_source1122/docs/validation/opencode-20260925.md",
      "bytes": 2991,
      "elf": false,
      "executable": false
    },
    {
      "path": "<WORKSPACE>/task-next-increment-20261006/build-source/docs/validation/opencode-20260925.json",
      "bytes": 617,
      "elf": false,
      "executable": false
    },
    {
      "path": "<WORKSPACE>/task-next-increment-20261006/build-source/docs/validation/opencode-20260925.md",
      "bytes": 2991,
      "elf": false,
      "executable": false
    },
    {
      "path": "<WORKSPACE>/task-local-early-20261006/inputs/p6_graph_source_merge/source/cpn/examples/adapter_task/assets/opencode-petrinet.png",
      "bytes": 96409,
      "elf": false,
      "executable": false
    },
    {
      "path": "<WORKSPACE>/task-local-early-20261006/inputs/p4_source1059/cpn/examples/adapter_task/assets/opencode-petrinet.png",
      "bytes": 96409,
      "elf": false,
      "executable": false
    },
    {
      "path": "<WORKSPACE>/task-cloud-takeover-20261006/restored/legacy_cold_exact/cpn/examples/adapter_task/assets/opencode-petrinet.png",
      "bytes": 96409,
      "elf": false,
      "executable": false
    },
    {
      "path": "<WORKSPACE>/task-rebuilt-20261007/packaging/restored-published/cpn/examples/adapter_task/assets/opencode-petrinet.png",
      "bytes": 96409,
      "elf": false,
      "executable": false
    },
    {
      "path": "<WORKSPACE>/task-next-increment-20261006/build-source/cpn/examples/adapter_task/assets/opencode-petrinet.png",
      "bytes": 96409,
      "elf": false,
      "executable": false
    },
    {
      "path": "<WORKSPACE>/task-cloud-takeover-20261006/restored/pure_original_source1122/cpn/examples/adapter_task/assets/opencode-petrinet.png",
      "bytes": 96409,
      "elf": false,
      "executable": false
    },
    {
      "path": "<WORKSPACE>/task-local-early-20261006/A4/evidence/recovery-check-freeze04-r1/source/docs/validation/opencode-20260925.json",
      "bytes": 617,
      "elf": false,
      "executable": false
    },
    {
      "path": "<WORKSPACE>/task-local-early-20261006/A4/evidence/recovery-check-freeze04-r1/source/docs/validation/opencode-20260925.md",
      "bytes": 2991,
      "elf": false,
      "executable": false
    },
    {
      "path": "<WORKSPACE>/task-local-early-20261006/A4/evidence/freeze03-source/docs/validation/opencode-20260925.json",
      "bytes": 617,
      "elf": false,
      "executable": false
    },
    {
      "path": "<WORKSPACE>/task-local-early-20261006/A4/evidence/freeze03-source/docs/validation/opencode-20260925.md",
      "bytes": 2991,
      "elf": false,
      "executable": false
    },
    {
      "path": "<WORKSPACE>/task-cloud-takeover-20261006/B6/snapshots/freeze04/docs/validation/opencode-20260925.json",
      "bytes": 617,
      "elf": false,
      "executable": false
    },
    {
      "path": "<WORKSPACE>/task-cloud-takeover-20261006/B6/snapshots/freeze04/docs/validation/opencode-20260925.md",
      "bytes": 2991,
      "elf": false,
      "executable": false
    },
    {
      "path": "<WORKSPACE>/task-rebuilt-20261007/restored-source/docs/validation/opencode-20260925.json",
      "bytes": 617,
      "elf": false,
      "executable": false
    },
    {
      "path": "<WORKSPACE>/task-rebuilt-20261007/restored-source/docs/validation/opencode-20260925.md",
      "bytes": 2991,
      "elf": false,
      "executable": false
    },
    {
      "path": "<WORKSPACE>/task-local-early-20261006/A4/evidence/recovery-check-freeze04-r1/source/cpn/examples/adapter_task/assets/opencode-petrinet.png",
      "bytes": 96409,
      "elf": false,
      "executable": false
    },
    {
      "path": "<WORKSPACE>/task-local-early-20261006/A4/evidence/freeze03-source/cpn/examples/adapter_task/assets/opencode-petrinet.png",
      "bytes": 96409,
      "elf": false,
      "executable": false
    },
    {
      "path": "<WORKSPACE>/task-cloud-takeover-20261006/B8/prior/A3/patch-recovered-copy/docs/validation/opencode-20260925.json",
      "bytes": 617,
      "elf": false,
      "executable": false
    },
    {
      "path": "<WORKSPACE>/task-cloud-takeover-20261006/B8/prior/A3/patch-recovered-copy/docs/validation/opencode-20260925.md",
      "bytes": 2991,
      "elf": false,
      "executable": false
    },
    {
      "path": "<WORKSPACE>/task-rebuilt-20261007/restored-source/cpn/examples/adapter_task/assets/opencode-petrinet.png",
      "bytes": 96409,
      "elf": false,
      "executable": false
    },
    {
      "path": "<WORKSPACE>/task-cloud-takeover-20261006/B6/snapshots/freeze04/cpn/examples/adapter_task/assets/opencode-petrinet.png",
      "bytes": 96409,
      "elf": false,
      "executable": false
    },
    {
      "path": "<WORKSPACE>/task-cloud-takeover-20261006/B6/snapshots/freeze03/docs/validation/opencode-20260925.json",
      "bytes": 617,
      "elf": false,
      "executable": false
    },
    {
      "path": "<WORKSPACE>/task-cloud-takeover-20261006/B6/snapshots/freeze03/docs/validation/opencode-20260925.md",
      "bytes": 2991,
      "elf": false,
      "executable": false
    },
    {
      "path": "<WORKSPACE>/task-cloud-takeover-20261006/B8/prior/A3/patch-recovered-copy/cpn/examples/adapter_task/assets/opencode-petrinet.png",
      "bytes": 96409,
      "elf": false,
      "executable": false
    },
    {
      "path": "<WORKSPACE>/task-cloud-takeover-20261006/B6/snapshots/freeze03/cpn/examples/adapter_task/assets/opencode-petrinet.png",
      "bytes": 96409,
      "elf": false,
      "executable": false
    },
    {
      "path": "<WORKSPACE>/task-local-early-20261006/A4/evidence/recovery-check-freeze03/source/docs/validation/opencode-20260925.json",
      "bytes": 617,
      "elf": false,
      "executable": false
    },
    {
      "path": "<WORKSPACE>/task-local-early-20261006/A4/evidence/recovery-check-freeze03/source/docs/validation/opencode-20260925.md",
      "bytes": 2991,
      "elf": false,
      "executable": false
    },
    {
      "path": "<WORKSPACE>/task-local-early-20261006/A4/evidence/recovery-check-freeze04/source/docs/validation/opencode-20260925.json",
      "bytes": 617,
      "elf": false,
      "executable": false
    },
    {
      "path": "<WORKSPACE>/task-local-early-20261006/A4/evidence/recovery-check-freeze04/source/docs/validation/opencode-20260925.md",
      "bytes": 2991,
      "elf": false,
      "executable": false
    },
    {
      "path": "<WORKSPACE>/task-cloud-takeover-20261006/B6/snapshots/freeze02/docs/validation/opencode-20260925.json",
      "bytes": 617,
      "elf": false,
      "executable": false
    },
    {
      "path": "<WORKSPACE>/task-cloud-takeover-20261006/B6/snapshots/freeze02/docs/validation/opencode-20260925.md",
      "bytes": 2991,
      "elf": false,
      "executable": false
    },
    {
      "path": "<WORKSPACE>/task-local-early-20261006/A4/evidence/recovery-check-freeze03/source/cpn/examples/adapter_task/assets/opencode-petrinet.png",
      "bytes": 96409,
      "elf": false,
      "executable": false
    },
    {
      "path": "<WORKSPACE>/task-local-early-20261006/A4/evidence/recovery-check-freeze04/source/cpn/examples/adapter_task/assets/opencode-petrinet.png",
      "bytes": 96409,
      "elf": false,
      "executable": false
    },
    {
      "path": "<WORKSPACE>/task-next-increment-20261006/installed/venv/lib/python3.13/site-packages/cpn/examples/adapter_task/assets/opencode-petrinet.png",
      "bytes": 96409,
      "elf": false,
      "executable": false
    },
    {
      "path": "<WORKSPACE>/task-local-early-20261006/A4/candidate/docs/validation/opencode-20260925.json",
      "bytes": 617,
      "elf": false,
      "executable": false
    },
    {
      "path": "<WORKSPACE>/task-local-early-20261006/A4/candidate/docs/validation/opencode-20260925.md",
      "bytes": 2991,
      "elf": false,
      "executable": false
    },
    {
      "path": "<WORKSPACE>/task-cloud-takeover-20261006/B8/prior/A3/candidate/docs/validation/opencode-20260925.json",
      "bytes": 617,
      "elf": false,
      "executable": false
    },
    {
      "path": "<WORKSPACE>/task-cloud-takeover-20261006/B8/prior/A3/candidate/docs/validation/opencode-20260925.md",
      "bytes": 2991,
      "elf": false,
      "executable": false
    },
    {
      "path": "<WORKSPACE>/task-local-early-20261006/A4/evidence/freeze04-source/docs/validation/opencode-20260925.json",
      "bytes": 617,
      "elf": false,
      "executable": false
    },
    {
      "path": "<WORKSPACE>/task-local-early-20261006/A4/evidence/freeze04-source/docs/validation/opencode-20260925.md",
      "bytes": 2991,
      "elf": false,
      "executable": false
    },
    {
      "path": "<WORKSPACE>/task-cloud-takeover-20261006/B6/snapshots/freeze02/cpn/examples/adapter_task/assets/opencode-petrinet.png",
      "bytes": 96409,
      "elf": false,
      "executable": false
    },
    {
      "path": "<WORKSPACE>/task-local-early-20261006/A4/candidate/cpn/examples/adapter_task/assets/opencode-petrinet.png",
      "bytes": 96409,
      "elf": false,
      "executable": false
    },
    {
      "path": "<WORKSPACE>/task-local-early-20261006/A4/evidence/freeze04-source/cpn/examples/adapter_task/assets/opencode-petrinet.png",
      "bytes": 96409,
      "elf": false,
      "executable": false
    },
    {
      "path": "<WORKSPACE>/task-cloud-takeover-20261006/B8/prior/A3/candidate/cpn/examples/adapter_task/assets/opencode-petrinet.png",
      "bytes": 96409,
      "elf": false,
      "executable": false
    },
    {
      "path": "<WORKSPACE>/task-cloud-takeover-20261006/B8/prior/A5/candidate/docs/validation/opencode-20260925.json",
      "bytes": 617,
      "elf": false,
      "executable": false
    },
    {
      "path": "<WORKSPACE>/task-cloud-takeover-20261006/B8/prior/A5/candidate/docs/validation/opencode-20260925.md",
      "bytes": 2991,
      "elf": false,
      "executable": false
    },
    {
      "path": "<WORKSPACE>/RPNH-main/build/lib/cpn/examples/adapter_task/assets/opencode-petrinet.png",
      "bytes": 96409,
      "elf": false,
      "executable": false
    },
    {
      "path": "<WORKSPACE>/RPNH-main/docs/validation/opencode-20260925.json",
      "bytes": 617,
      "elf": false,
      "executable": false
    },
    {
      "path": "<WORKSPACE>/RPNH-main/docs/validation/opencode-20260925.md",
      "bytes": 2991,
      "elf": false,
      "executable": false
    },
    {
      "path": "<WORKSPACE>/task-local-early-20261006/A4/evidence/recovery-check/source/docs/validation/opencode-20260925.json",
      "bytes": 617,
      "elf": false,
      "executable": false
    },
    {
      "path": "<WORKSPACE>/task-local-early-20261006/A4/evidence/recovery-check/source/docs/validation/opencode-20260925.md",
      "bytes": 2991,
      "elf": false,
      "executable": false
    },
    {
      "path": "<WORKSPACE>/task-rebuilt-20261007/runs/numbers-P0-new_venv/selected/lib/python3.13/site-packages/cpn/examples/adapter_task/assets/opencode-petrinet.png",
      "bytes": 96409,
      "elf": false,
      "executable": false
    },
    {
      "path": "<WORKSPACE>/task-local-early-20261006/A7/integration/docs/validation/opencode-20260925.json",
      "bytes": 617,
      "elf": false,
      "executable": false
    },
    {
      "path": "<WORKSPACE>/task-local-early-20261006/A7/integration/docs/validation/opencode-20260925.md",
      "bytes": 2991,
      "elf": false,
      "executable": false
    },
    {
      "path": "<WORKSPACE>/task-cloud-takeover-20261006/B8/prior/A5/candidate/cpn/examples/adapter_task/assets/opencode-petrinet.png",
      "bytes": 96409,
      "elf": false,
      "executable": false
    },
    {
      "path": "<WORKSPACE>/task-local-early-20261006/A4/evidence/recovery-check/source/cpn/examples/adapter_task/assets/opencode-petrinet.png",
      "bytes": 96409,
      "elf": false,
      "executable": false
    },
    {
      "path": "<WORKSPACE>/task-local-early-20261006/A7/integration/cpn/examples/adapter_task/assets/opencode-petrinet.png",
      "bytes": 96409,
      "elf": false,
      "executable": false
    },
    {
      "path": "<WORKSPACE>/task-local-early-20261006/A1/independent-validation/p6-freeze04-snapshot/docs/validation/opencode-20260925.json",
      "bytes": 617,
      "elf": false,
      "executable": false
    },
    {
      "path": "<WORKSPACE>/task-local-early-20261006/A1/independent-validation/p6-freeze04-snapshot/docs/validation/opencode-20260925.md",
      "bytes": 2991,
      "elf": false,
      "executable": false
    },
    {
      "path": "<WORKSPACE>/task-local-early-20261006/A1/independent-validation/p6-freeze04-snapshot/cpn/examples/adapter_task/assets/opencode-petrinet.png",
      "bytes": 96409,
      "elf": false,
      "executable": false
    },
    {
      "path": "<WORKSPACE>/RPNH-main/cpn/examples/adapter_task/assets/opencode-petrinet.png",
      "bytes": 96409,
      "elf": false,
      "executable": false
    },
    {
      "path": "<WORKSPACE>/task-rebuilt-20261007/runs/files-P1-existing/selected/lib/python3.13/site-packages/cpn/examples/adapter_task/assets/opencode-petrinet.png",
      "bytes": 96409,
      "elf": false,
      "executable": false
    },
    {
      "path": "<WORKSPACE>/task-local-early-20261006/A1/independent-validation/p4-snapshot/docs/validation/opencode-20260925.json",
      "bytes": 617,
      "elf": false,
      "executable": false
    },
    {
      "path": "<WORKSPACE>/task-local-early-20261006/A1/independent-validation/p4-snapshot/docs/validation/opencode-20260925.md",
      "bytes": 2991,
      "elf": false,
      "executable": false
    },
    {
      "path": "<WORKSPACE>/task-local-early-20261006/A1/independent-validation/p4-snapshot/cpn/examples/adapter_task/assets/opencode-petrinet.png",
      "bytes": 96409,
      "elf": false,
      "executable": false
    },
    {
      "path": "<WORKSPACE>/task-erp-unknown-validation-20261008/work/uv-cache/archive-v0/_3OlzXK9bNcZQ6ngew9P8/cpn/examples/adapter_task/assets/opencode-petrinet.png",
      "bytes": 96409,
      "elf": false,
      "executable": false
    },
    {
      "path": "<WORKSPACE>/task-permission-closeout-20261007/docs-site-final-01/cpn/examples/adapter_task/assets/opencode-petrinet.png",
      "bytes": 96409,
      "elf": false,
      "executable": false
    },
    {
      "path": "<WORKSPACE>/task-permission-closeout-20261007/packaging/restored-final-source/docs/validation/opencode-20260925.json",
      "bytes": 617,
      "elf": false,
      "executable": false
    },
    {
      "path": "<WORKSPACE>/task-permission-closeout-20261007/packaging/restored-final-source/docs/validation/opencode-20260925.md",
      "bytes": 2991,
      "elf": false,
      "executable": false
    },
    {
      "path": "<WORKSPACE>/task-permission-closeout-20261007/packaging/restored-final-source/cpn/examples/adapter_task/assets/opencode-petrinet.png",
      "bytes": 96409,
      "elf": false,
      "executable": false
    },
    {
      "path": "<WORKSPACE>/task-rebuilt-20261007/runs/numbers-P0-new_venv-final02/selected/lib/python3.13/site-packages/cpn/examples/adapter_task/assets/opencode-petrinet.png",
      "bytes": 96409,
      "elf": false,
      "executable": false
    },
    {
      "path": "<WORKSPACE>/test-lab/vendor/opencode-6df0d5d/packages/codemode/test/fixtures/opencode-v2-openapi.json",
      "bytes": 636847,
      "elf": false,
      "executable": false
    },
    {
      "path": "<WORKSPACE>/task-local-early-20261006/A1/independent-validation/p6-snapshot/docs/validation/opencode-20260925.json",
      "bytes": 617,
      "elf": false,
      "executable": false
    },
    {
      "path": "<WORKSPACE>/task-local-early-20261006/A1/independent-validation/p6-snapshot/docs/validation/opencode-20260925.md",
      "bytes": 2991,
      "elf": false,
      "executable": false
    },
    {
      "path": "<WORKSPACE>/test-lab/vendor/opencode-6df0d5d/packages/opencode/bin/opencode",
      "bytes": 5071,
      "elf": false,
      "executable": true
    },
    {
      "path": "<WORKSPACE>/task-local-early-20261006/A1/independent-validation/p6-snapshot/cpn/examples/adapter_task/assets/opencode-petrinet.png",
      "bytes": 96409,
      "elf": false,
      "executable": false
    },
    {
      "path": "<WORKSPACE>/task-local-early-20261006/A3/patch-recovered-copy/docs/validation/opencode-20260925.json",
      "bytes": 617,
      "elf": false,
      "executable": false
    },
    {
      "path": "<WORKSPACE>/task-local-early-20261006/A3/patch-recovered-copy/docs/validation/opencode-20260925.md",
      "bytes": 2991,
      "elf": false,
      "executable": false
    },
    {
      "path": "<WORKSPACE>/task-local-early-20261006/A3/patch-recovered-copy/cpn/examples/adapter_task/assets/opencode-petrinet.png",
      "bytes": 96409,
      "elf": false,
      "executable": false
    },
    {
      "path": "<WORKSPACE>/test-lab/vendor/opencode-6df0d5d/packages/console/app/public/opencode-brand-assets.zip",
      "bytes": 20531,
      "elf": false,
      "executable": false
    },
    {
      "path": "<WORKSPACE>/task-rebuilt-20261007/runs/files-P0-setup_document-final02/selected/lib/python3.13/site-packages/cpn/examples/adapter_task/assets/opencode-petrinet.png",
      "bytes": 96409,
      "elf": false,
      "executable": false
    },
    {
      "path": "<WORKSPACE>/test-lab/vendor/opencode-6df0d5d/packages/console/app/src/asset/lander/opencode-min.mp4",
      "bytes": 10368838,
      "elf": false,
      "executable": false
    },
    {
      "path": "<WORKSPACE>/test-lab/vendor/opencode-6df0d5d/packages/console/app/src/asset/lander/opencode-poster.png",
      "bytes": 13705,
      "elf": false,
      "executable": false
    },
    {
      "path": "<WORKSPACE>/test-lab/vendor/opencode-6df0d5d/packages/console/app/src/asset/lander/opencode-wordmark-light.svg",
      "bytes": 1226,
      "elf": false,
      "executable": false
    },
    {
      "path": "<WORKSPACE>/test-lab/vendor/opencode-6df0d5d/packages/console/app/src/asset/lander/opencode-logo-dark.svg",
      "bytes": 358,
      "elf": false,
      "executable": false
    },
    {
      "path": "<WORKSPACE>/test-lab/vendor/opencode-6df0d5d/packages/console/app/src/asset/lander/opencode-comparison-poster.png",
      "bytes": 13705,
      "elf": false,
      "executable": false
    },
    {
      "path": "<WORKSPACE>/test-lab/vendor/opencode-6df0d5d/packages/console/app/src/asset/lander/opencode-comparison-min.mp4",
      "bytes": 16908501,
      "elf": false,
      "executable": false
    },
    {
      "path": "<WORKSPACE>/test-lab/vendor/opencode-6df0d5d/packages/console/app/src/asset/lander/opencode-logo-light.svg",
      "bytes": 358,
      "elf": false,
      "executable": false
    },
    {
      "path": "<WORKSPACE>/test-lab/vendor/opencode-6df0d5d/packages/console/app/src/asset/lander/opencode-wordmark-dark.svg",
      "bytes": 1226,
      "elf": false,
      "executable": false
    },
    {
      "path": "<WORKSPACE>/test-lab/vendor/opencode-6df0d5d/packages/console/app/src/asset/lander/opencode-desktop-icon.png",
      "bytes": 46114,
      "elf": false,
      "executable": false
    },
    {
      "path": "<WORKSPACE>/test-lab/vendor/opencode-6df0d5d/packages/console/app/src/asset/brand/opencode-logo-light.png",
      "bytes": 2497,
      "elf": false,
      "executable": false
    },
    {
      "path": "<WORKSPACE>/test-lab/vendor/opencode-6df0d5d/packages/console/app/src/asset/brand/opencode-wordmark-simple-dark.svg",
      "bytes": 1539,
      "elf": false,
      "executable": false
    },
    {
      "path": "<WORKSPACE>/test-lab/vendor/opencode-6df0d5d/packages/console/app/src/asset/brand/opencode-wordmark-simple-dark.png",
      "bytes": 2347,
      "elf": false,
      "executable": false
    },
    {
      "path": "<WORKSPACE>/test-lab/vendor/opencode-6df0d5d/packages/console/app/src/asset/brand/opencode-wordmark-simple-light.png",
      "bytes": 2233,
      "elf": false,
      "executable": false
    },
    {
      "path": "<WORKSPACE>/test-lab/vendor/opencode-6df0d5d/packages/console/app/src/asset/brand/opencode-logo-light-square.svg",
      "bytes": 631,
      "elf": false,
      "executable": false
    },
    {
      "path": "<WORKSPACE>/test-lab/vendor/opencode-6df0d5d/packages/console/app/src/asset/brand/opencode-brand-assets.zip",
      "bytes": 19070,
      "elf": false,
      "executable": false
    },
    {
      "path": "<WORKSPACE>/test-lab/vendor/opencode-6df0d5d/packages/console/app/src/asset/brand/opencode-wordmark-light.svg",
      "bytes": 2148,
      "elf": false,
      "executable": false
    },
    {
      "path": "<WORKSPACE>/test-lab/vendor/opencode-6df0d5d/packages/console/app/src/asset/brand/opencode-logo-dark.svg",
      "bytes": 593,
      "elf": false,
      "executable": false
    },
    {
      "path": "<WORKSPACE>/test-lab/vendor/opencode-6df0d5d/packages/console/app/src/asset/brand/opencode-wordmark-light.png",
      "bytes": 2756,
      "elf": false,
      "executable": false
    },
    {
      "path": "<WORKSPACE>/test-lab/vendor/opencode-6df0d5d/packages/console/app/src/asset/brand/opencode-logo-dark-square.svg",
      "bytes": 631,
      "elf": false,
      "executable": false
    },
    {
      "path": "<WORKSPACE>/test-lab/vendor/opencode-6df0d5d/packages/console/app/src/asset/brand/opencode-wordmark-simple-light.svg",
      "bytes": 1516,
      "elf": false,
      "executable": false
    },
    {
      "path": "<WORKSPACE>/test-lab/vendor/opencode-6df0d5d/packages/console/app/src/asset/brand/opencode-logo-light-square.png",
      "bytes": 697,
      "elf": false,
      "executable": false
    },
    {
      "path": "<WORKSPACE>/test-lab/vendor/opencode-6df0d5d/packages/console/app/src/asset/brand/opencode-logo-light.svg",
      "bytes": 593,
      "elf": false,
      "executable": false
    },
    {
      "path": "<WORKSPACE>/test-lab/vendor/opencode-6df0d5d/packages/console/app/src/asset/brand/opencode-wordmark-dark.svg",
      "bytes": 2166,
      "elf": false,
      "executable": false
    },
    {
      "path": "<WORKSPACE>/test-lab/vendor/opencode-6df0d5d/packages/console/app/src/asset/brand/opencode-logo-dark.png",
      "bytes": 2491,
      "elf": false,
      "executable": false
    },
    {
      "path": "<WORKSPACE>/test-lab/vendor/opencode-6df0d5d/packages/console/app/src/asset/brand/opencode-wordmark-dark.png",
      "bytes": 2837,
      "elf": false,
      "executable": false
    },
    {
      "path": "<WORKSPACE>/test-lab/vendor/opencode-6df0d5d/packages/console/app/src/asset/brand/opencode-logo-dark-square.png",
      "bytes": 697,
      "elf": false,
      "executable": false
    },
    {
      "path": "<WORKSPACE>/task-rebuilt-20261007/runs/numbers-P0-existing-joint/selected/lib/python3.13/site-packages/cpn/examples/adapter_task/assets/opencode-petrinet.png",
      "bytes": 96409,
      "elf": false,
      "executable": false
    },
    {
      "path": "<WORKSPACE>/test-lab/vendor/opencode-6df0d5d/packages/ui/src/assets/icons/provider/opencode-go.svg",
      "bytes": 227,
      "elf": false,
      "executable": false
    },
    {
      "path": "<WORKSPACE>/task-cloud-takeover-20261006/B5/baseline/docs/validation/opencode-20260925.json",
      "bytes": 617,
      "elf": false,
      "executable": false
    },
    {
      "path": "<WORKSPACE>/task-cloud-takeover-20261006/B5/baseline/docs/validation/opencode-20260925.md",
      "bytes": 2991,
      "elf": false,
      "executable": false
    },
    {
      "path": "<WORKSPACE>/task-cloud-takeover-20261006/B5/patch-recovery/docs/validation/opencode-20260925.json",
      "bytes": 617,
      "elf": false,
      "executable": false
    },
    {
      "path": "<WORKSPACE>/task-cloud-takeover-20261006/B5/patch-recovery/docs/validation/opencode-20260925.md",
      "bytes": 2991,
      "elf": false,
      "executable": false
    },
    {
      "path": "<WORKSPACE>/task-cloud-takeover-20261006/B5/baseline/cpn/examples/adapter_task/assets/opencode-petrinet.png",
      "bytes": 96409,
      "elf": false,
      "executable": false
    },
    {
      "path": "<WORKSPACE>/task-erp-first-wave-20261008/source/docs/validation/opencode-20260925.json",
      "bytes": 617,
      "elf": false,
      "executable": false
    },
    {
      "path": "<WORKSPACE>/task-erp-first-wave-20261008/source/docs/validation/opencode-20260925.md",
      "bytes": 2991,
      "elf": false,
      "executable": false
    },
    {
      "path": "<WORKSPACE>/task-cloud-takeover-20261006/B5/patch-recovery/cpn/examples/adapter_task/assets/opencode-petrinet.png",
      "bytes": 96409,
      "elf": false,
      "executable": false
    },
    {
      "path": "<WORKSPACE>/task-local-early-20261006/A3/candidate/docs/validation/opencode-20260925.json",
      "bytes": 617,
      "elf": false,
      "executable": false
    },
    {
      "path": "<WORKSPACE>/task-local-early-20261006/A3/candidate/docs/validation/opencode-20260925.md",
      "bytes": 2991,
      "elf": false,
      "executable": false
    },
    {
      "path": "<WORKSPACE>/task-erp-first-wave-20261008/source/cpn/examples/adapter_task/assets/opencode-petrinet.png",
      "bytes": 96409,
      "elf": false,
      "executable": false
    },
    {
      "path": "<WORKSPACE>/task-local-early-20261006/A3/candidate/cpn/examples/adapter_task/assets/opencode-petrinet.png",
      "bytes": 96409,
      "elf": false,
      "executable": false
    },
    {
      "path": "<WORKSPACE>/test-lab/vendor/opencode-6df0d5d/packages/app/vendor/opencode-ai-client-1.17.13-v2.tgz",
      "bytes": 67724,
      "elf": false,
      "executable": false
    },
    {
      "path": "<WORKSPACE>/test-lab/vendor/opencode-6df0d5d/packages/desktop/resources/linux/opencode-desktop.desktop",
      "bytes": 239,
      "elf": false,
      "executable": false
    },
    {
      "path": "<WORKSPACE>/task-cloud-takeover-20261006/B5/candidate/docs/validation/opencode-20260925.json",
      "bytes": 617,
      "elf": false,
      "executable": false
    },
    {
      "path": "<WORKSPACE>/task-cloud-takeover-20261006/B5/candidate/docs/validation/opencode-20260925.md",
      "bytes": 2991,
      "elf": false,
      "executable": false
    },
    {
      "path": "<WORKSPACE>/task-rebuilt-20261007/runs/files-P0-existing/selected/lib/python3.13/site-packages/cpn/examples/adapter_task/assets/opencode-petrinet.png",
      "bytes": 96409,
      "elf": false,
      "executable": false
    },
    {
      "path": "<WORKSPACE>/task-cloud-takeover-20261006/B5/candidate/cpn/examples/adapter_task/assets/opencode-petrinet.png",
      "bytes": 96409,
      "elf": false,
      "executable": false
    },
    {
      "path": "<WORKSPACE>/task-local-early-20261006/A5/candidate/docs/validation/opencode-20260925.json",
      "bytes": 617,
      "elf": false,
      "executable": false
    },
    {
      "path": "<WORKSPACE>/task-local-early-20261006/A5/candidate/docs/validation/opencode-20260925.md",
      "bytes": 2991,
      "elf": false,
      "executable": false
    },
    {
      "path": "<WORKSPACE>/task-local-early-20261006/A5/candidate/cpn/examples/adapter_task/assets/opencode-petrinet.png",
      "bytes": 96409,
      "elf": false,
      "executable": false
    },
    {
      "path": "<WORKSPACE>/task-rebuilt-20261007/runs/numbers-P0-existing/selected/lib/python3.13/site-packages/cpn/examples/adapter_task/assets/opencode-petrinet.png",
      "bytes": 96409,
      "elf": false,
      "executable": false
    },
    {
      "path": "<WORKSPACE>/task-erp-first-wave-20261008/work/patch-base-ae/docs/validation/opencode-20260925.json",
      "bytes": 617,
      "elf": false,
      "executable": false
    },
    {
      "path": "<WORKSPACE>/task-erp-first-wave-20261008/work/patch-base-ae/docs/validation/opencode-20260925.md",
      "bytes": 2991,
      "elf": false,
      "executable": false
    },
    {
      "path": "<WORKSPACE>/task-erp-first-wave-20261008/work/patch-base-ae/cpn/examples/adapter_task/assets/opencode-petrinet.png",
      "bytes": 96409,
      "elf": false,
      "executable": false
    },
    {
      "path": "<WORKSPACE>/task-cloud-closeout-fix-20261006/source-final/docs/validation/opencode-20260925.json",
      "bytes": 617,
      "elf": false,
      "executable": false
    },
    {
      "path": "<WORKSPACE>/task-cloud-closeout-fix-20261006/source-final/docs/validation/opencode-20260925.md",
      "bytes": 2991,
      "elf": false,
      "executable": false
    },
    {
      "path": "<WORKSPACE>/task-rebuilt-20261007/runs/files-P0-existing-final02-joint/selected/lib/python3.13/site-packages/cpn/examples/adapter_task/assets/opencode-petrinet.png",
      "bytes": 96409,
      "elf": false,
      "executable": false
    },
    {
      "path": "<WORKSPACE>/task-cloud-closeout-fix-20261006/source-final/cpn/examples/adapter_task/assets/opencode-petrinet.png",
      "bytes": 96409,
      "elf": false,
      "executable": false
    },
    {
      "path": "<WORKSPACE>/task-cloud-closeout-fix-20261006/source/docs/validation/opencode-20260925.json",
      "bytes": 617,
      "elf": false,
      "executable": false
    },
    {
      "path": "<WORKSPACE>/task-cloud-closeout-fix-20261006/source/docs/validation/opencode-20260925.md",
      "bytes": 2991,
      "elf": false,
      "executable": false
    },
    {
      "path": "<WORKSPACE>/task-cloud-closeout-fix-20261006/source/cpn/examples/adapter_task/assets/opencode-petrinet.png",
      "bytes": 96409,
      "elf": false,
      "executable": false
    },
    {
      "path": "<WORKSPACE>/task-rebuilt-20261007/runs/files-P0-new_venv/selected/lib/python3.13/site-packages/cpn/examples/adapter_task/assets/opencode-petrinet.png",
      "bytes": 96409,
      "elf": false,
      "executable": false
    },
    {
      "path": "<WORKSPACE>/task-cloud-closeout-fix-20261006/patch-check/docs/validation/opencode-20260925.json",
      "bytes": 617,
      "elf": false,
      "executable": false
    },
    {
      "path": "<WORKSPACE>/task-cloud-closeout-fix-20261006/patch-check/docs/validation/opencode-20260925.md",
      "bytes": 2991,
      "elf": false,
      "executable": false
    },
    {
      "path": "<WORKSPACE>/task-rebuilt-20261007/runs/files-P0-existing-joint/selected/lib/python3.13/site-packages/cpn/examples/adapter_task/assets/opencode-petrinet.png",
      "bytes": 96409,
      "elf": false,
      "executable": false
    },
    {
      "path": "<WORKSPACE>/task-permission-closeout-20261007/source-final-01/docs/validation/opencode-20260925.json",
      "bytes": 617,
      "elf": false,
      "executable": false
    },
    {
      "path": "<WORKSPACE>/task-permission-closeout-20261007/source-final-01/docs/validation/opencode-20260925.md",
      "bytes": 2991,
      "elf": false,
      "executable": false
    },
    {
      "path": "<WORKSPACE>/task-rebuilt-20261007/runs/numbers-P1-existing-final02-joint/selected/lib/python3.13/site-packages/cpn/examples/adapter_task/assets/opencode-petrinet.png",
      "bytes": 96409,
      "elf": false,
      "executable": false
    },
    {
      "path": "<WORKSPACE>/task-cloud-closeout-fix-20261006/patch-check/cpn/examples/adapter_task/assets/opencode-petrinet.png",
      "bytes": 96409,
      "elf": false,
      "executable": false
    },
    {
      "path": "<WORKSPACE>/.v26/d/docs/validation/opencode-20260925.json",
      "bytes": 617,
      "elf": false,
      "executable": false
    },
    {
      "path": "<WORKSPACE>/.v26/d/docs/validation/opencode-20260925.md",
      "bytes": 2991,
      "elf": false,
      "executable": false
    },
    {
      "path": "<WORKSPACE>/task-permission-closeout-20261007/source-final-01/cpn/examples/adapter_task/assets/opencode-petrinet.png",
      "bytes": 96409,
      "elf": false,
      "executable": false
    },
    {
      "path": "<WORKSPACE>/task-permission-closeout-20261007/installed/tests-01/docs/validation/opencode-20260925.json",
      "bytes": 617,
      "elf": false,
      "executable": false
    },
    {
      "path": "<WORKSPACE>/task-permission-closeout-20261007/installed/tests-01/docs/validation/opencode-20260925.md",
      "bytes": 2991,
      "elf": false,
      "executable": false
    },
    {
      "path": "<WORKSPACE>/task-permission-closeout-20261007/installed/tests-01/cpn/examples/adapter_task/assets/opencode-petrinet.png",
      "bytes": 96409,
      "elf": false,
      "executable": false
    },
    {
      "path": "<WORKSPACE>/task-rebuilt-20261007/runs/numbers-P0-setup_document-retry/selected/lib/python3.13/site-packages/cpn/examples/adapter_task/assets/opencode-petrinet.png",
      "bytes": 96409,
      "elf": false,
      "executable": false
    },
    {
      "path": "<WORKSPACE>/task-rebuilt-20261007/runs/files-P0-setup_document/selected/lib/python3.13/site-packages/cpn/examples/adapter_task/assets/opencode-petrinet.png",
      "bytes": 96409,
      "elf": false,
      "executable": false
    },
    {
      "path": "<WORKSPACE>/task-rebuilt-20261007/runs/numbers-P0-existing-final02-joint/selected/lib/python3.13/site-packages/cpn/examples/adapter_task/assets/opencode-petrinet.png",
      "bytes": 96409,
      "elf": false,
      "executable": false
    },
    {
      "path": "<WORKSPACE>/task-rebuilt-20261007/source-final-01/docs/validation/opencode-20260925.json",
      "bytes": 617,
      "elf": false,
      "executable": false
    },
    {
      "path": "<WORKSPACE>/task-rebuilt-20261007/source-final-01/docs/validation/opencode-20260925.md",
      "bytes": 2991,
      "elf": false,
      "executable": false
    },
    {
      "path": "<WORKSPACE>/.v26/c1/docs/validation/opencode-20260925.json",
      "bytes": 617,
      "elf": false,
      "executable": false
    },
    {
      "path": "<WORKSPACE>/.v26/c1/docs/validation/opencode-20260925.md",
      "bytes": 2991,
      "elf": false,
      "executable": false
    },
    {
      "path": "<WORKSPACE>/task-rebuilt-20261007/source-final-01/cpn/examples/adapter_task/assets/opencode-petrinet.png",
      "bytes": 96409,
      "elf": false,
      "executable": false
    },
    {
      "path": "<WORKSPACE>/.v26/d/cpn/examples/adapter_task/assets/opencode-petrinet.png",
      "bytes": 96409,
      "elf": false,
      "executable": false
    },
    {
      "path": "<WORKSPACE>/task-rebuilt-20261007/source-final-02/docs/validation/opencode-20260925.json",
      "bytes": 617,
      "elf": false,
      "executable": false
    },
    {
      "path": "<WORKSPACE>/task-rebuilt-20261007/source-final-02/docs/validation/opencode-20260925.md",
      "bytes": 2991,
      "elf": false,
      "executable": false
    },
    {
      "path": "<WORKSPACE>/.v26/c3/docs/validation/opencode-20260925.json",
      "bytes": 617,
      "elf": false,
      "executable": false
    },
    {
      "path": "<WORKSPACE>/.v26/c3/docs/validation/opencode-20260925.md",
      "bytes": 2991,
      "elf": false,
      "executable": false
    },
    {
      "path": "<WORKSPACE>/task-permission-closeout-20261007/installed/final-venv-01/lib/python3.13/site-packages/cpn/examples/adapter_task/assets/opencode-petrinet.png",
      "bytes": 96409,
      "elf": false,
      "executable": false
    },
    {
      "path": "<WORKSPACE>/task-rebuilt-20261007/runs/files-P0-new_venv-final02/selected/lib/python3.13/site-packages/cpn/examples/adapter_task/assets/opencode-petrinet.png",
      "bytes": 96409,
      "elf": false,
      "executable": false
    },
    {
      "path": "<WORKSPACE>/.v26/x1/docs/validation/opencode-20260925.json",
      "bytes": 617,
      "elf": false,
      "executable": false
    },
    {
      "path": "<WORKSPACE>/.v26/x1/docs/validation/opencode-20260925.md",
      "bytes": 2991,
      "elf": false,
      "executable": false
    },
    {
      "path": "<WORKSPACE>/task-rebuilt-20261007/source-final-02/cpn/examples/adapter_task/assets/opencode-petrinet.png",
      "bytes": 96409,
      "elf": false,
      "executable": false
    },
    {
      "path": "<WORKSPACE>/task-rebuilt-20261007/runs/files-P1-existing-final02/selected/lib/python3.13/site-packages/cpn/examples/adapter_task/assets/opencode-petrinet.png",
      "bytes": 96409,
      "elf": false,
      "executable": false
    },
    {
      "path": "<WORKSPACE>/task-rebuilt-20261007/runs/files-P1-existing-final02-joint/selected/lib/python3.13/site-packages/cpn/examples/adapter_task/assets/opencode-petrinet.png",
      "bytes": 96409,
      "elf": false,
      "executable": false
    },
    {
      "path": "<WORKSPACE>/task-rebuilt-20261007/installed/initial-venv/lib/python3.13/site-packages/cpn/examples/adapter_task/assets/opencode-petrinet.png",
      "bytes": 96409,
      "elf": false,
      "executable": false
    },
    {
      "path": "<WORKSPACE>/task-rebuilt-20261007/runs/numbers-P1-existing-final02/selected/lib/python3.13/site-packages/cpn/examples/adapter_task/assets/opencode-petrinet.png",
      "bytes": 96409,
      "elf": false,
      "executable": false
    },
    {
      "path": "<WORKSPACE>/.v26/c1/cpn/examples/adapter_task/assets/opencode-petrinet.png",
      "bytes": 96409,
      "elf": false,
      "executable": false
    },
    {
      "path": "<WORKSPACE>/task-rebuilt-20261007/runs/files-P0-existing-final02/selected/lib/python3.13/site-packages/cpn/examples/adapter_task/assets/opencode-petrinet.png",
      "bytes": 96409,
      "elf": false,
      "executable": false
    },
    {
      "path": "<WORKSPACE>/task-permission-closeout-20261007/build-source-01/docs/validation/opencode-20260925.json",
      "bytes": 617,
      "elf": false,
      "executable": false
    },
    {
      "path": "<WORKSPACE>/task-permission-closeout-20261007/build-source-01/docs/validation/opencode-20260925.md",
      "bytes": 2991,
      "elf": false,
      "executable": false
    },
    {
      "path": "<WORKSPACE>/task-rebuilt-20261007/installed/tests-02/docs/validation/opencode-20260925.json",
      "bytes": 617,
      "elf": false,
      "executable": false
    },
    {
      "path": "<WORKSPACE>/task-rebuilt-20261007/installed/tests-02/docs/validation/opencode-20260925.md",
      "bytes": 2991,
      "elf": false,
      "executable": false
    },
    {
      "path": "<WORKSPACE>/task-permission-closeout-20261007/build-source-01/cpn/examples/adapter_task/assets/opencode-petrinet.png",
      "bytes": 96409,
      "elf": false,
      "executable": false
    },
    {
      "path": "<WORKSPACE>/task-rebuilt-20261007/installed/tests-02/cpn/examples/adapter_task/assets/opencode-petrinet.png",
      "bytes": 96409,
      "elf": false,
      "executable": false
    },
    {
      "path": "<WORKSPACE>/.v26/x1/cpn/examples/adapter_task/assets/opencode-petrinet.png",
      "bytes": 96409,
      "elf": false,
      "executable": false
    },
    {
      "path": "<WORKSPACE>/.v26/x4/docs/validation/opencode-20260925.json",
      "bytes": 617,
      "elf": false,
      "executable": false
    },
    {
      "path": "<WORKSPACE>/.v26/x4/docs/validation/opencode-20260925.md",
      "bytes": 2991,
      "elf": false,
      "executable": false
    },
    {
      "path": "<WORKSPACE>/.v26/c3/cpn/examples/adapter_task/assets/opencode-petrinet.png",
      "bytes": 96409,
      "elf": false,
      "executable": false
    },
    {
      "path": "<WORKSPACE>/.v26/tog/test_missing_binary_and_wrappe0/opencode",
      "bytes": 24,
      "elf": false,
      "executable": true
    },
    {
      "path": "<WORKSPACE>/.v26/tog/test_late_failure_or_skip_over0/opencode-contract-evidence.json",
      "bytes": 908,
      "elf": false,
      "executable": false
    },
    {
      "path": "<WORKSPACE>/.v26/tog/test_failed_call_phase_evidenc0/opencode-contract-evidence.json",
      "bytes": 964,
      "elf": false,
      "executable": false
    },
    {
      "path": "<WORKSPACE>/.v26/tog/test_successful_call_without_t0/opencode-contract-evidence.json",
      "bytes": 872,
      "elf": false,
      "executable": false
    },
    {
      "path": "<WORKSPACE>/.v26/tog/test_finalizer_cannot_leave_un0/opencode-contract-evidence.json",
      "bytes": 872,
      "elf": false,
      "executable": false
    },
    {
      "path": "<WORKSPACE>/.v26/tog/test_late_failure_or_skip_over1/opencode-contract-evidence.json",
      "bytes": 908,
      "elf": false,
      "executable": false
    },
    {
      "path": "<WORKSPACE>/task-rebuilt-20261007/runs/numbers-P1-existing/selected/lib/python3.13/site-packages/cpn/examples/adapter_task/assets/opencode-petrinet.png",
      "bytes": 96409,
      "elf": false,
      "executable": false
    },
    {
      "path": "<WORKSPACE>/task-rebuilt-20261007/installed/final-venv-02/lib/python3.13/site-packages/cpn/examples/adapter_task/assets/opencode-petrinet.png",
      "bytes": 96409,
      "elf": false,
      "executable": false
    },
    {
      "path": "<WORKSPACE>/.v26/x4/cpn/examples/adapter_task/assets/opencode-petrinet.png",
      "bytes": 96409,
      "elf": false,
      "executable": false
    },
    {
      "path": "<WORKSPACE>/.v26/tdl/test_dsh_run_propagates_explic0/bin/node",
      "bytes": 54,
      "elf": false,
      "executable": true
    },
    {
      "path": "<WORKSPACE>/.v26/r1/docs/validation/opencode-20260925.json",
      "bytes": 617,
      "elf": false,
      "executable": false
    },
    {
      "path": "<WORKSPACE>/.v26/r1/docs/validation/opencode-20260925.md",
      "bytes": 2991,
      "elf": false,
      "executable": false
    },
    {
      "path": "<WORKSPACE>/task-rebuilt-20261007/runs/numbers-P0-existing-final02/selected/lib/python3.13/site-packages/cpn/examples/adapter_task/assets/opencode-petrinet.png",
      "bytes": 96409,
      "elf": false,
      "executable": false
    },
    {
      "path": "<WORKSPACE>/task-erp-first-wave-20261008/work/native-followup04/venv/lib/python3.13/site-packages/cpn/examples/adapter_task/assets/opencode-petrinet.png",
      "bytes": 96409,
      "elf": false,
      "executable": false
    },
    {
      "path": "<WORKSPACE>/.v26/x3/docs/validation/opencode-20260925.json",
      "bytes": 617,
      "elf": false,
      "executable": false
    },
    {
      "path": "<WORKSPACE>/.v26/x3/docs/validation/opencode-20260925.md",
      "bytes": 2991,
      "elf": false,
      "executable": false
    },
    {
      "path": "<WORKSPACE>/.v26/r1/cpn/examples/adapter_task/assets/opencode-petrinet.png",
      "bytes": 96409,
      "elf": false,
      "executable": false
    },
    {
      "path": "<WORKSPACE>/task-rebuilt-20261007/review/W7-final02-restored/docs/validation/opencode-20260925.json",
      "bytes": 617,
      "elf": false,
      "executable": false
    },
    {
      "path": "<WORKSPACE>/task-rebuilt-20261007/review/W7-final02-restored/docs/validation/opencode-20260925.md",
      "bytes": 2991,
      "elf": false,
      "executable": false
    },
    {
      "path": "<WORKSPACE>/.v26/o/docs/validation/opencode-20260925.json",
      "bytes": 617,
      "elf": false,
      "executable": false
    },
    {
      "path": "<WORKSPACE>/.v26/o/docs/validation/opencode-20260925.md",
      "bytes": 2991,
      "elf": false,
      "executable": false
    },
    {
      "path": "<WORKSPACE>/task-rebuilt-20261007/review/W7-final02-restored/cpn/examples/adapter_task/assets/opencode-petrinet.png",
      "bytes": 96409,
      "elf": false,
      "executable": false
    },
    {
      "path": "<WORKSPACE>/task-rebuilt-20261007/build-source-01/docs/validation/opencode-20260925.json",
      "bytes": 617,
      "elf": false,
      "executable": false
    },
    {
      "path": "<WORKSPACE>/task-rebuilt-20261007/build-source-01/docs/validation/opencode-20260925.md",
      "bytes": 2991,
      "elf": false,
      "executable": false
    },
    {
      "path": "<WORKSPACE>/task-erp-first-wave-20261008/venv/lib/python3.13/site-packages/cpn/examples/adapter_task/assets/opencode-petrinet.png",
      "bytes": 96409,
      "elf": false,
      "executable": false
    },
    {
      "path": "<WORKSPACE>/task-rebuilt-20261007/runs/numbers-P0-setup_document-final02/selected/lib/python3.13/site-packages/cpn/examples/adapter_task/assets/opencode-petrinet.png",
      "bytes": 96409,
      "elf": false,
      "executable": false
    },
    {
      "path": "<WORKSPACE>/task-rebuilt-20261007/build-source-01/cpn/examples/adapter_task/assets/opencode-petrinet.png",
      "bytes": 96409,
      "elf": false,
      "executable": false
    },
    {
      "path": "<WORKSPACE>/.t26/s/docs/validation/opencode-20260925.json",
      "bytes": 617,
      "elf": false,
      "executable": false
    },
    {
      "path": "<WORKSPACE>/.t26/s/docs/validation/opencode-20260925.md",
      "bytes": 2991,
      "elf": false,
      "executable": false
    },
    {
      "path": "<WORKSPACE>/task-example-usability-20261007/restored-source/docs/validation/opencode-20260925.json",
      "bytes": 617,
      "elf": false,
      "executable": false
    },
    {
      "path": "<WORKSPACE>/task-example-usability-20261007/restored-source/docs/validation/opencode-20260925.md",
      "bytes": 2991,
      "elf": false,
      "executable": false
    },
    {
      "path": "<WORKSPACE>/task-erp-first-wave-20261008/work/input-binding-fix01/venv/lib/python3.13/site-packages/cpn/examples/adapter_task/assets/opencode-petrinet.png",
      "bytes": 96409,
      "elf": false,
      "executable": false
    },
    {
      "path": "<WORKSPACE>/.v26/x3/cpn/examples/adapter_task/assets/opencode-petrinet.png",
      "bytes": 96409,
      "elf": false,
      "executable": false
    },
    {
      "path": "<WORKSPACE>/task-example-usability-20261007/restored-source/cpn/examples/adapter_task/assets/opencode-petrinet.png",
      "bytes": 96409,
      "elf": false,
      "executable": false
    },
    {
      "path": "<WORKSPACE>/task-erp-first-wave-20261008/work/bootstrap-source-8980/docs/validation/opencode-20260925.json",
      "bytes": 617,
      "elf": false,
      "executable": false
    },
    {
      "path": "<WORKSPACE>/task-erp-first-wave-20261008/work/bootstrap-source-8980/docs/validation/opencode-20260925.md",
      "bytes": 2991,
      "elf": false,
      "executable": false
    },
    {
      "path": "<WORKSPACE>/task-erp-first-wave-20261008/work/bootstrap-source-8980/cpn/examples/adapter_task/assets/opencode-petrinet.png",
      "bytes": 96409,
      "elf": false,
      "executable": false
    },
    {
      "path": "<WORKSPACE>/.v26/o/cpn/examples/adapter_task/assets/opencode-petrinet.png",
      "bytes": 96409,
      "elf": false,
      "executable": false
    },
    {
      "path": "<WORKSPACE>/.v26/x2/docs/validation/opencode-20260925.json",
      "bytes": 617,
      "elf": false,
      "executable": false
    },
    {
      "path": "<WORKSPACE>/.v26/x2/docs/validation/opencode-20260925.md",
      "bytes": 2991,
      "elf": false,
      "executable": false
    },
    {
      "path": "<WORKSPACE>/task-example-usability-20261007/workers/examples/venv-stock/lib/python3.13/site-packages/cpn/examples/adapter_task/assets/opencode-petrinet.png",
      "bytes": 96409,
      "elf": false,
      "executable": false
    },
    {
      "path": "<WORKSPACE>/task-erp-first-wave-20261008/work/core-build/build/lib/cpn/examples/adapter_task/assets/opencode-petrinet.png",
      "bytes": 96409,
      "elf": false,
      "executable": false
    },
    {
      "path": "<WORKSPACE>/task-erp-first-wave-20261008/work/core-build/docs/validation/opencode-20260925.json",
      "bytes": 617,
      "elf": false,
      "executable": false
    },
    {
      "path": "<WORKSPACE>/task-erp-first-wave-20261008/work/core-build/docs/validation/opencode-20260925.md",
      "bytes": 2991,
      "elf": false,
      "executable": false
    },
    {
      "path": "<WORKSPACE>/.t26/s/cpn/examples/adapter_task/assets/opencode-petrinet.png",
      "bytes": 96409,
      "elf": false,
      "executable": false
    },
    {
      "path": "<WORKSPACE>/task-example-usability-20261007/workers/examples/venv-edit/lib/python3.13/site-packages/cpn/examples/adapter_task/assets/opencode-petrinet.png",
      "bytes": 96409,
      "elf": false,
      "executable": false
    },
    {
      "path": "<WORKSPACE>/task-erp-first-wave-20261008/work/core-build/cpn/examples/adapter_task/assets/opencode-petrinet.png",
      "bytes": 96409,
      "elf": false,
      "executable": false
    },
    {
      "path": "<WORKSPACE>/.v26/x2/cpn/examples/adapter_task/assets/opencode-petrinet.png",
      "bytes": 96409,
      "elf": false,
      "executable": false
    },
    {
      "path": "<WORKSPACE>/.v26/r2/docs/validation/opencode-20260925.json",
      "bytes": 617,
      "elf": false,
      "executable": false
    },
    {
      "path": "<WORKSPACE>/.v26/r2/docs/validation/opencode-20260925.md",
      "bytes": 2991,
      "elf": false,
      "executable": false
    },
    {
      "path": "<WORKSPACE>/task-example-usability-20261007/preparation/existing-python/lib/python3.13/site-packages/cpn/examples/adapter_task/assets/opencode-petrinet.png",
      "bytes": 96409,
      "elf": false,
      "executable": false
    },
    {
      "path": "<WORKSPACE>/task-example-usability-20261007/preparation/setup-python/lib/python3.13/site-packages/cpn/examples/adapter_task/assets/opencode-petrinet.png",
      "bytes": 96409,
      "elf": false,
      "executable": false
    },
    {
      "path": "<WORKSPACE>/task-example-usability-20261007/preparation/new-python/lib/python3.13/site-packages/cpn/examples/adapter_task/assets/opencode-petrinet.png",
      "bytes": 96409,
      "elf": false,
      "executable": false
    },
    {
      "path": "<WORKSPACE>/task-first-wave-examples-20261008/source/docs/validation/opencode-20260925.json",
      "bytes": 617,
      "elf": false,
      "executable": false
    },
    {
      "path": "<WORKSPACE>/task-first-wave-examples-20261008/source/docs/validation/opencode-20260925.md",
      "bytes": 2991,
      "elf": false,
      "executable": false
    },
    {
      "path": "<WORKSPACE>/task-example-usability-20261007/source-final-01/docs/validation/opencode-20260925.json",
      "bytes": 617,
      "elf": false,
      "executable": false
    },
    {
      "path": "<WORKSPACE>/task-example-usability-20261007/source-final-01/docs/validation/opencode-20260925.md",
      "bytes": 2991,
      "elf": false,
      "executable": false
    },
    {
      "path": "<WORKSPACE>/task-example-usability-20261007/source-final-01/cpn/examples/adapter_task/assets/opencode-petrinet.png",
      "bytes": 96409,
      "elf": false,
      "executable": false
    },
    {
      "path": "<WORKSPACE>/task-first-wave-examples-20261008/source/cpn/examples/adapter_task/assets/opencode-petrinet.png",
      "bytes": 96409,
      "elf": false,
      "executable": false
    },
    {
      "path": "<WORKSPACE>/task-example-usability-20261007/docs-site-01/cpn/examples/adapter_task/assets/opencode-petrinet.png",
      "bytes": 96409,
      "elf": false,
      "executable": false
    },
    {
      "path": "<WORKSPACE>/.v26/r2/cpn/examples/adapter_task/assets/opencode-petrinet.png",
      "bytes": 96409,
      "elf": false,
      "executable": false
    },
    {
      "path": "<WORKSPACE>/task-first-wave-examples-20261008/upstream-venv/lib/python3.13/site-packages/cpn/examples/adapter_task/assets/opencode-petrinet.png",
      "bytes": 96409,
      "elf": false,
      "executable": false
    },
    {
      "path": "<WORKSPACE>/task-first-wave-examples-20261008/upstream-venv/lib/python3.13/site-packages/playwright/driver/node",
      "bytes": 121613584,
      "elf": true,
      "executable": true,
      "sha256": "ccacb2d6d87ba6d118b2bffc1ae33747a05cc5fc6b1f1ec4fc1d420b687e952d"
    },
    {
      "path": "<WORKSPACE>/task-example-usability-20261007/distribution-source-01/build/lib/cpn/examples/adapter_task/assets/opencode-petrinet.png",
      "bytes": 96409,
      "elf": false,
      "executable": false
    },
    {
      "path": "<WORKSPACE>/task-example-usability-20261007/distribution-source-01/docs/validation/opencode-20260925.json",
      "bytes": 617,
      "elf": false,
      "executable": false
    },
    {
      "path": "<WORKSPACE>/task-example-usability-20261007/distribution-source-01/docs/validation/opencode-20260925.md",
      "bytes": 2991,
      "elf": false,
      "executable": false
    },
    {
      "path": "<WORKSPACE>/.v26/c4/docs/validation/opencode-20260925.json",
      "bytes": 617,
      "elf": false,
      "executable": false
    },
    {
      "path": "<WORKSPACE>/.v26/c4/docs/validation/opencode-20260925.md",
      "bytes": 2991,
      "elf": false,
      "executable": false
    },
    {
      "path": "<WORKSPACE>/task-example-usability-20261007/distribution-source-01/cpn/examples/adapter_task/assets/opencode-petrinet.png",
      "bytes": 96409,
      "elf": false,
      "executable": false
    },
    {
      "path": "<WORKSPACE>/task-example-usability-20261007/build-source-01/docs/validation/opencode-20260925.json",
      "bytes": 617,
      "elf": false,
      "executable": false
    },
    {
      "path": "<WORKSPACE>/task-example-usability-20261007/build-source-01/docs/validation/opencode-20260925.md",
      "bytes": 2991,
      "elf": false,
      "executable": false
    },
    {
      "path": "<WORKSPACE>/task-first-wave-examples-20261008/work/upstream-uv-cache/archive-v0/qONbS70GTJucyAdSKgeY_/playwright/driver/node",
      "bytes": 121613584,
      "elf": true,
      "executable": true,
      "sha256": "ccacb2d6d87ba6d118b2bffc1ae33747a05cc5fc6b1f1ec4fc1d420b687e952d"
    },
    {
      "path": "<WORKSPACE>/task-example-usability-20261007/build-source-01/cpn/examples/adapter_task/assets/opencode-petrinet.png",
      "bytes": 96409,
      "elf": false,
      "executable": false
    },
    {
      "path": "<WORKSPACE>/task-local-implementation-20261007/build-source-02/docs/validation/opencode-20260925.json",
      "bytes": 617,
      "elf": false,
      "executable": false
    },
    {
      "path": "<WORKSPACE>/task-local-implementation-20261007/build-source-02/docs/validation/opencode-20260925.md",
      "bytes": 2991,
      "elf": false,
      "executable": false
    },
    {
      "path": "<WORKSPACE>/task-local-implementation-20261007/build-source-02/cpn/examples/adapter_task/assets/opencode-petrinet.png",
      "bytes": 96409,
      "elf": false,
      "executable": false
    },
    {
      "path": "<WORKSPACE>/archive/runs/live/terra-resume-20260928.bqUbuB/venv/lib/python3.13/site-packages/cpn/examples/adapter_task/assets/opencode-petrinet.png",
      "bytes": 96409,
      "elf": false,
      "executable": false
    },
    {
      "path": "<WORKSPACE>/task-local-implementation-20261007/source-final-04/docs/validation/opencode-20260925.json",
      "bytes": 617,
      "elf": false,
      "executable": false
    },
    {
      "path": "<WORKSPACE>/task-local-implementation-20261007/source-final-04/docs/validation/opencode-20260925.md",
      "bytes": 2991,
      "elf": false,
      "executable": false
    },
    {
      "path": "<WORKSPACE>/.v26/c4/cpn/examples/adapter_task/assets/opencode-petrinet.png",
      "bytes": 96409,
      "elf": false,
      "executable": false
    },
    {
      "path": "<WORKSPACE>/.v26/c2/docs/validation/opencode-20260925.json",
      "bytes": 617,
      "elf": false,
      "executable": false
    },
    {
      "path": "<WORKSPACE>/.v26/c2/docs/validation/opencode-20260925.md",
      "bytes": 2991,
      "elf": false,
      "executable": false
    },
    {
      "path": "<WORKSPACE>/task-local-implementation-20261007/source-final-04/cpn/examples/adapter_task/assets/opencode-petrinet.png",
      "bytes": 96409,
      "elf": false,
      "executable": false
    },
    {
      "path": "<WORKSPACE>/task-example-usability-20261007/installed/control-rc2/lib/python3.13/site-packages/cpn/examples/adapter_task/assets/opencode-petrinet.png",
      "bytes": 96409,
      "elf": false,
      "executable": false
    },
    {
      "path": "<WORKSPACE>/task-local-implementation-20261007/source-final-03/docs/validation/opencode-20260925.json",
      "bytes": 617,
      "elf": false,
      "executable": false
    },
    {
      "path": "<WORKSPACE>/task-local-implementation-20261007/source-final-03/docs/validation/opencode-20260925.md",
      "bytes": 2991,
      "elf": false,
      "executable": false
    },
    {
      "path": "<WORKSPACE>/task-local-implementation-20261007/source-final-03/cpn/examples/adapter_task/assets/opencode-petrinet.png",
      "bytes": 96409,
      "elf": false,
      "executable": false
    },
    {
      "path": "<WORKSPACE>/.v26/c2/cpn/examples/adapter_task/assets/opencode-petrinet.png",
      "bytes": 96409,
      "elf": false,
      "executable": false
    },
    {
      "path": "<WORKSPACE>/archive/runs/live/terra-live-20260928.0uriWg/venv/lib/python3.13/site-packages/cpn/examples/adapter_task/assets/opencode-petrinet.png",
      "bytes": 96409,
      "elf": false,
      "executable": false
    },
    {
      "path": "<WORKSPACE>/task-first-wave-examples-20261008/work/upstream-uv-cache/archive-v0/_llgYTiobtSlhKsyVwxhq/cpn/examples/adapter_task/assets/opencode-petrinet.png",
      "bytes": 96409,
      "elf": false,
      "executable": false
    },
    {
      "path": "<WORKSPACE>/archive/runs/live/rpnh-live-acceptance-20260928.J8crEO/source/build/lib/cpn/examples/adapter_task/assets/opencode-petrinet.png",
      "bytes": 96409,
      "elf": false,
      "executable": false
    },
    {
      "path": "<WORKSPACE>/archive/runs/live/rpnh-live-acceptance-20260928.J8crEO/source/docs/validation/opencode-20260925.json",
      "bytes": 617,
      "elf": false,
      "executable": false
    },
    {
      "path": "<WORKSPACE>/archive/runs/live/rpnh-live-acceptance-20260928.J8crEO/source/docs/validation/opencode-20260925.md",
      "bytes": 2991,
      "elf": false,
      "executable": false
    },
    {
      "path": "<WORKSPACE>/archive/runs/live/rpnh-live-acceptance-20260928.J8crEO/source/cpn/examples/adapter_task/assets/opencode-petrinet.png",
      "bytes": 96409,
      "elf": false,
      "executable": false
    },
    {
      "path": "<WORKSPACE>/archive/runs/live/rpnh-live-acceptance-20260928.J8crEO/exported-adapter-task/assets/opencode-petrinet.png",
      "bytes": 96409,
      "elf": false,
      "executable": false
    },
    {
      "path": "<WORKSPACE>/archive/runs/live/rpnh-live-acceptance-20260928.J8crEO/venv/lib/python3.13/site-packages/cpn/examples/adapter_task/assets/opencode-petrinet.png",
      "bytes": 96409,
      "elf": false,
      "executable": false
    },
    {
      "path": "<WORKSPACE>/archive/generated/current-project/build/lib/cpn/examples/adapter_task/assets/opencode-petrinet.png",
      "bytes": 96409,
      "elf": false,
      "executable": false
    },
    {
      "path": "<WORKSPACE>/task-local-implementation-20261007/source-final-01/docs/validation/opencode-20260925.json",
      "bytes": 617,
      "elf": false,
      "executable": false
    },
    {
      "path": "<WORKSPACE>/task-local-implementation-20261007/source-final-01/docs/validation/opencode-20260925.md",
      "bytes": 2991,
      "elf": false,
      "executable": false
    },
    {
      "path": "<WORKSPACE>/task-local-implementation-20261007/source-final-01/cpn/examples/adapter_task/assets/opencode-petrinet.png",
      "bytes": 96409,
      "elf": false,
      "executable": false
    },
    {
      "path": "<WORKSPACE>/task-local-implementation-20261007/source-final-02/docs/validation/opencode-20260925.json",
      "bytes": 617,
      "elf": false,
      "executable": false
    },
    {
      "path": "<WORKSPACE>/task-local-implementation-20261007/source-final-02/docs/validation/opencode-20260925.md",
      "bytes": 2991,
      "elf": false,
      "executable": false
    },
    {
      "path": "<WORKSPACE>/task-local-implementation-20261007/source-final-02/cpn/examples/adapter_task/assets/opencode-petrinet.png",
      "bytes": 96409,
      "elf": false,
      "executable": false
    },
    {
      "path": "<WORKSPACE>/task-local-implementation-20261007/build-source-03/docs/validation/opencode-20260925.json",
      "bytes": 617,
      "elf": false,
      "executable": false
    },
    {
      "path": "<WORKSPACE>/task-local-implementation-20261007/build-source-03/docs/validation/opencode-20260925.md",
      "bytes": 2991,
      "elf": false,
      "executable": false
    },
    {
      "path": "<WORKSPACE>/.u26/s/build/lib/cpn/examples/adapter_task/assets/opencode-petrinet.png",
      "bytes": 96409,
      "elf": false,
      "executable": false
    },
    {
      "path": "<WORKSPACE>/.u26/s/docs/validation/opencode-20260925.json",
      "bytes": 617,
      "elf": false,
      "executable": false
    },
    {
      "path": "<WORKSPACE>/.u26/s/docs/validation/opencode-20260925.md",
      "bytes": 2991,
      "elf": false,
      "executable": false
    },
    {
      "path": "<WORKSPACE>/task-local-implementation-20261007/build-source-03/cpn/examples/adapter_task/assets/opencode-petrinet.png",
      "bytes": 96409,
      "elf": false,
      "executable": false
    },
    {
      "path": "<WORKSPACE>/task-local-implementation-20261007/baseline-7267c12/docs/validation/opencode-20260925.json",
      "bytes": 617,
      "elf": false,
      "executable": false
    },
    {
      "path": "<WORKSPACE>/task-local-implementation-20261007/baseline-7267c12/docs/validation/opencode-20260925.md",
      "bytes": 2991,
      "elf": false,
      "executable": false
    },
    {
      "path": "<WORKSPACE>/task-local-implementation-20261007/baseline-7267c12/cpn/examples/adapter_task/assets/opencode-petrinet.png",
      "bytes": 96409,
      "elf": false,
      "executable": false
    },
    {
      "path": "<WORKSPACE>/.u26/s/cpn/examples/adapter_task/assets/opencode-petrinet.png",
      "bytes": 96409,
      "elf": false,
      "executable": false
    },
    {
      "path": "<WORKSPACE>/task-local-implementation-20261007/installed/venv/lib/python3.13/site-packages/cpn/examples/adapter_task/assets/opencode-petrinet.png",
      "bytes": 96409,
      "elf": false,
      "executable": false
    },
    {
      "path": "<WORKSPACE>/.h26/s/docs/validation/opencode-20260925.json",
      "bytes": 617,
      "elf": false,
      "executable": false
    },
    {
      "path": "<WORKSPACE>/.h26/s/docs/validation/opencode-20260925.md",
      "bytes": 2991,
      "elf": false,
      "executable": false
    },
    {
      "path": "<WORKSPACE>/.u26/v/lib/python3.13/site-packages/cpn/examples/adapter_task/assets/opencode-petrinet.png",
      "bytes": 96409,
      "elf": false,
      "executable": false
    },
    {
      "path": "<WORKSPACE>/.h26/s/cpn/examples/adapter_task/assets/opencode-petrinet.png",
      "bytes": 96409,
      "elf": false,
      "executable": false
    },
    {
      "path": "<WORKSPACE>/task-local-implementation-20261007/build-source-04/docs/validation/opencode-20260925.json",
      "bytes": 617,
      "elf": false,
      "executable": false
    },
    {
      "path": "<WORKSPACE>/task-local-implementation-20261007/build-source-04/docs/validation/opencode-20260925.md",
      "bytes": 2991,
      "elf": false,
      "executable": false
    },
    {
      "path": "<WORKSPACE>/task-local-implementation-20261007/build-source-04/cpn/examples/adapter_task/assets/opencode-petrinet.png",
      "bytes": 96409,
      "elf": false,
      "executable": false
    },
    {
      "path": "<WORKSPACE>/task-local-implementation-20261007/build-source-01/docs/validation/opencode-20260925.json",
      "bytes": 617,
      "elf": false,
      "executable": false
    },
    {
      "path": "<WORKSPACE>/task-local-implementation-20261007/build-source-01/docs/validation/opencode-20260925.md",
      "bytes": 2991,
      "elf": false,
      "executable": false
    },
    {
      "path": "<WORKSPACE>/task-local-implementation-20261007/build-source-01/cpn/examples/adapter_task/assets/opencode-petrinet.png",
      "bytes": 96409,
      "elf": false,
      "executable": false
    },
    {
      "path": "<WORKSPACE>/.o26/s/docs/validation/opencode-20260925.json",
      "bytes": 617,
      "elf": false,
      "executable": false
    },
    {
      "path": "<WORKSPACE>/.o26/s/docs/validation/opencode-20260925.md",
      "bytes": 2991,
      "elf": false,
      "executable": false
    },
    {
      "path": "<WORKSPACE>/archive/private-git/rpnh-harness-main-fix/docs/validation/opencode-20260925.json",
      "bytes": 617,
      "elf": false,
      "executable": false
    },
    {
      "path": "<WORKSPACE>/archive/private-git/rpnh-harness-main-fix/docs/validation/opencode-20260925.md",
      "bytes": 2991,
      "elf": false,
      "executable": false
    },
    {
      "path": "<WORKSPACE>/archive/recovered-trash/audit-trash-data/Trash/files/build/lib/cpn/examples/adapter_task/assets/opencode-petrinet.png",
      "bytes": 96409,
      "elf": false,
      "executable": false
    },
    {
      "path": "<WORKSPACE>/.o26/s/cpn/examples/adapter_task/assets/opencode-petrinet.png",
      "bytes": 96409,
      "elf": false,
      "executable": false
    },
    {
      "path": "<WORKSPACE>/archive/generated/current-project/pytest-cache/artifacts/pytest-of-deng123-full-suite/pytest-4/test_dsh_run_propagates_explic0/bin/node",
      "bytes": 54,
      "elf": false,
      "executable": true
    },
    {
      "path": "<WORKSPACE>/archive/recovered-trash/audit-trash-data/Trash/files/pytest-of-deng123/pytest-5/test_dsh_console_help_works_fr0/installed/lib/python3.13/site-packages/cpn/examples/adapter_task/assets/opencode-petrinet.png",
      "bytes": 96409,
      "elf": false,
      "executable": false
    },
    {
      "path": "<WORKSPACE>/archive/recovered-trash/audit-trash-data/Trash/files/rpnh-release-audit.usuadm/docs-site/cpn/examples/adapter_task/assets/opencode-petrinet.png",
      "bytes": 96409,
      "elf": false,
      "executable": false
    },
    {
      "path": "<WORKSPACE>/archive/generated/current-project/pytest-cache/artifacts/pytest-of-deng123-post-review-fixes/pytest-0/test_exported_bundle_is_self_c0/adapter-task/assets/opencode-petrinet.png",
      "bytes": 96409,
      "elf": false,
      "executable": false
    },
    {
      "path": "<WORKSPACE>/archive/generated/current-project/pytest-cache/artifacts/pytest-of-deng123-full-suite/pytest-4/test_dsh_console_help_works_fr0/installed/lib/python3.13/site-packages/cpn/examples/adapter_task/assets/opencode-petrinet.png",
      "bytes": 96409,
      "elf": false,
      "executable": false
    },
    {
      "path": "<WORKSPACE>/archive/recovered-trash/audit-trash-data/Trash/files/pytest-of-deng123/pytest-5/test_dsh_run_propagates_explic0/bin/node",
      "bytes": 54,
      "elf": false,
      "executable": true
    },
    {
      "path": "<WORKSPACE>/archive/generated/current-project/pytest-cache/artifacts/pytest-of-deng123-full-suite/pytest-4/test_exported_bundle_is_self_c0/adapter-task/assets/opencode-petrinet.png",
      "bytes": 96409,
      "elf": false,
      "executable": false
    },
    {
      "path": "<WORKSPACE>/task-public-benchmark-repair-20261006/candidate/docs/validation/opencode-20260925.json",
      "bytes": 617,
      "elf": false,
      "executable": false
    },
    {
      "path": "<WORKSPACE>/task-public-benchmark-repair-20261006/candidate/docs/validation/opencode-20260925.md",
      "bytes": 2991,
      "elf": false,
      "executable": false
    },
    {
      "path": "<WORKSPACE>/task-public-benchmark-repair-20261006/candidate/cpn/examples/adapter_task/assets/opencode-petrinet.png",
      "bytes": 96409,
      "elf": false,
      "executable": false
    },
    {
      "path": "<WORKSPACE>/task-configuration-comparison-20261007/build-source-02/docs/validation/opencode-20260925.json",
      "bytes": 617,
      "elf": false,
      "executable": false
    },
    {
      "path": "<WORKSPACE>/task-configuration-comparison-20261007/build-source-02/docs/validation/opencode-20260925.md",
      "bytes": 2991,
      "elf": false,
      "executable": false
    },
    {
      "path": "<WORKSPACE>/task-configuration-comparison-20261007/build-source-02/cpn/examples/adapter_task/assets/opencode-petrinet.png",
      "bytes": 96409,
      "elf": false,
      "executable": false
    },
    {
      "path": "<WORKSPACE>/task-local-implementation-20261007/workers/author/final-installed-02/venv/lib/python3.13/site-packages/cpn/examples/adapter_task/assets/opencode-petrinet.png",
      "bytes": 96409,
      "elf": false,
      "executable": false
    },
    {
      "path": "<WORKSPACE>/task-configuration-comparison-20261007/public-baseline/docs/validation/opencode-20260925.json",
      "bytes": 617,
      "elf": false,
      "executable": false
    },
    {
      "path": "<WORKSPACE>/task-configuration-comparison-20261007/public-baseline/docs/validation/opencode-20260925.md",
      "bytes": 2991,
      "elf": false,
      "executable": false
    },
    {
      "path": "<WORKSPACE>/archive/recovered-trash/audit-trash-data/Trash/files/rpnh-release-audit.usuadm/pytest-full/test_dsh_console_help_works_fr0/installed/lib/python3.13/site-packages/cpn/examples/adapter_task/assets/opencode-petrinet.png",
      "bytes": 96409,
      "elf": false,
      "executable": false
    },
    {
      "path": "<WORKSPACE>/task-configuration-comparison-20261007/public-baseline/cpn/examples/adapter_task/assets/opencode-petrinet.png",
      "bytes": 96409,
      "elf": false,
      "executable": false
    },
    {
      "path": "<WORKSPACE>/task-configuration-comparison-20261007/packaging/restored-final-source/docs/validation/opencode-20260925.json",
      "bytes": 617,
      "elf": false,
      "executable": false
    },
    {
      "path": "<WORKSPACE>/task-configuration-comparison-20261007/packaging/restored-final-source/docs/validation/opencode-20260925.md",
      "bytes": 2991,
      "elf": false,
      "executable": false
    },
    {
      "path": "<WORKSPACE>/task-local-implementation-20261007/workers/author/final-installed-01/venv/lib/python3.13/site-packages/cpn/examples/adapter_task/assets/opencode-petrinet.png",
      "bytes": 96409,
      "elf": false,
      "executable": false
    },
    {
      "path": "<WORKSPACE>/benchmark-research/work/off-t2-v2/sources/RPNH/docs/validation/opencode-20260925.json",
      "bytes": 617,
      "elf": false,
      "executable": false
    },
    {
      "path": "<WORKSPACE>/benchmark-research/work/off-t2-v2/sources/RPNH/docs/validation/opencode-20260925.md",
      "bytes": 2991,
      "elf": false,
      "executable": false
    },
    {
      "path": "<WORKSPACE>/task-configuration-comparison-20261007/restored-source/docs/validation/opencode-20260925.json",
      "bytes": 617,
      "elf": false,
      "executable": false
    },
    {
      "path": "<WORKSPACE>/task-configuration-comparison-20261007/restored-source/docs/validation/opencode-20260925.md",
      "bytes": 2991,
      "elf": false,
      "executable": false
    },
    {
      "path": "<WORKSPACE>/task-configuration-comparison-20261007/packaging/restored-final-source/cpn/examples/adapter_task/assets/opencode-petrinet.png",
      "bytes": 96409,
      "elf": false,
      "executable": false
    },
    {
      "path": "<WORKSPACE>/benchmark-research/work/off-t2-v2/sources/RPNH/cpn/examples/adapter_task/assets/opencode-petrinet.png",
      "bytes": 96409,
      "elf": false,
      "executable": false
    },
    {
      "path": "<WORKSPACE>/task-configuration-comparison-20261007/restored-source/cpn/examples/adapter_task/assets/opencode-petrinet.png",
      "bytes": 96409,
      "elf": false,
      "executable": false
    },
    {
      "path": "<WORKSPACE>/task-configuration-comparison-20261007/source-final-01/docs/validation/opencode-20260925.json",
      "bytes": 617,
      "elf": false,
      "executable": false
    },
    {
      "path": "<WORKSPACE>/task-configuration-comparison-20261007/source-final-01/docs/validation/opencode-20260925.md",
      "bytes": 2991,
      "elf": false,
      "executable": false
    },
    {
      "path": "<WORKSPACE>/task-configuration-comparison-20261007/source-final-01/cpn/examples/adapter_task/assets/opencode-petrinet.png",
      "bytes": 96409,
      "elf": false,
      "executable": false
    },
    {
      "path": "<WORKSPACE>/task-progressive-disclosure-20261008/build-source-02/docs/validation/opencode-20260925.json",
      "bytes": 617,
      "elf": false,
      "executable": false
    },
    {
      "path": "<WORKSPACE>/task-progressive-disclosure-20261008/build-source-02/docs/validation/opencode-20260925.md",
      "bytes": 2991,
      "elf": false,
      "executable": false
    },
    {
      "path": "<WORKSPACE>/task-configuration-comparison-20261007/docs-site-01/cpn/examples/adapter_task/assets/opencode-petrinet.png",
      "bytes": 96409,
      "elf": false,
      "executable": false
    },
    {
      "path": "<WORKSPACE>/task-configuration-comparison-20261007/source-final-02/docs/validation/opencode-20260925.json",
      "bytes": 617,
      "elf": false,
      "executable": false
    },
    {
      "path": "<WORKSPACE>/task-configuration-comparison-20261007/source-final-02/docs/validation/opencode-20260925.md",
      "bytes": 2991,
      "elf": false,
      "executable": false
    },
    {
      "path": "<WORKSPACE>/task-progressive-disclosure-20261008/source-final-01/docs/validation/opencode-20260925.json",
      "bytes": 617,
      "elf": false,
      "executable": false
    },
    {
      "path": "<WORKSPACE>/task-progressive-disclosure-20261008/source-final-01/docs/validation/opencode-20260925.md",
      "bytes": 2991,
      "elf": false,
      "executable": false
    },
    {
      "path": "<WORKSPACE>/task-configuration-comparison-20261007/source-final-02/cpn/examples/adapter_task/assets/opencode-petrinet.png",
      "bytes": 96409,
      "elf": false,
      "executable": false
    },
    {
      "path": "<WORKSPACE>/task-progressive-disclosure-20261008/build-source-02/cpn/examples/adapter_task/assets/opencode-petrinet.png",
      "bytes": 96409,
      "elf": false,
      "executable": false
    },
    {
      "path": "<WORKSPACE>/task-progressive-disclosure-20261008/source-final-01/cpn/examples/adapter_task/assets/opencode-petrinet.png",
      "bytes": 96409,
      "elf": false,
      "executable": false
    },
    {
      "path": "<WORKSPACE>/task-progressive-disclosure-20261008/source-final-02/docs/validation/opencode-20260925.json",
      "bytes": 617,
      "elf": false,
      "executable": false
    },
    {
      "path": "<WORKSPACE>/task-progressive-disclosure-20261008/source-final-02/docs/validation/opencode-20260925.md",
      "bytes": 2991,
      "elf": false,
      "executable": false
    },
    {
      "path": "<WORKSPACE>/task-progressive-disclosure-20261008/build-source-01/build/lib/cpn/examples/adapter_task/assets/opencode-petrinet.png",
      "bytes": 96409,
      "elf": false,
      "executable": false
    },
    {
      "path": "<WORKSPACE>/task-progressive-disclosure-20261008/source-final-02/cpn/examples/adapter_task/assets/opencode-petrinet.png",
      "bytes": 96409,
      "elf": false,
      "executable": false
    },
    {
      "path": "<WORKSPACE>/task-progressive-disclosure-20261008/build-source-01/docs/validation/opencode-20260925.json",
      "bytes": 617,
      "elf": false,
      "executable": false
    },
    {
      "path": "<WORKSPACE>/task-progressive-disclosure-20261008/build-source-01/docs/validation/opencode-20260925.md",
      "bytes": 2991,
      "elf": false,
      "executable": false
    },
    {
      "path": "<WORKSPACE>/task-progressive-disclosure-20261008/build-source-01/cpn/examples/adapter_task/assets/opencode-petrinet.png",
      "bytes": 96409,
      "elf": false,
      "executable": false
    },
    {
      "path": "<WORKSPACE>/task-progressive-disclosure-20261008/installed/venv/lib/python3.13/site-packages/cpn/examples/adapter_task/assets/opencode-petrinet.png",
      "bytes": 96409,
      "elf": false,
      "executable": false
    },
    {
      "path": "<WORKSPACE>/task-configuration-comparison-20261007/installed/control/lib/python3.13/site-packages/cpn/examples/adapter_task/assets/opencode-petrinet.png",
      "bytes": 96409,
      "elf": false,
      "executable": false
    },
    {
      "path": "<WORKSPACE>/archive/recovered-trash/audit-trash-data/Trash/files/rpnh-release-audit.usuadm/venv/lib/python3.13/site-packages/cpn/examples/adapter_task/assets/opencode-petrinet.png",
      "bytes": 96409,
      "elf": false,
      "executable": false
    },
    {
      "path": "<WORKSPACE>/archive/recovered-trash/audit-trash-data/Trash/files/rpnh-release-audit.usuadm/pytest-full/test_dsh_run_propagates_explic0/bin/node",
      "bytes": 54,
      "elf": false,
      "executable": true
    },
    {
      "path": "<WORKSPACE>/archive/recovered-trash/audit-trash-data/Trash/files/rpnh-release-audit.usuadm/pytest-full/test_exported_bundle_is_self_c0/adapter-task/assets/opencode-petrinet.png",
      "bytes": 96409,
      "elf": false,
      "executable": false
    },
    {
      "path": "<WORKSPACE>/task-configuration-comparison-20261007/repaired-baseline/docs/validation/opencode-20260925.json",
      "bytes": 617,
      "elf": false,
      "executable": false
    },
    {
      "path": "<WORKSPACE>/task-configuration-comparison-20261007/repaired-baseline/docs/validation/opencode-20260925.md",
      "bytes": 2991,
      "elf": false,
      "executable": false
    },
    {
      "path": "<WORKSPACE>/task-configuration-comparison-20261007/installed/final-02-py313/lib/python3.13/site-packages/cpn/examples/adapter_task/assets/opencode-petrinet.png",
      "bytes": 96409,
      "elf": false,
      "executable": false
    },
    {
      "path": "<WORKSPACE>/task-configuration-comparison-20261007/repaired-baseline/cpn/examples/adapter_task/assets/opencode-petrinet.png",
      "bytes": 96409,
      "elf": false,
      "executable": false
    },
    {
      "path": "<WORKSPACE>/task-configuration-comparison-20261007/user-chain/receiver/lib/python3.13/site-packages/cpn/examples/adapter_task/assets/opencode-petrinet.png",
      "bytes": 96409,
      "elf": false,
      "executable": false
    },
    {
      "path": "<WORKSPACE>/task-configuration-comparison-20261007/user-chain/tutorial/assets/opencode-petrinet.png",
      "bytes": 96409,
      "elf": false,
      "executable": false
    },
    {
      "path": "<WORKSPACE>/task-configuration-comparison-20261007/build-source-01/docs/validation/opencode-20260925.json",
      "bytes": 617,
      "elf": false,
      "executable": false
    },
    {
      "path": "<WORKSPACE>/task-configuration-comparison-20261007/build-source-01/docs/validation/opencode-20260925.md",
      "bytes": 2991,
      "elf": false,
      "executable": false
    },
    {
      "path": "<WORKSPACE>/task-configuration-comparison-20261007/build-source-01/cpn/examples/adapter_task/assets/opencode-petrinet.png",
      "bytes": 96409,
      "elf": false,
      "executable": false
    },
    {
      "path": "<WORKSPACE>/task-progressive-disclosure-20261008/workers/author/final-installed-01/venv/lib/python3.13/site-packages/cpn/examples/adapter_task/assets/opencode-petrinet.png",
      "bytes": 96409,
      "elf": false,
      "executable": false
    }
  ],
  "unknown_binaries_executed": false
}
