perl: warning: Setting locale failed.
perl: warning: Please check that your locale settings:
	LANGUAGE = (unset),
	LC_ALL = (unset),
	LANG = "en_US.UTF-8"
    are supported and installed on your system.
perl: warning: Falling back to the standard locale ("C").
DO
ALTER ROLE
Running as user 'root' is a security risk.
2026-10-08 06:51:08,420 54 WARNING ? odoo.tools.config: option addons_path, invalid addons directory '/mnt/extra-addons', skipped 
2026-10-08 06:51:08,420 54 WARNING ? odoo.tools.config: option addons_path, invalid addons directory '/mnt/extra-addons', skipped 
2026-10-08 06:51:08,420 54 WARNING ? odoo.tools.config: missing --http-interface/http_interface, using 0.0.0.0 by default, will change to 127.0.0.1 in 20.0 
2026-10-08 06:51:08,421 54 INFO ? odoo: Odoo version 19.0-20260926 
2026-10-08 06:51:08,421 54 INFO ? odoo: Using configuration file at /etc/odoo/odoo.conf 
2026-10-08 06:51:08,421 54 INFO ? odoo: addons paths: _NamespacePath(['/usr/lib/python3/dist-packages/odoo/addons', '/root/.local/share/Odoo/addons/19.0', '/usr/lib/python3/dist-packages/addons']) 
2026-10-08 06:51:08,421 54 INFO ? odoo: database: odoo@127.0.0.1:5432 
2026-10-08 06:51:08,661 54 INFO ? odoo.service.server: HTTP service (werkzeug) running on 725f281a58f9:8069 
2026-10-08 06:51:10,282 54 INFO ? werkzeug: 127.0.0.1 - - [08/Oct/2026 06:51:10] "GET /web/database/selector HTTP/1.1" 200 - 2 0.018 0.040
2026-10-08 06:51:10,561 54 INFO None odoo.service.db: Create database `bench`. 
2026-10-08 06:51:12,450 54 INFO None odoo.modules.loading: Initializing database bench 
2026-10-08 06:51:13,515 54 INFO None odoo.modules.loading: loading 1 modules... 
2026-10-08 06:51:13,516 54 INFO None odoo.modules.loading: Loading module base (1/1) 
2026-10-08 06:51:13,531 54 INFO None odoo.registry: module base: creating or updating database tables 
2026-10-08 06:51:13,733 54 INFO None odoo.models: Prepare computation of ir.module.module.menus_by_module 
2026-10-08 06:51:13,733 54 INFO None odoo.models: Prepare computation of ir.module.module.reports_by_module 
2026-10-08 06:51:13,733 54 INFO None odoo.models: Prepare computation of ir.module.module.views_by_module 
2026-10-08 06:51:13,788 54 INFO None odoo.models: Prepare computation of res.partner.user_id 
2026-10-08 06:51:13,788 54 INFO None odoo.models: Prepare computation of res.partner.commercial_partner_id 
2026-10-08 06:51:13,788 54 INFO None odoo.models: Prepare computation of res.partner.complete_name 
2026-10-08 06:51:13,788 54 INFO None odoo.models: Prepare computation of res.partner.lang 
2026-10-08 06:51:13,788 54 INFO None odoo.models: Prepare computation of res.partner.company_registry 
2026-10-08 06:51:13,788 54 INFO None odoo.models: Prepare computation of res.partner.commercial_company_name 
2026-10-08 06:51:13,788 54 INFO None odoo.models: Prepare computation of res.partner.properties 
2026-10-08 06:51:13,788 54 INFO None odoo.models: Prepare computation of res.partner.partner_share 
2026-10-08 06:51:13,807 54 INFO None odoo.models: Prepare computation of res.currency.decimal_places 
2026-10-08 06:51:13,821 54 INFO None odoo.models: Prepare computation of res.company.uses_default_logo 
2026-10-08 06:51:13,821 54 INFO None odoo.models: Prepare computation of res.company.logo_web 
2026-10-08 06:51:13,822 54 INFO None odoo.models: Computing parent_path for table res_company... 
2026-10-08 06:51:13,840 54 INFO None odoo.models: Prepare computation of res.users.signature 
2026-10-08 06:51:13,840 54 INFO None odoo.models: Prepare computation of res.users.share 
2026-10-08 06:51:14,906 54 INFO None odoo.modules.loading: loading base/data/res_bank.xml 
2026-10-08 06:51:14,910 54 INFO None odoo.modules.loading: loading base/data/res.lang.csv 
2026-10-08 06:51:14,936 54 INFO None odoo.modules.loading: loading base/data/res_lang_data.xml 
2026-10-08 06:51:14,964 54 INFO None odoo.modules.loading: loading base/data/res_partner_data.xml 
2026-10-08 06:51:15,006 54 INFO None odoo.modules.loading: loading base/data/res_currency_data.xml 
2026-10-08 06:51:15,429 54 INFO None odoo.modules.loading: loading base/data/res_company_data.xml 
2026-10-08 06:51:15,436 54 INFO None odoo.modules.loading: loading base/data/res_users_data.xml 
2026-10-08 06:51:16,008 54 INFO None odoo.modules.loading: loading base/data/report_paperformat_data.xml 
2026-10-08 06:51:16,014 54 INFO None odoo.modules.loading: loading base/data/res_country_data.xml 
2026-10-08 06:51:16,472 54 INFO None odoo.modules.loading: loading base/data/ir_demo_data.xml 
2026-10-08 06:51:16,482 54 INFO None odoo.modules.loading: loading base/security/base_groups.xml 
2026-10-08 06:51:16,623 54 INFO None odoo.modules.loading: loading base/security/base_security.xml 
2026-10-08 06:51:16,761 54 INFO None odoo.modules.loading: loading base/wizard/wizard_ir_model_menu_create_views.xml 
2026-10-08 06:51:16,772 54 INFO None odoo.modules.loading: loading base/views/base_menus.xml 
2026-10-08 06:51:16,825 54 INFO None odoo.modules.loading: loading base/views/decimal_precision_views.xml 
2026-10-08 06:51:16,837 54 INFO None odoo.modules.loading: loading base/views/res_config_views.xml 
2026-10-08 06:51:16,843 54 INFO None odoo.modules.loading: loading base/data/res.country.state.csv 
2026-10-08 06:51:17,047 54 INFO None odoo.modules.loading: loading base/views/ir_actions_views.xml 
2026-10-08 06:51:17,164 54 INFO None odoo.modules.loading: loading base/views/ir_asset_views.xml 
2026-10-08 06:51:17,179 54 INFO None odoo.modules.loading: loading base/views/ir_config_parameter_views.xml 
2026-10-08 06:51:17,195 54 INFO None odoo.modules.loading: loading base/views/ir_cron_views.xml 
2026-10-08 06:51:17,219 54 INFO None odoo.modules.loading: loading base/views/ir_cron_trigger_views.xml 
2026-10-08 06:51:17,233 54 INFO None odoo.modules.loading: loading base/views/ir_filters_views.xml 
2026-10-08 06:51:17,253 54 INFO None odoo.modules.loading: loading base/views/ir_mail_server_views.xml 
2026-10-08 06:51:17,270 54 INFO None odoo.modules.loading: loading base/views/ir_model_views.xml 
2026-10-08 06:51:17,380 54 INFO None odoo.modules.loading: loading base/views/ir_attachment_views.xml 
2026-10-08 06:51:17,398 54 INFO None odoo.modules.loading: loading base/views/ir_rule_views.xml 
2026-10-08 06:51:17,413 54 INFO None odoo.modules.loading: loading base/views/ir_sequence_views.xml 
2026-10-08 06:51:17,431 54 INFO None odoo.modules.loading: loading base/views/ir_ui_menu_views.xml 
2026-10-08 06:51:17,448 54 INFO None odoo.modules.loading: loading base/views/ir_ui_view_views.xml 
2026-10-08 06:51:17,489 54 INFO None odoo.modules.loading: loading base/views/ir_default_views.xml 
2026-10-08 06:51:17,505 54 INFO None odoo.modules.loading: loading base/data/ir_config_parameter_data.xml 
2026-10-08 06:51:17,507 54 INFO None odoo.modules.loading: loading base/data/ir_cron_data.xml 
2026-10-08 06:51:17,517 54 INFO None odoo.modules.loading: loading base/report/ir_model_report.xml 
2026-10-08 06:51:17,520 54 INFO None odoo.modules.loading: loading base/report/ir_model_templates.xml 
2026-10-08 06:51:17,526 54 INFO None odoo.modules.loading: loading base/views/ir_logging_views.xml 
2026-10-08 06:51:17,542 54 INFO None odoo.modules.loading: loading base/views/ir_qweb_widget_templates.xml 
2026-10-08 06:51:17,552 54 INFO None odoo.modules.loading: loading base/views/ir_module_views.xml 
2026-10-08 06:51:17,596 54 INFO None odoo.modules.loading: loading base/data/ir_module_category_data.xml 
2026-10-08 06:51:17,628 54 INFO None odoo.modules.loading: loading base/data/ir_module_module.xml 
2026-10-08 06:51:17,684 54 INFO None odoo.modules.loading: loading base/report/ir_module_reports.xml 
2026-10-08 06:51:17,687 54 INFO None odoo.modules.loading: loading base/report/ir_module_report_templates.xml 
2026-10-08 06:51:17,691 54 INFO None odoo.modules.loading: loading base/wizard/base_module_update_views.xml 
2026-10-08 06:51:17,703 54 INFO None odoo.modules.loading: loading base/wizard/base_language_install_views.xml 
2026-10-08 06:51:17,716 54 INFO None odoo.modules.loading: loading base/wizard/base_import_language_views.xml 
2026-10-08 06:51:17,724 54 INFO None odoo.modules.loading: loading base/wizard/base_module_upgrade_views.xml 
2026-10-08 06:51:17,738 54 INFO None odoo.modules.loading: loading base/wizard/base_module_uninstall_views.xml 
2026-10-08 06:51:17,745 54 INFO None odoo.modules.loading: loading base/wizard/base_export_language_views.xml 
2026-10-08 06:51:17,755 54 INFO None odoo.modules.loading: loading base/wizard/base_partner_merge_views.xml 
2026-10-08 06:51:17,767 54 INFO None odoo.modules.loading: loading base/data/ir_demo_failure_data.xml 
2026-10-08 06:51:17,779 54 INFO None odoo.modules.loading: loading base/views/ir_profile_views.xml 
2026-10-08 06:51:17,797 54 INFO None odoo.modules.loading: loading base/views/res_company_views.xml 
2026-10-08 06:51:17,814 54 INFO None odoo.modules.loading: loading base/views/res_lang_views.xml 
2026-10-08 06:51:17,830 54 INFO None odoo.modules.loading: loading base/views/res_partner_views.xml 
2026-10-08 06:51:17,897 54 INFO None odoo.modules.loading: loading base/views/res_bank_views.xml 
2026-10-08 06:51:17,922 54 INFO None odoo.modules.loading: loading base/views/res_country_views.xml 
2026-10-08 06:51:17,958 54 INFO None odoo.modules.loading: loading base/views/res_currency_views.xml 
2026-10-08 06:51:17,988 54 INFO None odoo.modules.loading: loading base/views/res_groups_views.xml 
2026-10-08 06:51:18,025 54 INFO None odoo.modules.loading: loading base/views/res_users_views.xml 
2026-10-08 06:51:18,101 54 INFO None odoo.modules.loading: loading base/views/res_users_apikeys_views.xml 
2026-10-08 06:51:18,106 54 INFO None odoo.modules.loading: loading base/views/res_device_views.xml 
2026-10-08 06:51:18,125 54 INFO None odoo.modules.loading: loading base/views/res_users_identitycheck_views.xml 
2026-10-08 06:51:18,130 54 INFO None odoo.modules.loading: loading base/views/res_config_settings_views.xml 
2026-10-08 06:51:18,139 54 INFO None odoo.modules.loading: loading base/views/report_paperformat_views.xml 
2026-10-08 06:51:18,160 54 INFO None odoo.modules.loading: loading base/security/ir.model.access.csv 
2026-10-08 06:51:18,260 54 INFO None odoo.modules.loading: Module base loaded in 4.74s, 8454 queries (+8454 other) 
2026-10-08 06:51:18,260 54 INFO None odoo.modules.loading: 1 modules loaded in 4.74s, 8454 queries (+8454 extra) 
2026-10-08 06:51:18,263 54 INFO None odoo.modules.loading: updating modules list 
2026-10-08 06:51:18,264 54 INFO None odoo.addons.base.models.ir_module: ALLOW access to module.update_list on [] to user __system__ #1 via n/a 
2026-10-08 06:51:18,928 54 INFO None odoo.modules.loading: loading 14 modules... 
2026-10-08 06:51:18,928 54 INFO None odoo.modules.loading: Loading module rpc (2/14) 
2026-10-08 06:51:18,947 54 INFO None odoo.modules.loading: Module rpc loaded in 0.02s, 9 queries (+9 other) 
2026-10-08 06:51:18,947 54 INFO None odoo.modules.loading: Loading module web (3/14) 
2026-10-08 06:51:18,967 54 INFO None odoo.registry: module web: creating or updating database tables 
2026-10-08 06:51:19,274 54 INFO None odoo.modules.loading: loading web/security/ir.model.access.csv 
2026-10-08 06:51:19,282 54 INFO None odoo.modules.loading: loading web/security/web_security.xml 
2026-10-08 06:51:19,292 54 INFO None odoo.modules.loading: loading web/views/webclient_templates.xml 
2026-10-08 06:51:19,333 54 INFO None odoo.modules.loading: loading web/views/report_templates.xml 
2026-10-08 06:51:19,403 54 INFO None odoo.modules.loading: loading web/views/base_document_layout_views.xml 
2026-10-08 06:51:19,415 54 INFO None odoo.modules.loading: loading web/views/partner_view.xml 
2026-10-08 06:51:19,420 54 INFO None odoo.modules.loading: loading web/views/speedscope_template.xml 
2026-10-08 06:51:19,424 54 INFO None odoo.modules.loading: loading web/views/memory_template.xml 
2026-10-08 06:51:19,427 54 INFO None odoo.modules.loading: loading web/views/speedscope_config_wizard.xml 
2026-10-08 06:51:19,432 54 INFO None odoo.modules.loading: loading web/views/neutralize_views.xml 
2026-10-08 06:51:19,438 54 INFO None odoo.modules.loading: loading web/views/ir_ui_view_views.xml 
2026-10-08 06:51:19,445 54 INFO None odoo.modules.loading: loading web/data/ir_attachment.xml 
2026-10-08 06:51:19,448 54 INFO None odoo.modules.loading: loading web/data/report_layout.xml 
2026-10-08 06:51:19,487 54 INFO None odoo.modules.loading: Module web loaded in 0.54s, 1232 queries (+1232 other) 
2026-10-08 06:51:19,487 54 INFO None odoo.modules.loading: Loading module api_doc (4/14) 
2026-10-08 06:51:19,491 54 INFO None odoo.registry: module api_doc: creating or updating database tables 
2026-10-08 06:51:19,503 54 INFO None odoo.modules.loading: loading api_doc/security/res_groups.xml 
2026-10-08 06:51:19,520 54 INFO None odoo.modules.loading: loading api_doc/views/docclient.xml 
2026-10-08 06:51:19,537 54 INFO None odoo.modules.loading: Module api_doc loaded in 0.05s, 63 queries (+63 other) 
2026-10-08 06:51:19,538 54 INFO None odoo.modules.loading: Loading module auth_totp (5/14) 
2026-10-08 06:51:19,547 54 INFO None odoo.registry: module auth_totp: creating or updating database tables 
2026-10-08 06:51:19,596 54 INFO None odoo.modules.loading: loading auth_totp/security/security.xml 
2026-10-08 06:51:19,614 54 INFO None odoo.modules.loading: loading auth_totp/security/ir.model.access.csv 
2026-10-08 06:51:19,620 54 INFO None odoo.modules.loading: loading auth_totp/data/ir_action_data.xml 
2026-10-08 06:51:19,626 54 INFO None odoo.modules.loading: loading auth_totp/views/res_users_views.xml 
2026-10-08 06:51:19,649 54 INFO None odoo.modules.loading: loading auth_totp/views/templates.xml 
2026-10-08 06:51:19,655 54 INFO None odoo.modules.loading: loading auth_totp/wizard/auth_totp_wizard_views.xml 
2026-10-08 06:51:19,674 54 INFO None odoo.modules.loading: Module auth_totp loaded in 0.14s, 218 queries (+218 other) 
2026-10-08 06:51:19,674 54 INFO None odoo.modules.loading: Loading module base_import (6/14) 
2026-10-08 06:51:19,695 54 INFO None odoo.registry: module base_import: creating or updating database tables 
2026-10-08 06:51:19,992 54 INFO None odoo.modules.loading: loading base_import/security/base_import_security.xml 
2026-10-08 06:51:19,997 54 INFO None odoo.modules.loading: loading base_import/security/ir.model.access.csv 
2026-10-08 06:51:20,012 54 INFO None odoo.modules.loading: Module base_import loaded in 0.34s, 964 queries (+964 other) 
2026-10-08 06:51:20,012 54 INFO None odoo.modules.loading: Loading module base_import_module (7/14) 
2026-10-08 06:51:20,017 54 INFO None odoo.registry: module base_import_module: creating or updating database tables 
2026-10-08 06:51:20,057 54 INFO None odoo.modules.loading: loading base_import_module/security/ir.model.access.csv 
2026-10-08 06:51:20,063 54 INFO None odoo.modules.loading: loading base_import_module/views/base_import_module_view.xml 
2026-10-08 06:51:20,077 54 INFO None odoo.modules.loading: loading base_import_module/views/ir_module_views.xml 
2026-10-08 06:51:20,117 54 INFO None odoo.modules.loading: Module base_import_module loaded in 0.11s, 172 queries (+172 other) 
2026-10-08 06:51:20,118 54 INFO None odoo.modules.loading: Loading module base_setup (8/14) 
2026-10-08 06:51:20,124 54 INFO None odoo.registry: module base_setup: creating or updating database tables 
2026-10-08 06:51:20,152 54 INFO None odoo.modules.loading: loading base_setup/data/base_setup_data.xml 
2026-10-08 06:51:20,155 54 INFO None odoo.modules.loading: loading base_setup/views/res_config_settings_views.xml 
2026-10-08 06:51:20,182 54 INFO None odoo.modules.loading: loading base_setup/views/res_partner_views.xml 
2026-10-08 06:51:20,199 54 INFO None odoo.modules.loading: Module base_setup loaded in 0.08s, 152 queries (+152 other) 
2026-10-08 06:51:20,199 54 INFO None odoo.modules.loading: Loading module bus (9/14) 
2026-10-08 06:51:20,210 54 INFO None odoo.registry: module bus: creating or updating database tables 
2026-10-08 06:51:20,269 54 INFO None odoo.modules.loading: loading bus/security/ir.model.access.csv 
2026-10-08 06:51:20,283 54 INFO None odoo.modules.loading: Module bus loaded in 0.08s, 159 queries (+159 other) 
2026-10-08 06:51:20,283 54 INFO None odoo.modules.loading: Loading module web_tour (10/14) 
2026-10-08 06:51:20,289 54 INFO None odoo.registry: module web_tour: creating or updating database tables 
2026-10-08 06:51:20,292 54 INFO None odoo.models: Prepare computation of res.users.tour_enabled 
2026-10-08 06:51:20,346 54 INFO None odoo.modules.loading: loading web_tour/security/ir.model.access.csv 
2026-10-08 06:51:20,352 54 INFO None odoo.modules.loading: loading web_tour/views/tour_views.xml 
2026-10-08 06:51:20,388 54 INFO None odoo.modules.loading: Module web_tour loaded in 0.10s, 180 queries (+180 other) 
2026-10-08 06:51:20,388 54 INFO None odoo.modules.loading: Loading module auth_passkey (11/14) 
2026-10-08 06:51:20,415 54 INFO None odoo.registry: module auth_passkey: creating or updating database tables 
2026-10-08 06:51:20,461 54 INFO None odoo.modules.loading: loading auth_passkey/views/auth_passkey_key_views.xml 
2026-10-08 06:51:20,479 54 INFO None odoo.modules.loading: loading auth_passkey/views/auth_passkey_login_templates.xml 
2026-10-08 06:51:20,487 54 INFO None odoo.modules.loading: loading auth_passkey/views/res_users_identitycheck_views.xml 
2026-10-08 06:51:20,495 54 INFO None odoo.modules.loading: loading auth_passkey/views/res_users_views.xml 
2026-10-08 06:51:20,509 54 INFO None odoo.modules.loading: loading auth_passkey/security/ir.model.access.csv 
2026-10-08 06:51:20,516 54 INFO None odoo.modules.loading: loading auth_passkey/security/security.xml 
2026-10-08 06:51:20,540 54 INFO None odoo.modules.loading: Module auth_passkey loaded in 0.15s, 218 queries (+218 other) 
2026-10-08 06:51:20,540 54 INFO None odoo.modules.loading: Loading module html_editor (12/14) 
2026-10-08 06:51:20,664 54 INFO None odoo.registry: module html_editor: creating or updating database tables 
2026-10-08 06:51:20,997 54 INFO None odoo.modules.loading: loading html_editor/security/ir.model.access.csv 
2026-10-08 06:51:21,013 54 INFO None odoo.modules.loading: Module html_editor loaded in 0.47s, 1034 queries (+1034 other) 
2026-10-08 06:51:21,013 54 INFO None odoo.modules.loading: Loading module iap (13/14) 
2026-10-08 06:51:21,016 54 INFO None odoo.registry: module iap: creating or updating database tables 
2026-10-08 06:51:21,065 54 INFO None odoo.modules.loading: loading iap/data/services.xml 
2026-10-08 06:51:21,068 54 INFO None odoo.modules.loading: loading iap/security/ir.model.access.csv 
2026-10-08 06:51:21,075 54 INFO None odoo.modules.loading: loading iap/security/ir_rule.xml 
2026-10-08 06:51:21,080 54 INFO None odoo.modules.loading: loading iap/views/iap_views.xml 
2026-10-08 06:51:21,100 54 INFO None odoo.modules.loading: loading iap/views/res_config_settings.xml 
2026-10-08 06:51:21,121 54 INFO None odoo.modules.loading: Module iap loaded in 0.11s, 185 queries (+185 other) 
2026-10-08 06:51:21,121 54 INFO None odoo.modules.loading: Loading module web_unsplash (14/14) 
2026-10-08 06:51:21,127 54 INFO None odoo.registry: module web_unsplash: creating or updating database tables 
2026-10-08 06:51:21,149 54 INFO None odoo.modules.loading: loading web_unsplash/views/res_config_settings_view.xml 
2026-10-08 06:51:21,175 54 INFO None odoo.modules.loading: Module web_unsplash loaded in 0.05s, 91 queries (+91 other) 
2026-10-08 06:51:21,175 54 INFO None odoo.modules.loading: 14 modules loaded in 2.25s, 4677 queries (+4677 extra) 
2026-10-08 06:51:21,349 54 INFO None odoo.modules.loading: Modules loaded. 
2026-10-08 06:51:21,357 54 INFO None odoo.registry: Registry changed, signaling through the database 
2026-10-08 06:51:21,361 54 INFO None odoo.registry: Registry loaded in 8.928s 
2026-10-08 06:51:21,952 54 INFO None odoo.addons.base.models.res_users: Login successful for login:admin from 127.0.0.1 
2026-10-08 06:51:21,967 54 INFO None werkzeug: 127.0.0.1 - - [08/Oct/2026 06:51:21] "POST /web/database/create HTTP/1.1" 303 - 20032 7.181 4.498
Database created
API key generated
2026-10-08 06:51:23,121 54 INFO bench odoo.addons.base.models.ir_http: Generating routing map for key None 
2026-10-08 06:51:23,131 54 INFO bench werkzeug: 127.0.0.1 - - [08/Oct/2026 06:51:23] "POST /json/2/res.users/context_get HTTP/1.1" 200 - 4 0.002 0.009
2026-10-08 06:51:23,151 54 INFO bench odoo.addons.base.models.ir_module: ALLOW access to module.update_list on [] to user admin #2 via 127.0.0.1 
2026-10-08 06:51:23,820 54 INFO bench werkzeug: 127.0.0.1 - - [08/Oct/2026 06:51:23] "POST /json/2/ir.module.module/update_list HTTP/1.1" 200 - 1697 0.345 0.330
2026-10-08 06:51:23,838 54 INFO bench werkzeug: 127.0.0.1 - - [08/Oct/2026 06:51:23] "POST /json/2/ir.module.module/search HTTP/1.1" 200 - 3 0.001 0.005
2026-10-08 06:51:23,858 54 INFO bench werkzeug: 127.0.0.1 - - [08/Oct/2026 06:51:23] "POST /json/2/ir.module.module/read HTTP/1.1" 200 - 3 0.002 0.005
2026-10-08 06:51:23,877 54 INFO bench werkzeug: 127.0.0.1 - - [08/Oct/2026 06:51:23] "POST /json/2/ir.module.module/search HTTP/1.1" 200 - 3 0.001 0.004
2026-10-08 06:51:23,895 54 INFO bench werkzeug: 127.0.0.1 - - [08/Oct/2026 06:51:23] "POST /json/2/ir.module.module/read HTTP/1.1" 200 - 3 0.001 0.004
2026-10-08 06:51:23,914 54 INFO bench werkzeug: 127.0.0.1 - - [08/Oct/2026 06:51:23] "POST /json/2/ir.module.module/search HTTP/1.1" 200 - 3 0.001 0.005
2026-10-08 06:51:23,934 54 INFO bench werkzeug: 127.0.0.1 - - [08/Oct/2026 06:51:23] "POST /json/2/ir.module.module/read HTTP/1.1" 200 - 3 0.001 0.005
2026-10-08 06:51:23,952 54 INFO bench werkzeug: 127.0.0.1 - - [08/Oct/2026 06:51:23] "POST /json/2/ir.module.module/search HTTP/1.1" 200 - 3 0.001 0.004
2026-10-08 06:51:23,973 54 INFO bench werkzeug: 127.0.0.1 - - [08/Oct/2026 06:51:23] "POST /json/2/ir.module.module/read HTTP/1.1" 200 - 3 0.001 0.005
2026-10-08 06:51:23,992 54 INFO bench werkzeug: 127.0.0.1 - - [08/Oct/2026 06:51:23] "POST /json/2/ir.module.module/search HTTP/1.1" 200 - 3 0.001 0.005
2026-10-08 06:51:24,010 54 INFO bench werkzeug: 127.0.0.1 - - [08/Oct/2026 06:51:24] "POST /json/2/ir.module.module/read HTTP/1.1" 200 - 3 0.001 0.004
2026-10-08 06:51:24,028 54 INFO bench werkzeug: 127.0.0.1 - - [08/Oct/2026 06:51:24] "POST /json/2/ir.module.module/search HTTP/1.1" 200 - 3 0.001 0.005
2026-10-08 06:51:24,047 54 INFO bench werkzeug: 127.0.0.1 - - [08/Oct/2026 06:51:24] "POST /json/2/ir.module.module/read HTTP/1.1" 200 - 3 0.001 0.004
2026-10-08 06:51:24,065 54 INFO bench werkzeug: 127.0.0.1 - - [08/Oct/2026 06:51:24] "POST /json/2/ir.module.module/search HTTP/1.1" 200 - 3 0.001 0.004
2026-10-08 06:51:24,083 54 INFO bench werkzeug: 127.0.0.1 - - [08/Oct/2026 06:51:24] "POST /json/2/ir.module.module/read HTTP/1.1" 200 - 3 0.001 0.004
2026-10-08 06:51:24,102 54 INFO bench odoo.addons.base.models.ir_module: ALLOW access to module.button_immediate_install on ['Sales', 'Inventory', 'Purchase', 'Purchase Stock', 'Drop Shipping', 'Manufacturing', 'Delivery Costs'] to user admin #2 via 127.0.0.1 
2026-10-08 06:51:24,102 54 INFO bench odoo.addons.base.models.ir_module: User #2 triggered module installation 
2026-10-08 06:51:24,104 54 INFO bench odoo.addons.base.models.ir_module: ALLOW access to module.button_install on ['Sales', 'Inventory', 'Purchase', 'Purchase Stock', 'Drop Shipping', 'Manufacturing', 'Delivery Costs'] to user admin #2 via 127.0.0.1 
2026-10-08 06:51:24,214 54 INFO bench odoo.modules.loading: loading 1 modules... 
2026-10-08 06:51:24,217 54 INFO bench odoo.modules.loading: 1 modules loaded in 0.00s, 0 queries (+0 extra) 
2026-10-08 06:51:24,233 54 INFO bench odoo.modules.loading: updating modules list 
2026-10-08 06:51:24,235 54 INFO bench odoo.addons.base.models.ir_module: ALLOW access to module.update_list on [] to user __system__ #1 via n/a 
2026-10-08 06:51:24,879 54 INFO bench odoo.modules.loading: loading 76 modules... 
2026-10-08 06:51:24,883 54 INFO bench odoo.modules.loading: Loading module uom (15/76) 
2026-10-08 06:51:24,908 54 INFO bench odoo.registry: module uom: creating or updating database tables 
2026-10-08 06:51:24,939 54 INFO bench odoo.modules.loading: loading uom/data/uom_data.xml 
2026-10-08 06:51:24,998 54 INFO bench odoo.modules.loading: loading uom/security/uom_security.xml 
2026-10-08 06:51:25,000 54 INFO bench odoo.modules.loading: loading uom/security/ir.model.access.csv 
2026-10-08 06:51:25,008 54 INFO bench odoo.modules.loading: loading uom/views/uom_uom_views.xml 
2026-10-08 06:51:25,038 54 INFO bench odoo.modules.loading: Module uom loaded in 0.15s, 229 queries (+229 other) 
2026-10-08 06:51:25,038 54 INFO bench odoo.modules.loading: Loading module barcodes (16/76) 
2026-10-08 06:51:25,044 54 INFO bench odoo.registry: module barcodes: creating or updating database tables 
2026-10-08 06:51:25,087 54 INFO bench odoo.modules.loading: loading barcodes/data/barcodes_data.xml 
2026-10-08 06:51:25,093 54 INFO bench odoo.modules.loading: loading barcodes/views/barcodes_view.xml 
2026-10-08 06:51:25,111 54 INFO bench odoo.modules.loading: loading barcodes/security/ir.model.access.csv 
2026-10-08 06:51:25,132 54 INFO bench odoo.modules.loading: Module barcodes loaded in 0.09s, 150 queries (+150 other) 
2026-10-08 06:51:25,132 54 INFO bench odoo.modules.loading: Loading module http_routing (17/76) 
2026-10-08 06:51:25,137 54 INFO bench odoo.registry: module http_routing: creating or updating database tables 
2026-10-08 06:51:25,152 54 INFO bench odoo.modules.loading: loading http_routing/views/http_routing_template.xml 
2026-10-08 06:51:25,186 54 INFO bench odoo.modules.loading: loading http_routing/views/res_lang_views.xml 
2026-10-08 06:51:25,211 54 INFO bench odoo.modules.loading: Module http_routing loaded in 0.08s, 114 queries (+114 other) 
2026-10-08 06:51:25,211 54 INFO bench odoo.modules.loading: Loading module onboarding (18/76) 
2026-10-08 06:51:25,215 54 INFO bench odoo.registry: module onboarding: creating or updating database tables 
2026-10-08 06:51:25,289 54 INFO bench odoo.modules.loading: loading onboarding/views/onboarding_templates.xml 
2026-10-08 06:51:25,298 54 INFO bench odoo.modules.loading: loading onboarding/views/onboarding_views.xml 
2026-10-08 06:51:25,317 54 INFO bench odoo.modules.loading: loading onboarding/views/onboarding_menus.xml 
2026-10-08 06:51:25,324 54 INFO bench odoo.modules.loading: loading onboarding/security/ir.model.access.csv 
2026-10-08 06:51:25,344 54 INFO bench odoo.modules.loading: Module onboarding loaded in 0.13s, 246 queries (+246 other) 
2026-10-08 06:51:25,344 54 INFO bench odoo.modules.loading: Loading module resource (19/76) 
2026-10-08 06:51:25,353 54 INFO bench odoo.registry: module resource: creating or updating database tables 
2026-10-08 06:51:25,441 54 INFO bench odoo.modules.loading: loading resource/data/resource_data.xml 
2026-10-08 06:51:25,455 54 INFO bench odoo.modules.loading: loading resource/security/ir.model.access.csv 
2026-10-08 06:51:25,463 54 INFO bench odoo.modules.loading: loading resource/security/resource_security.xml 
2026-10-08 06:51:25,483 54 INFO bench odoo.modules.loading: loading resource/views/resource_resource_views.xml 
2026-10-08 06:51:25,502 54 INFO bench odoo.modules.loading: loading resource/views/resource_calendar_leaves_views.xml 
2026-10-08 06:51:25,524 54 INFO bench odoo.modules.loading: loading resource/views/resource_calendar_attendance_views.xml 
2026-10-08 06:51:25,531 54 INFO bench odoo.modules.loading: loading resource/views/resource_calendar_views.xml 
2026-10-08 06:51:25,550 54 INFO bench odoo.modules.loading: loading resource/views/menuitems.xml 
2026-10-08 06:51:25,573 54 INFO bench odoo.modules.loading: Module resource loaded in 0.23s, 414 queries (+414 other) 
2026-10-08 06:51:25,573 54 INFO bench odoo.modules.loading: Loading module utm (20/76) 
2026-10-08 06:51:25,578 54 INFO bench odoo.registry: module utm: creating or updating database tables 
2026-10-08 06:51:25,647 54 INFO bench odoo.modules.loading: loading utm/data/utm_medium_data.xml 
2026-10-08 06:51:25,664 54 INFO bench odoo.modules.loading: loading utm/data/utm_source_data.xml 
2026-10-08 06:51:25,680 54 INFO bench odoo.modules.loading: loading utm/data/utm_stage_data.xml 
2026-10-08 06:51:25,683 54 INFO bench odoo.modules.loading: loading utm/data/utm_tag_data.xml 
2026-10-08 06:51:25,686 54 INFO bench odoo.modules.loading: loading utm/views/utm_campaign_views.xml 
2026-10-08 06:51:25,711 54 INFO bench odoo.modules.loading: loading utm/views/utm_medium_views.xml 
2026-10-08 06:51:25,721 54 INFO bench odoo.modules.loading: loading utm/views/utm_source_views.xml 
2026-10-08 06:51:25,731 54 INFO bench odoo.modules.loading: loading utm/views/utm_stage_views.xml 
2026-10-08 06:51:25,743 54 INFO bench odoo.modules.loading: loading utm/views/utm_tag_views.xml 
2026-10-08 06:51:25,750 54 INFO bench odoo.modules.loading: loading utm/views/utm_menus.xml 
2026-10-08 06:51:25,768 54 INFO bench odoo.modules.loading: loading utm/security/ir.model.access.csv 
2026-10-08 06:51:25,787 54 INFO bench odoo.modules.loading: Module utm loaded in 0.21s, 410 queries (+410 other) 
2026-10-08 06:51:25,787 54 INFO bench odoo.modules.loading: Loading module barcodes_gs1_nomenclature (21/76) 
2026-10-08 06:51:25,791 54 INFO bench odoo.registry: module barcodes_gs1_nomenclature: creating or updating database tables 
2026-10-08 06:51:25,816 54 INFO bench odoo.modules.loading: loading barcodes_gs1_nomenclature/data/barcodes_gs1_rules.xml 
2026-10-08 06:51:25,861 54 INFO bench odoo.modules.loading: loading barcodes_gs1_nomenclature/views/barcodes_view.xml 
2026-10-08 06:51:25,893 54 INFO bench odoo.modules.loading: Module barcodes_gs1_nomenclature loaded in 0.11s, 197 queries (+197 other) 
2026-10-08 06:51:25,894 54 INFO bench odoo.modules.loading: Loading module mail (22/76) 
2026-10-08 06:51:25,937 54 INFO bench odoo.registry: module mail: creating or updating database tables 
2026-10-08 06:51:26,070 54 INFO bench odoo.models: Prepare computation of ir.actions.server.partner_ids 
2026-10-08 06:51:26,070 54 INFO bench odoo.models: Prepare computation of ir.actions.server.activity_user_id 
2026-10-08 06:51:26,070 54 INFO bench odoo.models: Prepare computation of ir.actions.server.activity_type_id 
2026-10-08 06:51:26,070 54 INFO bench odoo.models: Prepare computation of ir.actions.server.template_id 
2026-10-08 06:51:26,070 54 INFO bench odoo.models: Prepare computation of ir.actions.server.activity_date_deadline_range 
2026-10-08 06:51:26,070 54 INFO bench odoo.models: Prepare computation of ir.actions.server.activity_summary 
2026-10-08 06:51:26,070 54 INFO bench odoo.models: Prepare computation of ir.actions.server.followers_type 
2026-10-08 06:51:26,070 54 INFO bench odoo.models: Prepare computation of ir.actions.server.followers_partner_field_name 
2026-10-08 06:51:26,070 54 INFO bench odoo.models: Prepare computation of ir.actions.server.mail_post_method 
2026-10-08 06:51:26,070 54 INFO bench odoo.models: Prepare computation of ir.actions.server.activity_date_deadline_range_type 
2026-10-08 06:51:26,070 54 INFO bench odoo.models: Prepare computation of ir.actions.server.activity_user_type 
2026-10-08 06:51:26,070 54 INFO bench odoo.models: Prepare computation of ir.actions.server.activity_user_field_name 
2026-10-08 06:51:26,070 54 INFO bench odoo.models: Prepare computation of ir.actions.server.activity_note 
2026-10-08 06:51:26,070 54 INFO bench odoo.models: Prepare computation of ir.actions.server.mail_post_autofollow 
2026-10-08 06:51:26,114 54 INFO bench odoo.models: Prepare computation of res.users.notification_type 
2026-10-08 06:51:26,158 54 INFO bench odoo.models: Prepare computation of res.partner.email_normalized 
2026-10-08 06:51:27,233 54 INFO bench odoo.modules.loading: loading mail/data/mail_groups.xml 
2026-10-08 06:51:27,254 54 INFO bench odoo.modules.loading: loading mail/wizard/mail_activity_schedule_views.xml 
2026-10-08 06:51:27,264 54 INFO bench odoo.modules.loading: loading mail/wizard/mail_blacklist_remove_views.xml 
2026-10-08 06:51:27,270 54 INFO bench odoo.modules.loading: loading mail/wizard/mail_compose_message_views.xml 
2026-10-08 06:51:27,285 54 INFO bench odoo.modules.loading: loading mail/wizard/mail_template_preview_views.xml 
2026-10-08 06:51:27,293 54 INFO bench odoo.modules.loading: loading mail/wizard/mail_followers_edit_views.xml 
2026-10-08 06:51:27,302 54 INFO bench odoo.modules.loading: loading mail/wizard/mail_template_reset_views.xml 
2026-10-08 06:51:27,310 54 INFO bench odoo.modules.loading: loading mail/views/fetchmail_views.xml 
2026-10-08 06:51:27,326 54 INFO bench odoo.modules.loading: loading mail/views/ir_cron_views.xml 
2026-10-08 06:51:27,336 54 INFO bench odoo.modules.loading: loading mail/views/ir_filters_views.xml 
2026-10-08 06:51:27,349 54 INFO bench odoo.modules.loading: loading mail/views/ir_mail_server_views.xml 
2026-10-08 06:51:27,356 54 INFO bench odoo.modules.loading: loading mail/views/mail_message_subtype_views.xml 
2026-10-08 06:51:27,369 54 INFO bench odoo.modules.loading: loading mail/views/mail_tracking_value_views.xml 
2026-10-08 06:51:27,379 54 INFO bench odoo.modules.loading: loading mail/views/mail_notification_views.xml 
2026-10-08 06:51:27,388 54 INFO bench odoo.modules.loading: loading mail/views/mail_message_views.xml 
2026-10-08 06:51:27,410 54 INFO bench odoo.modules.loading: loading mail/views/mail_message_schedule_views.xml 
2026-10-08 06:51:27,425 54 INFO bench odoo.modules.loading: loading mail/views/mail_mail_views.xml 
2026-10-08 06:51:27,444 54 INFO bench odoo.modules.loading: loading mail/views/mail_followers_views.xml 
2026-10-08 06:51:27,454 54 INFO bench odoo.modules.loading: loading mail/views/mail_ice_server_views.xml 
2026-10-08 06:51:27,472 54 INFO bench odoo.modules.loading: loading mail/views/discuss_channel_member_views.xml 
2026-10-08 06:51:27,482 54 INFO bench odoo.modules.loading: loading mail/views/discuss_channel_rtc_session_views.xml 
2026-10-08 06:51:27,497 54 INFO bench odoo.modules.loading: loading mail/views/mail_link_preview_views.xml 
2026-10-08 06:51:27,512 54 INFO bench odoo.modules.loading: loading mail/views/discuss/discuss_gif_favorite_views.xml 
2026-10-08 06:51:27,521 54 INFO bench odoo.modules.loading: loading mail/views/discuss_channel_views.xml 
2026-10-08 06:51:27,549 54 INFO bench odoo.modules.loading: loading mail/views/mail_canned_response_views.xml 
2026-10-08 06:51:27,569 54 INFO bench odoo.modules.loading: loading mail/views/res_role_views.xml 
2026-10-08 06:51:27,583 54 INFO bench odoo.modules.loading: loading mail/views/mail_activity_views.xml 
2026-10-08 06:51:27,662 54 INFO bench odoo.modules.loading: loading mail/views/mail_activity_plan_views.xml 
2026-10-08 06:51:27,693 54 INFO bench odoo.modules.loading: loading mail/views/mail_activity_plan_template_views.xml 
2026-10-08 06:51:27,700 54 INFO bench odoo.modules.loading: loading mail/views/res_config_settings_views.xml 
2026-10-08 06:51:27,718 54 INFO bench odoo.modules.loading: loading mail/data/ir_config_parameter_data.xml 
2026-10-08 06:51:27,722 54 INFO bench odoo.modules.loading: loading mail/data/res_partner_data.xml 
2026-10-08 06:51:27,772 54 INFO bench odoo.modules.loading: loading mail/data/mail_message_subtype_data.xml 
2026-10-08 06:51:27,778 54 INFO bench odoo.modules.loading: loading mail/data/mail_templates_chatter.xml 
2026-10-08 06:51:27,794 54 INFO bench odoo.modules.loading: loading mail/data/mail_templates_email_layouts.xml 
2026-10-08 06:51:27,809 54 INFO bench odoo.modules.loading: loading mail/data/mail_templates_mailgateway.xml 
2026-10-08 06:51:27,821 54 INFO bench odoo.modules.loading: loading mail/data/discuss_channel_data.xml 
2026-10-08 06:51:27,852 54 INFO bench odoo.modules.loading: loading mail/data/mail_activity_type_data.xml 
2026-10-08 06:51:27,864 54 INFO bench odoo.modules.loading: loading mail/data/security_notifications_templates.xml 
2026-10-08 06:51:27,868 54 INFO bench odoo.modules.loading: loading mail/data/ir_cron_data.xml 
2026-10-08 06:51:27,959 54 INFO bench odoo.modules.loading: loading mail/data/ir_actions_client.xml 
2026-10-08 06:51:27,963 54 INFO bench odoo.modules.loading: loading mail/security/mail_security.xml 
2026-10-08 06:51:28,100 54 INFO bench odoo.modules.loading: loading mail/security/ir.model.access.csv 
2026-10-08 06:51:28,134 54 INFO bench odoo.modules.loading: loading mail/views/discuss_public_templates.xml 
2026-10-08 06:51:28,138 54 INFO bench odoo.modules.loading: loading mail/views/mail_alias_domain_views.xml 
2026-10-08 06:51:28,154 54 INFO bench odoo.modules.loading: loading mail/views/mail_alias_views.xml 
2026-10-08 06:51:28,169 54 INFO bench odoo.modules.loading: loading mail/views/mail_gateway_allowed_views.xml 
2026-10-08 06:51:28,180 54 INFO bench odoo.modules.loading: loading mail/views/mail_guest_views.xml 
2026-10-08 06:51:28,189 54 INFO bench odoo.modules.loading: loading mail/views/mail_message_reaction_views.xml 
2026-10-08 06:51:28,198 54 INFO bench odoo.modules.loading: loading mail/views/mail_templates_public.xml 
2026-10-08 06:51:28,205 54 INFO bench odoo.modules.loading: loading mail/views/res_users_views.xml 
2026-10-08 06:51:28,224 54 INFO bench odoo.modules.loading: loading mail/views/res_users_settings_views.xml 
2026-10-08 06:51:28,237 54 INFO bench odoo.modules.loading: loading mail/views/mail_template_views.xml 
2026-10-08 06:51:28,253 54 INFO bench odoo.modules.loading: loading mail/views/ir_actions_server_views.xml 
2026-10-08 06:51:28,267 54 INFO bench odoo.modules.loading: loading mail/views/ir_model_views.xml 
2026-10-08 06:51:28,296 54 INFO bench odoo.modules.loading: loading mail/views/res_partner_views.xml 
2026-10-08 06:51:28,333 54 INFO bench odoo.modules.loading: loading mail/views/mail_blacklist_views.xml 
2026-10-08 06:51:28,346 54 INFO bench odoo.modules.loading: loading mail/views/mail_menus.xml 
2026-10-08 06:51:28,470 54 INFO bench odoo.modules.loading: loading mail/views/discuss/discuss_menus.xml 
2026-10-08 06:51:28,475 54 INFO bench odoo.modules.loading: loading mail/views/discuss/discuss_call_history_views.xml 
2026-10-08 06:51:28,487 54 INFO bench odoo.modules.loading: loading mail/views/res_company_views.xml 
2026-10-08 06:51:28,495 54 INFO bench odoo.modules.loading: loading mail/views/mail_scheduled_message_views.xml 
2026-10-08 06:51:28,500 54 INFO bench odoo.modules.loading: loading mail/data/mail_canned_response_data.xml 
2026-10-08 06:51:28,508 54 INFO bench odoo.modules.loading: loading mail/data/mail_templates_invite.xml 
2026-10-08 06:51:28,517 54 INFO bench odoo.modules.loading: loading mail/data/web_tour_tour.xml 
2026-10-08 06:51:28,555 54 INFO bench odoo.modules.loading: Module mail loaded in 2.66s, 5122 queries (+5123 other) 
2026-10-08 06:51:28,555 54 INFO bench odoo.modules.loading: Loading module analytic (23/76) 
2026-10-08 06:51:28,564 54 INFO bench odoo.registry: module analytic: creating or updating database tables 
2026-10-08 06:51:28,715 54 INFO bench odoo.modules.loading: loading analytic/security/analytic_security.xml 
2026-10-08 06:51:28,733 54 INFO bench odoo.modules.loading: loading analytic/security/ir.model.access.csv 
2026-10-08 06:51:28,742 54 INFO bench odoo.modules.loading: loading analytic/views/analytic_line_views.xml 
2026-10-08 06:51:28,773 54 INFO bench odoo.modules.loading: loading analytic/views/analytic_account_views.xml 
2026-10-08 06:51:28,796 54 INFO bench odoo.modules.loading: loading analytic/views/analytic_plan_views.xml 
2026-10-08 06:51:28,811 54 INFO bench odoo.modules.loading: loading analytic/views/analytic_distribution_model_views.xml 
2026-10-08 06:51:28,823 54 INFO bench odoo.modules.loading: loading analytic/data/analytic_data.xml 
2026-10-08 06:51:28,858 54 INFO bench odoo.modules.loading: Module analytic loaded in 0.30s, 429 queries (+429 other) 
2026-10-08 06:51:28,858 54 INFO bench odoo.modules.loading: Loading module auth_signup (24/76) 
2026-10-08 06:51:28,869 54 INFO bench odoo.registry: module auth_signup: creating or updating database tables 
2026-10-08 06:51:28,913 54 INFO bench odoo.modules.loading: loading auth_signup/data/ir_config_parameter_data.xml 
2026-10-08 06:51:28,918 54 INFO bench odoo.modules.loading: loading auth_signup/data/ir_cron_data.xml 
2026-10-08 06:51:28,939 54 INFO bench odoo.modules.loading: loading auth_signup/data/mail_template_data.xml 
2026-10-08 06:51:28,996 54 INFO bench odoo.modules.loading: loading auth_signup/views/res_config_settings_views.xml 
2026-10-08 06:51:29,009 54 INFO bench odoo.modules.loading: loading auth_signup/views/res_users_views.xml 
2026-10-08 06:51:29,036 54 INFO bench odoo.modules.loading: loading auth_signup/views/auth_signup_login_templates.xml 
2026-10-08 06:51:29,052 54 INFO bench odoo.modules.loading: loading auth_signup/views/auth_signup_templates_email.xml 
2026-10-08 06:51:29,059 54 INFO bench odoo.modules.loading: loading auth_signup/views/webclient_templates.xml 
2026-10-08 06:51:29,087 54 INFO bench odoo.modules.loading: Module auth_signup loaded in 0.23s, 253 queries (+253 other) 
2026-10-08 06:51:29,087 54 INFO bench odoo.modules.loading: Loading module auth_totp_mail (25/76) 
2026-10-08 06:51:29,097 54 INFO bench odoo.registry: module auth_totp_mail: creating or updating database tables 
2026-10-08 06:51:29,128 54 INFO bench odoo.modules.loading: loading auth_totp_mail/data/ir_action_data.xml 
2026-10-08 06:51:29,148 54 INFO bench odoo.modules.loading: loading auth_totp_mail/data/mail_template_data.xml 
2026-10-08 06:51:29,177 54 INFO bench odoo.modules.loading: loading auth_totp_mail/data/security_notifications_template.xml 
2026-10-08 06:51:29,184 54 INFO bench odoo.modules.loading: loading auth_totp_mail/views/res_config_settings_views.xml 
2026-10-08 06:51:29,198 54 INFO bench odoo.modules.loading: loading auth_totp_mail/views/res_users_views.xml 
2026-10-08 06:51:29,215 54 INFO bench odoo.modules.loading: loading auth_totp_mail/views/templates.xml 
2026-10-08 06:51:29,237 54 INFO bench odoo.modules.loading: Module auth_totp_mail loaded in 0.15s, 190 queries (+190 other) 
2026-10-08 06:51:29,238 54 INFO bench odoo.modules.loading: Loading module base_install_request (26/76) 
2026-10-08 06:51:29,242 54 INFO bench odoo.registry: module base_install_request: creating or updating database tables 
2026-10-08 06:51:29,288 54 INFO bench odoo.modules.loading: loading base_install_request/security/ir.model.access.csv 
2026-10-08 06:51:29,296 54 INFO bench odoo.modules.loading: loading base_install_request/wizard/base_module_install_request_views.xml 
2026-10-08 06:51:29,312 54 INFO bench odoo.modules.loading: loading base_install_request/data/mail_template_data.xml 
2026-10-08 06:51:29,317 54 INFO bench odoo.modules.loading: loading base_install_request/data/mail_templates_module_install.xml 
2026-10-08 06:51:29,322 54 INFO bench odoo.modules.loading: loading base_install_request/views/ir_module_module_views.xml 
2026-10-08 06:51:29,344 54 INFO bench odoo.modules.loading: Module base_install_request loaded in 0.11s, 154 queries (+154 other) 
2026-10-08 06:51:29,344 54 INFO bench odoo.modules.loading: Loading module google_gmail (27/76) 
2026-10-08 06:51:29,354 54 INFO bench odoo.registry: module google_gmail: creating or updating database tables 
2026-10-08 06:51:29,398 54 INFO bench odoo.modules.loading: loading google_gmail/views/fetchmail_server_views.xml 
2026-10-08 06:51:29,412 54 INFO bench odoo.modules.loading: loading google_gmail/views/ir_mail_server_views.xml 
2026-10-08 06:51:29,421 54 INFO bench odoo.modules.loading: loading google_gmail/views/res_config_settings_views.xml 
2026-10-08 06:51:29,437 54 INFO bench odoo.modules.loading: loading google_gmail/views/templates.xml 
2026-10-08 06:51:29,451 54 INFO bench odoo.modules.loading: Module google_gmail loaded in 0.11s, 153 queries (+153 other) 
2026-10-08 06:51:29,452 54 INFO bench odoo.modules.loading: Loading module iap_mail (28/76) 
2026-10-08 06:51:29,456 54 INFO bench odoo.registry: module iap_mail: creating or updating database tables 
2026-10-08 06:51:29,482 54 INFO bench odoo.modules.loading: loading iap_mail/data/mail_templates.xml 
2026-10-08 06:51:29,494 54 INFO bench odoo.modules.loading: loading iap_mail/views/iap_views.xml 
2026-10-08 06:51:29,514 54 INFO bench odoo.modules.loading: Module iap_mail loaded in 0.06s, 70 queries (+70 other) 
2026-10-08 06:51:29,514 54 INFO bench odoo.modules.loading: Loading module mail_bot (29/76) 
2026-10-08 06:51:29,522 54 INFO bench odoo.registry: module mail_bot: creating or updating database tables 
2026-10-08 06:51:29,556 54 INFO bench odoo.modules.loading: loading mail_bot/views/res_users_views.xml 
2026-10-08 06:51:29,572 54 INFO bench odoo.modules.loading: loading mail_bot/data/mailbot_data.xml 
2026-10-08 06:51:29,584 54 INFO bench odoo.modules.loading: Module mail_bot loaded in 0.07s, 109 queries (+109 other) 
2026-10-08 06:51:29,584 54 INFO bench odoo.modules.loading: Loading module microsoft_outlook (30/76) 
2026-10-08 06:51:29,594 54 INFO bench odoo.registry: module microsoft_outlook: creating or updating database tables 
2026-10-08 06:51:29,637 54 INFO bench odoo.modules.loading: loading microsoft_outlook/views/fetchmail_server_views.xml 
2026-10-08 06:51:29,651 54 INFO bench odoo.modules.loading: loading microsoft_outlook/views/ir_mail_server_views.xml 
2026-10-08 06:51:29,660 54 INFO bench odoo.modules.loading: loading microsoft_outlook/views/res_config_settings_views.xml 
2026-10-08 06:51:29,676 54 INFO bench odoo.modules.loading: loading microsoft_outlook/views/templates.xml 
2026-10-08 06:51:29,690 54 INFO bench odoo.modules.loading: Module microsoft_outlook loaded in 0.11s, 156 queries (+156 other) 
2026-10-08 06:51:29,690 54 INFO bench odoo.modules.loading: Loading module phone_validation (31/76) 
2026-10-08 06:51:29,752 54 INFO bench odoo.registry: module phone_validation: creating or updating database tables 
2026-10-08 06:51:29,761 54 INFO bench odoo.models: Prepare computation of res.partner.phone_sanitized 
2026-10-08 06:51:30,340 54 INFO bench odoo.modules.loading: loading phone_validation/security/ir.model.access.csv 
2026-10-08 06:51:30,348 54 INFO bench odoo.modules.loading: loading phone_validation/views/phone_blacklist_views.xml 
2026-10-08 06:51:30,371 54 INFO bench odoo.modules.loading: loading phone_validation/views/res_partner_views.xml 
2026-10-08 06:51:30,381 54 INFO bench odoo.modules.loading: loading phone_validation/wizard/phone_blacklist_remove_view.xml 
2026-10-08 06:51:30,398 54 INFO bench odoo.modules.loading: Module phone_validation loaded in 0.71s, 1810 queries (+1810 other) 
2026-10-08 06:51:30,398 54 INFO bench odoo.modules.loading: Loading module privacy_lookup (32/76) 
2026-10-08 06:51:30,408 54 INFO bench odoo.registry: module privacy_lookup: creating or updating database tables 
2026-10-08 06:51:30,479 54 INFO bench odoo.modules.loading: loading privacy_lookup/wizard/privacy_lookup_wizard_views.xml 
2026-10-08 06:51:30,521 54 INFO bench odoo.modules.loading: loading privacy_lookup/views/privacy_log_views.xml 
2026-10-08 06:51:30,539 54 INFO bench odoo.modules.loading: loading privacy_lookup/security/ir.model.access.csv 
2026-10-08 06:51:30,553 54 INFO bench odoo.modules.loading: loading privacy_lookup/data/ir_actions_server_data.xml 
2026-10-08 06:51:30,593 54 INFO bench odoo.modules.loading: Module privacy_lookup loaded in 0.20s, 296 queries (+296 other) 
2026-10-08 06:51:30,593 54 INFO bench odoo.modules.loading: Loading module product (33/76) 
2026-10-08 06:51:30,624 54 INFO bench odoo.registry: module product: creating or updating database tables 
2026-10-08 06:51:31,069 54 INFO bench odoo.modules.loading: loading product/data/product_data.xml 
2026-10-08 06:51:31,096 54 INFO bench odoo.modules.loading: loading product/security/product_security.xml 
2026-10-08 06:51:31,150 54 INFO bench odoo.modules.loading: loading product/security/ir.model.access.csv 
2026-10-08 06:51:31,165 54 INFO bench odoo.modules.loading: loading product/wizard/product_label_layout_views.xml 
2026-10-08 06:51:31,174 54 INFO bench odoo.modules.loading: loading product/wizard/update_product_attribute_value_views.xml 
2026-10-08 06:51:31,179 54 INFO bench odoo.modules.loading: loading product/views/product_tag_views.xml 
2026-10-08 06:51:31,190 54 INFO bench odoo.modules.loading: loading product/views/product_views.xml 
2026-10-08 06:51:31,276 54 INFO bench odoo.modules.loading: loading product/views/res_config_settings_views.xml 
2026-10-08 06:51:31,289 54 INFO bench odoo.modules.loading: loading product/views/product_attribute_views.xml 
2026-10-08 06:51:31,321 54 INFO bench odoo.modules.loading: loading product/views/product_attribute_value_views.xml 
2026-10-08 06:51:31,325 54 INFO bench odoo.modules.loading: loading product/views/product_category_views.xml 
2026-10-08 06:51:31,339 54 INFO bench odoo.modules.loading: loading product/views/product_combo_views.xml 
2026-10-08 06:51:31,351 54 INFO bench odoo.modules.loading: loading product/views/product_document_views.xml 
2026-10-08 06:51:31,368 54 INFO bench odoo.modules.loading: loading product/views/product_pricelist_item_views.xml 
2026-10-08 06:51:31,394 54 INFO bench odoo.modules.loading: loading product/views/product_pricelist_views.xml 
2026-10-08 06:51:31,415 54 INFO bench odoo.modules.loading: loading product/views/product_supplierinfo_views.xml 
2026-10-08 06:51:31,435 54 INFO bench odoo.modules.loading: loading product/views/product_template_attribute_line_views.xml 
2026-10-08 06:51:31,440 54 INFO bench odoo.modules.loading: loading product/views/product_template_views.xml 
2026-10-08 06:51:31,487 54 INFO bench odoo.modules.loading: loading product/views/res_country_group_views.xml 
2026-10-08 06:51:31,495 54 INFO bench odoo.modules.loading: loading product/views/res_partner_views.xml 
2026-10-08 06:51:31,505 54 INFO bench odoo.modules.loading: loading product/views/uom_views.xml 
2026-10-08 06:51:31,519 54 INFO bench odoo.modules.loading: loading product/report/product_reports.xml 
2026-10-08 06:51:31,538 54 INFO bench odoo.modules.loading: loading product/report/product_product_templates.xml 
2026-10-08 06:51:31,561 54 INFO bench odoo.modules.loading: loading product/report/product_template_templates.xml 
2026-10-08 06:51:31,577 54 INFO bench odoo.modules.loading: loading product/report/product_packaging.xml 
2026-10-08 06:51:31,581 54 INFO bench odoo.modules.loading: loading product/report/product_pricelist_report_templates.xml 
2026-10-08 06:51:31,619 54 INFO bench odoo.modules.loading: Module product loaded in 1.03s, 1645 queries (+1645 other) 
2026-10-08 06:51:31,619 54 INFO bench odoo.modules.loading: Loading module resource_mail (34/76) 
2026-10-08 06:51:31,626 54 INFO bench odoo.registry: module resource_mail: creating or updating database tables 
2026-10-08 06:51:31,659 54 INFO bench odoo.modules.loading: Module resource_mail loaded in 0.04s, 36 queries (+36 other) 
2026-10-08 06:51:31,659 54 INFO bench odoo.modules.loading: Loading module sales_team (35/76) 
2026-10-08 06:51:31,668 54 INFO bench odoo.registry: module sales_team: creating or updating database tables 
2026-10-08 06:51:31,682 54 INFO bench odoo.models: Prepare computation of res.users.sale_team_id 
2026-10-08 06:51:31,756 54 INFO bench odoo.modules.loading: loading sales_team/security/sales_team_security.xml 
2026-10-08 06:51:31,793 54 INFO bench odoo.modules.loading: loading sales_team/security/ir.model.access.csv 
2026-10-08 06:51:31,801 54 INFO bench odoo.modules.loading: loading sales_team/data/crm_team_data.xml 
2026-10-08 06:51:31,832 54 INFO bench odoo.modules.loading: loading sales_team/views/crm_tag_views.xml 
2026-10-08 06:51:31,847 54 INFO bench odoo.modules.loading: loading sales_team/views/crm_team_views.xml 
2026-10-08 06:51:31,873 54 INFO bench odoo.modules.loading: loading sales_team/views/crm_team_member_views.xml 
2026-10-08 06:51:31,904 54 INFO bench odoo.modules.loading: loading sales_team/views/mail_activity_views.xml 
2026-10-08 06:51:31,919 54 INFO bench odoo.modules.loading: Module sales_team loaded in 0.26s, 365 queries (+365 other) 
2026-10-08 06:51:31,919 54 INFO bench odoo.modules.loading: Loading module partner_autocomplete (36/76) 
2026-10-08 06:51:31,935 54 INFO bench odoo.registry: module partner_autocomplete: creating or updating database tables 
2026-10-08 06:51:31,988 54 INFO bench odoo.modules.loading: loading partner_autocomplete/views/res_company_views.xml 
2026-10-08 06:51:32,001 54 INFO bench odoo.modules.loading: loading partner_autocomplete/views/res_config_settings_views.xml 
2026-10-08 06:51:32,012 54 INFO bench odoo.modules.loading: loading partner_autocomplete/data/iap_service_data.xml 
2026-10-08 06:51:32,024 54 INFO bench odoo.modules.loading: Module partner_autocomplete loaded in 0.11s, 144 queries (+144 other) 
2026-10-08 06:51:32,024 54 INFO bench odoo.modules.loading: Loading module portal (37/76) 
2026-10-08 06:51:32,050 54 INFO bench odoo.registry: module portal: creating or updating database tables 
2026-10-08 06:51:32,208 54 INFO bench odoo.modules.loading: loading portal/security/ir.model.access.csv 
2026-10-08 06:51:32,215 54 INFO bench odoo.modules.loading: loading portal/data/mail_templates.xml 
2026-10-08 06:51:32,220 54 INFO bench odoo.modules.loading: loading portal/views/address_templates.xml 
2026-10-08 06:51:32,242 54 INFO bench odoo.modules.loading: loading portal/views/mail_templates_public.xml 
2026-10-08 06:51:32,248 54 INFO bench odoo.modules.loading: loading portal/views/portal_templates.xml 
2026-10-08 06:51:32,338 54 INFO bench odoo.modules.loading: loading portal/views/res_config_settings_views.xml 
2026-10-08 06:51:32,356 54 INFO bench odoo.modules.loading: loading portal/wizard/portal_share_views.xml 
2026-10-08 06:51:32,365 54 INFO bench odoo.modules.loading: loading portal/wizard/portal_wizard_views.xml 
2026-10-08 06:51:32,408 54 INFO bench odoo.modules.loading: Module portal loaded in 0.38s, 614 queries (+614 other) 
2026-10-08 06:51:32,408 54 INFO bench odoo.modules.loading: Loading module sms (38/76) 
2026-10-08 06:51:32,480 54 INFO bench odoo.registry: module sms: creating or updating database tables 
2026-10-08 06:51:32,487 54 INFO bench odoo.models: Prepare computation of ir.actions.server.sms_template_id 
2026-10-08 06:51:32,487 54 INFO bench odoo.models: Prepare computation of ir.actions.server.sms_method 
2026-10-08 06:51:33,229 54 INFO bench odoo.modules.loading: loading sms/data/iap_service_data.xml 
2026-10-08 06:51:33,233 54 INFO bench odoo.modules.loading: loading sms/data/ir_cron_data.xml 
2026-10-08 06:51:33,250 54 INFO bench odoo.modules.loading: loading sms/wizard/sms_account_code_views.xml 
2026-10-08 06:51:33,259 54 INFO bench odoo.modules.loading: loading sms/wizard/sms_account_phone_views.xml 
2026-10-08 06:51:33,264 54 INFO bench odoo.modules.loading: loading sms/wizard/sms_account_sender_views.xml 
2026-10-08 06:51:33,268 54 INFO bench odoo.modules.loading: loading sms/wizard/sms_composer_views.xml 
2026-10-08 06:51:33,277 54 INFO bench odoo.modules.loading: loading sms/wizard/sms_template_preview_views.xml 
2026-10-08 06:51:33,284 54 INFO bench odoo.modules.loading: loading sms/wizard/sms_template_reset_views.xml 
2026-10-08 06:51:33,290 54 INFO bench odoo.modules.loading: loading sms/views/ir_actions_server_views.xml 
2026-10-08 06:51:33,303 54 INFO bench odoo.modules.loading: loading sms/views/mail_notification_views.xml 
2026-10-08 06:51:33,314 54 INFO bench odoo.modules.loading: loading sms/views/res_config_settings_views.xml 
2026-10-08 06:51:33,326 54 INFO bench odoo.modules.loading: loading sms/views/res_partner_views.xml 
2026-10-08 06:51:33,341 54 INFO bench odoo.modules.loading: loading sms/views/iap_account_views.xml 
2026-10-08 06:51:33,351 54 INFO bench odoo.modules.loading: loading sms/views/sms_sms_views.xml 
2026-10-08 06:51:33,374 54 INFO bench odoo.modules.loading: loading sms/views/sms_template_views.xml 
2026-10-08 06:51:33,391 54 INFO bench odoo.modules.loading: loading sms/security/ir.model.access.csv 
2026-10-08 06:51:33,410 54 INFO bench odoo.modules.loading: loading sms/security/sms_security.xml 
2026-10-08 06:51:33,435 54 INFO bench odoo.modules.loading: Module sms loaded in 1.03s, 2440 queries (+2440 other) 
2026-10-08 06:51:33,435 54 INFO bench odoo.modules.loading: Loading module snailmail (39/76) 
2026-10-08 06:51:33,504 54 INFO bench odoo.registry: module snailmail: creating or updating database tables 
2026-10-08 06:51:33,674 54 INFO bench odoo.modules.loading: loading snailmail/data/iap_service_data.xml 
2026-10-08 06:51:33,678 54 INFO bench odoo.modules.loading: loading snailmail/data/snailmail_data.xml 
2026-10-08 06:51:33,699 54 INFO bench odoo.modules.loading: loading snailmail/views/report_assets.xml 
2026-10-08 06:51:33,711 54 INFO bench odoo.modules.loading: loading snailmail/views/snailmail_views.xml 
2026-10-08 06:51:33,728 54 INFO bench odoo.modules.loading: loading snailmail/security/ir.model.access.csv 
2026-10-08 06:51:33,757 54 INFO bench odoo.modules.loading: Module snailmail loaded in 0.32s, 480 queries (+480 other) 
2026-10-08 06:51:33,757 54 INFO bench odoo.modules.loading: Loading module auth_passkey_portal (40/76) 
2026-10-08 06:51:33,767 54 INFO bench odoo.modules.loading: loading auth_passkey_portal/views/templates.xml 
2026-10-08 06:51:33,794 54 INFO bench odoo.modules.loading: Module auth_passkey_portal loaded in 0.04s, 22 queries (+22 other) 
2026-10-08 06:51:33,794 54 INFO bench odoo.modules.loading: Loading module auth_totp_portal (41/76) 
2026-10-08 06:51:33,803 54 INFO bench odoo.registry: module auth_totp_portal: creating or updating database tables 
2026-10-08 06:51:33,822 54 INFO bench odoo.modules.loading: loading auth_totp_portal/security/security.xml 
2026-10-08 06:51:33,833 54 INFO bench odoo.modules.loading: loading auth_totp_portal/views/templates.xml 
2026-10-08 06:51:33,851 54 INFO bench odoo.modules.loading: Module auth_totp_portal loaded in 0.06s, 70 queries (+70 other) 
2026-10-08 06:51:33,851 54 INFO bench odoo.modules.loading: Loading module digest (42/76) 
2026-10-08 06:51:33,861 54 INFO bench odoo.registry: module digest: creating or updating database tables 
2026-10-08 06:51:33,935 54 INFO bench odoo.modules.loading: loading digest/security/ir.model.access.csv 
2026-10-08 06:51:33,943 54 INFO bench odoo.modules.loading: loading digest/data/digest_data.xml 
2026-10-08 06:51:33,960 54 INFO bench odoo.modules.loading: loading digest/data/digest_tips_data.xml 
2026-10-08 06:51:33,975 54 INFO bench odoo.modules.loading: loading digest/data/ir_cron_data.xml 
2026-10-08 06:51:33,994 54 INFO bench odoo.modules.loading: loading digest/data/res_config_settings_data.xml 
2026-10-08 06:51:33,998 54 INFO bench odoo.modules.loading: loading digest/views/digest_views.xml 
2026-10-08 06:51:34,044 54 INFO bench odoo.modules.loading: loading digest/views/digest_templates.xml 
2026-10-08 06:51:34,049 54 INFO bench odoo.modules.loading: loading digest/views/res_config_settings_views.xml 
2026-10-08 06:51:34,086 54 INFO bench odoo.modules.loading: Module digest loaded in 0.23s, 326 queries (+326 other) 
2026-10-08 06:51:34,086 54 INFO bench odoo.modules.loading: Loading module payment (43/76) 
2026-10-08 06:51:34,109 54 INFO bench odoo.registry: module payment: creating or updating database tables 
2026-10-08 06:51:34,311 54 INFO bench odoo.modules.loading: loading payment/data/ir_actions_server_data.xml 
2026-10-08 06:51:34,327 54 INFO bench odoo.modules.loading: loading payment/data/payment_method_data.xml 
2026-10-08 06:51:38,657 54 INFO bench odoo.modules.loading: loading payment/data/payment_provider_data.xml 
2026-10-08 06:51:38,809 54 INFO bench odoo.modules.loading: loading payment/data/payment_cron.xml 
2026-10-08 06:51:38,823 54 INFO bench odoo.modules.loading: loading payment/views/express_checkout_templates.xml 
2026-10-08 06:51:38,828 54 INFO bench odoo.modules.loading: loading payment/views/payment_form_templates.xml 
2026-10-08 06:51:38,859 54 INFO bench odoo.modules.loading: loading payment/views/portal_templates.xml 
2026-10-08 06:51:38,891 54 INFO bench odoo.modules.loading: loading payment/views/payment_provider_views.xml 
2026-10-08 06:51:38,917 54 INFO bench odoo.modules.loading: loading payment/views/payment_method_views.xml 
2026-10-08 06:51:38,934 54 INFO bench odoo.modules.loading: loading payment/views/payment_transaction_views.xml 
2026-10-08 06:51:38,960 54 INFO bench odoo.modules.loading: loading payment/views/payment_token_views.xml 
2026-10-08 06:51:38,976 54 INFO bench odoo.modules.loading: loading payment/views/res_partner_views.xml 
2026-10-08 06:51:38,988 54 INFO bench odoo.modules.loading: loading payment/security/ir.model.access.csv 
2026-10-08 06:51:39,482 54 INFO bench odoo.modules.loading: loading payment/security/payment_security.xml 
2026-10-08 06:51:39,502 54 INFO bench odoo.modules.loading: loading payment/wizards/payment_capture_wizard_views.xml 
2026-10-08 06:51:39,507 54 INFO bench odoo.modules.loading: loading payment/wizards/payment_link_wizard_views.xml 
2026-10-08 06:51:39,530 54 INFO bench odoo.modules.loading: Module payment loaded in 5.44s, 2517 queries (+2517 other) 
2026-10-08 06:51:39,530 54 INFO bench odoo.modules.loading: Loading module spreadsheet (44/76) 
2026-10-08 06:51:39,539 54 INFO bench odoo.registry: module spreadsheet: creating or updating database tables 
2026-10-08 06:51:39,577 54 INFO bench odoo.modules.loading: loading spreadsheet/views/public_readonly_spreadsheet_templates.xml 
2026-10-08 06:51:39,594 54 INFO bench odoo.modules.loading: Module spreadsheet loaded in 0.06s, 93 queries (+93 other) 
2026-10-08 06:51:39,594 54 INFO bench odoo.modules.loading: Loading module account (45/76) 
2026-10-08 06:51:39,676 54 INFO bench odoo.registry: module account: creating or updating database tables 
2026-10-08 06:51:39,769 54 INFO bench odoo.models: Prepare computation of res.company.domestic_fiscal_position_id 
2026-10-08 06:51:39,769 54 INFO bench odoo.models: Prepare computation of res.company.account_fiscal_country_id 
2026-10-08 06:51:39,769 54 INFO bench odoo.models: Prepare computation of res.company.invoice_terms_html 
2026-10-08 06:51:39,769 54 INFO bench odoo.models: Prepare computation of res.company.account_storno 
2026-10-08 06:51:41,166 54 INFO bench odoo.modules.loading: loading account/security/account_security.xml 
2026-10-08 06:51:41,343 54 INFO bench odoo.modules.loading: loading account/security/ir.model.access.csv 
2026-10-08 06:51:41,381 54 INFO bench odoo.modules.loading: loading account/data/account_data.xml 
2026-10-08 06:51:41,454 54 INFO bench odoo.modules.loading: loading account/data/digest_data.xml 
2026-10-08 06:51:41,460 54 INFO bench odoo.modules.loading: loading account/views/account_report.xml 
2026-10-08 06:51:41,479 54 INFO bench odoo.modules.loading: loading account/data/mail_template_data.xml 
2026-10-08 06:51:41,519 54 INFO bench odoo.modules.loading: loading account/data/onboarding_data.xml 
2026-10-08 06:51:41,544 54 INFO bench odoo.modules.loading: loading account/data/account_tour.xml 
2026-10-08 06:51:41,548 54 INFO bench odoo.modules.loading: loading account/data/ir_sequence.xml 
2026-10-08 06:51:41,551 54 INFO bench odoo.modules.loading: loading account/data/res_country_group.xml 
2026-10-08 06:51:41,567 54 INFO bench odoo.modules.loading: loading account/views/account_payment_view.xml 
2026-10-08 06:51:41,627 54 INFO bench odoo.modules.loading: loading account/wizard/account_automatic_entry_wizard_views.xml 
2026-10-08 06:51:41,637 54 INFO bench odoo.modules.loading: loading account/wizard/account_autopost_bills_wizard.xml 
2026-10-08 06:51:41,644 54 INFO bench odoo.modules.loading: loading account/wizard/account_unreconcile_view.xml 
2026-10-08 06:51:41,652 54 INFO bench odoo.modules.loading: loading account/wizard/account_move_reversal_view.xml 
2026-10-08 06:51:41,661 54 INFO bench odoo.modules.loading: loading account/wizard/account_resequence_views.xml 
2026-10-08 06:51:41,671 54 INFO bench odoo.modules.loading: loading account/wizard/account_payment_register_views.xml 
2026-10-08 06:51:41,681 54 INFO bench odoo.modules.loading: loading account/views/account_move_views.xml 
2026-10-08 06:51:42,111 54 INFO bench odoo.modules.loading: loading account/wizard/setup_wizards_view.xml 
2026-10-08 06:51:42,134 54 INFO bench odoo.modules.loading: loading account/views/account_account_views.xml 
2026-10-08 06:51:42,166 54 INFO bench odoo.modules.loading: loading account/views/account_group_views.xml 
2026-10-08 06:51:42,179 54 INFO bench odoo.modules.loading: loading account/views/account_journal_views.xml 
2026-10-08 06:51:42,221 54 INFO bench odoo.modules.loading: loading account/views/account_account_tag_views.xml 
2026-10-08 06:51:42,235 54 INFO bench odoo.modules.loading: loading account/views/account_bank_statement_views.xml 
2026-10-08 06:51:42,262 54 INFO bench odoo.modules.loading: loading account/views/account_reconcile_model_views.xml 
2026-10-08 06:51:42,281 54 INFO bench odoo.modules.loading: loading account/views/account_tax_views.xml 
2026-10-08 06:51:42,341 54 INFO bench odoo.modules.loading: loading account/views/account_full_reconcile_views.xml 
2026-10-08 06:51:42,348 54 INFO bench odoo.modules.loading: loading account/views/account_payment_term_views.xml 
2026-10-08 06:51:42,371 54 INFO bench odoo.modules.loading: loading account/views/account_payment_method.xml 
2026-10-08 06:51:42,378 54 INFO bench odoo.modules.loading: loading account/views/res_partner_bank_views.xml 
2026-10-08 06:51:42,396 54 INFO bench odoo.modules.loading: loading account/views/report_statement.xml 
2026-10-08 06:51:42,407 54 INFO bench odoo.modules.loading: loading account/views/terms_template.xml 
2026-10-08 06:51:42,419 54 INFO bench odoo.modules.loading: loading account/wizard/account_validate_move_view.xml 
2026-10-08 06:51:42,434 54 INFO bench odoo.modules.loading: loading account/views/res_company_views.xml 
2026-10-08 06:51:42,459 54 INFO bench odoo.modules.loading: loading account/views/product_view.xml 
2026-10-08 06:51:42,507 54 INFO bench odoo.modules.loading: loading account/views/account_analytic_plan_views.xml 
2026-10-08 06:51:42,519 54 INFO bench odoo.modules.loading: loading account/views/account_analytic_account_views.xml 
2026-10-08 06:51:42,536 54 INFO bench odoo.modules.loading: loading account/views/account_analytic_distribution_model_views.xml 
2026-10-08 06:51:42,552 54 INFO bench odoo.modules.loading: loading account/views/account_analytic_line_views.xml 
2026-10-08 06:51:42,585 54 INFO bench odoo.modules.loading: loading account/views/report_invoice.xml 
2026-10-08 06:51:42,620 54 INFO bench odoo.modules.loading: loading account/report/account_invoice_report_view.xml 
2026-10-08 06:51:42,658 54 INFO bench odoo.modules.loading: loading account/views/account_cash_rounding_view.xml 
2026-10-08 06:51:42,672 54 INFO bench odoo.modules.loading: loading account/views/ir_actions_views.xml 
2026-10-08 06:51:42,680 54 INFO bench odoo.modules.loading: loading account/views/ir_module_views.xml 
2026-10-08 06:51:42,691 54 INFO bench odoo.modules.loading: loading account/views/base_document_layout_views.xml 
2026-10-08 06:51:42,701 54 INFO bench odoo.modules.loading: loading account/views/res_config_settings_views.xml 
2026-10-08 06:51:42,739 54 INFO bench odoo.modules.loading: loading account/views/partner_view.xml 
2026-10-08 06:51:42,803 54 INFO bench odoo.modules.loading: loading account/views/account_journal_dashboard_view.xml 
2026-10-08 06:51:42,818 54 INFO bench odoo.modules.loading: loading account/views/account_portal_templates.xml 
2026-10-08 06:51:42,863 54 INFO bench odoo.modules.loading: loading account/views/report_payment_receipt_templates.xml 
2026-10-08 06:51:42,871 54 INFO bench odoo.modules.loading: loading account/data/service_cron.xml 
2026-10-08 06:51:42,895 54 INFO bench odoo.modules.loading: loading account/views/account_incoterms_view.xml 
2026-10-08 06:51:42,910 54 INFO bench odoo.modules.loading: loading account/data/account_incoterms_data.xml 
2026-10-08 06:51:42,925 54 INFO bench odoo.modules.loading: loading account/views/digest_views.xml 
2026-10-08 06:51:42,935 54 INFO bench odoo.modules.loading: loading account/wizard/account_move_send_wizard.xml 
2026-10-08 06:51:42,943 54 INFO bench odoo.modules.loading: loading account/wizard/account_move_send_batch_wizard.xml 
2026-10-08 06:51:42,949 54 INFO bench odoo.modules.loading: loading account/report/account_hash_integrity_templates.xml 
2026-10-08 06:51:42,954 54 INFO bench odoo.modules.loading: loading account/views/res_currency.xml 
2026-10-08 06:51:42,965 54 INFO bench odoo.modules.loading: loading account/views/res_country_group_view.xml 
2026-10-08 06:51:42,974 54 INFO bench odoo.modules.loading: loading account/views/account_menuitem.xml 
2026-10-08 06:51:43,114 54 INFO bench odoo.modules.loading: loading account/wizard/account_secure_entries_wizard.xml 
2026-10-08 06:51:43,126 54 INFO bench odoo.modules.loading: loading account/views/mail_message_views.xml 
2026-10-08 06:51:43,142 54 INFO bench odoo.modules.loading: loading account/wizard/accrued_orders.xml 
2026-10-08 06:51:43,148 54 INFO bench odoo.modules.loading: loading account/views/bill_preview_template.xml 
2026-10-08 06:51:43,154 54 INFO bench odoo.modules.loading: loading account/data/account_reports_data.xml 
2026-10-08 06:51:43,183 54 INFO bench odoo.modules.loading: loading account/views/uom_uom_views.xml 
2026-10-08 06:51:43,191 54 INFO bench odoo.modules.loading: loading account/views/product_views.xml 
2026-10-08 06:51:43,209 54 INFO bench odoo.modules.loading: loading account/views/tests_shared_js_python.xml 
2026-10-08 06:51:43,214 54 INFO bench odoo.modules.loading: loading account/views/account_lock_exception_views.xml 
2026-10-08 06:51:43,223 54 INFO bench odoo.modules.loading: loading account/views/report_templates.xml 
2026-10-08 06:51:43,243 54 INFO bench odoo.modules.loading: loading account/wizard/account_merge_wizard_views.xml 
2026-10-08 06:51:43,256 54 INFO bench odoo.modules.loading: loading account/data/ir_config_parameter_data.xml 
2026-10-08 06:51:43,348 54 INFO bench odoo.modules.loading: Module account loaded in 3.75s, 5829 queries (+5829 other) 
2026-10-08 06:51:43,348 54 INFO bench odoo.modules.loading: Loading module payment_custom (46/76) 
2026-10-08 06:51:43,357 54 INFO bench odoo.registry: module payment_custom: creating or updating database tables 
2026-10-08 06:51:43,399 54 INFO bench odoo.modules.loading: loading payment_custom/views/payment_custom_templates.xml 
2026-10-08 06:51:43,425 54 INFO bench odoo.modules.loading: loading payment_custom/views/payment_provider_views.xml 
2026-10-08 06:51:43,446 54 INFO bench odoo.modules.loading: loading payment_custom/data/payment_method_data.xml 
2026-10-08 06:51:43,455 54 INFO bench odoo.modules.loading: loading payment_custom/data/payment_provider_data.xml 
2026-10-08 06:51:43,484 54 INFO bench odoo.modules.loading: Module payment_custom loaded in 0.14s, 137 queries (+137 other) 
2026-10-08 06:51:43,484 54 INFO bench odoo.modules.loading: Loading module spreadsheet_dashboard (47/76) 
2026-10-08 06:51:43,491 54 INFO bench odoo.registry: module spreadsheet_dashboard: creating or updating database tables 
2026-10-08 06:51:43,575 54 INFO bench odoo.modules.loading: loading spreadsheet_dashboard/security/security.xml 
2026-10-08 06:51:43,617 54 INFO bench odoo.modules.loading: loading spreadsheet_dashboard/security/ir.model.access.csv 
2026-10-08 06:51:43,624 54 INFO bench odoo.modules.loading: loading spreadsheet_dashboard/views/spreadsheet_dashboard_views.xml 
2026-10-08 06:51:43,646 54 INFO bench odoo.modules.loading: loading spreadsheet_dashboard/views/menu_views.xml 
2026-10-08 06:51:43,667 54 INFO bench odoo.modules.loading: loading spreadsheet_dashboard/data/dashboard.xml 
2026-10-08 06:51:43,692 54 INFO bench odoo.modules.loading: Module spreadsheet_dashboard loaded in 0.21s, 313 queries (+313 other) 
2026-10-08 06:51:43,692 54 INFO bench odoo.modules.loading: Loading module stock (48/76) 
2026-10-08 06:51:43,766 54 INFO bench odoo.registry: module stock: creating or updating database tables 
2026-10-08 06:51:45,009 54 INFO bench odoo.modules.loading: loading stock/security/stock_security.xml 
2026-10-08 06:51:45,106 54 INFO bench odoo.modules.loading: loading stock/security/ir.model.access.csv 
2026-10-08 06:51:45,133 54 INFO bench odoo.modules.loading: loading stock/data/digest_data.xml 
2026-10-08 06:51:45,138 54 INFO bench odoo.modules.loading: loading stock/data/mail_templates.xml 
2026-10-08 06:51:45,145 54 INFO bench odoo.modules.loading: loading stock/data/default_barcode_patterns.xml 
2026-10-08 06:51:45,153 54 INFO bench odoo.modules.loading: loading stock/data/stock_data.xml 
2026-10-08 06:51:45,310 54 INFO bench odoo.modules.loading: loading stock/data/stock_sequence_data.xml 
2026-10-08 06:51:45,338 54 INFO bench odoo.modules.loading: loading stock/data/stock_traceability_report_data.xml 
2026-10-08 06:51:45,342 54 INFO bench odoo.modules.loading: loading stock/report/report_stock_quantity.xml 
2026-10-08 06:51:45,348 54 INFO bench odoo.modules.loading: loading stock/report/report_stock_reception.xml 
2026-10-08 06:51:45,365 54 INFO bench odoo.modules.loading: loading stock/report/stock_report_views.xml 
2026-10-08 06:51:45,402 54 INFO bench odoo.modules.loading: loading stock/report/report_package_barcode.xml 
2026-10-08 06:51:45,425 54 INFO bench odoo.modules.loading: loading stock/report/report_lot_barcode.xml 
2026-10-08 06:51:45,430 54 INFO bench odoo.modules.loading: loading stock/report/report_location_barcode.xml 
2026-10-08 06:51:45,438 54 INFO bench odoo.modules.loading: loading stock/report/report_stockpicking_operations.xml 
2026-10-08 06:51:45,450 54 INFO bench odoo.modules.loading: loading stock/report/report_deliveryslip.xml 
2026-10-08 06:51:45,476 54 INFO bench odoo.modules.loading: loading stock/report/report_stockinventory.xml 
2026-10-08 06:51:45,481 54 INFO bench odoo.modules.loading: loading stock/report/report_stock_rule.xml 
2026-10-08 06:51:45,502 54 INFO bench odoo.modules.loading: loading stock/report/package_templates.xml 
2026-10-08 06:51:45,510 54 INFO bench odoo.modules.loading: loading stock/report/packaging_barcode.xml 
2026-10-08 06:51:45,514 54 INFO bench odoo.modules.loading: loading stock/report/picking_templates.xml 
2026-10-08 06:51:45,526 54 INFO bench odoo.modules.loading: loading stock/report/product_templates.xml 
2026-10-08 06:51:45,547 54 INFO bench odoo.modules.loading: loading stock/report/report_return_slip.xml 
2026-10-08 06:51:45,557 54 INFO bench odoo.modules.loading: loading stock/data/mail_template_data.xml 
2026-10-08 06:51:45,563 54 INFO bench odoo.modules.loading: loading stock/views/stock_menu_views.xml 
2026-10-08 06:51:45,608 54 INFO bench odoo.modules.loading: loading stock/wizard/stock_picking_return_views.xml 
2026-10-08 06:51:45,618 54 INFO bench odoo.modules.loading: loading stock/wizard/stock_inventory_conflict.xml 
2026-10-08 06:51:45,628 54 INFO bench odoo.modules.loading: loading stock/wizard/stock_backorder_confirmation_views.xml 
2026-10-08 06:51:45,637 54 INFO bench odoo.modules.loading: loading stock/wizard/stock_quantity_history.xml 
2026-10-08 06:51:45,643 54 INFO bench odoo.modules.loading: loading stock/wizard/stock_request_count.xml 
2026-10-08 06:51:45,652 54 INFO bench odoo.modules.loading: loading stock/wizard/stock_replenishment_info.xml 
2026-10-08 06:51:45,670 54 INFO bench odoo.modules.loading: loading stock/wizard/stock_rules_report_views.xml 
2026-10-08 06:51:45,678 54 INFO bench odoo.modules.loading: loading stock/wizard/stock_warn_insufficient_qty_views.xml 
2026-10-08 06:51:45,691 54 INFO bench odoo.modules.loading: loading stock/wizard/product_replenish_views.xml 
2026-10-08 06:51:45,702 54 INFO bench odoo.modules.loading: loading stock/wizard/product_label_layout_views.xml 
2026-10-08 06:51:45,718 54 INFO bench odoo.modules.loading: loading stock/wizard/stock_orderpoint_snooze_views.xml 
2026-10-08 06:51:45,727 54 INFO bench odoo.modules.loading: loading stock/wizard/stock_package_destination_views.xml 
2026-10-08 06:51:45,737 54 INFO bench odoo.modules.loading: loading stock/wizard/stock_inventory_adjustment_name.xml 
2026-10-08 06:51:45,744 54 INFO bench odoo.modules.loading: loading stock/wizard/stock_inventory_warning.xml 
2026-10-08 06:51:45,754 54 INFO bench odoo.modules.loading: loading stock/wizard/stock_label_type.xml 
2026-10-08 06:51:45,760 54 INFO bench odoo.modules.loading: loading stock/wizard/stock_lot_label_layout.xml 
2026-10-08 06:51:45,767 54 INFO bench odoo.modules.loading: loading stock/wizard/stock_quant_relocate.xml 
2026-10-08 06:51:45,774 54 INFO bench odoo.modules.loading: loading stock/wizard/stock_put_in_pack_views.xml 
2026-10-08 06:51:45,782 54 INFO bench odoo.modules.loading: loading stock/views/res_partner_views.xml 
2026-10-08 06:51:45,802 54 INFO bench odoo.modules.loading: loading stock/views/product_strategy_views.xml 
2026-10-08 06:51:45,827 54 INFO bench odoo.modules.loading: loading stock/views/stock_lot_views.xml 
2026-10-08 06:51:45,860 54 INFO bench odoo.modules.loading: loading stock/views/stock_scrap_views.xml 
2026-10-08 06:51:45,891 54 INFO bench odoo.modules.loading: loading stock/views/stock_quant_views.xml 
2026-10-08 06:51:46,117 54 INFO bench odoo.modules.loading: loading stock/views/stock_warehouse_views.xml 
2026-10-08 06:51:46,137 54 INFO bench odoo.modules.loading: loading stock/views/stock_move_line_views.xml 
2026-10-08 06:51:46,184 54 INFO bench odoo.modules.loading: loading stock/views/stock_move_views.xml 
2026-10-08 06:51:46,258 54 INFO bench odoo.modules.loading: loading stock/views/stock_picking_views.xml 
2026-10-08 06:51:46,427 54 INFO bench odoo.modules.loading: loading stock/views/stock_picking_type_views.xml 
2026-10-08 06:51:46,461 54 INFO bench odoo.modules.loading: loading stock/views/product_views.xml 
2026-10-08 06:51:46,628 54 INFO bench odoo.modules.loading: loading stock/views/stock_location_views.xml 
2026-10-08 06:51:46,685 54 INFO bench odoo.modules.loading: loading stock/views/stock_orderpoint_views.xml 
2026-10-08 06:51:46,739 54 INFO bench odoo.modules.loading: loading stock/views/stock_storage_category_views.xml 
2026-10-08 06:51:46,764 54 INFO bench odoo.modules.loading: loading stock/views/res_config_settings_views.xml 
2026-10-08 06:51:46,792 54 INFO bench odoo.modules.loading: loading stock/views/report_stock_traceability.xml 
2026-10-08 06:51:46,801 54 INFO bench odoo.modules.loading: loading stock/views/stock_template.xml 
2026-10-08 06:51:46,808 54 INFO bench odoo.modules.loading: loading stock/views/stock_rule_views.xml 
2026-10-08 06:51:46,838 54 INFO bench odoo.modules.loading: loading stock/views/stock_package_history_views.xml 
2026-10-08 06:51:46,847 54 INFO bench odoo.modules.loading: loading stock/views/stock_package_type_view.xml 
2026-10-08 06:51:46,869 54 INFO bench odoo.modules.loading: loading stock/views/stock_package_views.xml 
2026-10-08 06:51:46,900 54 INFO bench odoo.modules.loading: loading stock/views/stock_forecasted.xml 
2026-10-08 06:51:46,905 54 INFO bench odoo.modules.loading: loading stock/views/stock_reference_views.xml 
2026-10-08 06:51:46,924 54 INFO bench odoo.modules.loading: loading stock/views/uom_uom_views.xml 
2026-10-08 06:51:47,020 54 INFO bench odoo.modules.loading: Module stock loaded in 3.33s, 5092 queries (+5092 other) 
2026-10-08 06:51:47,020 54 INFO bench odoo.modules.loading: Loading module account_add_gln (49/76) 
2026-10-08 06:51:47,038 54 INFO bench odoo.registry: module account_add_gln: creating or updating database tables 
2026-10-08 06:51:47,111 54 INFO bench odoo.modules.loading: loading account_add_gln/views/res_partner_views.xml 
2026-10-08 06:51:47,147 54 INFO bench odoo.modules.loading: Module account_add_gln loaded in 0.13s, 105 queries (+105 other) 
2026-10-08 06:51:47,147 54 INFO bench odoo.modules.loading: Loading module account_edi_ubl_cii (50/76) 
2026-10-08 06:51:47,183 54 INFO bench odoo.registry: module account_edi_ubl_cii: creating or updating database tables 
2026-10-08 06:51:47,208 54 INFO bench odoo.models: Prepare computation of res.partner.peppol_endpoint 
2026-10-08 06:51:47,208 54 INFO bench odoo.models: Prepare computation of res.partner.peppol_eas 
2026-10-08 06:51:47,327 54 INFO bench odoo.modules.loading: loading account_edi_ubl_cii/data/cii_22_templates.xml 
2026-10-08 06:51:47,350 54 INFO bench odoo.modules.loading: loading account_edi_ubl_cii/data/ir_config_parameter_data.xml 
2026-10-08 06:51:47,355 54 INFO bench odoo.modules.loading: loading account_edi_ubl_cii/views/account_tax_views.xml 
2026-10-08 06:51:47,372 54 INFO bench odoo.modules.loading: loading account_edi_ubl_cii/views/account_move_views.xml 
2026-10-08 06:51:47,388 54 INFO bench odoo.modules.loading: loading account_edi_ubl_cii/views/res_partner_views.xml 
2026-10-08 06:51:47,403 54 INFO bench odoo.modules.loading: loading account_edi_ubl_cii/report/account_edi_ubl_cii_report_templates.xml 
2026-10-08 06:51:47,453 54 INFO bench odoo.modules.loading: Module account_edi_ubl_cii loaded in 0.31s, 388 queries (+388 other) 
2026-10-08 06:51:47,453 54 INFO bench odoo.modules.loading: Loading module account_payment (51/76) 
2026-10-08 06:51:47,476 54 INFO bench odoo.registry: module account_payment: creating or updating database tables 
2026-10-08 06:51:47,616 54 INFO bench odoo.modules.loading: loading account_payment/data/ir_config_parameter.xml 
2026-10-08 06:51:47,619 54 INFO bench odoo.modules.loading: loading account_payment/security/ir.model.access.csv 
2026-10-08 06:51:47,625 54 INFO bench odoo.modules.loading: loading account_payment/security/ir_rules.xml 
2026-10-08 06:51:47,631 54 INFO bench odoo.modules.loading: loading account_payment/views/account_payment_menus.xml 
2026-10-08 06:51:47,649 54 INFO bench odoo.modules.loading: loading account_payment/views/account_portal_templates.xml 
2026-10-08 06:51:47,704 54 INFO bench odoo.modules.loading: loading account_payment/views/account_move_views.xml 
2026-10-08 06:51:47,726 54 INFO bench odoo.modules.loading: loading account_payment/views/account_journal_views.xml 
2026-10-08 06:51:47,738 54 INFO bench odoo.modules.loading: loading account_payment/views/account_payment_views.xml 
2026-10-08 06:51:47,748 54 INFO bench odoo.modules.loading: loading account_payment/views/payment_form_templates.xml 
2026-10-08 06:51:47,754 54 INFO bench odoo.modules.loading: loading account_payment/views/payment_provider_views.xml 
2026-10-08 06:51:47,764 54 INFO bench odoo.modules.loading: loading account_payment/views/payment_transaction_views.xml 
2026-10-08 06:51:47,773 54 INFO bench odoo.modules.loading: loading account_payment/wizards/account_payment_register_views.xml 
2026-10-08 06:51:47,781 54 INFO bench odoo.modules.loading: loading account_payment/wizards/payment_link_wizard_views.xml 
2026-10-08 06:51:47,793 54 INFO bench odoo.modules.loading: loading account_payment/wizards/payment_refund_wizard_views.xml 
2026-10-08 06:51:47,799 54 INFO bench odoo.modules.loading: loading account_payment/wizards/res_config_settings_views.xml 
2026-10-08 06:51:47,843 54 INFO bench odoo.modules.loading: Module account_payment loaded in 0.39s, 576 queries (+576 other) 
2026-10-08 06:51:47,843 54 INFO bench odoo.modules.loading: Loading module mrp (52/76) 
2026-10-08 06:51:47,900 54 INFO bench odoo.registry: module mrp: creating or updating database tables 
2026-10-08 06:51:48,710 54 INFO bench odoo.modules.loading: loading mrp/security/mrp_security.xml 
2026-10-08 06:51:48,785 54 INFO bench odoo.modules.loading: loading mrp/security/ir.model.access.csv 
2026-10-08 06:51:48,810 54 INFO bench odoo.modules.loading: loading mrp/data/digest_data.xml 
2026-10-08 06:51:48,813 54 INFO bench odoo.modules.loading: loading mrp/data/mail_templates.xml 
2026-10-08 06:51:48,825 54 INFO bench odoo.modules.loading: loading mrp/data/mrp_data.xml 
2026-10-08 06:51:48,965 54 INFO bench odoo.modules.loading: loading mrp/data/mail_message_subtype_data.xml 
2026-10-08 06:51:48,977 54 INFO bench odoo.modules.loading: loading mrp/wizard/change_production_qty_views.xml 
2026-10-08 06:51:48,985 54 INFO bench odoo.modules.loading: loading mrp/wizard/mrp_workcenter_block_view.xml 
2026-10-08 06:51:48,996 54 INFO bench odoo.modules.loading: loading mrp/wizard/stock_warn_insufficient_qty_views.xml 
2026-10-08 06:51:49,009 54 INFO bench odoo.modules.loading: loading mrp/wizard/mrp_production_backorder.xml 
2026-10-08 06:51:49,018 54 INFO bench odoo.modules.loading: loading mrp/wizard/mrp_consumption_warning_views.xml 
2026-10-08 06:51:49,029 54 INFO bench odoo.modules.loading: loading mrp/wizard/mrp_production_split.xml 
2026-10-08 06:51:49,048 54 INFO bench odoo.modules.loading: loading mrp/wizard/mrp_production_serial_numbers.xml 
2026-10-08 06:51:49,057 54 INFO bench odoo.modules.loading: loading mrp/views/mrp_views_menus.xml 
2026-10-08 06:51:49,078 54 INFO bench odoo.modules.loading: loading mrp/views/stock_move_views.xml 
2026-10-08 06:51:49,133 54 INFO bench odoo.modules.loading: loading mrp/views/mrp_workorder_views.xml 
2026-10-08 06:51:49,233 54 INFO bench odoo.modules.loading: loading mrp/views/mrp_workcenter_views.xml 
2026-10-08 06:51:49,329 54 INFO bench odoo.modules.loading: loading mrp/views/mrp_bom_views.xml 
2026-10-08 06:51:49,379 54 INFO bench odoo.modules.loading: loading mrp/views/mrp_production_views.xml 
2026-10-08 06:51:49,514 54 INFO bench odoo.modules.loading: loading mrp/views/mrp_routing_views.xml 
2026-10-08 06:51:49,553 54 INFO bench odoo.modules.loading: loading mrp/views/product_document_views.xml 
2026-10-08 06:51:49,562 54 INFO bench odoo.modules.loading: loading mrp/views/product_views.xml 
2026-10-08 06:51:49,646 54 INFO bench odoo.modules.loading: loading mrp/views/stock_orderpoint_views.xml 
2026-10-08 06:51:49,663 54 INFO bench odoo.modules.loading: loading mrp/views/stock_warehouse_views.xml 
2026-10-08 06:51:49,673 54 INFO bench odoo.modules.loading: loading mrp/views/stock_picking_views.xml 
2026-10-08 06:51:49,707 54 INFO bench odoo.modules.loading: loading mrp/views/stock_rule_views.xml 
2026-10-08 06:51:49,720 54 INFO bench odoo.modules.loading: loading mrp/views/mrp_unbuild_views.xml 
2026-10-08 06:51:49,750 54 INFO bench odoo.modules.loading: loading mrp/views/res_config_settings_views.xml 
2026-10-08 06:51:49,776 54 INFO bench odoo.modules.loading: loading mrp/views/stock_scrap_views.xml 
2026-10-08 06:51:49,799 54 INFO bench odoo.modules.loading: loading mrp/wizard/stock_replenishment_info.xml 
2026-10-08 06:51:49,812 54 INFO bench odoo.modules.loading: loading mrp/report/report_deliveryslip.xml 
2026-10-08 06:51:49,829 54 INFO bench odoo.modules.loading: loading mrp/report/mrp_report_views_main.xml 
2026-10-08 06:51:49,843 54 INFO bench odoo.modules.loading: loading mrp/report/mrp_report_bom_structure.xml 
2026-10-08 06:51:49,857 54 INFO bench odoo.modules.loading: loading mrp/report/mrp_report_mo_overview.xml 
2026-10-08 06:51:49,881 54 INFO bench odoo.modules.loading: loading mrp/report/mrp_production_templates.xml 
2026-10-08 06:51:49,894 54 INFO bench odoo.modules.loading: loading mrp/report/report_stock_reception.xml 
2026-10-08 06:51:49,897 54 INFO bench odoo.modules.loading: loading mrp/report/report_stock_rule.xml 
2026-10-08 06:51:49,906 54 INFO bench odoo.modules.loading: loading mrp/report/mrp_zebra_production_templates.xml 
2026-10-08 06:51:49,912 54 INFO bench odoo.modules.loading: loading mrp/report/mrp_workorder_templates.xml 
2026-10-08 06:51:49,970 54 INFO bench odoo.modules.loading: Module mrp loaded in 2.13s, 3211 queries (+3211 other) 
2026-10-08 06:51:49,971 54 INFO bench odoo.modules.loading: Loading module purchase (53/76) 
2026-10-08 06:51:50,017 54 INFO bench odoo.registry: module purchase: creating or updating database tables 
2026-10-08 06:51:50,334 54 INFO bench odoo.modules.loading: loading purchase/security/purchase_security.xml 
2026-10-08 06:51:50,427 54 INFO bench odoo.modules.loading: loading purchase/security/ir.model.access.csv 
2026-10-08 06:51:50,444 54 INFO bench odoo.modules.loading: loading purchase/data/digest_data.xml 
2026-10-08 06:51:50,450 54 INFO bench odoo.modules.loading: loading purchase/views/account_move_views.xml 
2026-10-08 06:51:50,479 54 INFO bench odoo.modules.loading: loading purchase/data/purchase_data.xml 
2026-10-08 06:51:50,515 54 INFO bench odoo.modules.loading: loading purchase/data/ir_cron_data.xml 
2026-10-08 06:51:50,536 54 INFO bench odoo.modules.loading: loading purchase/report/purchase_reports.xml 
2026-10-08 06:51:50,543 54 INFO bench odoo.modules.loading: loading purchase/views/purchase_views.xml 
2026-10-08 06:51:50,747 54 INFO bench odoo.modules.loading: loading purchase/views/purchase_bill_line_match_views.xml 
2026-10-08 06:51:50,756 54 INFO bench odoo.modules.loading: loading purchase/views/res_config_settings_views.xml 
2026-10-08 06:51:50,783 54 INFO bench odoo.modules.loading: loading purchase/views/product_views.xml 
2026-10-08 06:51:50,873 54 INFO bench odoo.modules.loading: loading purchase/views/res_partner_views.xml 
2026-10-08 06:51:50,905 54 INFO bench odoo.modules.loading: loading purchase/report/purchase_bill_views.xml 
2026-10-08 06:51:50,915 54 INFO bench odoo.modules.loading: loading purchase/report/purchase_report_views.xml 
2026-10-08 06:51:50,942 54 INFO bench odoo.modules.loading: loading purchase/data/mail_templates.xml 
2026-10-08 06:51:50,950 54 INFO bench odoo.modules.loading: loading purchase/data/mail_template_data.xml 
2026-10-08 06:51:50,963 54 INFO bench odoo.modules.loading: loading purchase/views/portal_templates.xml 
2026-10-08 06:51:51,008 54 INFO bench odoo.modules.loading: loading purchase/report/purchase_order_templates.xml 
2026-10-08 06:51:51,024 54 INFO bench odoo.modules.loading: loading purchase/report/purchase_quotation_templates.xml 
2026-10-08 06:51:51,032 54 INFO bench odoo.modules.loading: loading purchase/views/analytic_account_views.xml 
2026-10-08 06:51:51,042 54 INFO bench odoo.modules.loading: loading purchase/wizard/bill_to_po_wizard_views.xml 
2026-10-08 06:51:51,049 54 INFO bench odoo.modules.loading: loading purchase/data/purchase_tour.xml 
2026-10-08 06:51:51,084 54 INFO bench odoo.modules.loading: Module purchase loaded in 1.11s, 1513 queries (+1513 other) 
2026-10-08 06:51:51,084 54 INFO bench odoo.modules.loading: Loading module snailmail_account (54/76) 
2026-10-08 06:51:51,110 54 INFO bench odoo.registry: module snailmail_account: creating or updating database tables 
2026-10-08 06:51:51,209 54 INFO bench odoo.modules.loading: loading snailmail_account/views/res_config_settings_views.xml 
2026-10-08 06:51:51,248 54 INFO bench odoo.modules.loading: Module snailmail_account loaded in 0.16s, 198 queries (+198 other) 
2026-10-08 06:51:51,248 54 INFO bench odoo.modules.loading: Loading module spreadsheet_account (55/76) 
2026-10-08 06:51:51,262 54 INFO bench odoo.registry: module spreadsheet_account: creating or updating database tables 
2026-10-08 06:51:51,322 54 INFO bench odoo.modules.loading: Module spreadsheet_account loaded in 0.07s, 58 queries (+58 other) 
2026-10-08 06:51:51,322 54 INFO bench odoo.modules.loading: Loading module spreadsheet_dashboard_account (56/76) 
2026-10-08 06:51:51,334 54 INFO bench odoo.modules.loading: loading spreadsheet_dashboard_account/data/dashboards.xml 
2026-10-08 06:51:51,396 54 INFO bench odoo.modules.loading: Module spreadsheet_dashboard_account loaded in 0.07s, 29 queries (+29 other) 
2026-10-08 06:51:51,397 54 INFO bench odoo.modules.loading: Loading module stock_account (57/76) 
2026-10-08 06:51:51,437 54 INFO bench odoo.registry: module stock_account: creating or updating database tables 
2026-10-08 06:51:51,701 54 INFO bench odoo.modules.loading: loading stock_account/security/stock_account_security.xml 
2026-10-08 06:51:51,714 54 INFO bench odoo.modules.loading: loading stock_account/security/ir.model.access.csv 
2026-10-08 06:51:51,724 54 INFO bench odoo.modules.loading: loading stock_account/data/stock_account_data.xml 
2026-10-08 06:51:51,750 54 INFO bench odoo.modules.loading: loading stock_account/views/account_account_views.xml 
2026-10-08 06:51:51,764 54 INFO bench odoo.modules.loading: loading stock_account/views/stock_account_views.xml 
2026-10-08 06:51:51,774 54 INFO bench odoo.modules.loading: loading stock_account/views/res_config_settings_views.xml 
2026-10-08 06:51:51,790 54 INFO bench odoo.modules.loading: loading stock_account/views/report_invoice.xml 
2026-10-08 06:51:51,802 54 INFO bench odoo.modules.loading: loading stock_account/views/stock_quant_views.xml 
2026-10-08 06:51:51,964 54 INFO bench odoo.modules.loading: loading stock_account/views/product_views.xml 
2026-10-08 06:51:52,024 54 INFO bench odoo.modules.loading: loading stock_account/views/product_value_views.xml 
2026-10-08 06:51:52,033 54 INFO bench odoo.modules.loading: loading stock_account/views/stock_location_views.xml 
2026-10-08 06:51:52,042 54 INFO bench odoo.modules.loading: loading stock_account/views/stock_lot_views.xml 
2026-10-08 06:51:52,050 54 INFO bench odoo.modules.loading: loading stock_account/views/stock_picking_views.xml 
2026-10-08 06:51:52,060 54 INFO bench odoo.modules.loading: loading stock_account/views/stock_move_views.xml 
2026-10-08 06:51:52,087 54 INFO bench odoo.modules.loading: loading stock_account/wizard/stock_inventory_adjustment_name_views.xml 
2026-10-08 06:51:52,097 54 INFO bench odoo.modules.loading: loading stock_account/report/account_invoice_report_view.xml 
2026-10-08 06:51:52,100 54 INFO bench odoo.modules.loading: loading stock_account/report/stock_avco_audit_report_views.xml 
2026-10-08 06:51:52,108 54 INFO bench odoo.modules.loading: loading stock_account/report/stock_valuation_report.xml 
2026-10-08 06:51:52,135 54 INFO bench odoo.modules.loading: Module stock_account loaded in 0.74s, 923 queries (+923 other) 
2026-10-08 06:51:52,135 54 INFO bench odoo.modules.loading: Loading module stock_sms (58/76) 
2026-10-08 06:51:52,153 54 INFO bench odoo.registry: module stock_sms: creating or updating database tables 
2026-10-08 06:51:52,235 54 INFO bench odoo.modules.loading: loading stock_sms/data/sms_data.xml 
2026-10-08 06:51:52,239 54 INFO bench odoo.modules.loading: loading stock_sms/views/res_config_settings_views.xml 
2026-10-08 06:51:52,261 54 INFO bench odoo.modules.loading: loading stock_sms/wizard/confirm_stock_sms_views.xml 
2026-10-08 06:51:52,267 54 INFO bench odoo.modules.loading: loading stock_sms/security/ir.model.access.csv 
2026-10-08 06:51:52,274 54 INFO bench odoo.modules.loading: loading stock_sms/security/sms_security.xml 
2026-10-08 06:51:52,316 54 INFO bench odoo.modules.loading: Module stock_sms loaded in 0.18s, 201 queries (+201 other) 
2026-10-08 06:51:52,316 54 INFO bench odoo.modules.loading: Loading module mrp_account (59/76) 
2026-10-08 06:51:52,352 54 INFO bench odoo.registry: module mrp_account: creating or updating database tables 
2026-10-08 06:51:52,589 54 INFO bench odoo.modules.loading: loading mrp_account/security/ir.model.access.csv 
2026-10-08 06:51:52,596 54 INFO bench odoo.modules.loading: loading mrp_account/views/product_views.xml 
2026-10-08 06:51:52,656 54 INFO bench odoo.modules.loading: loading mrp_account/views/mrp_production_views.xml 
2026-10-08 06:51:52,673 54 INFO bench odoo.modules.loading: loading mrp_account/views/analytic_account_views.xml 
2026-10-08 06:51:52,683 54 INFO bench odoo.modules.loading: loading mrp_account/views/account_move_views.xml 
2026-10-08 06:51:52,698 54 INFO bench odoo.modules.loading: loading mrp_account/views/mrp_workcenter_views.xml 
2026-10-08 06:51:52,712 54 INFO bench odoo.modules.loading: loading mrp_account/report/report_mrp_templates.xml 
2026-10-08 06:51:52,720 54 INFO bench odoo.modules.loading: loading mrp_account/wizard/mrp_wip_accounting.xml 
2026-10-08 06:51:52,750 54 INFO bench odoo.modules.loading: Module mrp_account loaded in 0.43s, 671 queries (+671 other) 
2026-10-08 06:51:52,751 54 INFO bench odoo.modules.loading: Loading module purchase_edi_ubl_bis3 (60/76) 
2026-10-08 06:51:52,771 54 INFO bench odoo.registry: module purchase_edi_ubl_bis3: creating or updating database tables 
2026-10-08 06:51:52,859 54 INFO bench odoo.modules.loading: Module purchase_edi_ubl_bis3 loaded in 0.11s, 128 queries (+128 other) 
2026-10-08 06:51:52,859 54 INFO bench odoo.modules.loading: Loading module purchase_stock (61/76) 
2026-10-08 06:51:52,909 54 INFO bench odoo.registry: module purchase_stock: creating or updating database tables 
2026-10-08 06:51:53,171 54 INFO bench odoo.modules.loading: loading purchase_stock/security/ir.model.access.csv 
2026-10-08 06:51:53,181 54 INFO bench odoo.modules.loading: loading purchase_stock/data/purchase_stock_data.xml 
2026-10-08 06:51:53,256 54 INFO bench odoo.modules.loading: loading purchase_stock/data/mail_templates.xml 
2026-10-08 06:51:53,261 54 INFO bench odoo.modules.loading: loading purchase_stock/report/vendor_delay_report.xml 
2026-10-08 06:51:53,273 54 INFO bench odoo.modules.loading: loading purchase_stock/views/purchase_views.xml 
2026-10-08 06:51:53,300 54 INFO bench odoo.modules.loading: loading purchase_stock/views/stock_views.xml 
2026-10-08 06:51:53,332 54 INFO bench odoo.modules.loading: loading purchase_stock/views/stock_picking_views.xml 
2026-10-08 06:51:53,349 54 INFO bench odoo.modules.loading: loading purchase_stock/views/stock_rule_views.xml 
2026-10-08 06:51:53,361 54 INFO bench odoo.modules.loading: loading purchase_stock/views/res_config_settings_views.xml 
2026-10-08 06:51:53,398 54 INFO bench odoo.modules.loading: loading purchase_stock/views/res_partner_views.xml 
2026-10-08 06:51:53,413 54 INFO bench odoo.modules.loading: loading purchase_stock/views/stock_lot_views.xml 
2026-10-08 06:51:53,422 54 INFO bench odoo.modules.loading: loading purchase_stock/views/stock_orderpoint_views.xml 
2026-10-08 06:51:53,429 54 INFO bench odoo.modules.loading: loading purchase_stock/views/stock_reference_views.xml 
2026-10-08 06:51:53,435 54 INFO bench odoo.modules.loading: loading purchase_stock/views/product_views.xml 
2026-10-08 06:51:53,451 54 INFO bench odoo.modules.loading: loading purchase_stock/report/purchase_report_views.xml 
2026-10-08 06:51:53,458 54 INFO bench odoo.modules.loading: loading purchase_stock/report/purchase_report_templates.xml 
2026-10-08 06:51:53,470 54 INFO bench odoo.modules.loading: loading purchase_stock/report/report_stock_rule.xml 
2026-10-08 06:51:53,478 54 INFO bench odoo.modules.loading: loading purchase_stock/wizard/stock_replenishment_info.xml 
2026-10-08 06:51:53,496 54 INFO bench odoo.modules.loading: loading purchase_stock/wizard/product_replenish_views.xml 
2026-10-08 06:51:53,522 54 INFO bench odoo.modules.loading: Module purchase_stock loaded in 0.66s, 1054 queries (+1054 other) 
2026-10-08 06:51:53,522 54 INFO bench odoo.modules.loading: Loading module sale (62/76) 
2026-10-08 06:51:53,577 54 INFO bench odoo.registry: module sale: creating or updating database tables 
2026-10-08 06:51:54,004 54 INFO bench odoo.modules.loading: loading sale/security/ir.model.access.csv 
2026-10-08 06:51:54,021 54 INFO bench odoo.modules.loading: loading sale/security/res_groups.xml 
2026-10-08 06:51:54,028 54 INFO bench odoo.modules.loading: loading sale/security/ir_rules.xml 
2026-10-08 06:51:54,133 54 INFO bench odoo.modules.loading: loading sale/report/account_invoice_report_views.xml 
2026-10-08 06:51:54,157 54 INFO bench odoo.modules.loading: loading sale/report/ir_actions_report_templates.xml 
2026-10-08 06:51:54,182 54 INFO bench odoo.modules.loading: loading sale/report/ir_actions_report.xml 
2026-10-08 06:51:54,189 54 INFO bench odoo.modules.loading: loading sale/report/sale_report_views.xml 
2026-10-08 06:51:54,227 54 INFO bench odoo.modules.loading: loading sale/data/ir_cron.xml 
2026-10-08 06:51:54,258 54 INFO bench odoo.modules.loading: loading sale/data/ir_sequence_data.xml 
2026-10-08 06:51:54,261 54 INFO bench odoo.modules.loading: loading sale/data/mail_message_subtype_data.xml 
2026-10-08 06:51:54,276 54 INFO bench odoo.modules.loading: loading sale/data/mail_template_data.xml 
2026-10-08 06:51:54,296 54 INFO bench odoo.modules.loading: loading sale/data/sale_tour.xml 
2026-10-08 06:51:54,302 54 INFO bench odoo.modules.loading: loading sale/data/ir_config_parameter.xml 
2026-10-08 06:51:54,310 54 INFO bench odoo.modules.loading: loading sale/wizard/account_accrued_orders_wizard_views.xml 
2026-10-08 06:51:54,317 54 INFO bench odoo.modules.loading: loading sale/wizard/mass_cancel_orders_views.xml 
2026-10-08 06:51:54,326 54 INFO bench odoo.modules.loading: loading sale/wizard/payment_link_wizard_views.xml 
2026-10-08 06:51:54,338 54 INFO bench odoo.modules.loading: loading sale/wizard/res_config_settings_views.xml 
2026-10-08 06:51:54,378 54 INFO bench odoo.modules.loading: loading sale/wizard/sale_make_invoice_advance_views.xml 
2026-10-08 06:51:54,388 54 INFO bench odoo.modules.loading: loading sale/wizard/sale_order_discount_views.xml 
2026-10-08 06:51:54,394 54 INFO bench odoo.modules.loading: loading sale/views/sale_order_views.xml 
2026-10-08 06:51:54,555 54 INFO bench odoo.modules.loading: loading sale/views/account_views.xml 
2026-10-08 06:51:54,607 54 INFO bench odoo.modules.loading: loading sale/views/crm_team_views.xml 
2026-10-08 06:51:54,634 54 INFO bench odoo.modules.loading: loading sale/views/mail_activity_views.xml 
2026-10-08 06:51:54,637 54 INFO bench odoo.modules.loading: loading sale/views/mail_activity_plan_views.xml 
2026-10-08 06:51:54,640 54 INFO bench odoo.modules.loading: loading sale/views/payment_views.xml 
2026-10-08 06:51:54,661 54 INFO bench odoo.modules.loading: loading sale/views/product_document_views.xml 
2026-10-08 06:51:54,688 54 INFO bench odoo.modules.loading: loading sale/views/product_pricelist_item_views.xml 
2026-10-08 06:51:54,700 54 INFO bench odoo.modules.loading: loading sale/views/product_template_views.xml 
2026-10-08 06:51:54,721 54 INFO bench odoo.modules.loading: loading sale/views/product_views.xml 
2026-10-08 06:51:54,783 54 INFO bench odoo.modules.loading: loading sale/views/res_partner_views.xml 
2026-10-08 06:51:54,819 54 INFO bench odoo.modules.loading: loading sale/views/sale_order_line_views.xml 
2026-10-08 06:51:54,836 54 INFO bench odoo.modules.loading: loading sale/views/sale_portal_templates.xml 
2026-10-08 06:51:54,896 54 INFO bench odoo.modules.loading: loading sale/views/utm_campaign_views.xml 
2026-10-08 06:51:54,915 54 INFO bench odoo.modules.loading: loading sale/views/sale_menus.xml 
2026-10-08 06:51:55,082 54 INFO bench odoo.modules.loading: Module sale loaded in 1.56s, 2520 queries (+2520 other) 
2026-10-08 06:51:55,082 54 INFO bench odoo.modules.loading: Loading module spreadsheet_dashboard_stock_account (63/76) 
2026-10-08 06:51:55,096 54 INFO bench odoo.modules.loading: loading spreadsheet_dashboard_stock_account/data/dashboards.xml 
2026-10-08 06:51:55,144 54 INFO bench odoo.modules.loading: Module spreadsheet_dashboard_stock_account loaded in 0.06s, 28 queries (+28 other) 
2026-10-08 06:51:55,144 54 INFO bench odoo.modules.loading: Loading module delivery (64/76) 
2026-10-08 06:51:55,172 54 INFO bench odoo.registry: module delivery: creating or updating database tables 
2026-10-08 06:51:55,376 54 INFO bench odoo.modules.loading: loading delivery/data/delivery_data.xml 
2026-10-08 06:51:55,422 54 INFO bench odoo.modules.loading: loading delivery/data/payment_method_data.xml 
2026-10-08 06:51:55,431 54 INFO bench odoo.modules.loading: loading delivery/data/payment_provider_data.xml 
2026-10-08 06:51:55,443 54 INFO bench odoo.modules.loading: loading delivery/security/ir.model.access.csv 
2026-10-08 06:51:55,465 54 INFO bench odoo.modules.loading: loading delivery/security/ir_rules.xml 
2026-10-08 06:51:55,469 54 INFO bench odoo.modules.loading: loading delivery/report/ir_actions_report_templates.xml 
2026-10-08 06:51:55,477 54 INFO bench odoo.modules.loading: loading delivery/views/delivery_carrier_views.xml 
2026-10-08 06:51:55,505 54 INFO bench odoo.modules.loading: loading delivery/views/delivery_price_rule_views.xml 
2026-10-08 06:51:55,518 54 INFO bench odoo.modules.loading: loading delivery/views/delivery_zip_prefix_views.xml 
2026-10-08 06:51:55,521 54 INFO bench odoo.modules.loading: loading delivery/views/ir_module_module_views.xml 
2026-10-08 06:51:55,537 54 INFO bench odoo.modules.loading: loading delivery/views/payment_form_templates.xml 
2026-10-08 06:51:55,544 54 INFO bench odoo.modules.loading: loading delivery/views/payment_provider_views.xml 
2026-10-08 06:51:55,555 54 INFO bench odoo.modules.loading: loading delivery/views/res_partner_views.xml 
2026-10-08 06:51:55,572 54 INFO bench odoo.modules.loading: loading delivery/views/sale_order_views.xml 
2026-10-08 06:51:55,592 54 INFO bench odoo.modules.loading: loading delivery/wizard/res_config_settings_views.xml 
2026-10-08 06:51:55,612 54 INFO bench odoo.modules.loading: loading delivery/wizard/choose_delivery_carrier_views.xml 
2026-10-08 06:51:55,639 54 INFO bench odoo.modules.loading: Module delivery loaded in 0.50s, 642 queries (+642 other) 
2026-10-08 06:51:55,639 54 INFO bench odoo.modules.loading: Loading module purchase_mrp (65/76) 
2026-10-08 06:51:55,659 54 INFO bench odoo.registry: module purchase_mrp: creating or updating database tables 
2026-10-08 06:51:55,744 54 INFO bench odoo.modules.loading: loading purchase_mrp/views/mrp_bom_views.xml 
2026-10-08 06:51:55,764 54 INFO bench odoo.modules.loading: loading purchase_mrp/views/purchase_order_views.xml 
2026-10-08 06:51:55,777 54 INFO bench odoo.modules.loading: loading purchase_mrp/views/mrp_production_views.xml 
2026-10-08 06:51:55,790 54 INFO bench odoo.modules.loading: loading purchase_mrp/views/stock_orderpoint_views.xml 
2026-10-08 06:51:55,807 54 INFO bench odoo.modules.loading: loading purchase_mrp/security/ir.model.access.csv 
2026-10-08 06:51:55,829 54 INFO bench odoo.modules.loading: Module purchase_mrp loaded in 0.19s, 233 queries (+233 other) 
2026-10-08 06:51:55,829 54 INFO bench odoo.modules.loading: Loading module sale_edi_ubl (66/76) 
2026-10-08 06:51:55,845 54 INFO bench odoo.registry: module sale_edi_ubl: creating or updating database tables 
2026-10-08 06:51:55,916 54 INFO bench odoo.modules.loading: Module sale_edi_ubl loaded in 0.09s, 88 queries (+88 other) 
2026-10-08 06:51:55,916 54 INFO bench odoo.modules.loading: Loading module sale_management (67/76) 
2026-10-08 06:51:55,944 54 INFO bench odoo.registry: module sale_management: creating or updating database tables 
2026-10-08 06:51:56,072 54 INFO bench odoo.modules.loading: loading sale_management/data/digest_data.xml 
2026-10-08 06:51:56,079 54 INFO bench odoo.modules.loading: loading sale_management/security/ir.model.access.csv 
2026-10-08 06:51:56,086 54 INFO bench odoo.modules.loading: loading sale_management/security/sale_management_security.xml 
2026-10-08 06:51:56,093 54 INFO bench odoo.modules.loading: loading sale_management/views/sale_order_template_views.xml 
2026-10-08 06:51:56,117 54 INFO bench odoo.modules.loading: loading sale_management/views/digest_views.xml 
2026-10-08 06:51:56,129 54 INFO bench odoo.modules.loading: loading sale_management/views/res_config_settings_views.xml 
2026-10-08 06:51:56,151 54 INFO bench odoo.modules.loading: loading sale_management/views/sale_order_views.xml 
2026-10-08 06:51:56,167 54 INFO bench odoo.modules.loading: loading sale_management/views/sale_portal_templates.xml 
2026-10-08 06:51:56,178 54 INFO bench odoo.modules.loading: loading sale_management/views/sale_management_menus.xml 
2026-10-08 06:51:56,200 54 INFO bench odoo.modules.loading: Module sale_management loaded in 0.28s, 372 queries (+372 other) 
2026-10-08 06:51:56,200 54 INFO bench odoo.modules.loading: Loading module sale_purchase (68/76) 
2026-10-08 06:51:56,221 54 INFO bench odoo.registry: module sale_purchase: creating or updating database tables 
2026-10-08 06:51:56,315 54 INFO bench odoo.modules.loading: loading sale_purchase/data/mail_templates.xml 
2026-10-08 06:51:56,328 54 INFO bench odoo.modules.loading: loading sale_purchase/views/product_views.xml 
2026-10-08 06:51:56,358 54 INFO bench odoo.modules.loading: loading sale_purchase/views/sale_order_views.xml 
2026-10-08 06:51:56,373 54 INFO bench odoo.modules.loading: loading sale_purchase/views/purchase_order_views.xml 
2026-10-08 06:51:56,403 54 INFO bench odoo.modules.loading: Module sale_purchase loaded in 0.20s, 244 queries (+244 other) 
2026-10-08 06:51:56,403 54 INFO bench odoo.modules.loading: Loading module sale_sms (69/76) 
2026-10-08 06:51:56,417 54 INFO bench odoo.modules.loading: loading sale_sms/security/ir.model.access.csv 
2026-10-08 06:51:56,445 54 INFO bench odoo.modules.loading: loading sale_sms/security/security.xml 
2026-10-08 06:51:56,462 54 INFO bench odoo.modules.loading: Module sale_sms loaded in 0.06s, 38 queries (+38 other) 
2026-10-08 06:51:56,462 54 INFO bench odoo.modules.loading: Loading module sale_stock (70/76) 
2026-10-08 06:51:56,510 54 INFO bench odoo.registry: module sale_stock: creating or updating database tables 
2026-10-08 06:51:56,744 54 INFO bench odoo.modules.loading: loading sale_stock/security/sale_stock_security.xml 
2026-10-08 06:51:56,756 54 INFO bench odoo.modules.loading: loading sale_stock/security/ir.model.access.csv 
2026-10-08 06:51:56,768 54 INFO bench odoo.modules.loading: loading sale_stock/views/sale_order_views.xml 
2026-10-08 06:51:56,827 54 INFO bench odoo.modules.loading: loading sale_stock/views/sale_order_line_views.xml 
2026-10-08 06:51:56,833 54 INFO bench odoo.modules.loading: loading sale_stock/views/stock_route_views.xml 
2026-10-08 06:51:56,843 54 INFO bench odoo.modules.loading: loading sale_stock/views/res_config_settings_views.xml 
2026-10-08 06:51:56,875 54 INFO bench odoo.modules.loading: loading sale_stock/views/sale_stock_portal_template.xml 
2026-10-08 06:51:56,890 54 INFO bench odoo.modules.loading: loading sale_stock/views/stock_lot_views.xml 
2026-10-08 06:51:56,900 54 INFO bench odoo.modules.loading: loading sale_stock/views/res_users_views.xml 
2026-10-08 06:51:56,929 54 INFO bench odoo.modules.loading: loading sale_stock/views/stock_picking_views.xml 
2026-10-08 06:51:56,949 54 INFO bench odoo.modules.loading: loading sale_stock/views/stock_reference_views.xml 
2026-10-08 06:51:56,958 54 INFO bench odoo.modules.loading: loading sale_stock/report/sale_order_report_templates.xml 
2026-10-08 06:51:56,966 54 INFO bench odoo.modules.loading: loading sale_stock/report/stock_report_deliveryslip.xml 
2026-10-08 06:51:56,976 54 INFO bench odoo.modules.loading: loading sale_stock/data/mail_templates.xml 
2026-10-08 06:51:56,983 54 INFO bench odoo.modules.loading: loading sale_stock/data/sale_stock_data.xml 
2026-10-08 06:51:56,988 54 INFO bench odoo.modules.loading: loading sale_stock/wizard/stock_rules_report_views.xml 
2026-10-08 06:51:57,012 54 INFO bench odoo.modules.loading: Module sale_stock loaded in 0.55s, 833 queries (+833 other) 
2026-10-08 06:51:57,012 54 INFO bench odoo.modules.loading: Loading module spreadsheet_dashboard_sale (71/76) 
2026-10-08 06:51:57,025 54 INFO bench odoo.modules.loading: loading spreadsheet_dashboard_sale/data/dashboards.xml 
2026-10-08 06:51:57,096 54 INFO bench odoo.modules.loading: Module spreadsheet_dashboard_sale loaded in 0.08s, 34 queries (+34 other) 
2026-10-08 06:51:57,097 54 INFO bench odoo.modules.loading: Loading module sale_mrp (72/76) 
2026-10-08 06:51:57,117 54 INFO bench odoo.registry: module sale_mrp: creating or updating database tables 
2026-10-08 06:51:57,230 54 INFO bench odoo.modules.loading: loading sale_mrp/security/ir.model.access.csv 
2026-10-08 06:51:57,240 54 INFO bench odoo.modules.loading: loading sale_mrp/views/mrp_production_views.xml 
2026-10-08 06:51:57,262 54 INFO bench odoo.modules.loading: loading sale_mrp/views/sale_order_views.xml 
2026-10-08 06:51:57,280 54 INFO bench odoo.modules.loading: loading sale_mrp/views/sale_portal_templates.xml 
2026-10-08 06:51:57,307 54 INFO bench odoo.modules.loading: Module sale_mrp loaded in 0.21s, 290 queries (+290 other) 
2026-10-08 06:51:57,307 54 INFO bench odoo.modules.loading: Loading module sale_pdf_quote_builder (73/76) 
2026-10-08 06:51:57,324 54 INFO bench odoo.registry: module sale_pdf_quote_builder: creating or updating database tables 
2026-10-08 06:51:57,461 54 INFO bench odoo.modules.loading: loading sale_pdf_quote_builder/data/ir_cron.xml 
2026-10-08 06:51:57,484 54 INFO bench odoo.modules.loading: loading sale_pdf_quote_builder/data/sale_pdf_form_field.xml 
2026-10-08 06:51:57,489 54 INFO bench odoo.modules.loading: loading sale_pdf_quote_builder/report/ir_actions_report.xml 
2026-10-08 06:51:57,496 54 INFO bench odoo.modules.loading: loading sale_pdf_quote_builder/security/ir.model.access.csv 
2026-10-08 06:51:57,510 54 INFO bench odoo.modules.loading: loading sale_pdf_quote_builder/security/ir_rules.xml 
2026-10-08 06:51:57,517 54 INFO bench odoo.modules.loading: loading sale_pdf_quote_builder/views/product_document_views.xml 
2026-10-08 06:51:57,533 54 INFO bench odoo.modules.loading: loading sale_pdf_quote_builder/views/quotation_document_views.xml 
2026-10-08 06:51:57,551 54 INFO bench odoo.modules.loading: loading sale_pdf_quote_builder/views/sale_order_template_views.xml 
2026-10-08 06:51:57,562 54 INFO bench odoo.modules.loading: loading sale_pdf_quote_builder/views/sale_order_views.xml 
2026-10-08 06:51:57,579 54 INFO bench odoo.modules.loading: loading sale_pdf_quote_builder/views/sale_pdf_form_field_views.xml 
2026-10-08 06:51:57,588 54 INFO bench odoo.modules.loading: loading sale_pdf_quote_builder/views/sale_pdf_quote_builder_menus.xml 
2026-10-08 06:51:57,593 54 INFO bench odoo.modules.loading: loading sale_pdf_quote_builder/wizards/res_config_settings_views.xml 
2026-10-08 06:51:57,631 54 INFO bench odoo.modules.loading: Module sale_pdf_quote_builder loaded in 0.32s, 411 queries (+411 other) 
2026-10-08 06:51:57,631 54 INFO bench odoo.modules.loading: Loading module sale_purchase_stock (74/76) 
2026-10-08 06:51:57,647 54 INFO bench odoo.registry: module sale_purchase_stock: creating or updating database tables 
2026-10-08 06:51:57,701 54 INFO bench odoo.modules.loading: loading sale_purchase_stock/views/purchase_order_views.xml 
2026-10-08 06:51:57,760 54 INFO bench odoo.modules.loading: Module sale_purchase_stock loaded in 0.13s, 143 queries (+143 other) 
2026-10-08 06:51:57,760 54 INFO bench odoo.modules.loading: Loading module stock_delivery (75/76) 
2026-10-08 06:51:57,786 54 INFO bench odoo.registry: module stock_delivery: creating or updating database tables 
2026-10-08 06:51:57,932 54 INFO bench odoo.modules.loading: loading stock_delivery/security/ir.model.access.csv 
2026-10-08 06:51:57,939 54 INFO bench odoo.modules.loading: loading stock_delivery/views/product_template_view.xml 
2026-10-08 06:51:57,968 54 INFO bench odoo.modules.loading: loading stock_delivery/views/delivery_view.xml 
2026-10-08 06:51:58,036 54 INFO bench odoo.modules.loading: loading stock_delivery/views/delivery_portal_template.xml 
2026-10-08 06:51:58,046 54 INFO bench odoo.modules.loading: loading stock_delivery/views/report_shipping.xml 
2026-10-08 06:51:58,053 54 INFO bench odoo.modules.loading: loading stock_delivery/views/report_deliveryslip.xml 
2026-10-08 06:51:58,082 54 INFO bench odoo.modules.loading: loading stock_delivery/views/report_package_barcode.xml 
2026-10-08 06:51:58,100 54 INFO bench odoo.modules.loading: loading stock_delivery/wizard/choose_delivery_carrier_views.xml 
2026-10-08 06:51:58,108 54 INFO bench odoo.modules.loading: loading stock_delivery/wizard/stock_put_in_pack_views.xml 
2026-10-08 06:51:58,116 54 INFO bench odoo.modules.loading: loading stock_delivery/views/stock_package_type_views.xml 
2026-10-08 06:51:58,135 54 INFO bench odoo.modules.loading: loading stock_delivery/views/stock_picking_type_views.xml 
2026-10-08 06:51:58,146 54 INFO bench odoo.modules.loading: loading stock_delivery/views/stock_rule_views.xml 
2026-10-08 06:51:58,158 54 INFO bench odoo.modules.loading: loading stock_delivery/views/stock_move_line_views.xml 
2026-10-08 06:51:58,174 54 INFO bench odoo.modules.loading: loading stock_delivery/report/product_templates.xml 
2026-10-08 06:51:58,204 54 INFO bench odoo.modules.loading: Module stock_delivery loaded in 0.44s, 664 queries (+664 other) 
2026-10-08 06:51:58,204 54 INFO bench odoo.modules.loading: Loading module stock_dropshipping (76/76) 
2026-10-08 06:51:58,236 54 INFO bench odoo.registry: module stock_dropshipping: creating or updating database tables 
2026-10-08 06:51:58,349 54 INFO bench odoo.modules.loading: loading stock_dropshipping/data/stock_data.xml 
2026-10-08 06:51:58,370 54 INFO bench odoo.modules.loading: loading stock_dropshipping/views/sale_order_views.xml 
2026-10-08 06:51:58,395 54 INFO bench odoo.modules.loading: loading stock_dropshipping/views/stock_picking_views.xml 
2026-10-08 06:51:58,420 54 INFO bench odoo.modules.loading: loading stock_dropshipping/views/purchase_order_views.xml 
2026-10-08 06:51:58,448 54 INFO bench odoo.modules.loading: Module stock_dropshipping loaded in 0.24s, 317 queries (+317 other) 
2026-10-08 06:51:58,448 54 INFO bench odoo.modules.loading: 76 modules loaded in 33.57s, 46537 queries (+46538 extra) 
2026-10-08 06:51:59,128 54 INFO bench odoo.modules.loading: Modules loaded. 
2026-10-08 06:51:59,996 54 INFO bench odoo.registry: Registry changed, signaling through the database 
2026-10-08 06:52:00,001 54 INFO bench odoo.registry: Registry loaded in 35.801s 
2026-10-08 06:52:00,001 54 INFO bench odoo.addons.base.models.ir_module: getting next ir.actions.todo() 
2026-10-08 06:52:00,007 54 INFO bench werkzeug: 127.0.0.1 - - [08/Oct/2026 06:52:00] "POST /json/2/ir.module.module/button_immediate_install HTTP/1.1" 200 - 51204 21.140 14.771
2026-10-08 06:52:00,022 54 INFO bench odoo.addons.base.models.ir_http: Generating routing map for key None 
2026-10-08 06:52:00,046 54 INFO bench werkzeug: 127.0.0.1 - - [08/Oct/2026 06:52:00] "POST /json/2/stock.route/search HTTP/1.1" 200 - 11 0.006 0.020
2026-10-08 06:52:00,066 54 INFO bench werkzeug: 127.0.0.1 - - [08/Oct/2026 06:52:00] "POST /json/2/stock.route/read HTTP/1.1" 200 - 3 0.001 0.005
2026-10-08 06:52:00,087 54 INFO bench werkzeug: 127.0.0.1 - - [08/Oct/2026 06:52:00] "POST /json/2/stock.route/search HTTP/1.1" 200 - 3 0.001 0.005
2026-10-08 06:52:00,113 54 INFO bench werkzeug: 127.0.0.1 - - [08/Oct/2026 06:52:00] "POST /json/2/stock.route/search HTTP/1.1" 200 - 3 0.001 0.005
2026-10-08 06:52:00,132 54 INFO bench werkzeug: 127.0.0.1 - - [08/Oct/2026 06:52:00] "POST /json/2/stock.route/search HTTP/1.1" 200 - 3 0.001 0.005
2026-10-08 06:52:00,151 54 INFO bench werkzeug: 127.0.0.1 - - [08/Oct/2026 06:52:00] "POST /json/2/stock.route/read HTTP/1.1" 200 - 3 0.001 0.005
2026-10-08 06:52:00,170 54 INFO bench werkzeug: 127.0.0.1 - - [08/Oct/2026 06:52:00] "POST /json/2/stock.route/search HTTP/1.1" 200 - 3 0.001 0.005
2026-10-08 06:52:00,190 54 INFO bench werkzeug: 127.0.0.1 - - [08/Oct/2026 06:52:00] "POST /json/2/stock.route/read HTTP/1.1" 200 - 3 0.002 0.006
2026-10-08 06:52:00,218 54 INFO bench werkzeug: 127.0.0.1 - - [08/Oct/2026 06:52:00] "POST /json/2/res.partner/search HTTP/1.1" 200 - 9 0.005 0.009
2026-10-08 06:52:00,273 54 INFO bench werkzeug: 127.0.0.1 - - [08/Oct/2026 06:52:00] "POST /json/2/res.partner/create HTTP/1.1" 200 - 33 0.017 0.024
2026-10-08 06:52:00,294 54 INFO bench werkzeug: 127.0.0.1 - - [08/Oct/2026 06:52:00] "POST /json/2/res.partner/search HTTP/1.1" 200 - 4 0.002 0.006
2026-10-08 06:52:00,333 54 INFO bench werkzeug: 127.0.0.1 - - [08/Oct/2026 06:52:00] "POST /json/2/res.partner/create HTTP/1.1" 200 - 18 0.007 0.018
2026-10-08 06:52:00,354 54 INFO bench werkzeug: 127.0.0.1 - - [08/Oct/2026 06:52:00] "POST /json/2/res.partner/search HTTP/1.1" 200 - 4 0.001 0.006
2026-10-08 06:52:00,395 54 INFO bench werkzeug: 127.0.0.1 - - [08/Oct/2026 06:52:00] "POST /json/2/res.partner/create HTTP/1.1" 200 - 18 0.008 0.020
2026-10-08 06:52:00,415 54 INFO bench werkzeug: 127.0.0.1 - - [08/Oct/2026 06:52:00] "POST /json/2/res.partner/search HTTP/1.1" 200 - 4 0.001 0.005
2026-10-08 06:52:00,462 54 INFO bench werkzeug: 127.0.0.1 - - [08/Oct/2026 06:52:00] "POST /json/2/res.partner/create HTTP/1.1" 200 - 18 0.007 0.019
2026-10-08 06:52:00,484 54 INFO bench werkzeug: 127.0.0.1 - - [08/Oct/2026 06:52:00] "POST /json/2/res.partner/search HTTP/1.1" 200 - 4 0.002 0.006
2026-10-08 06:52:00,523 54 INFO bench werkzeug: 127.0.0.1 - - [08/Oct/2026 06:52:00] "POST /json/2/res.partner/create HTTP/1.1" 200 - 18 0.007 0.018
2026-10-08 06:52:00,544 54 INFO bench werkzeug: 127.0.0.1 - - [08/Oct/2026 06:52:00] "POST /json/2/res.partner/search HTTP/1.1" 200 - 4 0.002 0.006
2026-10-08 06:52:00,581 54 INFO bench werkzeug: 127.0.0.1 - - [08/Oct/2026 06:52:00] "POST /json/2/res.partner/create HTTP/1.1" 200 - 18 0.007 0.018
2026-10-08 06:52:00,601 54 INFO bench werkzeug: 127.0.0.1 - - [08/Oct/2026 06:52:00] "POST /json/2/res.partner/search HTTP/1.1" 200 - 4 0.002 0.005
2026-10-08 06:52:00,639 54 INFO bench werkzeug: 127.0.0.1 - - [08/Oct/2026 06:52:00] "POST /json/2/res.partner/create HTTP/1.1" 200 - 18 0.007 0.018
2026-10-08 06:52:00,659 54 INFO bench werkzeug: 127.0.0.1 - - [08/Oct/2026 06:52:00] "POST /json/2/res.partner/search HTTP/1.1" 200 - 4 0.002 0.006
2026-10-08 06:52:00,696 54 INFO bench werkzeug: 127.0.0.1 - - [08/Oct/2026 06:52:00] "POST /json/2/res.partner/create HTTP/1.1" 200 - 18 0.006 0.017
2026-10-08 06:52:00,717 54 INFO bench werkzeug: 127.0.0.1 - - [08/Oct/2026 06:52:00] "POST /json/2/res.partner/search HTTP/1.1" 200 - 4 0.002 0.006
2026-10-08 06:52:00,754 54 INFO bench werkzeug: 127.0.0.1 - - [08/Oct/2026 06:52:00] "POST /json/2/res.partner/create HTTP/1.1" 200 - 18 0.006 0.017
2026-10-08 06:52:00,776 54 INFO bench werkzeug: 127.0.0.1 - - [08/Oct/2026 06:52:00] "POST /json/2/res.partner/search HTTP/1.1" 200 - 4 0.002 0.006
2026-10-08 06:52:00,816 54 INFO bench werkzeug: 127.0.0.1 - - [08/Oct/2026 06:52:00] "POST /json/2/res.partner/create HTTP/1.1" 200 - 18 0.008 0.019
2026-10-08 06:52:00,845 54 INFO bench werkzeug: 127.0.0.1 - - [08/Oct/2026 06:52:00] "POST /json/2/res.partner/search HTTP/1.1" 200 - 4 0.002 0.006
2026-10-08 06:52:00,885 54 INFO bench werkzeug: 127.0.0.1 - - [08/Oct/2026 06:52:00] "POST /json/2/res.partner/create HTTP/1.1" 200 - 18 0.007 0.019
2026-10-08 06:52:00,906 54 INFO bench werkzeug: 127.0.0.1 - - [08/Oct/2026 06:52:00] "POST /json/2/res.partner/search HTTP/1.1" 200 - 4 0.002 0.007
2026-10-08 06:52:00,948 54 INFO bench werkzeug: 127.0.0.1 - - [08/Oct/2026 06:52:00] "POST /json/2/res.partner/create HTTP/1.1" 200 - 18 0.008 0.021
2026-10-08 06:52:00,969 54 INFO bench werkzeug: 127.0.0.1 - - [08/Oct/2026 06:52:00] "POST /json/2/res.partner/search HTTP/1.1" 200 - 4 0.002 0.006
2026-10-08 06:52:01,009 54 INFO bench werkzeug: 127.0.0.1 - - [08/Oct/2026 06:52:01] "POST /json/2/res.partner/create HTTP/1.1" 200 - 18 0.007 0.019
2026-10-08 06:52:01,031 54 INFO bench werkzeug: 127.0.0.1 - - [08/Oct/2026 06:52:01] "POST /json/2/res.partner/search HTTP/1.1" 200 - 4 0.002 0.006
2026-10-08 06:52:01,073 54 INFO bench werkzeug: 127.0.0.1 - - [08/Oct/2026 06:52:01] "POST /json/2/res.partner/create HTTP/1.1" 200 - 18 0.008 0.019
2026-10-08 06:52:01,093 54 INFO bench werkzeug: 127.0.0.1 - - [08/Oct/2026 06:52:01] "POST /json/2/res.partner/search HTTP/1.1" 200 - 4 0.002 0.006
2026-10-08 06:52:01,133 54 INFO bench werkzeug: 127.0.0.1 - - [08/Oct/2026 06:52:01] "POST /json/2/res.partner/create HTTP/1.1" 200 - 18 0.007 0.019
2026-10-08 06:52:01,155 54 INFO bench werkzeug: 127.0.0.1 - - [08/Oct/2026 06:52:01] "POST /json/2/res.partner/search HTTP/1.1" 200 - 4 0.002 0.007
2026-10-08 06:52:01,198 54 INFO bench werkzeug: 127.0.0.1 - - [08/Oct/2026 06:52:01] "POST /json/2/res.partner/create HTTP/1.1" 200 - 18 0.009 0.021
2026-10-08 06:52:01,220 54 INFO bench werkzeug: 127.0.0.1 - - [08/Oct/2026 06:52:01] "POST /json/2/res.partner/search HTTP/1.1" 200 - 4 0.002 0.007
2026-10-08 06:52:01,259 54 INFO bench werkzeug: 127.0.0.1 - - [08/Oct/2026 06:52:01] "POST /json/2/res.partner/create HTTP/1.1" 200 - 18 0.007 0.018
2026-10-08 06:52:01,289 54 INFO bench werkzeug: 127.0.0.1 - - [08/Oct/2026 06:52:01] "POST /json/2/res.partner/search HTTP/1.1" 200 - 4 0.002 0.006
2026-10-08 06:52:01,328 54 INFO bench werkzeug: 127.0.0.1 - - [08/Oct/2026 06:52:01] "POST /json/2/res.partner/create HTTP/1.1" 200 - 18 0.006 0.019
2026-10-08 06:52:01,351 54 INFO bench werkzeug: 127.0.0.1 - - [08/Oct/2026 06:52:01] "POST /json/2/res.partner/search HTTP/1.1" 200 - 4 0.002 0.007
2026-10-08 06:52:01,391 54 INFO bench werkzeug: 127.0.0.1 - - [08/Oct/2026 06:52:01] "POST /json/2/res.partner/create HTTP/1.1" 200 - 18 0.007 0.019
2026-10-08 06:52:01,412 54 INFO bench werkzeug: 127.0.0.1 - - [08/Oct/2026 06:52:01] "POST /json/2/res.partner/search HTTP/1.1" 200 - 4 0.003 0.006
2026-10-08 06:52:01,451 54 INFO bench werkzeug: 127.0.0.1 - - [08/Oct/2026 06:52:01] "POST /json/2/res.partner/create HTTP/1.1" 200 - 18 0.006 0.019
2026-10-08 06:52:01,473 54 INFO bench werkzeug: 127.0.0.1 - - [08/Oct/2026 06:52:01] "POST /json/2/res.partner/search HTTP/1.1" 200 - 4 0.002 0.006
2026-10-08 06:52:01,513 54 INFO bench werkzeug: 127.0.0.1 - - [08/Oct/2026 06:52:01] "POST /json/2/res.partner/create HTTP/1.1" 200 - 18 0.007 0.018
2026-10-08 06:52:01,534 54 INFO bench werkzeug: 127.0.0.1 - - [08/Oct/2026 06:52:01] "POST /json/2/res.partner/search HTTP/1.1" 200 - 4 0.002 0.006
2026-10-08 06:52:01,574 54 INFO bench werkzeug: 127.0.0.1 - - [08/Oct/2026 06:52:01] "POST /json/2/res.partner/create HTTP/1.1" 200 - 18 0.007 0.019
2026-10-08 06:52:01,595 54 INFO bench werkzeug: 127.0.0.1 - - [08/Oct/2026 06:52:01] "POST /json/2/res.partner/search HTTP/1.1" 200 - 4 0.002 0.006
2026-10-08 06:52:01,632 54 INFO bench werkzeug: 127.0.0.1 - - [08/Oct/2026 06:52:01] "POST /json/2/res.partner/create HTTP/1.1" 200 - 18 0.007 0.017
2026-10-08 06:52:01,653 54 INFO bench werkzeug: 127.0.0.1 - - [08/Oct/2026 06:52:01] "POST /json/2/res.partner/search HTTP/1.1" 200 - 4 0.002 0.006
2026-10-08 06:52:01,701 54 INFO bench werkzeug: 127.0.0.1 - - [08/Oct/2026 06:52:01] "POST /json/2/res.partner/create HTTP/1.1" 200 - 18 0.007 0.019
2026-10-08 06:52:01,723 54 INFO bench werkzeug: 127.0.0.1 - - [08/Oct/2026 06:52:01] "POST /json/2/res.partner/search HTTP/1.1" 200 - 4 0.002 0.006
2026-10-08 06:52:01,763 54 INFO bench werkzeug: 127.0.0.1 - - [08/Oct/2026 06:52:01] "POST /json/2/res.partner/create HTTP/1.1" 200 - 18 0.007 0.019
2026-10-08 06:52:01,786 54 INFO bench werkzeug: 127.0.0.1 - - [08/Oct/2026 06:52:01] "POST /json/2/res.partner/search HTTP/1.1" 200 - 4 0.002 0.007
2026-10-08 06:52:01,826 54 INFO bench werkzeug: 127.0.0.1 - - [08/Oct/2026 06:52:01] "POST /json/2/res.partner/create HTTP/1.1" 200 - 18 0.007 0.018
2026-10-08 06:52:01,849 54 INFO bench werkzeug: 127.0.0.1 - - [08/Oct/2026 06:52:01] "POST /json/2/res.partner/search HTTP/1.1" 200 - 4 0.002 0.006
2026-10-08 06:52:01,889 54 INFO bench werkzeug: 127.0.0.1 - - [08/Oct/2026 06:52:01] "POST /json/2/res.partner/create HTTP/1.1" 200 - 18 0.008 0.020
2026-10-08 06:52:01,912 54 INFO bench werkzeug: 127.0.0.1 - - [08/Oct/2026 06:52:01] "POST /json/2/res.partner/search HTTP/1.1" 200 - 4 0.002 0.006
2026-10-08 06:52:01,951 54 INFO bench werkzeug: 127.0.0.1 - - [08/Oct/2026 06:52:01] "POST /json/2/res.partner/create HTTP/1.1" 200 - 18 0.008 0.019
2026-10-08 06:52:01,971 54 INFO bench werkzeug: 127.0.0.1 - - [08/Oct/2026 06:52:01] "POST /json/2/res.partner/search HTTP/1.1" 200 - 4 0.002 0.006
2026-10-08 06:52:02,008 54 INFO bench werkzeug: 127.0.0.1 - - [08/Oct/2026 06:52:02] "POST /json/2/res.partner/create HTTP/1.1" 200 - 18 0.007 0.017
2026-10-08 06:52:02,029 54 INFO bench werkzeug: 127.0.0.1 - - [08/Oct/2026 06:52:02] "POST /json/2/res.partner/search HTTP/1.1" 200 - 4 0.002 0.007
2026-10-08 06:52:02,065 54 INFO bench werkzeug: 127.0.0.1 - - [08/Oct/2026 06:52:02] "POST /json/2/res.partner/create HTTP/1.1" 200 - 18 0.007 0.017
2026-10-08 06:52:02,093 54 INFO bench werkzeug: 127.0.0.1 - - [08/Oct/2026 06:52:02] "POST /json/2/res.partner/search HTTP/1.1" 200 - 4 0.002 0.006
2026-10-08 06:52:02,132 54 INFO bench werkzeug: 127.0.0.1 - - [08/Oct/2026 06:52:02] "POST /json/2/res.partner/create HTTP/1.1" 200 - 18 0.007 0.019
2026-10-08 06:52:02,155 54 INFO bench werkzeug: 127.0.0.1 - - [08/Oct/2026 06:52:02] "POST /json/2/res.partner/search HTTP/1.1" 200 - 4 0.002 0.006
2026-10-08 06:52:02,193 54 INFO bench werkzeug: 127.0.0.1 - - [08/Oct/2026 06:52:02] "POST /json/2/res.partner/create HTTP/1.1" 200 - 18 0.007 0.017
2026-10-08 06:52:02,214 54 INFO bench werkzeug: 127.0.0.1 - - [08/Oct/2026 06:52:02] "POST /json/2/res.partner/search HTTP/1.1" 200 - 4 0.002 0.006
2026-10-08 06:52:02,255 54 INFO bench werkzeug: 127.0.0.1 - - [08/Oct/2026 06:52:02] "POST /json/2/res.partner/create HTTP/1.1" 200 - 18 0.009 0.019
2026-10-08 06:52:02,276 54 INFO bench werkzeug: 127.0.0.1 - - [08/Oct/2026 06:52:02] "POST /json/2/res.partner/search HTTP/1.1" 200 - 4 0.002 0.007
2026-10-08 06:52:02,315 54 INFO bench werkzeug: 127.0.0.1 - - [08/Oct/2026 06:52:02] "POST /json/2/res.partner/create HTTP/1.1" 200 - 18 0.007 0.019
2026-10-08 06:52:02,336 54 INFO bench werkzeug: 127.0.0.1 - - [08/Oct/2026 06:52:02] "POST /json/2/res.partner/search HTTP/1.1" 200 - 4 0.002 0.006
2026-10-08 06:52:02,373 54 INFO bench werkzeug: 127.0.0.1 - - [08/Oct/2026 06:52:02] "POST /json/2/res.partner/create HTTP/1.1" 200 - 18 0.007 0.018
2026-10-08 06:52:02,394 54 INFO bench werkzeug: 127.0.0.1 - - [08/Oct/2026 06:52:02] "POST /json/2/res.partner/search HTTP/1.1" 200 - 4 0.002 0.006
2026-10-08 06:52:02,433 54 INFO bench werkzeug: 127.0.0.1 - - [08/Oct/2026 06:52:02] "POST /json/2/res.partner/create HTTP/1.1" 200 - 18 0.007 0.019
2026-10-08 06:52:02,455 54 INFO bench werkzeug: 127.0.0.1 - - [08/Oct/2026 06:52:02] "POST /json/2/res.partner/search HTTP/1.1" 200 - 4 0.002 0.007
2026-10-08 06:52:02,500 54 INFO bench werkzeug: 127.0.0.1 - - [08/Oct/2026 06:52:02] "POST /json/2/res.partner/create HTTP/1.1" 200 - 18 0.007 0.018
2026-10-08 06:52:02,523 54 INFO bench werkzeug: 127.0.0.1 - - [08/Oct/2026 06:52:02] "POST /json/2/res.partner/search HTTP/1.1" 200 - 4 0.002 0.006
2026-10-08 06:52:02,563 54 INFO bench werkzeug: 127.0.0.1 - - [08/Oct/2026 06:52:02] "POST /json/2/res.partner/create HTTP/1.1" 200 - 18 0.006 0.018
2026-10-08 06:52:02,588 54 INFO bench werkzeug: 127.0.0.1 - - [08/Oct/2026 06:52:02] "POST /json/2/res.partner/search HTTP/1.1" 200 - 4 0.003 0.006
2026-10-08 06:52:02,625 54 INFO bench werkzeug: 127.0.0.1 - - [08/Oct/2026 06:52:02] "POST /json/2/res.partner/create HTTP/1.1" 200 - 18 0.007 0.017
2026-10-08 06:52:02,645 54 INFO bench werkzeug: 127.0.0.1 - - [08/Oct/2026 06:52:02] "POST /json/2/res.partner/search HTTP/1.1" 200 - 4 0.002 0.006
2026-10-08 06:52:02,682 54 INFO bench werkzeug: 127.0.0.1 - - [08/Oct/2026 06:52:02] "POST /json/2/res.partner/create HTTP/1.1" 200 - 18 0.007 0.017
2026-10-08 06:52:02,703 54 INFO bench werkzeug: 127.0.0.1 - - [08/Oct/2026 06:52:02] "POST /json/2/res.partner/search HTTP/1.1" 200 - 4 0.002 0.006
2026-10-08 06:52:02,740 54 INFO bench werkzeug: 127.0.0.1 - - [08/Oct/2026 06:52:02] "POST /json/2/res.partner/create HTTP/1.1" 200 - 18 0.007 0.017
2026-10-08 06:52:02,761 54 INFO bench werkzeug: 127.0.0.1 - - [08/Oct/2026 06:52:02] "POST /json/2/res.partner/search HTTP/1.1" 200 - 4 0.002 0.006
2026-10-08 06:52:02,801 54 INFO bench werkzeug: 127.0.0.1 - - [08/Oct/2026 06:52:02] "POST /json/2/res.partner/create HTTP/1.1" 200 - 18 0.007 0.019
2026-10-08 06:52:02,822 54 INFO bench werkzeug: 127.0.0.1 - - [08/Oct/2026 06:52:02] "POST /json/2/res.partner/search HTTP/1.1" 200 - 4 0.002 0.006
2026-10-08 06:52:02,861 54 INFO bench werkzeug: 127.0.0.1 - - [08/Oct/2026 06:52:02] "POST /json/2/res.partner/create HTTP/1.1" 200 - 18 0.007 0.019
2026-10-08 06:52:02,891 54 INFO bench werkzeug: 127.0.0.1 - - [08/Oct/2026 06:52:02] "POST /json/2/res.partner/search HTTP/1.1" 200 - 4 0.002 0.006
2026-10-08 06:52:02,933 54 INFO bench werkzeug: 127.0.0.1 - - [08/Oct/2026 06:52:02] "POST /json/2/res.partner/create HTTP/1.1" 200 - 18 0.009 0.020
2026-10-08 06:52:02,956 54 INFO bench werkzeug: 127.0.0.1 - - [08/Oct/2026 06:52:02] "POST /json/2/res.partner/search HTTP/1.1" 200 - 4 0.002 0.006
2026-10-08 06:52:03,018 54 INFO bench werkzeug: 127.0.0.1 - - [08/Oct/2026 06:52:03] "POST /json/2/res.partner/create HTTP/1.1" 200 - 18 0.007 0.041
2026-10-08 06:52:03,041 54 INFO bench werkzeug: 127.0.0.1 - - [08/Oct/2026 06:52:03] "POST /json/2/res.partner/search HTTP/1.1" 200 - 4 0.002 0.006
2026-10-08 06:52:03,080 54 INFO bench werkzeug: 127.0.0.1 - - [08/Oct/2026 06:52:03] "POST /json/2/res.partner/create HTTP/1.1" 200 - 18 0.008 0.018
2026-10-08 06:52:03,101 54 INFO bench werkzeug: 127.0.0.1 - - [08/Oct/2026 06:52:03] "POST /json/2/res.partner/search HTTP/1.1" 200 - 4 0.002 0.006
2026-10-08 06:52:03,142 54 INFO bench werkzeug: 127.0.0.1 - - [08/Oct/2026 06:52:03] "POST /json/2/res.partner/create HTTP/1.1" 200 - 18 0.008 0.018
2026-10-08 06:52:03,163 54 INFO bench werkzeug: 127.0.0.1 - - [08/Oct/2026 06:52:03] "POST /json/2/res.partner/search HTTP/1.1" 200 - 4 0.003 0.006
2026-10-08 06:52:03,206 54 INFO bench werkzeug: 127.0.0.1 - - [08/Oct/2026 06:52:03] "POST /json/2/res.partner/create HTTP/1.1" 200 - 18 0.008 0.019
2026-10-08 06:52:03,228 54 INFO bench werkzeug: 127.0.0.1 - - [08/Oct/2026 06:52:03] "POST /json/2/res.partner/search HTTP/1.1" 200 - 4 0.002 0.006
2026-10-08 06:52:03,268 54 INFO bench werkzeug: 127.0.0.1 - - [08/Oct/2026 06:52:03] "POST /json/2/res.partner/create HTTP/1.1" 200 - 18 0.008 0.019
2026-10-08 06:52:03,297 54 INFO bench werkzeug: 127.0.0.1 - - [08/Oct/2026 06:52:03] "POST /json/2/res.partner/search HTTP/1.1" 200 - 4 0.002 0.006
2026-10-08 06:52:03,337 54 INFO bench werkzeug: 127.0.0.1 - - [08/Oct/2026 06:52:03] "POST /json/2/res.partner/create HTTP/1.1" 200 - 18 0.007 0.018
2026-10-08 06:52:03,357 54 INFO bench werkzeug: 127.0.0.1 - - [08/Oct/2026 06:52:03] "POST /json/2/res.partner/search HTTP/1.1" 200 - 4 0.002 0.006
2026-10-08 06:52:03,398 54 INFO bench werkzeug: 127.0.0.1 - - [08/Oct/2026 06:52:03] "POST /json/2/res.partner/create HTTP/1.1" 200 - 18 0.008 0.021
2026-10-08 06:52:03,419 54 INFO bench werkzeug: 127.0.0.1 - - [08/Oct/2026 06:52:03] "POST /json/2/res.partner/search HTTP/1.1" 200 - 4 0.002 0.006
2026-10-08 06:52:03,458 54 INFO bench werkzeug: 127.0.0.1 - - [08/Oct/2026 06:52:03] "POST /json/2/res.partner/create HTTP/1.1" 200 - 18 0.007 0.019
2026-10-08 06:52:03,479 54 INFO bench werkzeug: 127.0.0.1 - - [08/Oct/2026 06:52:03] "POST /json/2/res.partner/search HTTP/1.1" 200 - 4 0.002 0.006
2026-10-08 06:52:03,519 54 INFO bench werkzeug: 127.0.0.1 - - [08/Oct/2026 06:52:03] "POST /json/2/res.partner/create HTTP/1.1" 200 - 18 0.007 0.019
2026-10-08 06:52:03,540 54 INFO bench werkzeug: 127.0.0.1 - - [08/Oct/2026 06:52:03] "POST /json/2/res.partner/search HTTP/1.1" 200 - 4 0.002 0.006
2026-10-08 06:52:03,579 54 INFO bench werkzeug: 127.0.0.1 - - [08/Oct/2026 06:52:03] "POST /json/2/res.partner/create HTTP/1.1" 200 - 18 0.008 0.019
2026-10-08 06:52:03,600 54 INFO bench werkzeug: 127.0.0.1 - - [08/Oct/2026 06:52:03] "POST /json/2/res.partner/search HTTP/1.1" 200 - 4 0.002 0.006
2026-10-08 06:52:03,640 54 INFO bench werkzeug: 127.0.0.1 - - [08/Oct/2026 06:52:03] "POST /json/2/res.partner/create HTTP/1.1" 200 - 18 0.009 0.019
2026-10-08 06:52:03,662 54 INFO bench werkzeug: 127.0.0.1 - - [08/Oct/2026 06:52:03] "POST /json/2/res.partner/search HTTP/1.1" 200 - 4 0.002 0.006
2026-10-08 06:52:03,704 54 INFO bench werkzeug: 127.0.0.1 - - [08/Oct/2026 06:52:03] "POST /json/2/res.partner/create HTTP/1.1" 200 - 18 0.008 0.019
2026-10-08 06:52:03,735 54 INFO bench werkzeug: 127.0.0.1 - - [08/Oct/2026 06:52:03] "POST /json/2/res.partner/search HTTP/1.1" 200 - 4 0.002 0.006
2026-10-08 06:52:03,775 54 INFO bench werkzeug: 127.0.0.1 - - [08/Oct/2026 06:52:03] "POST /json/2/res.partner/create HTTP/1.1" 200 - 18 0.007 0.019
2026-10-08 06:52:03,797 54 INFO bench werkzeug: 127.0.0.1 - - [08/Oct/2026 06:52:03] "POST /json/2/res.partner/search HTTP/1.1" 200 - 4 0.002 0.006
2026-10-08 06:52:03,840 54 INFO bench werkzeug: 127.0.0.1 - - [08/Oct/2026 06:52:03] "POST /json/2/res.partner/create HTTP/1.1" 200 - 18 0.008 0.020
2026-10-08 06:52:03,863 54 INFO bench werkzeug: 127.0.0.1 - - [08/Oct/2026 06:52:03] "POST /json/2/res.partner/search HTTP/1.1" 200 - 4 0.002 0.006
2026-10-08 06:52:03,901 54 INFO bench werkzeug: 127.0.0.1 - - [08/Oct/2026 06:52:03] "POST /json/2/res.partner/create HTTP/1.1" 200 - 18 0.007 0.019
2026-10-08 06:52:03,923 54 INFO bench werkzeug: 127.0.0.1 - - [08/Oct/2026 06:52:03] "POST /json/2/res.partner/search HTTP/1.1" 200 - 4 0.003 0.006
2026-10-08 06:52:03,964 54 INFO bench werkzeug: 127.0.0.1 - - [08/Oct/2026 06:52:03] "POST /json/2/res.partner/create HTTP/1.1" 200 - 18 0.007 0.019
2026-10-08 06:52:03,988 54 INFO bench werkzeug: 127.0.0.1 - - [08/Oct/2026 06:52:03] "POST /json/2/res.partner/search HTTP/1.1" 200 - 4 0.003 0.006
2026-10-08 06:52:04,028 54 INFO bench werkzeug: 127.0.0.1 - - [08/Oct/2026 06:52:04] "POST /json/2/res.partner/create HTTP/1.1" 200 - 18 0.008 0.019
2026-10-08 06:52:04,051 54 INFO bench werkzeug: 127.0.0.1 - - [08/Oct/2026 06:52:04] "POST /json/2/res.partner/search HTTP/1.1" 200 - 4 0.002 0.008
2026-10-08 06:52:04,089 54 INFO bench werkzeug: 127.0.0.1 - - [08/Oct/2026 06:52:04] "POST /json/2/res.partner/create HTTP/1.1" 200 - 18 0.007 0.018
2026-10-08 06:52:04,111 54 INFO bench werkzeug: 127.0.0.1 - - [08/Oct/2026 06:52:04] "POST /json/2/res.partner/search HTTP/1.1" 200 - 4 0.002 0.006
2026-10-08 06:52:04,159 54 INFO bench werkzeug: 127.0.0.1 - - [08/Oct/2026 06:52:04] "POST /json/2/res.partner/create HTTP/1.1" 200 - 18 0.009 0.019
2026-10-08 06:52:04,181 54 INFO bench werkzeug: 127.0.0.1 - - [08/Oct/2026 06:52:04] "POST /json/2/res.partner/search HTTP/1.1" 200 - 4 0.002 0.006
2026-10-08 06:52:04,219 54 INFO bench werkzeug: 127.0.0.1 - - [08/Oct/2026 06:52:04] "POST /json/2/res.partner/create HTTP/1.1" 200 - 18 0.007 0.018
2026-10-08 06:52:04,241 54 INFO bench werkzeug: 127.0.0.1 - - [08/Oct/2026 06:52:04] "POST /json/2/res.partner/search HTTP/1.1" 200 - 4 0.002 0.006
2026-10-08 06:52:04,284 54 INFO bench werkzeug: 127.0.0.1 - - [08/Oct/2026 06:52:04] "POST /json/2/res.partner/create HTTP/1.1" 200 - 18 0.007 0.022
2026-10-08 06:52:04,305 54 INFO bench werkzeug: 127.0.0.1 - - [08/Oct/2026 06:52:04] "POST /json/2/res.partner/search HTTP/1.1" 200 - 4 0.002 0.006
2026-10-08 06:52:04,343 54 INFO bench werkzeug: 127.0.0.1 - - [08/Oct/2026 06:52:04] "POST /json/2/res.partner/create HTTP/1.1" 200 - 18 0.008 0.017
2026-10-08 06:52:04,365 54 INFO bench werkzeug: 127.0.0.1 - - [08/Oct/2026 06:52:04] "POST /json/2/res.partner/search HTTP/1.1" 200 - 4 0.002 0.006
2026-10-08 06:52:04,405 54 INFO bench werkzeug: 127.0.0.1 - - [08/Oct/2026 06:52:04] "POST /json/2/res.partner/create HTTP/1.1" 200 - 18 0.007 0.019
2026-10-08 06:52:04,426 54 INFO bench werkzeug: 127.0.0.1 - - [08/Oct/2026 06:52:04] "POST /json/2/res.partner/search HTTP/1.1" 200 - 4 0.002 0.006
2026-10-08 06:52:04,466 54 INFO bench werkzeug: 127.0.0.1 - - [08/Oct/2026 06:52:04] "POST /json/2/res.partner/create HTTP/1.1" 200 - 18 0.007 0.020
2026-10-08 06:52:04,488 54 INFO bench werkzeug: 127.0.0.1 - - [08/Oct/2026 06:52:04] "POST /json/2/res.partner/search HTTP/1.1" 200 - 4 0.002 0.006
2026-10-08 06:52:04,530 54 INFO bench werkzeug: 127.0.0.1 - - [08/Oct/2026 06:52:04] "POST /json/2/res.partner/create HTTP/1.1" 200 - 18 0.007 0.020
2026-10-08 06:52:04,557 54 INFO bench werkzeug: 127.0.0.1 - - [08/Oct/2026 06:52:04] "POST /json/2/res.partner/search HTTP/1.1" 200 - 4 0.002 0.006
2026-10-08 06:52:04,600 54 INFO bench werkzeug: 127.0.0.1 - - [08/Oct/2026 06:52:04] "POST /json/2/res.partner/create HTTP/1.1" 200 - 18 0.007 0.021
2026-10-08 06:52:04,620 54 INFO bench werkzeug: 127.0.0.1 - - [08/Oct/2026 06:52:04] "POST /json/2/res.partner/search HTTP/1.1" 200 - 4 0.002 0.006
2026-10-08 06:52:04,660 54 INFO bench werkzeug: 127.0.0.1 - - [08/Oct/2026 06:52:04] "POST /json/2/res.partner/create HTTP/1.1" 200 - 18 0.008 0.020
2026-10-08 06:52:04,681 54 INFO bench werkzeug: 127.0.0.1 - - [08/Oct/2026 06:52:04] "POST /json/2/res.partner/search HTTP/1.1" 200 - 4 0.002 0.006
2026-10-08 06:52:04,720 54 INFO bench werkzeug: 127.0.0.1 - - [08/Oct/2026 06:52:04] "POST /json/2/res.partner/create HTTP/1.1" 200 - 18 0.007 0.019
2026-10-08 06:52:04,741 54 INFO bench werkzeug: 127.0.0.1 - - [08/Oct/2026 06:52:04] "POST /json/2/res.partner/search HTTP/1.1" 200 - 4 0.002 0.005
2026-10-08 06:52:04,779 54 INFO bench werkzeug: 127.0.0.1 - - [08/Oct/2026 06:52:04] "POST /json/2/res.partner/create HTTP/1.1" 200 - 18 0.007 0.018
2026-10-08 06:52:04,800 54 INFO bench werkzeug: 127.0.0.1 - - [08/Oct/2026 06:52:04] "POST /json/2/res.partner/read HTTP/1.1" 200 - 4 0.002 0.006
2026-10-08 06:52:04,820 54 INFO bench werkzeug: 127.0.0.1 - - [08/Oct/2026 06:52:04] "POST /json/2/res.partner/search HTTP/1.1" 200 - 4 0.002 0.006
2026-10-08 06:52:04,861 54 INFO bench werkzeug: 127.0.0.1 - - [08/Oct/2026 06:52:04] "POST /json/2/res.partner/create HTTP/1.1" 200 - 18 0.006 0.021
2026-10-08 06:52:04,884 54 INFO bench werkzeug: 127.0.0.1 - - [08/Oct/2026 06:52:04] "POST /json/2/res.partner/search HTTP/1.1" 200 - 4 0.002 0.006
2026-10-08 06:52:04,925 54 INFO bench werkzeug: 127.0.0.1 - - [08/Oct/2026 06:52:04] "POST /json/2/res.partner/create HTTP/1.1" 200 - 18 0.008 0.020
2026-10-08 06:52:04,954 54 INFO bench werkzeug: 127.0.0.1 - - [08/Oct/2026 06:52:04] "POST /json/2/res.partner/search HTTP/1.1" 200 - 4 0.002 0.006
2026-10-08 06:52:04,993 54 INFO bench werkzeug: 127.0.0.1 - - [08/Oct/2026 06:52:04] "POST /json/2/res.partner/create HTTP/1.1" 200 - 18 0.007 0.019
2026-10-08 06:52:05,016 54 INFO bench werkzeug: 127.0.0.1 - - [08/Oct/2026 06:52:05] "POST /json/2/res.partner/search HTTP/1.1" 200 - 4 0.002 0.006
2026-10-08 06:52:05,054 54 INFO bench werkzeug: 127.0.0.1 - - [08/Oct/2026 06:52:05] "POST /json/2/res.partner/create HTTP/1.1" 200 - 18 0.007 0.018
2026-10-08 06:52:05,076 54 INFO bench werkzeug: 127.0.0.1 - - [08/Oct/2026 06:52:05] "POST /json/2/res.partner/search HTTP/1.1" 200 - 4 0.002 0.007
2026-10-08 06:52:05,115 54 INFO bench werkzeug: 127.0.0.1 - - [08/Oct/2026 06:52:05] "POST /json/2/res.partner/create HTTP/1.1" 200 - 18 0.008 0.019
2026-10-08 06:52:05,136 54 INFO bench werkzeug: 127.0.0.1 - - [08/Oct/2026 06:52:05] "POST /json/2/res.partner/search HTTP/1.1" 200 - 4 0.002 0.006
2026-10-08 06:52:05,174 54 INFO bench werkzeug: 127.0.0.1 - - [08/Oct/2026 06:52:05] "POST /json/2/res.partner/create HTTP/1.1" 200 - 18 0.007 0.018
2026-10-08 06:52:05,196 54 INFO bench werkzeug: 127.0.0.1 - - [08/Oct/2026 06:52:05] "POST /json/2/res.partner/search HTTP/1.1" 200 - 4 0.002 0.006
2026-10-08 06:52:05,236 54 INFO bench werkzeug: 127.0.0.1 - - [08/Oct/2026 06:52:05] "POST /json/2/res.partner/create HTTP/1.1" 200 - 18 0.007 0.018
2026-10-08 06:52:05,258 54 INFO bench werkzeug: 127.0.0.1 - - [08/Oct/2026 06:52:05] "POST /json/2/res.partner/search HTTP/1.1" 200 - 4 0.002 0.007
2026-10-08 06:52:05,299 54 INFO bench werkzeug: 127.0.0.1 - - [08/Oct/2026 06:52:05] "POST /json/2/res.partner/create HTTP/1.1" 200 - 18 0.008 0.020
2026-10-08 06:52:05,319 54 INFO bench werkzeug: 127.0.0.1 - - [08/Oct/2026 06:52:05] "POST /json/2/res.partner/search HTTP/1.1" 200 - 4 0.002 0.006
2026-10-08 06:52:05,368 54 INFO bench werkzeug: 127.0.0.1 - - [08/Oct/2026 06:52:05] "POST /json/2/res.partner/create HTTP/1.1" 200 - 18 0.008 0.019
2026-10-08 06:52:05,390 54 INFO bench werkzeug: 127.0.0.1 - - [08/Oct/2026 06:52:05] "POST /json/2/res.partner/search HTTP/1.1" 200 - 4 0.002 0.007
2026-10-08 06:52:05,431 54 INFO bench werkzeug: 127.0.0.1 - - [08/Oct/2026 06:52:05] "POST /json/2/res.partner/create HTTP/1.1" 200 - 18 0.008 0.020
2026-10-08 06:52:05,452 54 INFO bench werkzeug: 127.0.0.1 - - [08/Oct/2026 06:52:05] "POST /json/2/res.partner/search HTTP/1.1" 200 - 4 0.002 0.006
2026-10-08 06:52:05,492 54 INFO bench werkzeug: 127.0.0.1 - - [08/Oct/2026 06:52:05] "POST /json/2/res.partner/create HTTP/1.1" 200 - 18 0.008 0.019
2026-10-08 06:52:05,512 54 INFO bench werkzeug: 127.0.0.1 - - [08/Oct/2026 06:52:05] "POST /json/2/res.partner/search HTTP/1.1" 200 - 4 0.002 0.006
2026-10-08 06:52:05,551 54 INFO bench werkzeug: 127.0.0.1 - - [08/Oct/2026 06:52:05] "POST /json/2/res.partner/create HTTP/1.1" 200 - 18 0.007 0.019
2026-10-08 06:52:05,573 54 INFO bench werkzeug: 127.0.0.1 - - [08/Oct/2026 06:52:05] "POST /json/2/res.partner/search HTTP/1.1" 200 - 4 0.002 0.007
2026-10-08 06:52:05,614 54 INFO bench werkzeug: 127.0.0.1 - - [08/Oct/2026 06:52:05] "POST /json/2/res.partner/create HTTP/1.1" 200 - 18 0.008 0.021
2026-10-08 06:52:05,636 54 INFO bench werkzeug: 127.0.0.1 - - [08/Oct/2026 06:52:05] "POST /json/2/res.partner/search HTTP/1.1" 200 - 4 0.002 0.006
2026-10-08 06:52:05,678 54 INFO bench werkzeug: 127.0.0.1 - - [08/Oct/2026 06:52:05] "POST /json/2/res.partner/create HTTP/1.1" 200 - 18 0.009 0.019
2026-10-08 06:52:05,700 54 INFO bench werkzeug: 127.0.0.1 - - [08/Oct/2026 06:52:05] "POST /json/2/res.partner/search HTTP/1.1" 200 - 4 0.002 0.006
2026-10-08 06:52:05,739 54 INFO bench werkzeug: 127.0.0.1 - - [08/Oct/2026 06:52:05] "POST /json/2/res.partner/create HTTP/1.1" 200 - 18 0.008 0.020
2026-10-08 06:52:05,769 54 INFO bench werkzeug: 127.0.0.1 - - [08/Oct/2026 06:52:05] "POST /json/2/res.partner/search HTTP/1.1" 200 - 4 0.002 0.006
2026-10-08 06:52:05,809 54 INFO bench werkzeug: 127.0.0.1 - - [08/Oct/2026 06:52:05] "POST /json/2/res.partner/create HTTP/1.1" 200 - 18 0.007 0.020
2026-10-08 06:52:05,829 54 INFO bench werkzeug: 127.0.0.1 - - [08/Oct/2026 06:52:05] "POST /json/2/res.partner/search HTTP/1.1" 200 - 4 0.002 0.006
2026-10-08 06:52:05,872 54 INFO bench werkzeug: 127.0.0.1 - - [08/Oct/2026 06:52:05] "POST /json/2/res.partner/create HTTP/1.1" 200 - 18 0.008 0.020
2026-10-08 06:52:05,895 54 INFO bench werkzeug: 127.0.0.1 - - [08/Oct/2026 06:52:05] "POST /json/2/res.partner/search HTTP/1.1" 200 - 4 0.002 0.006
2026-10-08 06:52:05,936 54 INFO bench werkzeug: 127.0.0.1 - - [08/Oct/2026 06:52:05] "POST /json/2/res.partner/create HTTP/1.1" 200 - 18 0.008 0.020
2026-10-08 06:52:05,957 54 INFO bench werkzeug: 127.0.0.1 - - [08/Oct/2026 06:52:05] "POST /json/2/res.partner/search HTTP/1.1" 200 - 4 0.002 0.006
2026-10-08 06:52:05,999 54 INFO bench werkzeug: 127.0.0.1 - - [08/Oct/2026 06:52:05] "POST /json/2/res.partner/create HTTP/1.1" 200 - 18 0.008 0.020
2026-10-08 06:52:06,022 54 INFO bench werkzeug: 127.0.0.1 - - [08/Oct/2026 06:52:06] "POST /json/2/res.partner/search HTTP/1.1" 200 - 4 0.002 0.007
2026-10-08 06:52:06,065 54 INFO bench werkzeug: 127.0.0.1 - - [08/Oct/2026 06:52:06] "POST /json/2/res.partner/create HTTP/1.1" 200 - 18 0.008 0.021
2026-10-08 06:52:06,086 54 INFO bench werkzeug: 127.0.0.1 - - [08/Oct/2026 06:52:06] "POST /json/2/res.partner/search HTTP/1.1" 200 - 4 0.002 0.006
2026-10-08 06:52:06,128 54 INFO bench werkzeug: 127.0.0.1 - - [08/Oct/2026 06:52:06] "POST /json/2/res.partner/create HTTP/1.1" 200 - 18 0.008 0.022
2026-10-08 06:52:06,150 54 INFO bench werkzeug: 127.0.0.1 - - [08/Oct/2026 06:52:06] "POST /json/2/res.partner/search HTTP/1.1" 200 - 4 0.002 0.006
2026-10-08 06:52:06,200 54 INFO bench werkzeug: 127.0.0.1 - - [08/Oct/2026 06:52:06] "POST /json/2/res.partner/create HTTP/1.1" 200 - 18 0.007 0.021
2026-10-08 06:52:06,222 54 INFO bench werkzeug: 127.0.0.1 - - [08/Oct/2026 06:52:06] "POST /json/2/res.partner/search HTTP/1.1" 200 - 4 0.003 0.007
2026-10-08 06:52:06,264 54 INFO bench werkzeug: 127.0.0.1 - - [08/Oct/2026 06:52:06] "POST /json/2/res.partner/create HTTP/1.1" 200 - 18 0.007 0.019
2026-10-08 06:52:06,286 54 INFO bench werkzeug: 127.0.0.1 - - [08/Oct/2026 06:52:06] "POST /json/2/res.partner/search HTTP/1.1" 200 - 4 0.002 0.006
2026-10-08 06:52:06,324 54 INFO bench werkzeug: 127.0.0.1 - - [08/Oct/2026 06:52:06] "POST /json/2/res.partner/create HTTP/1.1" 200 - 18 0.007 0.018
2026-10-08 06:52:06,345 54 INFO bench werkzeug: 127.0.0.1 - - [08/Oct/2026 06:52:06] "POST /json/2/res.partner/search HTTP/1.1" 200 - 4 0.002 0.006
2026-10-08 06:52:06,393 54 INFO bench werkzeug: 127.0.0.1 - - [08/Oct/2026 06:52:06] "POST /json/2/res.partner/create HTTP/1.1" 200 - 18 0.008 0.021
2026-10-08 06:52:06,416 54 INFO bench werkzeug: 127.0.0.1 - - [08/Oct/2026 06:52:06] "POST /json/2/res.partner/search HTTP/1.1" 200 - 4 0.003 0.006
2026-10-08 06:52:06,459 54 INFO bench werkzeug: 127.0.0.1 - - [08/Oct/2026 06:52:06] "POST /json/2/res.partner/create HTTP/1.1" 200 - 18 0.007 0.021
2026-10-08 06:52:06,481 54 INFO bench werkzeug: 127.0.0.1 - - [08/Oct/2026 06:52:06] "POST /json/2/res.partner/search HTTP/1.1" 200 - 4 0.002 0.006
2026-10-08 06:52:06,522 54 INFO bench werkzeug: 127.0.0.1 - - [08/Oct/2026 06:52:06] "POST /json/2/res.partner/create HTTP/1.1" 200 - 18 0.008 0.020
2026-10-08 06:52:06,545 54 INFO bench werkzeug: 127.0.0.1 - - [08/Oct/2026 06:52:06] "POST /json/2/res.partner/search HTTP/1.1" 200 - 4 0.002 0.006
2026-10-08 06:52:06,592 54 INFO bench werkzeug: 127.0.0.1 - - [08/Oct/2026 06:52:06] "POST /json/2/res.partner/create HTTP/1.1" 200 - 18 0.008 0.023
2026-10-08 06:52:06,622 54 INFO bench werkzeug: 127.0.0.1 - - [08/Oct/2026 06:52:06] "POST /json/2/res.partner/search HTTP/1.1" 200 - 4 0.002 0.006
2026-10-08 06:52:06,665 54 INFO bench werkzeug: 127.0.0.1 - - [08/Oct/2026 06:52:06] "POST /json/2/res.partner/create HTTP/1.1" 200 - 18 0.008 0.020
2026-10-08 06:52:06,688 54 INFO bench werkzeug: 127.0.0.1 - - [08/Oct/2026 06:52:06] "POST /json/2/res.partner/search HTTP/1.1" 200 - 4 0.003 0.006
2026-10-08 06:52:06,726 54 INFO bench werkzeug: 127.0.0.1 - - [08/Oct/2026 06:52:06] "POST /json/2/res.partner/create HTTP/1.1" 200 - 18 0.008 0.018
2026-10-08 06:52:06,746 54 INFO bench werkzeug: 127.0.0.1 - - [08/Oct/2026 06:52:06] "POST /json/2/res.partner/search HTTP/1.1" 200 - 4 0.002 0.005
2026-10-08 06:52:06,784 54 INFO bench werkzeug: 127.0.0.1 - - [08/Oct/2026 06:52:06] "POST /json/2/res.partner/create HTTP/1.1" 200 - 18 0.007 0.017
2026-10-08 06:52:06,804 54 INFO bench werkzeug: 127.0.0.1 - - [08/Oct/2026 06:52:06] "POST /json/2/res.partner/search HTTP/1.1" 200 - 4 0.002 0.006
2026-10-08 06:52:06,844 54 INFO bench werkzeug: 127.0.0.1 - - [08/Oct/2026 06:52:06] "POST /json/2/res.partner/create HTTP/1.1" 200 - 18 0.008 0.019
2026-10-08 06:52:06,865 54 INFO bench werkzeug: 127.0.0.1 - - [08/Oct/2026 06:52:06] "POST /json/2/res.partner/search HTTP/1.1" 200 - 4 0.002 0.006
2026-10-08 06:52:06,905 54 INFO bench werkzeug: 127.0.0.1 - - [08/Oct/2026 06:52:06] "POST /json/2/res.partner/create HTTP/1.1" 200 - 18 0.007 0.019
2026-10-08 06:52:06,925 54 INFO bench werkzeug: 127.0.0.1 - - [08/Oct/2026 06:52:06] "POST /json/2/res.partner/search HTTP/1.1" 200 - 4 0.002 0.005
2026-10-08 06:52:06,962 54 INFO bench werkzeug: 127.0.0.1 - - [08/Oct/2026 06:52:06] "POST /json/2/res.partner/create HTTP/1.1" 200 - 18 0.006 0.017
2026-10-08 06:52:06,988 54 INFO bench werkzeug: 127.0.0.1 - - [08/Oct/2026 06:52:06] "POST /json/2/res.partner/search HTTP/1.1" 200 - 4 0.002 0.006
2026-10-08 06:52:07,030 54 INFO bench werkzeug: 127.0.0.1 - - [08/Oct/2026 06:52:07] "POST /json/2/res.partner/create HTTP/1.1" 200 - 18 0.007 0.019
2026-10-08 06:52:07,052 54 INFO bench werkzeug: 127.0.0.1 - - [08/Oct/2026 06:52:07] "POST /json/2/res.partner/search HTTP/1.1" 200 - 4 0.002 0.006
2026-10-08 06:52:07,094 54 INFO bench werkzeug: 127.0.0.1 - - [08/Oct/2026 06:52:07] "POST /json/2/res.partner/create HTTP/1.1" 200 - 18 0.008 0.021
2026-10-08 06:52:07,115 54 INFO bench werkzeug: 127.0.0.1 - - [08/Oct/2026 06:52:07] "POST /json/2/res.partner/search HTTP/1.1" 200 - 4 0.002 0.006
2026-10-08 06:52:07,154 54 INFO bench werkzeug: 127.0.0.1 - - [08/Oct/2026 06:52:07] "POST /json/2/res.partner/create HTTP/1.1" 200 - 18 0.007 0.018
2026-10-08 06:52:07,175 54 INFO bench werkzeug: 127.0.0.1 - - [08/Oct/2026 06:52:07] "POST /json/2/res.partner/search HTTP/1.1" 200 - 4 0.003 0.006
2026-10-08 06:52:07,215 54 INFO bench werkzeug: 127.0.0.1 - - [08/Oct/2026 06:52:07] "POST /json/2/res.partner/create HTTP/1.1" 200 - 18 0.007 0.019
2026-10-08 06:52:07,236 54 INFO bench werkzeug: 127.0.0.1 - - [08/Oct/2026 06:52:07] "POST /json/2/res.partner/search HTTP/1.1" 200 - 4 0.002 0.006
2026-10-08 06:52:07,275 54 INFO bench werkzeug: 127.0.0.1 - - [08/Oct/2026 06:52:07] "POST /json/2/res.partner/create HTTP/1.1" 200 - 18 0.007 0.018
2026-10-08 06:52:07,296 54 INFO bench werkzeug: 127.0.0.1 - - [08/Oct/2026 06:52:07] "POST /json/2/res.partner/search HTTP/1.1" 200 - 4 0.002 0.006
2026-10-08 06:52:07,333 54 INFO bench werkzeug: 127.0.0.1 - - [08/Oct/2026 06:52:07] "POST /json/2/res.partner/create HTTP/1.1" 200 - 18 0.007 0.017
2026-10-08 06:52:07,355 54 INFO bench werkzeug: 127.0.0.1 - - [08/Oct/2026 06:52:07] "POST /json/2/res.partner/search HTTP/1.1" 200 - 4 0.002 0.006
2026-10-08 06:52:07,399 54 INFO bench werkzeug: 127.0.0.1 - - [08/Oct/2026 06:52:07] "POST /json/2/res.partner/create HTTP/1.1" 200 - 18 0.007 0.019
2026-10-08 06:52:07,420 54 INFO bench werkzeug: 127.0.0.1 - - [08/Oct/2026 06:52:07] "POST /json/2/res.partner/search HTTP/1.1" 200 - 4 0.002 0.005
2026-10-08 06:52:07,460 54 INFO bench werkzeug: 127.0.0.1 - - [08/Oct/2026 06:52:07] "POST /json/2/res.partner/create HTTP/1.1" 200 - 18 0.007 0.020
2026-10-08 06:52:07,481 54 INFO bench werkzeug: 127.0.0.1 - - [08/Oct/2026 06:52:07] "POST /json/2/res.partner/search HTTP/1.1" 200 - 4 0.002 0.006
2026-10-08 06:52:07,523 54 INFO bench werkzeug: 127.0.0.1 - - [08/Oct/2026 06:52:07] "POST /json/2/res.partner/create HTTP/1.1" 200 - 18 0.007 0.019
2026-10-08 06:52:07,545 54 INFO bench werkzeug: 127.0.0.1 - - [08/Oct/2026 06:52:07] "POST /json/2/res.partner/search HTTP/1.1" 200 - 4 0.002 0.005
2026-10-08 06:52:07,585 54 INFO bench werkzeug: 127.0.0.1 - - [08/Oct/2026 06:52:07] "POST /json/2/res.partner/create HTTP/1.1" 200 - 18 0.007 0.019
2026-10-08 06:52:07,607 54 INFO bench werkzeug: 127.0.0.1 - - [08/Oct/2026 06:52:07] "POST /json/2/res.partner/search HTTP/1.1" 200 - 4 0.002 0.006
2026-10-08 06:52:07,647 54 INFO bench werkzeug: 127.0.0.1 - - [08/Oct/2026 06:52:07] "POST /json/2/res.partner/create HTTP/1.1" 200 - 18 0.007 0.020
2026-10-08 06:52:07,669 54 INFO bench werkzeug: 127.0.0.1 - - [08/Oct/2026 06:52:07] "POST /json/2/res.partner/search HTTP/1.1" 200 - 4 0.002 0.006
2026-10-08 06:52:07,708 54 INFO bench werkzeug: 127.0.0.1 - - [08/Oct/2026 06:52:07] "POST /json/2/res.partner/create HTTP/1.1" 200 - 18 0.007 0.019
2026-10-08 06:52:07,729 54 INFO bench werkzeug: 127.0.0.1 - - [08/Oct/2026 06:52:07] "POST /json/2/res.partner/search HTTP/1.1" 200 - 4 0.002 0.006
2026-10-08 06:52:07,768 54 INFO bench werkzeug: 127.0.0.1 - - [08/Oct/2026 06:52:07] "POST /json/2/res.partner/create HTTP/1.1" 200 - 18 0.008 0.019
2026-10-08 06:52:07,791 54 INFO bench werkzeug: 127.0.0.1 - - [08/Oct/2026 06:52:07] "POST /json/2/res.partner/search HTTP/1.1" 200 - 4 0.002 0.006
2026-10-08 06:52:07,837 54 INFO bench werkzeug: 127.0.0.1 - - [08/Oct/2026 06:52:07] "POST /json/2/res.partner/create HTTP/1.1" 200 - 18 0.007 0.018
2026-10-08 06:52:07,859 54 INFO bench werkzeug: 127.0.0.1 - - [08/Oct/2026 06:52:07] "POST /json/2/res.partner/search HTTP/1.1" 200 - 4 0.002 0.006
2026-10-08 06:52:07,898 54 INFO bench werkzeug: 127.0.0.1 - - [08/Oct/2026 06:52:07] "POST /json/2/res.partner/create HTTP/1.1" 200 - 18 0.007 0.018
2026-10-08 06:52:07,919 54 INFO bench werkzeug: 127.0.0.1 - - [08/Oct/2026 06:52:07] "POST /json/2/res.partner/search HTTP/1.1" 200 - 4 0.002 0.006
2026-10-08 06:52:07,958 54 INFO bench werkzeug: 127.0.0.1 - - [08/Oct/2026 06:52:07] "POST /json/2/res.partner/create HTTP/1.1" 200 - 18 0.007 0.018
2026-10-08 06:52:07,980 54 INFO bench werkzeug: 127.0.0.1 - - [08/Oct/2026 06:52:07] "POST /json/2/res.partner/search HTTP/1.1" 200 - 4 0.002 0.006
2026-10-08 06:52:08,022 54 INFO bench werkzeug: 127.0.0.1 - - [08/Oct/2026 06:52:08] "POST /json/2/res.partner/create HTTP/1.1" 200 - 18 0.008 0.020
2026-10-08 06:52:08,043 54 INFO bench werkzeug: 127.0.0.1 - - [08/Oct/2026 06:52:08] "POST /json/2/res.partner/search HTTP/1.1" 200 - 4 0.002 0.006
2026-10-08 06:52:08,080 54 INFO bench werkzeug: 127.0.0.1 - - [08/Oct/2026 06:52:08] "POST /json/2/res.partner/create HTTP/1.1" 200 - 18 0.007 0.018
2026-10-08 06:52:08,101 54 INFO bench werkzeug: 127.0.0.1 - - [08/Oct/2026 06:52:08] "POST /json/2/res.partner/search HTTP/1.1" 200 - 4 0.002 0.006
2026-10-08 06:52:08,142 54 INFO bench werkzeug: 127.0.0.1 - - [08/Oct/2026 06:52:08] "POST /json/2/res.partner/create HTTP/1.1" 200 - 18 0.008 0.019
2026-10-08 06:52:08,164 54 INFO bench werkzeug: 127.0.0.1 - - [08/Oct/2026 06:52:08] "POST /json/2/res.partner/search HTTP/1.1" 200 - 4 0.002 0.006
2026-10-08 06:52:08,206 54 INFO bench werkzeug: 127.0.0.1 - - [08/Oct/2026 06:52:08] "POST /json/2/res.partner/create HTTP/1.1" 200 - 18 0.007 0.021
2026-10-08 06:52:08,234 54 INFO bench werkzeug: 127.0.0.1 - - [08/Oct/2026 06:52:08] "POST /json/2/res.partner/search HTTP/1.1" 200 - 4 0.002 0.006
2026-10-08 06:52:08,271 54 INFO bench werkzeug: 127.0.0.1 - - [08/Oct/2026 06:52:08] "POST /json/2/res.partner/create HTTP/1.1" 200 - 18 0.007 0.017
2026-10-08 06:52:08,292 54 INFO bench werkzeug: 127.0.0.1 - - [08/Oct/2026 06:52:08] "POST /json/2/res.partner/search HTTP/1.1" 200 - 4 0.002 0.006
2026-10-08 06:52:08,334 54 INFO bench werkzeug: 127.0.0.1 - - [08/Oct/2026 06:52:08] "POST /json/2/res.partner/create HTTP/1.1" 200 - 18 0.007 0.020
2026-10-08 06:52:08,356 54 INFO bench werkzeug: 127.0.0.1 - - [08/Oct/2026 06:52:08] "POST /json/2/res.partner/search HTTP/1.1" 200 - 4 0.002 0.006
2026-10-08 06:52:08,398 54 INFO bench werkzeug: 127.0.0.1 - - [08/Oct/2026 06:52:08] "POST /json/2/res.partner/create HTTP/1.1" 200 - 18 0.008 0.020
2026-10-08 06:52:08,419 54 INFO bench werkzeug: 127.0.0.1 - - [08/Oct/2026 06:52:08] "POST /json/2/res.partner/search HTTP/1.1" 200 - 4 0.002 0.006
2026-10-08 06:52:08,458 54 INFO bench werkzeug: 127.0.0.1 - - [08/Oct/2026 06:52:08] "POST /json/2/res.partner/create HTTP/1.1" 200 - 18 0.007 0.019
2026-10-08 06:52:08,481 54 INFO bench werkzeug: 127.0.0.1 - - [08/Oct/2026 06:52:08] "POST /json/2/res.partner/search HTTP/1.1" 200 - 4 0.002 0.007
2026-10-08 06:52:08,520 54 INFO bench werkzeug: 127.0.0.1 - - [08/Oct/2026 06:52:08] "POST /json/2/res.partner/create HTTP/1.1" 200 - 18 0.007 0.019
2026-10-08 06:52:08,540 54 INFO bench werkzeug: 127.0.0.1 - - [08/Oct/2026 06:52:08] "POST /json/2/res.partner/search HTTP/1.1" 200 - 4 0.002 0.006
2026-10-08 06:52:08,579 54 INFO bench werkzeug: 127.0.0.1 - - [08/Oct/2026 06:52:08] "POST /json/2/res.partner/create HTTP/1.1" 200 - 18 0.007 0.017
2026-10-08 06:52:08,611 54 INFO bench werkzeug: 127.0.0.1 - - [08/Oct/2026 06:52:08] "POST /json/2/res.partner/search HTTP/1.1" 200 - 4 0.002 0.006
2026-10-08 06:52:08,650 54 INFO bench werkzeug: 127.0.0.1 - - [08/Oct/2026 06:52:08] "POST /json/2/res.partner/create HTTP/1.1" 200 - 18 0.007 0.019
2026-10-08 06:52:08,673 54 INFO bench werkzeug: 127.0.0.1 - - [08/Oct/2026 06:52:08] "POST /json/2/res.partner/search HTTP/1.1" 200 - 4 0.002 0.006
2026-10-08 06:52:08,716 54 INFO bench werkzeug: 127.0.0.1 - - [08/Oct/2026 06:52:08] "POST /json/2/res.partner/create HTTP/1.1" 200 - 18 0.008 0.020
2026-10-08 06:52:08,738 54 INFO bench werkzeug: 127.0.0.1 - - [08/Oct/2026 06:52:08] "POST /json/2/res.partner/read HTTP/1.1" 200 - 4 0.002 0.006
2026-10-08 06:52:08,763 54 INFO bench werkzeug: 127.0.0.1 - - [08/Oct/2026 06:52:08] "POST /json/2/product.product/search HTTP/1.1" 200 - 10 0.004 0.009
2026-10-08 06:52:08,838 54 INFO bench odoo.registry: Caches invalidated, signaling through the database: ['default'] 
2026-10-08 06:52:08,845 54 INFO bench werkzeug: 127.0.0.1 - - [08/Oct/2026 06:52:08] "POST /json/2/product.product/create HTTP/1.1" 200 - 60 0.024 0.046
2026-10-08 06:52:08,874 54 INFO bench werkzeug: 127.0.0.1 - - [08/Oct/2026 06:52:08] "POST /json/2/product.product/read HTTP/1.1" 200 - 14 0.006 0.009
2026-10-08 06:52:08,899 54 INFO bench werkzeug: 127.0.0.1 - - [08/Oct/2026 06:52:08] "POST /json/2/product.supplierinfo/search HTTP/1.1" 200 - 10 0.004 0.007
2026-10-08 06:52:08,936 54 INFO bench werkzeug: 127.0.0.1 - - [08/Oct/2026 06:52:08] "POST /json/2/product.supplierinfo/create HTTP/1.1" 200 - 19 0.009 0.017
2026-10-08 06:52:08,958 54 INFO bench werkzeug: 127.0.0.1 - - [08/Oct/2026 06:52:08] "POST /json/2/product.supplierinfo/search HTTP/1.1" 200 - 4 0.002 0.006
2026-10-08 06:52:08,988 54 INFO bench werkzeug: 127.0.0.1 - - [08/Oct/2026 06:52:08] "POST /json/2/product.supplierinfo/create HTTP/1.1" 200 - 10 0.004 0.013
2026-10-08 06:52:09,009 54 INFO bench werkzeug: 127.0.0.1 - - [08/Oct/2026 06:52:09] "POST /json/2/product.supplierinfo/search HTTP/1.1" 200 - 4 0.002 0.006
2026-10-08 06:52:09,037 54 INFO bench werkzeug: 127.0.0.1 - - [08/Oct/2026 06:52:09] "POST /json/2/product.supplierinfo/create HTTP/1.1" 200 - 10 0.004 0.011
2026-10-08 06:52:09,064 54 INFO bench werkzeug: 127.0.0.1 - - [08/Oct/2026 06:52:09] "POST /json/2/product.supplierinfo/search HTTP/1.1" 200 - 4 0.002 0.006
2026-10-08 06:52:09,095 54 INFO bench werkzeug: 127.0.0.1 - - [08/Oct/2026 06:52:09] "POST /json/2/product.supplierinfo/create HTTP/1.1" 200 - 10 0.004 0.012
2026-10-08 06:52:09,118 54 INFO bench werkzeug: 127.0.0.1 - - [08/Oct/2026 06:52:09] "POST /json/2/product.supplierinfo/search HTTP/1.1" 200 - 4 0.002 0.006
2026-10-08 06:52:09,147 54 INFO bench werkzeug: 127.0.0.1 - - [08/Oct/2026 06:52:09] "POST /json/2/product.supplierinfo/create HTTP/1.1" 200 - 10 0.004 0.012
2026-10-08 06:52:09,167 54 INFO bench werkzeug: 127.0.0.1 - - [08/Oct/2026 06:52:09] "POST /json/2/product.product/search HTTP/1.1" 200 - 4 0.002 0.006
2026-10-08 06:52:09,238 54 INFO bench odoo.registry: Caches invalidated, signaling through the database: ['default'] 
2026-10-08 06:52:09,243 54 INFO bench werkzeug: 127.0.0.1 - - [08/Oct/2026 06:52:09] "POST /json/2/product.product/create HTTP/1.1" 200 - 60 0.023 0.039
2026-10-08 06:52:09,271 54 INFO bench werkzeug: 127.0.0.1 - - [08/Oct/2026 06:52:09] "POST /json/2/product.product/read HTTP/1.1" 200 - 14 0.006 0.010
2026-10-08 06:52:09,296 54 INFO bench werkzeug: 127.0.0.1 - - [08/Oct/2026 06:52:09] "POST /json/2/product.supplierinfo/search HTTP/1.1" 200 - 9 0.004 0.008
2026-10-08 06:52:09,333 54 INFO bench werkzeug: 127.0.0.1 - - [08/Oct/2026 06:52:09] "POST /json/2/product.supplierinfo/create HTTP/1.1" 200 - 19 0.008 0.016
2026-10-08 06:52:09,353 54 INFO bench werkzeug: 127.0.0.1 - - [08/Oct/2026 06:52:09] "POST /json/2/product.supplierinfo/search HTTP/1.1" 200 - 4 0.002 0.006
2026-10-08 06:52:09,382 54 INFO bench werkzeug: 127.0.0.1 - - [08/Oct/2026 06:52:09] "POST /json/2/product.supplierinfo/create HTTP/1.1" 200 - 10 0.005 0.012
2026-10-08 06:52:09,403 54 INFO bench werkzeug: 127.0.0.1 - - [08/Oct/2026 06:52:09] "POST /json/2/product.supplierinfo/search HTTP/1.1" 200 - 4 0.002 0.006
2026-10-08 06:52:09,432 54 INFO bench werkzeug: 127.0.0.1 - - [08/Oct/2026 06:52:09] "POST /json/2/product.supplierinfo/create HTTP/1.1" 200 - 10 0.004 0.012
2026-10-08 06:52:09,453 54 INFO bench werkzeug: 127.0.0.1 - - [08/Oct/2026 06:52:09] "POST /json/2/product.supplierinfo/search HTTP/1.1" 200 - 4 0.002 0.006
2026-10-08 06:52:09,490 54 INFO bench werkzeug: 127.0.0.1 - - [08/Oct/2026 06:52:09] "POST /json/2/product.supplierinfo/create HTTP/1.1" 200 - 10 0.006 0.012
2026-10-08 06:52:09,511 54 INFO bench werkzeug: 127.0.0.1 - - [08/Oct/2026 06:52:09] "POST /json/2/product.product/search HTTP/1.1" 200 - 4 0.002 0.006
2026-10-08 06:52:09,578 54 INFO bench odoo.registry: Caches invalidated, signaling through the database: ['default'] 
2026-10-08 06:52:09,583 54 INFO bench werkzeug: 127.0.0.1 - - [08/Oct/2026 06:52:09] "POST /json/2/product.product/create HTTP/1.1" 200 - 60 0.021 0.037
2026-10-08 06:52:09,615 54 INFO bench werkzeug: 127.0.0.1 - - [08/Oct/2026 06:52:09] "POST /json/2/product.product/read HTTP/1.1" 200 - 14 0.006 0.009
2026-10-08 06:52:09,639 54 INFO bench werkzeug: 127.0.0.1 - - [08/Oct/2026 06:52:09] "POST /json/2/product.supplierinfo/search HTTP/1.1" 200 - 9 0.004 0.008
2026-10-08 06:52:09,676 54 INFO bench werkzeug: 127.0.0.1 - - [08/Oct/2026 06:52:09] "POST /json/2/product.supplierinfo/create HTTP/1.1" 200 - 19 0.008 0.016
2026-10-08 06:52:09,699 54 INFO bench werkzeug: 127.0.0.1 - - [08/Oct/2026 06:52:09] "POST /json/2/product.supplierinfo/search HTTP/1.1" 200 - 4 0.002 0.006
2026-10-08 06:52:12,026 54 INFO bench werkzeug: 127.0.0.1 - - [08/Oct/2026 06:52:12] "POST /json/2/product.supplierinfo/create HTTP/1.1" 200 - 10 0.005 0.012
2026-10-08 06:52:12,046 54 INFO bench werkzeug: 127.0.0.1 - - [08/Oct/2026 06:52:12] "POST /json/2/product.supplierinfo/search HTTP/1.1" 200 - 4 0.002 0.006
2026-10-08 06:52:12,079 54 INFO bench werkzeug: 127.0.0.1 - - [08/Oct/2026 06:52:12] "POST /json/2/product.supplierinfo/create HTTP/1.1" 200 - 10 0.005 0.013
2026-10-08 06:52:12,099 54 INFO bench werkzeug: 127.0.0.1 - - [08/Oct/2026 06:52:12] "POST /json/2/product.supplierinfo/search HTTP/1.1" 200 - 4 0.002 0.006
2026-10-08 06:52:12,127 54 INFO bench werkzeug: 127.0.0.1 - - [08/Oct/2026 06:52:12] "POST /json/2/product.supplierinfo/create HTTP/1.1" 200 - 10 0.004 0.012
2026-10-08 06:52:12,149 54 INFO bench werkzeug: 127.0.0.1 - - [08/Oct/2026 06:52:12] "POST /json/2/product.product/search HTTP/1.1" 200 - 4 0.002 0.006
2026-10-08 06:52:12,219 54 INFO bench odoo.registry: Caches invalidated, signaling through the database: ['default'] 
2026-10-08 06:52:12,224 54 INFO bench werkzeug: 127.0.0.1 - - [08/Oct/2026 06:52:12] "POST /json/2/product.product/create HTTP/1.1" 200 - 60 0.019 0.035
2026-10-08 06:52:12,253 54 INFO bench werkzeug: 127.0.0.1 - - [08/Oct/2026 06:52:12] "POST /json/2/product.product/read HTTP/1.1" 200 - 14 0.006 0.010
2026-10-08 06:52:12,276 54 INFO bench werkzeug: 127.0.0.1 - - [08/Oct/2026 06:52:12] "POST /json/2/product.supplierinfo/search HTTP/1.1" 200 - 9 0.003 0.008
2026-10-08 06:52:12,317 54 INFO bench werkzeug: 127.0.0.1 - - [08/Oct/2026 06:52:12] "POST /json/2/product.supplierinfo/create HTTP/1.1" 200 - 19 0.007 0.018
2026-10-08 06:52:12,338 54 INFO bench werkzeug: 127.0.0.1 - - [08/Oct/2026 06:52:12] "POST /json/2/product.supplierinfo/search HTTP/1.1" 200 - 4 0.002 0.006
2026-10-08 06:52:12,366 54 INFO bench werkzeug: 127.0.0.1 - - [08/Oct/2026 06:52:12] "POST /json/2/product.supplierinfo/create HTTP/1.1" 200 - 10 0.004 0.011
2026-10-08 06:52:12,387 54 INFO bench werkzeug: 127.0.0.1 - - [08/Oct/2026 06:52:12] "POST /json/2/product.supplierinfo/search HTTP/1.1" 200 - 4 0.002 0.006
2026-10-08 06:52:12,416 54 INFO bench werkzeug: 127.0.0.1 - - [08/Oct/2026 06:52:12] "POST /json/2/product.supplierinfo/create HTTP/1.1" 200 - 10 0.004 0.012
2026-10-08 06:52:12,437 54 INFO bench werkzeug: 127.0.0.1 - - [08/Oct/2026 06:52:12] "POST /json/2/product.product/search HTTP/1.1" 200 - 4 0.002 0.006
2026-10-08 06:52:12,498 54 INFO bench odoo.registry: Caches invalidated, signaling through the database: ['default'] 
2026-10-08 06:52:12,502 54 INFO bench werkzeug: 127.0.0.1 - - [08/Oct/2026 06:52:12] "POST /json/2/product.product/create HTTP/1.1" 200 - 60 0.019 0.033
2026-10-08 06:52:12,529 54 INFO bench werkzeug: 127.0.0.1 - - [08/Oct/2026 06:52:12] "POST /json/2/product.product/read HTTP/1.1" 200 - 14 0.005 0.009
2026-10-08 06:52:12,554 54 INFO bench werkzeug: 127.0.0.1 - - [08/Oct/2026 06:52:12] "POST /json/2/product.supplierinfo/search HTTP/1.1" 200 - 9 0.003 0.008
2026-10-08 06:52:12,591 54 INFO bench werkzeug: 127.0.0.1 - - [08/Oct/2026 06:52:12] "POST /json/2/product.supplierinfo/create HTTP/1.1" 200 - 19 0.007 0.015
2026-10-08 06:52:12,620 54 INFO bench werkzeug: 127.0.0.1 - - [08/Oct/2026 06:52:12] "POST /json/2/product.supplierinfo/search HTTP/1.1" 200 - 4 0.002 0.006
2026-10-08 06:52:12,649 54 INFO bench werkzeug: 127.0.0.1 - - [08/Oct/2026 06:52:12] "POST /json/2/product.supplierinfo/create HTTP/1.1" 200 - 10 0.004 0.011
2026-10-08 06:52:12,669 54 INFO bench werkzeug: 127.0.0.1 - - [08/Oct/2026 06:52:12] "POST /json/2/product.supplierinfo/search HTTP/1.1" 200 - 4 0.002 0.006
2026-10-08 06:52:12,699 54 INFO bench werkzeug: 127.0.0.1 - - [08/Oct/2026 06:52:12] "POST /json/2/product.supplierinfo/create HTTP/1.1" 200 - 10 0.005 0.012
2026-10-08 06:52:12,719 54 INFO bench werkzeug: 127.0.0.1 - - [08/Oct/2026 06:52:12] "POST /json/2/product.supplierinfo/search HTTP/1.1" 200 - 4 0.002 0.005
2026-10-08 06:52:12,748 54 INFO bench werkzeug: 127.0.0.1 - - [08/Oct/2026 06:52:12] "POST /json/2/product.supplierinfo/create HTTP/1.1" 200 - 10 0.004 0.012
2026-10-08 06:52:12,770 54 INFO bench werkzeug: 127.0.0.1 - - [08/Oct/2026 06:52:12] "POST /json/2/product.product/search HTTP/1.1" 200 - 4 0.002 0.006
2026-10-08 06:52:12,835 54 INFO bench odoo.registry: Caches invalidated, signaling through the database: ['default'] 
2026-10-08 06:52:12,839 54 INFO bench werkzeug: 127.0.0.1 - - [08/Oct/2026 06:52:12] "POST /json/2/product.product/create HTTP/1.1" 200 - 60 0.020 0.037
2026-10-08 06:52:12,868 54 INFO bench werkzeug: 127.0.0.1 - - [08/Oct/2026 06:52:12] "POST /json/2/product.product/read HTTP/1.1" 200 - 14 0.005 0.009
2026-10-08 06:52:12,893 54 INFO bench werkzeug: 127.0.0.1 - - [08/Oct/2026 06:52:12] "POST /json/2/product.supplierinfo/search HTTP/1.1" 200 - 9 0.004 0.009
2026-10-08 06:52:12,930 54 INFO bench werkzeug: 127.0.0.1 - - [08/Oct/2026 06:52:12] "POST /json/2/product.supplierinfo/create HTTP/1.1" 200 - 19 0.007 0.015
2026-10-08 06:52:12,950 54 INFO bench werkzeug: 127.0.0.1 - - [08/Oct/2026 06:52:12] "POST /json/2/product.supplierinfo/search HTTP/1.1" 200 - 4 0.002 0.006
2026-10-08 06:52:12,979 54 INFO bench werkzeug: 127.0.0.1 - - [08/Oct/2026 06:52:12] "POST /json/2/product.supplierinfo/create HTTP/1.1" 200 - 10 0.004 0.012
2026-10-08 06:52:13,005 54 INFO bench werkzeug: 127.0.0.1 - - [08/Oct/2026 06:52:13] "POST /json/2/product.supplierinfo/search HTTP/1.1" 200 - 4 0.002 0.006
2026-10-08 06:52:13,035 54 INFO bench werkzeug: 127.0.0.1 - - [08/Oct/2026 06:52:13] "POST /json/2/product.supplierinfo/create HTTP/1.1" 200 - 10 0.005 0.012
2026-10-08 06:52:13,056 54 INFO bench werkzeug: 127.0.0.1 - - [08/Oct/2026 06:52:13] "POST /json/2/product.product/search HTTP/1.1" 200 - 4 0.002 0.006
2026-10-08 06:52:13,120 54 INFO bench odoo.registry: Caches invalidated, signaling through the database: ['default'] 
2026-10-08 06:52:13,124 54 INFO bench werkzeug: 127.0.0.1 - - [08/Oct/2026 06:52:13] "POST /json/2/product.product/create HTTP/1.1" 200 - 60 0.020 0.035
2026-10-08 06:52:13,153 54 INFO bench werkzeug: 127.0.0.1 - - [08/Oct/2026 06:52:13] "POST /json/2/product.product/read HTTP/1.1" 200 - 14 0.006 0.010
2026-10-08 06:52:13,180 54 INFO bench werkzeug: 127.0.0.1 - - [08/Oct/2026 06:52:13] "POST /json/2/product.supplierinfo/search HTTP/1.1" 200 - 9 0.004 0.009
2026-10-08 06:52:13,215 54 INFO bench werkzeug: 127.0.0.1 - - [08/Oct/2026 06:52:13] "POST /json/2/product.supplierinfo/create HTTP/1.1" 200 - 19 0.007 0.015
2026-10-08 06:52:13,237 54 INFO bench werkzeug: 127.0.0.1 - - [08/Oct/2026 06:52:13] "POST /json/2/product.product/search HTTP/1.1" 200 - 4 0.002 0.006
2026-10-08 06:52:13,302 54 INFO bench odoo.registry: Caches invalidated, signaling through the database: ['default'] 
2026-10-08 06:52:13,306 54 INFO bench werkzeug: 127.0.0.1 - - [08/Oct/2026 06:52:13] "POST /json/2/product.product/create HTTP/1.1" 200 - 60 0.020 0.035
2026-10-08 06:52:13,337 54 INFO bench werkzeug: 127.0.0.1 - - [08/Oct/2026 06:52:13] "POST /json/2/product.product/read HTTP/1.1" 200 - 14 0.006 0.011
2026-10-08 06:52:13,362 54 INFO bench werkzeug: 127.0.0.1 - - [08/Oct/2026 06:52:13] "POST /json/2/product.supplierinfo/search HTTP/1.1" 200 - 9 0.003 0.008
2026-10-08 06:52:13,397 54 INFO bench werkzeug: 127.0.0.1 - - [08/Oct/2026 06:52:13] "POST /json/2/product.supplierinfo/create HTTP/1.1" 200 - 19 0.008 0.015
2026-10-08 06:52:13,420 54 INFO bench werkzeug: 127.0.0.1 - - [08/Oct/2026 06:52:13] "POST /json/2/product.product/search HTTP/1.1" 200 - 4 0.003 0.006
2026-10-08 06:52:13,492 54 INFO bench odoo.registry: Caches invalidated, signaling through the database: ['default'] 
2026-10-08 06:52:13,496 54 INFO bench werkzeug: 127.0.0.1 - - [08/Oct/2026 06:52:13] "POST /json/2/product.product/create HTTP/1.1" 200 - 60 0.020 0.036
2026-10-08 06:52:13,524 54 INFO bench werkzeug: 127.0.0.1 - - [08/Oct/2026 06:52:13] "POST /json/2/product.product/read HTTP/1.1" 200 - 14 0.005 0.009
2026-10-08 06:52:13,549 54 INFO bench werkzeug: 127.0.0.1 - - [08/Oct/2026 06:52:13] "POST /json/2/product.supplierinfo/search HTTP/1.1" 200 - 9 0.004 0.008
2026-10-08 06:52:13,584 54 INFO bench werkzeug: 127.0.0.1 - - [08/Oct/2026 06:52:13] "POST /json/2/product.supplierinfo/create HTTP/1.1" 200 - 19 0.008 0.015
2026-10-08 06:52:13,606 54 INFO bench werkzeug: 127.0.0.1 - - [08/Oct/2026 06:52:13] "POST /json/2/product.product/search HTTP/1.1" 200 - 4 0.002 0.006
2026-10-08 06:52:13,667 54 INFO bench odoo.registry: Caches invalidated, signaling through the database: ['default'] 
2026-10-08 06:52:13,671 54 INFO bench werkzeug: 127.0.0.1 - - [08/Oct/2026 06:52:13] "POST /json/2/product.product/create HTTP/1.1" 200 - 60 0.019 0.033
2026-10-08 06:52:13,698 54 INFO bench werkzeug: 127.0.0.1 - - [08/Oct/2026 06:52:13] "POST /json/2/product.product/read HTTP/1.1" 200 - 14 0.005 0.010
2026-10-08 06:52:13,724 54 INFO bench werkzeug: 127.0.0.1 - - [08/Oct/2026 06:52:13] "POST /json/2/product.supplierinfo/search HTTP/1.1" 200 - 9 0.004 0.008
2026-10-08 06:52:13,759 54 INFO bench werkzeug: 127.0.0.1 - - [08/Oct/2026 06:52:13] "POST /json/2/product.supplierinfo/create HTTP/1.1" 200 - 19 0.007 0.015
2026-10-08 06:52:13,780 54 INFO bench werkzeug: 127.0.0.1 - - [08/Oct/2026 06:52:13] "POST /json/2/product.product/search HTTP/1.1" 200 - 4 0.002 0.006
2026-10-08 06:52:13,846 54 INFO bench odoo.registry: Caches invalidated, signaling through the database: ['default'] 
2026-10-08 06:52:13,850 54 INFO bench werkzeug: 127.0.0.1 - - [08/Oct/2026 06:52:13] "POST /json/2/product.product/create HTTP/1.1" 200 - 60 0.020 0.037
2026-10-08 06:52:13,878 54 INFO bench werkzeug: 127.0.0.1 - - [08/Oct/2026 06:52:13] "POST /json/2/product.product/read HTTP/1.1" 200 - 14 0.005 0.009
2026-10-08 06:52:13,902 54 INFO bench werkzeug: 127.0.0.1 - - [08/Oct/2026 06:52:13] "POST /json/2/product.supplierinfo/search HTTP/1.1" 200 - 9 0.003 0.008
2026-10-08 06:52:13,944 54 INFO bench werkzeug: 127.0.0.1 - - [08/Oct/2026 06:52:13] "POST /json/2/product.supplierinfo/create HTTP/1.1" 200 - 19 0.007 0.015
2026-10-08 06:52:13,967 54 INFO bench werkzeug: 127.0.0.1 - - [08/Oct/2026 06:52:13] "POST /json/2/product.product/search HTTP/1.1" 200 - 4 0.002 0.007
2026-10-08 06:52:14,035 54 INFO bench odoo.registry: Caches invalidated, signaling through the database: ['default'] 
2026-10-08 06:52:14,044 54 INFO bench werkzeug: 127.0.0.1 - - [08/Oct/2026 06:52:14] "POST /json/2/product.product/create HTTP/1.1" 200 - 60 0.020 0.041
2026-10-08 06:52:14,048 54 INFO bench odoo.addons.base.models.ir_cron: Job 'Base: Auto-vacuum internal data' (1) starting 
2026-10-08 06:52:14,181 54 INFO bench werkzeug: 127.0.0.1 - - [08/Oct/2026 06:52:14] "POST /json/2/product.product/read HTTP/1.1" 200 - 14 0.092 0.033
2026-10-08 06:52:14,244 54 INFO bench werkzeug: 127.0.0.1 - - [08/Oct/2026 06:52:14] "POST /json/2/product.supplierinfo/search HTTP/1.1" 200 - 9 0.008 0.018
2026-10-08 06:52:14,252 54 INFO bench odoo.addons.base.models.res_users: GC 'auth_totp.device' delete 0 entries 
2026-10-08 06:52:14,285 54 INFO bench werkzeug: 127.0.0.1 - - [08/Oct/2026 06:52:14] "POST /json/2/product.supplierinfo/create HTTP/1.1" 200 - 19 0.012 0.017
2026-10-08 06:52:14,306 54 INFO bench werkzeug: 127.0.0.1 - - [08/Oct/2026 06:52:14] "POST /json/2/product.product/search HTTP/1.1" 200 - 4 0.002 0.006
2026-10-08 06:52:14,365 54 INFO bench odoo.addons.base.models.res_users: GC 'res.users.apikeys' delete 0 entries 
2026-10-08 06:52:14,374 54 INFO bench odoo.registry: Caches invalidated, signaling through the database: ['default'] 
2026-10-08 06:52:14,380 54 INFO bench werkzeug: 127.0.0.1 - - [08/Oct/2026 06:52:14] "POST /json/2/product.product/create HTTP/1.1" 200 - 60 0.025 0.036
2026-10-08 06:52:14,395 54 INFO bench odoo.addons.base.models.res_device: GC device logs delete 0 entries 
2026-10-08 06:52:14,409 54 INFO bench werkzeug: 127.0.0.1 - - [08/Oct/2026 06:52:14] "POST /json/2/product.product/read HTTP/1.1" 200 - 14 0.005 0.009
2026-10-08 06:52:14,434 54 INFO bench werkzeug: 127.0.0.1 - - [08/Oct/2026 06:52:14] "POST /json/2/product.supplierinfo/search HTTP/1.1" 200 - 9 0.003 0.008
2026-10-08 06:52:14,436 54 INFO bench odoo.addons.sms.models.sms_sms: GC'd 0 sms marked for deletion 
2026-10-08 06:52:14,471 54 INFO bench werkzeug: 127.0.0.1 - - [08/Oct/2026 06:52:14] "POST /json/2/product.supplierinfo/create HTTP/1.1" 200 - 19 0.007 0.015
2026-10-08 06:52:14,496 54 INFO bench werkzeug: 127.0.0.1 - - [08/Oct/2026 06:52:14] "POST /json/2/product.product/search HTTP/1.1" 200 - 4 0.003 0.006
2026-10-08 06:52:14,500 54 INFO bench odoo.addons.api_doc.models.ir_attachment: GC'd 0 /doc cached index 
2026-10-08 06:52:14,559 54 INFO bench odoo.registry: Caches invalidated, signaling through the database: ['default'] 
2026-10-08 06:52:14,565 54 INFO bench werkzeug: 127.0.0.1 - - [08/Oct/2026 06:52:14] "POST /json/2/product.product/create HTTP/1.1" 200 - 60 0.020 0.036
2026-10-08 06:52:14,600 54 INFO bench werkzeug: 127.0.0.1 - - [08/Oct/2026 06:52:14] "POST /json/2/product.product/read HTTP/1.1" 200 - 14 0.005 0.009
2026-10-08 06:52:14,626 54 INFO bench werkzeug: 127.0.0.1 - - [08/Oct/2026 06:52:14] "POST /json/2/product.supplierinfo/search HTTP/1.1" 200 - 9 0.004 0.008
2026-10-08 06:52:14,661 54 INFO bench werkzeug: 127.0.0.1 - - [08/Oct/2026 06:52:14] "POST /json/2/product.supplierinfo/create HTTP/1.1" 200 - 19 0.007 0.014
2026-10-08 06:52:14,665 54 INFO bench odoo.addons.base.models.res_users: GC'd 0 user log entries 
2026-10-08 06:52:14,682 54 INFO bench werkzeug: 127.0.0.1 - - [08/Oct/2026 06:52:14] "POST /json/2/product.product/search HTTP/1.1" 200 - 4 0.002 0.006
2026-10-08 06:52:14,714 54 INFO bench odoo.addons.base.models.res_device: GC device logs delete 0 entries 
2026-10-08 06:52:14,749 54 INFO bench odoo.registry: Caches invalidated, signaling through the database: ['default'] 
2026-10-08 06:52:14,755 54 INFO bench werkzeug: 127.0.0.1 - - [08/Oct/2026 06:52:14] "POST /json/2/product.product/create HTTP/1.1" 200 - 60 0.022 0.038
2026-10-08 06:52:14,785 54 INFO bench werkzeug: 127.0.0.1 - - [08/Oct/2026 06:52:14] "POST /json/2/product.product/read HTTP/1.1" 200 - 14 0.006 0.010
2026-10-08 06:52:14,809 54 INFO bench werkzeug: 127.0.0.1 - - [08/Oct/2026 06:52:14] "POST /json/2/product.supplierinfo/search HTTP/1.1" 200 - 9 0.003 0.007
2026-10-08 06:52:14,844 54 INFO bench werkzeug: 127.0.0.1 - - [08/Oct/2026 06:52:14] "POST /json/2/product.supplierinfo/create HTTP/1.1" 200 - 19 0.008 0.016
2026-10-08 06:52:14,866 54 INFO bench werkzeug: 127.0.0.1 - - [08/Oct/2026 06:52:14] "POST /json/2/product.product/search HTTP/1.1" 200 - 4 0.002 0.006
2026-10-08 06:52:14,931 54 INFO bench odoo.registry: Caches invalidated, signaling through the database: ['default'] 
2026-10-08 06:52:14,938 54 INFO bench werkzeug: 127.0.0.1 - - [08/Oct/2026 06:52:14] "POST /json/2/product.product/create HTTP/1.1" 200 - 60 0.020 0.039
2026-10-08 06:52:14,965 54 INFO bench werkzeug: 127.0.0.1 - - [08/Oct/2026 06:52:14] "POST /json/2/product.product/read HTTP/1.1" 200 - 14 0.005 0.009
2026-10-08 06:52:14,973 54 INFO bench odoo.addons.base.models.ir_attachment: filestore gc 445 checked, 0 removed 
2026-10-08 06:52:14,990 54 INFO bench werkzeug: 127.0.0.1 - - [08/Oct/2026 06:52:14] "POST /json/2/product.supplierinfo/search HTTP/1.1" 200 - 9 0.003 0.008
2026-10-08 06:52:15,026 54 INFO bench werkzeug: 127.0.0.1 - - [08/Oct/2026 06:52:15] "POST /json/2/product.supplierinfo/create HTTP/1.1" 200 - 19 0.007 0.015
2026-10-08 06:52:15,039 54 INFO bench odoo.addons.base.models.ir_cron: Job 'Base: Auto-vacuum internal data' (1) fully done (#loop 1; done 0; remaining 0; duration 0.99s) 
2026-10-08 06:52:15,054 54 INFO bench odoo.addons.base.models.ir_cron: Job 'Notification: Delete Notifications older than 6 Months' (5) starting 
2026-10-08 06:52:15,073 54 INFO bench werkzeug: 127.0.0.1 - - [08/Oct/2026 06:52:15] "POST /json/2/product.product/search HTTP/1.1" 200 - 4 0.002 0.024
2026-10-08 06:52:15,073 54 INFO bench odoo.addons.base.models.ir_cron: Job 'Mail: Post scheduled messages' (7) starting 
2026-10-08 06:52:15,084 54 INFO bench odoo.addons.mail.models.mail_scheduled_message: Posting 0 scheduled messages 
2026-10-08 06:52:15,084 54 INFO bench odoo.addons.base.models.ir_cron: Job 'Notification: Delete Notifications older than 6 Months' (5) fully done (#loop 1; done 0; remaining 0; duration 0.03s) 
2026-10-08 06:52:15,091 54 INFO bench odoo.addons.base.models.ir_cron: Job 'Notification: Notify scheduled messages' (8) starting 
2026-10-08 06:52:15,092 54 INFO bench odoo.addons.base.models.ir_cron: Job 'Mail: Post scheduled messages' (7) fully done (#loop 1; done 0; remaining 0; duration 0.02s) 
2026-10-08 06:52:15,110 54 INFO bench odoo.addons.base.models.ir_cron: Job 'Mail: send web push notification' (9) starting 
2026-10-08 06:52:15,114 54 INFO bench odoo.addons.base.models.ir_cron: Job 'Notification: Notify scheduled messages' (8) fully done (#loop 1; done 0; remaining 0; duration 0.02s) 
2026-10-08 06:52:15,124 54 INFO bench odoo.addons.base.models.ir_cron: Job 'Discuss: channel member unmute' (10) starting 
2026-10-08 06:52:15,128 54 INFO bench odoo.addons.base.models.ir_cron: Job 'Mail: send web push notification' (9) fully done (#loop 1; done 0; remaining 0; duration 0.02s) 
2026-10-08 06:52:15,140 54 INFO bench odoo.addons.base.models.ir_cron: Job 'SMS: SMS Queue Manager' (12) starting 
2026-10-08 06:52:15,144 54 INFO bench odoo.addons.base.models.ir_cron: Job 'Discuss: channel member unmute' (10) fully done (#loop 1; done 0; remaining 0; duration 0.02s) 
2026-10-08 06:52:15,148 54 INFO bench odoo.registry: Caches invalidated, signaling through the database: ['default'] 
2026-10-08 06:52:15,148 54 INFO bench odoo.registry: Invalidating caches after database signaling: ['default', 'templates.cached_values'] 
2026-10-08 06:52:15,154 54 INFO bench odoo.addons.base.models.ir_cron: Job 'Snailmail: process letters queue' (13) starting 
2026-10-08 06:52:15,154 54 INFO bench werkzeug: 127.0.0.1 - - [08/Oct/2026 06:52:15] "POST /json/2/product.product/create HTTP/1.1" 200 - 60 0.026 0.041
2026-10-08 06:52:15,158 54 INFO bench odoo.addons.base.models.ir_cron: Job 'SMS: SMS Queue Manager' (12) fully done (#loop 1; done 0; remaining 0; duration 0.02s) 
2026-10-08 06:52:15,162 54 INFO bench odoo.registry: Invalidating caches after database signaling: ['default', 'templates.cached_values'] 
2026-10-08 06:52:15,169 54 INFO bench odoo.addons.base.models.ir_cron: Job 'Payment: Post-process transactions' (15) starting 
2026-10-08 06:52:15,171 54 INFO bench odoo.addons.base.models.ir_cron: Job 'Snailmail: process letters queue' (13) fully done (#loop 1; done 0; remaining 0; duration 0.02s) 
2026-10-08 06:52:15,182 54 INFO bench odoo.addons.base.models.ir_cron: Job 'Send invoices automatically' (17) starting 
2026-10-08 06:52:15,185 54 INFO bench werkzeug: 127.0.0.1 - - [08/Oct/2026 06:52:15] "POST /json/2/product.product/read HTTP/1.1" 200 - 14 0.008 0.009
2026-10-08 06:52:15,186 54 INFO bench odoo.addons.base.models.ir_cron: Job 'Payment: Post-process transactions' (15) fully done (#loop 1; done 0; remaining 0; duration 0.02s) 
2026-10-08 06:52:15,196 54 INFO bench odoo.addons.base.models.ir_cron: Job 'Procurement: run scheduler' (18) starting 
2026-10-08 06:52:15,209 54 INFO bench werkzeug: 127.0.0.1 - - [08/Oct/2026 06:52:15] "POST /json/2/product.supplierinfo/search HTTP/1.1" 200 - 9 0.003 0.008
2026-10-08 06:52:15,232 54 INFO bench odoo.addons.base.models.ir_cron: Job 'Send invoices automatically' (17) fully done (#loop 1; done 0; remaining 0; duration 0.05s) 
2026-10-08 06:52:15,245 54 INFO bench werkzeug: 127.0.0.1 - - [08/Oct/2026 06:52:15] "POST /json/2/product.supplierinfo/create HTTP/1.1" 200 - 19 0.008 0.015
2026-10-08 06:52:15,248 54 INFO bench odoo.addons.base.models.ir_cron: Job 'Purchase reminder' (19) starting 
2026-10-08 06:52:15,267 54 INFO bench odoo.addons.base.models.ir_cron: Job 'Purchase reminder' (19) fully done (#loop 1; done 0; remaining 0; duration 0.02s) 
2026-10-08 06:52:15,270 54 INFO bench werkzeug: 127.0.0.1 - - [08/Oct/2026 06:52:15] "POST /json/2/product.product/search HTTP/1.1" 200 - 4 0.003 0.007
2026-10-08 06:52:15,275 54 INFO bench odoo.addons.base.models.ir_cron: Job 'Stock Account: Inventory Valuation Closing' (20) starting 
2026-10-08 06:52:15,284 54 INFO bench odoo.addons.base.models.ir_cron: Job 'Procurement: run scheduler' (18) fully done (#loop 1; done 3; remaining 0; duration 0.09s) 
2026-10-08 06:52:15,293 54 INFO bench odoo.addons.base.models.ir_cron: Job 'Sale Pdf Quote Builder: assign form fields to documents post upgrade' (23) starting 
2026-10-08 06:52:15,293 54 INFO bench odoo.addons.base.models.ir_cron: Job 'Stock Account: Inventory Valuation Closing' (20) fully done (#loop 1; done 0; remaining 0; duration 0.02s) 
2026-10-08 06:52:15,305 54 INFO bench odoo.addons.base.models.ir_cron: Job 'Mail: Email Queue Manager' (3) starting 
2026-10-08 06:52:15,319 54 INFO bench odoo.addons.mail.models.mail_mail: Processing email queue with send limit of '1000' 
2026-10-08 06:52:15,320 54 INFO bench odoo.addons.base.models.ir_cron: Job 'Sale Pdf Quote Builder: assign form fields to documents post upgrade' (23) fully done (#loop 1; done 0; remaining 0; duration 0.03s) 
2026-10-08 06:52:15,328 54 INFO bench odoo.addons.base.models.ir_cron: Job 'Mail: Email Queue Manager' (3) fully done (#loop 1; done 0; remaining 0; duration 0.02s) 
2026-10-08 06:52:15,329 54 INFO bench odoo.addons.base.models.ir_cron: Job 'Users: Notify About Unregistered Users' (11) starting 
2026-10-08 06:52:15,340 54 INFO bench odoo.addons.base.models.ir_cron: Job 'Base: Portal Users Deletion' (2) starting 
2026-10-08 06:52:15,345 54 INFO bench odoo.registry: Caches invalidated, signaling through the database: ['default'] 
2026-10-08 06:52:15,352 54 INFO bench odoo.addons.base.models.ir_cron: Job 'Users: Notify About Unregistered Users' (11) fully done (#loop 1; done 0; remaining 0; duration 0.02s) 
2026-10-08 06:52:15,356 54 INFO bench werkzeug: 127.0.0.1 - - [08/Oct/2026 06:52:15] "POST /json/2/product.product/create HTTP/1.1" 200 - 60 0.027 0.043
2026-10-08 06:52:15,371 54 INFO bench odoo.addons.base.models.ir_cron: Job 'Base: Portal Users Deletion' (2) fully done (#loop 1; done 0; remaining 0; duration 0.03s) 
2026-10-08 06:52:15,385 54 INFO bench werkzeug: 127.0.0.1 - - [08/Oct/2026 06:52:15] "POST /json/2/product.product/read HTTP/1.1" 200 - 14 0.005 0.011
2026-10-08 06:52:15,410 54 INFO bench werkzeug: 127.0.0.1 - - [08/Oct/2026 06:52:15] "POST /json/2/product.supplierinfo/search HTTP/1.1" 200 - 9 0.003 0.008
2026-10-08 06:52:15,447 54 INFO bench werkzeug: 127.0.0.1 - - [08/Oct/2026 06:52:15] "POST /json/2/product.supplierinfo/create HTTP/1.1" 200 - 19 0.008 0.016
2026-10-08 06:52:15,469 54 INFO bench werkzeug: 127.0.0.1 - - [08/Oct/2026 06:52:15] "POST /json/2/product.product/search HTTP/1.1" 200 - 4 0.002 0.006
2026-10-08 06:52:15,537 54 INFO bench odoo.registry: Caches invalidated, signaling through the database: ['default'] 
2026-10-08 06:52:15,541 54 INFO bench werkzeug: 127.0.0.1 - - [08/Oct/2026 06:52:15] "POST /json/2/product.product/create HTTP/1.1" 200 - 60 0.021 0.038
2026-10-08 06:52:15,578 54 INFO bench werkzeug: 127.0.0.1 - - [08/Oct/2026 06:52:15] "POST /json/2/product.product/read HTTP/1.1" 200 - 14 0.007 0.009
2026-10-08 06:52:15,604 54 INFO bench werkzeug: 127.0.0.1 - - [08/Oct/2026 06:52:15] "POST /json/2/product.supplierinfo/search HTTP/1.1" 200 - 9 0.004 0.008
2026-10-08 06:52:15,641 54 INFO bench werkzeug: 127.0.0.1 - - [08/Oct/2026 06:52:15] "POST /json/2/product.supplierinfo/create HTTP/1.1" 200 - 19 0.008 0.016
2026-10-08 06:52:15,663 54 INFO bench werkzeug: 127.0.0.1 - - [08/Oct/2026 06:52:15] "POST /json/2/product.product/search HTTP/1.1" 200 - 4 0.002 0.007
2026-10-08 06:52:15,728 54 INFO bench odoo.registry: Caches invalidated, signaling through the database: ['default'] 
2026-10-08 06:52:15,732 54 INFO bench werkzeug: 127.0.0.1 - - [08/Oct/2026 06:52:15] "POST /json/2/product.product/create HTTP/1.1" 200 - 60 0.021 0.035
2026-10-08 06:52:15,760 54 INFO bench werkzeug: 127.0.0.1 - - [08/Oct/2026 06:52:15] "POST /json/2/product.product/read HTTP/1.1" 200 - 14 0.006 0.010
2026-10-08 06:52:15,786 54 INFO bench werkzeug: 127.0.0.1 - - [08/Oct/2026 06:52:15] "POST /json/2/product.supplierinfo/search HTTP/1.1" 200 - 9 0.004 0.008
2026-10-08 06:52:15,822 54 INFO bench werkzeug: 127.0.0.1 - - [08/Oct/2026 06:52:15] "POST /json/2/product.supplierinfo/create HTTP/1.1" 200 - 19 0.008 0.016
2026-10-08 06:52:15,844 54 INFO bench werkzeug: 127.0.0.1 - - [08/Oct/2026 06:52:15] "POST /json/2/product.product/search HTTP/1.1" 200 - 4 0.002 0.006
2026-10-08 06:52:15,911 54 INFO bench odoo.registry: Caches invalidated, signaling through the database: ['default'] 
2026-10-08 06:52:15,915 54 INFO bench werkzeug: 127.0.0.1 - - [08/Oct/2026 06:52:15] "POST /json/2/product.product/create HTTP/1.1" 200 - 60 0.022 0.035
2026-10-08 06:52:15,944 54 INFO bench werkzeug: 127.0.0.1 - - [08/Oct/2026 06:52:15] "POST /json/2/product.product/read HTTP/1.1" 200 - 14 0.007 0.009
2026-10-08 06:52:15,969 54 INFO bench werkzeug: 127.0.0.1 - - [08/Oct/2026 06:52:15] "POST /json/2/product.supplierinfo/search HTTP/1.1" 200 - 9 0.003 0.008
2026-10-08 06:52:16,003 54 INFO bench werkzeug: 127.0.0.1 - - [08/Oct/2026 06:52:16] "POST /json/2/product.supplierinfo/create HTTP/1.1" 200 - 19 0.008 0.014
2026-10-08 06:52:16,033 54 INFO bench werkzeug: 127.0.0.1 - - [08/Oct/2026 06:52:16] "POST /json/2/product.product/search HTTP/1.1" 200 - 4 0.002 0.006
2026-10-08 06:52:16,097 54 INFO bench odoo.registry: Caches invalidated, signaling through the database: ['default'] 
2026-10-08 06:52:16,101 54 INFO bench werkzeug: 127.0.0.1 - - [08/Oct/2026 06:52:16] "POST /json/2/product.product/create HTTP/1.1" 200 - 60 0.020 0.036
2026-10-08 06:52:16,131 54 INFO bench werkzeug: 127.0.0.1 - - [08/Oct/2026 06:52:16] "POST /json/2/product.product/read HTTP/1.1" 200 - 14 0.006 0.010
2026-10-08 06:52:16,156 54 INFO bench werkzeug: 127.0.0.1 - - [08/Oct/2026 06:52:16] "POST /json/2/product.supplierinfo/search HTTP/1.1" 200 - 9 0.003 0.008
2026-10-08 06:52:16,190 54 INFO bench werkzeug: 127.0.0.1 - - [08/Oct/2026 06:52:16] "POST /json/2/product.supplierinfo/create HTTP/1.1" 200 - 19 0.007 0.014
2026-10-08 06:52:16,211 54 INFO bench werkzeug: 127.0.0.1 - - [08/Oct/2026 06:52:16] "POST /json/2/product.product/search HTTP/1.1" 200 - 4 0.002 0.006
2026-10-08 06:52:16,274 54 INFO bench odoo.registry: Caches invalidated, signaling through the database: ['default'] 
2026-10-08 06:52:16,278 54 INFO bench werkzeug: 127.0.0.1 - - [08/Oct/2026 06:52:16] "POST /json/2/product.product/create HTTP/1.1" 200 - 60 0.020 0.034
2026-10-08 06:52:16,305 54 INFO bench werkzeug: 127.0.0.1 - - [08/Oct/2026 06:52:16] "POST /json/2/product.product/read HTTP/1.1" 200 - 14 0.005 0.008
2026-10-08 06:52:16,329 54 INFO bench werkzeug: 127.0.0.1 - - [08/Oct/2026 06:52:16] "POST /json/2/product.supplierinfo/search HTTP/1.1" 200 - 9 0.004 0.008
2026-10-08 06:52:16,366 54 INFO bench werkzeug: 127.0.0.1 - - [08/Oct/2026 06:52:16] "POST /json/2/product.supplierinfo/create HTTP/1.1" 200 - 19 0.007 0.016
2026-10-08 06:52:16,388 54 INFO bench werkzeug: 127.0.0.1 - - [08/Oct/2026 06:52:16] "POST /json/2/product.product/search HTTP/1.1" 200 - 4 0.002 0.007
2026-10-08 06:52:16,455 54 INFO bench odoo.registry: Caches invalidated, signaling through the database: ['default'] 
2026-10-08 06:52:16,460 54 INFO bench werkzeug: 127.0.0.1 - - [08/Oct/2026 06:52:16] "POST /json/2/product.product/create HTTP/1.1" 200 - 60 0.020 0.036
2026-10-08 06:52:16,488 54 INFO bench werkzeug: 127.0.0.1 - - [08/Oct/2026 06:52:16] "POST /json/2/product.product/read HTTP/1.1" 200 - 14 0.005 0.010
2026-10-08 06:52:16,513 54 INFO bench werkzeug: 127.0.0.1 - - [08/Oct/2026 06:52:16] "POST /json/2/product.supplierinfo/search HTTP/1.1" 200 - 9 0.003 0.008
2026-10-08 06:52:16,562 54 INFO bench werkzeug: 127.0.0.1 - - [08/Oct/2026 06:52:16] "POST /json/2/product.supplierinfo/create HTTP/1.1" 200 - 19 0.007 0.016
2026-10-08 06:52:16,583 54 INFO bench werkzeug: 127.0.0.1 - - [08/Oct/2026 06:52:16] "POST /json/2/product.product/search HTTP/1.1" 200 - 4 0.002 0.006
2026-10-08 06:52:16,647 54 INFO bench odoo.registry: Caches invalidated, signaling through the database: ['default'] 
2026-10-08 06:52:16,651 54 INFO bench werkzeug: 127.0.0.1 - - [08/Oct/2026 06:52:16] "POST /json/2/product.product/create HTTP/1.1" 200 - 60 0.021 0.035
2026-10-08 06:52:16,680 54 INFO bench werkzeug: 127.0.0.1 - - [08/Oct/2026 06:52:16] "POST /json/2/product.product/read HTTP/1.1" 200 - 14 0.006 0.009
2026-10-08 06:52:16,705 54 INFO bench werkzeug: 127.0.0.1 - - [08/Oct/2026 06:52:16] "POST /json/2/product.supplierinfo/search HTTP/1.1" 200 - 9 0.003 0.008
2026-10-08 06:52:16,741 54 INFO bench werkzeug: 127.0.0.1 - - [08/Oct/2026 06:52:16] "POST /json/2/product.supplierinfo/create HTTP/1.1" 200 - 19 0.008 0.016
2026-10-08 06:52:16,763 54 INFO bench werkzeug: 127.0.0.1 - - [08/Oct/2026 06:52:16] "POST /json/2/product.product/search HTTP/1.1" 200 - 4 0.002 0.006
2026-10-08 06:52:16,826 54 INFO bench odoo.registry: Caches invalidated, signaling through the database: ['default'] 
2026-10-08 06:52:16,831 54 INFO bench werkzeug: 127.0.0.1 - - [08/Oct/2026 06:52:16] "POST /json/2/product.product/create HTTP/1.1" 200 - 60 0.021 0.034
2026-10-08 06:52:16,858 54 INFO bench werkzeug: 127.0.0.1 - - [08/Oct/2026 06:52:16] "POST /json/2/product.product/read HTTP/1.1" 200 - 14 0.005 0.009
2026-10-08 06:52:16,882 54 INFO bench werkzeug: 127.0.0.1 - - [08/Oct/2026 06:52:16] "POST /json/2/product.supplierinfo/search HTTP/1.1" 200 - 9 0.003 0.008
2026-10-08 06:52:16,920 54 INFO bench werkzeug: 127.0.0.1 - - [08/Oct/2026 06:52:16] "POST /json/2/product.supplierinfo/create HTTP/1.1" 200 - 19 0.008 0.015
2026-10-08 06:52:16,941 54 INFO bench werkzeug: 127.0.0.1 - - [08/Oct/2026 06:52:16] "POST /json/2/product.product/search HTTP/1.1" 200 - 4 0.002 0.006
2026-10-08 06:52:17,006 54 INFO bench odoo.registry: Caches invalidated, signaling through the database: ['default'] 
2026-10-08 06:52:17,010 54 INFO bench werkzeug: 127.0.0.1 - - [08/Oct/2026 06:52:17] "POST /json/2/product.product/create HTTP/1.1" 200 - 60 0.020 0.037
2026-10-08 06:52:17,045 54 INFO bench werkzeug: 127.0.0.1 - - [08/Oct/2026 06:52:17] "POST /json/2/product.product/read HTTP/1.1" 200 - 14 0.007 0.010
2026-10-08 06:52:17,071 54 INFO bench werkzeug: 127.0.0.1 - - [08/Oct/2026 06:52:17] "POST /json/2/product.supplierinfo/search HTTP/1.1" 200 - 9 0.003 0.008
2026-10-08 06:52:17,106 54 INFO bench werkzeug: 127.0.0.1 - - [08/Oct/2026 06:52:17] "POST /json/2/product.supplierinfo/create HTTP/1.1" 200 - 19 0.008 0.014
2026-10-08 06:52:17,126 54 INFO bench werkzeug: 127.0.0.1 - - [08/Oct/2026 06:52:17] "POST /json/2/product.product/search HTTP/1.1" 200 - 4 0.002 0.006
2026-10-08 06:52:17,190 54 INFO bench odoo.registry: Caches invalidated, signaling through the database: ['default'] 
2026-10-08 06:52:17,195 54 INFO bench werkzeug: 127.0.0.1 - - [08/Oct/2026 06:52:17] "POST /json/2/product.product/create HTTP/1.1" 200 - 60 0.021 0.034
2026-10-08 06:52:17,222 54 INFO bench werkzeug: 127.0.0.1 - - [08/Oct/2026 06:52:17] "POST /json/2/product.product/read HTTP/1.1" 200 - 14 0.005 0.009
2026-10-08 06:52:17,247 54 INFO bench werkzeug: 127.0.0.1 - - [08/Oct/2026 06:52:17] "POST /json/2/product.supplierinfo/search HTTP/1.1" 200 - 9 0.003 0.008
2026-10-08 06:52:17,284 54 INFO bench werkzeug: 127.0.0.1 - - [08/Oct/2026 06:52:17] "POST /json/2/product.supplierinfo/create HTTP/1.1" 200 - 19 0.008 0.015
2026-10-08 06:52:17,303 54 INFO bench werkzeug: 127.0.0.1 - - [08/Oct/2026 06:52:17] "POST /json/2/product.product/search HTTP/1.1" 200 - 4 0.002 0.006
2026-10-08 06:52:17,367 54 INFO bench odoo.registry: Caches invalidated, signaling through the database: ['default'] 
2026-10-08 06:52:17,371 54 INFO bench werkzeug: 127.0.0.1 - - [08/Oct/2026 06:52:17] "POST /json/2/product.product/create HTTP/1.1" 200 - 60 0.020 0.036
2026-10-08 06:52:17,398 54 INFO bench werkzeug: 127.0.0.1 - - [08/Oct/2026 06:52:17] "POST /json/2/product.product/read HTTP/1.1" 200 - 14 0.005 0.009
2026-10-08 06:52:17,424 54 INFO bench werkzeug: 127.0.0.1 - - [08/Oct/2026 06:52:17] "POST /json/2/product.supplierinfo/search HTTP/1.1" 200 - 9 0.004 0.008
2026-10-08 06:52:17,459 54 INFO bench werkzeug: 127.0.0.1 - - [08/Oct/2026 06:52:17] "POST /json/2/product.supplierinfo/create HTTP/1.1" 200 - 19 0.007 0.015
2026-10-08 06:52:17,485 54 INFO bench werkzeug: 127.0.0.1 - - [08/Oct/2026 06:52:17] "POST /json/2/product.product/search HTTP/1.1" 200 - 4 0.002 0.006
2026-10-08 06:52:17,550 54 INFO bench odoo.registry: Caches invalidated, signaling through the database: ['default'] 
2026-10-08 06:52:17,554 54 INFO bench werkzeug: 127.0.0.1 - - [08/Oct/2026 06:52:17] "POST /json/2/product.product/create HTTP/1.1" 200 - 60 0.021 0.035
2026-10-08 06:52:17,582 54 INFO bench werkzeug: 127.0.0.1 - - [08/Oct/2026 06:52:17] "POST /json/2/product.product/read HTTP/1.1" 200 - 14 0.005 0.009
2026-10-08 06:52:17,608 54 INFO bench werkzeug: 127.0.0.1 - - [08/Oct/2026 06:52:17] "POST /json/2/product.supplierinfo/search HTTP/1.1" 200 - 9 0.004 0.008
2026-10-08 06:52:17,645 54 INFO bench werkzeug: 127.0.0.1 - - [08/Oct/2026 06:52:17] "POST /json/2/product.supplierinfo/create HTTP/1.1" 200 - 19 0.008 0.015
2026-10-08 06:52:17,666 54 INFO bench werkzeug: 127.0.0.1 - - [08/Oct/2026 06:52:17] "POST /json/2/product.product/search HTTP/1.1" 200 - 4 0.002 0.006
2026-10-08 06:52:17,730 54 INFO bench odoo.registry: Caches invalidated, signaling through the database: ['default'] 
2026-10-08 06:52:17,735 54 INFO bench werkzeug: 127.0.0.1 - - [08/Oct/2026 06:52:17] "POST /json/2/product.product/create HTTP/1.1" 200 - 60 0.020 0.036
2026-10-08 06:52:17,762 54 INFO bench werkzeug: 127.0.0.1 - - [08/Oct/2026 06:52:17] "POST /json/2/product.product/read HTTP/1.1" 200 - 14 0.005 0.009
2026-10-08 06:52:17,790 54 INFO bench werkzeug: 127.0.0.1 - - [08/Oct/2026 06:52:17] "POST /json/2/product.supplierinfo/search HTTP/1.1" 200 - 9 0.004 0.008
2026-10-08 06:52:17,825 54 INFO bench werkzeug: 127.0.0.1 - - [08/Oct/2026 06:52:17] "POST /json/2/product.supplierinfo/create HTTP/1.1" 200 - 19 0.007 0.015
2026-10-08 06:52:17,846 54 INFO bench werkzeug: 127.0.0.1 - - [08/Oct/2026 06:52:17] "POST /json/2/product.product/search HTTP/1.1" 200 - 4 0.002 0.006
2026-10-08 06:52:17,910 54 INFO bench odoo.registry: Caches invalidated, signaling through the database: ['default'] 
2026-10-08 06:52:17,915 54 INFO bench werkzeug: 127.0.0.1 - - [08/Oct/2026 06:52:17] "POST /json/2/product.product/create HTTP/1.1" 200 - 60 0.021 0.035
2026-10-08 06:52:17,942 54 INFO bench werkzeug: 127.0.0.1 - - [08/Oct/2026 06:52:17] "POST /json/2/product.product/read HTTP/1.1" 200 - 14 0.006 0.009
2026-10-08 06:52:17,975 54 INFO bench werkzeug: 127.0.0.1 - - [08/Oct/2026 06:52:17] "POST /json/2/product.supplierinfo/search HTTP/1.1" 200 - 9 0.005 0.008
2026-10-08 06:52:18,010 54 INFO bench werkzeug: 127.0.0.1 - - [08/Oct/2026 06:52:18] "POST /json/2/product.supplierinfo/create HTTP/1.1" 200 - 19 0.008 0.015
2026-10-08 06:52:18,031 54 INFO bench werkzeug: 127.0.0.1 - - [08/Oct/2026 06:52:18] "POST /json/2/product.product/search HTTP/1.1" 200 - 4 0.002 0.006
2026-10-08 06:52:18,093 54 INFO bench odoo.registry: Caches invalidated, signaling through the database: ['default'] 
2026-10-08 06:52:18,098 54 INFO bench werkzeug: 127.0.0.1 - - [08/Oct/2026 06:52:18] "POST /json/2/product.product/create HTTP/1.1" 200 - 60 0.019 0.035
2026-10-08 06:52:18,125 54 INFO bench werkzeug: 127.0.0.1 - - [08/Oct/2026 06:52:18] "POST /json/2/product.product/read HTTP/1.1" 200 - 14 0.005 0.009
2026-10-08 06:52:18,149 54 INFO bench werkzeug: 127.0.0.1 - - [08/Oct/2026 06:52:18] "POST /json/2/product.supplierinfo/search HTTP/1.1" 200 - 9 0.003 0.007
2026-10-08 06:52:18,183 54 INFO bench werkzeug: 127.0.0.1 - - [08/Oct/2026 06:52:18] "POST /json/2/product.supplierinfo/create HTTP/1.1" 200 - 19 0.007 0.014
2026-10-08 06:52:18,204 54 INFO bench werkzeug: 127.0.0.1 - - [08/Oct/2026 06:52:18] "POST /json/2/product.product/search HTTP/1.1" 200 - 4 0.002 0.006
2026-10-08 06:52:18,268 54 INFO bench odoo.registry: Caches invalidated, signaling through the database: ['default'] 
2026-10-08 06:52:18,272 54 INFO bench werkzeug: 127.0.0.1 - - [08/Oct/2026 06:52:18] "POST /json/2/product.product/create HTTP/1.1" 200 - 60 0.021 0.033
2026-10-08 06:52:18,298 54 INFO bench werkzeug: 127.0.0.1 - - [08/Oct/2026 06:52:18] "POST /json/2/product.product/read HTTP/1.1" 200 - 14 0.005 0.009
2026-10-08 06:52:18,322 54 INFO bench werkzeug: 127.0.0.1 - - [08/Oct/2026 06:52:18] "POST /json/2/product.supplierinfo/search HTTP/1.1" 200 - 9 0.003 0.008
2026-10-08 06:52:18,357 54 INFO bench werkzeug: 127.0.0.1 - - [08/Oct/2026 06:52:18] "POST /json/2/product.supplierinfo/create HTTP/1.1" 200 - 19 0.007 0.015
2026-10-08 06:52:18,377 54 INFO bench werkzeug: 127.0.0.1 - - [08/Oct/2026 06:52:18] "POST /json/2/product.product/search HTTP/1.1" 200 - 4 0.002 0.006
2026-10-08 06:52:18,449 54 INFO bench odoo.registry: Caches invalidated, signaling through the database: ['default'] 
2026-10-08 06:52:18,453 54 INFO bench werkzeug: 127.0.0.1 - - [08/Oct/2026 06:52:18] "POST /json/2/product.product/create HTTP/1.1" 200 - 60 0.021 0.035
2026-10-08 06:52:18,481 54 INFO bench werkzeug: 127.0.0.1 - - [08/Oct/2026 06:52:18] "POST /json/2/product.product/read HTTP/1.1" 200 - 14 0.005 0.008
2026-10-08 06:52:18,505 54 INFO bench werkzeug: 127.0.0.1 - - [08/Oct/2026 06:52:18] "POST /json/2/product.supplierinfo/search HTTP/1.1" 200 - 9 0.004 0.008
2026-10-08 06:52:18,542 54 INFO bench werkzeug: 127.0.0.1 - - [08/Oct/2026 06:52:18] "POST /json/2/product.supplierinfo/create HTTP/1.1" 200 - 19 0.008 0.015
2026-10-08 06:52:18,563 54 INFO bench werkzeug: 127.0.0.1 - - [08/Oct/2026 06:52:18] "POST /json/2/product.product/search HTTP/1.1" 200 - 4 0.002 0.006
2026-10-08 06:52:18,627 54 INFO bench odoo.registry: Caches invalidated, signaling through the database: ['default'] 
2026-10-08 06:52:18,632 54 INFO bench werkzeug: 127.0.0.1 - - [08/Oct/2026 06:52:18] "POST /json/2/product.product/create HTTP/1.1" 200 - 60 0.021 0.035
2026-10-08 06:52:18,658 54 INFO bench werkzeug: 127.0.0.1 - - [08/Oct/2026 06:52:18] "POST /json/2/product.product/read HTTP/1.1" 200 - 14 0.005 0.008
2026-10-08 06:52:18,682 54 INFO bench werkzeug: 127.0.0.1 - - [08/Oct/2026 06:52:18] "POST /json/2/product.supplierinfo/search HTTP/1.1" 200 - 9 0.004 0.008
2026-10-08 06:52:18,716 54 INFO bench werkzeug: 127.0.0.1 - - [08/Oct/2026 06:52:18] "POST /json/2/product.supplierinfo/create HTTP/1.1" 200 - 19 0.007 0.015
2026-10-08 06:52:18,738 54 INFO bench werkzeug: 127.0.0.1 - - [08/Oct/2026 06:52:18] "POST /json/2/product.product/search HTTP/1.1" 200 - 4 0.002 0.006
2026-10-08 06:52:18,799 54 INFO bench odoo.registry: Caches invalidated, signaling through the database: ['default'] 
2026-10-08 06:52:18,803 54 INFO bench werkzeug: 127.0.0.1 - - [08/Oct/2026 06:52:18] "POST /json/2/product.product/create HTTP/1.1" 200 - 60 0.019 0.034
2026-10-08 06:52:18,830 54 INFO bench werkzeug: 127.0.0.1 - - [08/Oct/2026 06:52:18] "POST /json/2/product.product/read HTTP/1.1" 200 - 14 0.005 0.008
2026-10-08 06:52:18,854 54 INFO bench werkzeug: 127.0.0.1 - - [08/Oct/2026 06:52:18] "POST /json/2/product.supplierinfo/search HTTP/1.1" 200 - 9 0.004 0.008
2026-10-08 06:52:18,897 54 INFO bench werkzeug: 127.0.0.1 - - [08/Oct/2026 06:52:18] "POST /json/2/product.supplierinfo/create HTTP/1.1" 200 - 19 0.007 0.015
2026-10-08 06:52:18,918 54 INFO bench werkzeug: 127.0.0.1 - - [08/Oct/2026 06:52:18] "POST /json/2/product.product/search HTTP/1.1" 200 - 4 0.002 0.007
2026-10-08 06:52:18,982 54 INFO bench odoo.registry: Caches invalidated, signaling through the database: ['default'] 
2026-10-08 06:52:18,986 54 INFO bench werkzeug: 127.0.0.1 - - [08/Oct/2026 06:52:18] "POST /json/2/product.product/create HTTP/1.1" 200 - 60 0.019 0.036
2026-10-08 06:52:19,015 54 INFO bench werkzeug: 127.0.0.1 - - [08/Oct/2026 06:52:19] "POST /json/2/product.product/read HTTP/1.1" 200 - 14 0.006 0.009
2026-10-08 06:52:19,039 54 INFO bench werkzeug: 127.0.0.1 - - [08/Oct/2026 06:52:19] "POST /json/2/product.supplierinfo/search HTTP/1.1" 200 - 9 0.003 0.008
2026-10-08 06:52:19,075 54 INFO bench werkzeug: 127.0.0.1 - - [08/Oct/2026 06:52:19] "POST /json/2/product.supplierinfo/create HTTP/1.1" 200 - 19 0.008 0.015
2026-10-08 06:52:19,095 54 INFO bench werkzeug: 127.0.0.1 - - [08/Oct/2026 06:52:19] "POST /json/2/product.product/search HTTP/1.1" 200 - 4 0.002 0.006
2026-10-08 06:52:19,161 54 INFO bench odoo.registry: Caches invalidated, signaling through the database: ['default'] 
2026-10-08 06:52:19,166 54 INFO bench werkzeug: 127.0.0.1 - - [08/Oct/2026 06:52:19] "POST /json/2/product.product/create HTTP/1.1" 200 - 60 0.022 0.035
2026-10-08 06:52:19,194 54 INFO bench werkzeug: 127.0.0.1 - - [08/Oct/2026 06:52:19] "POST /json/2/product.product/read HTTP/1.1" 200 - 14 0.005 0.009
2026-10-08 06:52:19,219 54 INFO bench werkzeug: 127.0.0.1 - - [08/Oct/2026 06:52:19] "POST /json/2/product.supplierinfo/search HTTP/1.1" 200 - 9 0.003 0.008
2026-10-08 06:52:19,254 54 INFO bench werkzeug: 127.0.0.1 - - [08/Oct/2026 06:52:19] "POST /json/2/product.supplierinfo/create HTTP/1.1" 200 - 19 0.007 0.016
2026-10-08 06:52:19,275 54 INFO bench werkzeug: 127.0.0.1 - - [08/Oct/2026 06:52:19] "POST /json/2/product.product/search HTTP/1.1" 200 - 4 0.002 0.006
2026-10-08 06:52:19,336 54 INFO bench odoo.registry: Caches invalidated, signaling through the database: ['default'] 
2026-10-08 06:52:19,340 54 INFO bench werkzeug: 127.0.0.1 - - [08/Oct/2026 06:52:19] "POST /json/2/product.product/create HTTP/1.1" 200 - 60 0.019 0.033
2026-10-08 06:52:19,375 54 INFO bench werkzeug: 127.0.0.1 - - [08/Oct/2026 06:52:19] "POST /json/2/product.product/read HTTP/1.1" 200 - 14 0.006 0.009
2026-10-08 06:52:19,399 54 INFO bench werkzeug: 127.0.0.1 - - [08/Oct/2026 06:52:19] "POST /json/2/product.supplierinfo/search HTTP/1.1" 200 - 9 0.004 0.008
2026-10-08 06:52:19,436 54 INFO bench werkzeug: 127.0.0.1 - - [08/Oct/2026 06:52:19] "POST /json/2/product.supplierinfo/create HTTP/1.1" 200 - 19 0.008 0.016
2026-10-08 06:52:19,457 54 INFO bench werkzeug: 127.0.0.1 - - [08/Oct/2026 06:52:19] "POST /json/2/product.product/search HTTP/1.1" 200 - 4 0.002 0.006
2026-10-08 06:52:19,521 54 INFO bench odoo.registry: Caches invalidated, signaling through the database: ['default'] 
2026-10-08 06:52:19,526 54 INFO bench werkzeug: 127.0.0.1 - - [08/Oct/2026 06:52:19] "POST /json/2/product.product/create HTTP/1.1" 200 - 60 0.019 0.036
2026-10-08 06:52:19,552 54 INFO bench werkzeug: 127.0.0.1 - - [08/Oct/2026 06:52:19] "POST /json/2/product.product/read HTTP/1.1" 200 - 14 0.005 0.009
2026-10-08 06:52:19,576 54 INFO bench werkzeug: 127.0.0.1 - - [08/Oct/2026 06:52:19] "POST /json/2/product.supplierinfo/search HTTP/1.1" 200 - 9 0.003 0.008
2026-10-08 06:52:19,611 54 INFO bench werkzeug: 127.0.0.1 - - [08/Oct/2026 06:52:19] "POST /json/2/product.supplierinfo/create HTTP/1.1" 200 - 19 0.007 0.015
2026-10-08 06:52:19,632 54 INFO bench werkzeug: 127.0.0.1 - - [08/Oct/2026 06:52:19] "POST /json/2/product.product/search HTTP/1.1" 200 - 4 0.002 0.006
2026-10-08 06:52:19,694 54 INFO bench odoo.registry: Caches invalidated, signaling through the database: ['default'] 
2026-10-08 06:52:19,698 54 INFO bench werkzeug: 127.0.0.1 - - [08/Oct/2026 06:52:19] "POST /json/2/product.product/create HTTP/1.1" 200 - 60 0.019 0.034
2026-10-08 06:52:19,726 54 INFO bench werkzeug: 127.0.0.1 - - [08/Oct/2026 06:52:19] "POST /json/2/product.product/read HTTP/1.1" 200 - 14 0.005 0.009
2026-10-08 06:52:19,750 54 INFO bench werkzeug: 127.0.0.1 - - [08/Oct/2026 06:52:19] "POST /json/2/product.supplierinfo/search HTTP/1.1" 200 - 9 0.004 0.008
2026-10-08 06:52:19,785 54 INFO bench werkzeug: 127.0.0.1 - - [08/Oct/2026 06:52:19] "POST /json/2/product.supplierinfo/create HTTP/1.1" 200 - 19 0.007 0.016
2026-10-08 06:52:19,814 54 INFO bench werkzeug: 127.0.0.1 - - [08/Oct/2026 06:52:19] "POST /json/2/product.product/search HTTP/1.1" 200 - 4 0.002 0.006
2026-10-08 06:52:19,883 54 INFO bench odoo.registry: Caches invalidated, signaling through the database: ['default'] 
2026-10-08 06:52:19,888 54 INFO bench werkzeug: 127.0.0.1 - - [08/Oct/2026 06:52:19] "POST /json/2/product.product/create HTTP/1.1" 200 - 60 0.022 0.038
2026-10-08 06:52:19,916 54 INFO bench werkzeug: 127.0.0.1 - - [08/Oct/2026 06:52:19] "POST /json/2/product.product/read HTTP/1.1" 200 - 14 0.005 0.009
2026-10-08 06:52:19,940 54 INFO bench werkzeug: 127.0.0.1 - - [08/Oct/2026 06:52:19] "POST /json/2/product.supplierinfo/search HTTP/1.1" 200 - 9 0.003 0.008
2026-10-08 06:52:19,976 54 INFO bench werkzeug: 127.0.0.1 - - [08/Oct/2026 06:52:19] "POST /json/2/product.supplierinfo/create HTTP/1.1" 200 - 19 0.007 0.016
2026-10-08 06:52:19,998 54 INFO bench werkzeug: 127.0.0.1 - - [08/Oct/2026 06:52:19] "POST /json/2/product.product/search HTTP/1.1" 200 - 4 0.002 0.007
2026-10-08 06:52:20,066 54 INFO bench odoo.registry: Caches invalidated, signaling through the database: ['default'] 
2026-10-08 06:52:20,070 54 INFO bench werkzeug: 127.0.0.1 - - [08/Oct/2026 06:52:20] "POST /json/2/product.product/create HTTP/1.1" 200 - 60 0.019 0.039
2026-10-08 06:52:20,098 54 INFO bench werkzeug: 127.0.0.1 - - [08/Oct/2026 06:52:20] "POST /json/2/product.product/read HTTP/1.1" 200 - 14 0.005 0.009
2026-10-08 06:52:20,123 54 INFO bench werkzeug: 127.0.0.1 - - [08/Oct/2026 06:52:20] "POST /json/2/product.supplierinfo/search HTTP/1.1" 200 - 9 0.004 0.008
2026-10-08 06:52:20,158 54 INFO bench werkzeug: 127.0.0.1 - - [08/Oct/2026 06:52:20] "POST /json/2/product.supplierinfo/create HTTP/1.1" 200 - 19 0.007 0.015
2026-10-08 06:52:20,181 54 INFO bench werkzeug: 127.0.0.1 - - [08/Oct/2026 06:52:20] "POST /json/2/product.product/search HTTP/1.1" 200 - 4 0.002 0.006
2026-10-08 06:52:20,244 54 INFO bench odoo.registry: Caches invalidated, signaling through the database: ['default'] 
2026-10-08 06:52:20,248 54 INFO bench werkzeug: 127.0.0.1 - - [08/Oct/2026 06:52:20] "POST /json/2/product.product/create HTTP/1.1" 200 - 60 0.020 0.034
2026-10-08 06:52:20,274 54 INFO bench werkzeug: 127.0.0.1 - - [08/Oct/2026 06:52:20] "POST /json/2/product.product/read HTTP/1.1" 200 - 14 0.005 0.009
2026-10-08 06:52:20,306 54 INFO bench werkzeug: 127.0.0.1 - - [08/Oct/2026 06:52:20] "POST /json/2/product.supplierinfo/search HTTP/1.1" 200 - 9 0.003 0.008
2026-10-08 06:52:20,343 54 INFO bench werkzeug: 127.0.0.1 - - [08/Oct/2026 06:52:20] "POST /json/2/product.supplierinfo/create HTTP/1.1" 200 - 19 0.007 0.015
2026-10-08 06:52:20,364 54 INFO bench werkzeug: 127.0.0.1 - - [08/Oct/2026 06:52:20] "POST /json/2/product.product/search HTTP/1.1" 200 - 4 0.002 0.006
2026-10-08 06:52:20,427 54 INFO bench odoo.registry: Caches invalidated, signaling through the database: ['default'] 
2026-10-08 06:52:20,447 54 INFO bench werkzeug: 127.0.0.1 - - [08/Oct/2026 06:52:20] "POST /json/2/product.product/create HTTP/1.1" 200 - 60 0.020 0.049
2026-10-08 06:52:20,475 54 INFO bench werkzeug: 127.0.0.1 - - [08/Oct/2026 06:52:20] "POST /json/2/product.product/read HTTP/1.1" 200 - 14 0.006 0.009
2026-10-08 06:52:20,499 54 INFO bench werkzeug: 127.0.0.1 - - [08/Oct/2026 06:52:20] "POST /json/2/product.supplierinfo/search HTTP/1.1" 200 - 9 0.003 0.007
2026-10-08 06:52:20,535 54 INFO bench werkzeug: 127.0.0.1 - - [08/Oct/2026 06:52:20] "POST /json/2/product.supplierinfo/create HTTP/1.1" 200 - 19 0.008 0.015
2026-10-08 06:52:20,555 54 INFO bench werkzeug: 127.0.0.1 - - [08/Oct/2026 06:52:20] "POST /json/2/product.product/search HTTP/1.1" 200 - 4 0.002 0.006
2026-10-08 06:52:20,619 54 INFO bench odoo.registry: Caches invalidated, signaling through the database: ['default'] 
2026-10-08 06:52:20,623 54 INFO bench werkzeug: 127.0.0.1 - - [08/Oct/2026 06:52:20] "POST /json/2/product.product/create HTTP/1.1" 200 - 60 0.019 0.036
2026-10-08 06:52:20,649 54 INFO bench werkzeug: 127.0.0.1 - - [08/Oct/2026 06:52:20] "POST /json/2/product.product/read HTTP/1.1" 200 - 14 0.005 0.009
2026-10-08 06:52:20,674 54 INFO bench werkzeug: 127.0.0.1 - - [08/Oct/2026 06:52:20] "POST /json/2/product.supplierinfo/search HTTP/1.1" 200 - 9 0.004 0.008
2026-10-08 06:52:20,709 54 INFO bench werkzeug: 127.0.0.1 - - [08/Oct/2026 06:52:20] "POST /json/2/product.supplierinfo/create HTTP/1.1" 200 - 19 0.007 0.015
2026-10-08 06:52:20,730 54 INFO bench werkzeug: 127.0.0.1 - - [08/Oct/2026 06:52:20] "POST /json/2/product.product/search HTTP/1.1" 200 - 4 0.002 0.006
2026-10-08 06:52:20,802 54 INFO bench odoo.registry: Caches invalidated, signaling through the database: ['default'] 
2026-10-08 06:52:20,806 54 INFO bench werkzeug: 127.0.0.1 - - [08/Oct/2026 06:52:20] "POST /json/2/product.product/create HTTP/1.1" 200 - 60 0.020 0.034
2026-10-08 06:52:20,834 54 INFO bench werkzeug: 127.0.0.1 - - [08/Oct/2026 06:52:20] "POST /json/2/product.product/read HTTP/1.1" 200 - 14 0.006 0.009
2026-10-08 06:52:20,858 54 INFO bench werkzeug: 127.0.0.1 - - [08/Oct/2026 06:52:20] "POST /json/2/product.supplierinfo/search HTTP/1.1" 200 - 9 0.003 0.008
2026-10-08 06:52:20,894 54 INFO bench werkzeug: 127.0.0.1 - - [08/Oct/2026 06:52:20] "POST /json/2/product.supplierinfo/create HTTP/1.1" 200 - 19 0.008 0.015
2026-10-08 06:52:20,916 54 INFO bench werkzeug: 127.0.0.1 - - [08/Oct/2026 06:52:20] "POST /json/2/product.product/search HTTP/1.1" 200 - 4 0.002 0.006
2026-10-08 06:52:20,977 54 INFO bench odoo.registry: Caches invalidated, signaling through the database: ['default'] 
2026-10-08 06:52:20,981 54 INFO bench werkzeug: 127.0.0.1 - - [08/Oct/2026 06:52:20] "POST /json/2/product.product/create HTTP/1.1" 200 - 60 0.019 0.034
2026-10-08 06:52:21,007 54 INFO bench werkzeug: 127.0.0.1 - - [08/Oct/2026 06:52:21] "POST /json/2/product.product/read HTTP/1.1" 200 - 14 0.005 0.009
2026-10-08 06:52:21,033 54 INFO bench werkzeug: 127.0.0.1 - - [08/Oct/2026 06:52:21] "POST /json/2/product.supplierinfo/search HTTP/1.1" 200 - 9 0.004 0.008
2026-10-08 06:52:21,069 54 INFO bench werkzeug: 127.0.0.1 - - [08/Oct/2026 06:52:21] "POST /json/2/product.supplierinfo/create HTTP/1.1" 200 - 19 0.007 0.016
2026-10-08 06:52:21,092 54 INFO bench werkzeug: 127.0.0.1 - - [08/Oct/2026 06:52:21] "POST /json/2/product.product/search HTTP/1.1" 200 - 4 0.002 0.006
2026-10-08 06:52:21,156 54 INFO bench odoo.registry: Caches invalidated, signaling through the database: ['default'] 
2026-10-08 06:52:21,160 54 INFO bench werkzeug: 127.0.0.1 - - [08/Oct/2026 06:52:21] "POST /json/2/product.product/create HTTP/1.1" 200 - 60 0.020 0.034
2026-10-08 06:52:21,188 54 INFO bench werkzeug: 127.0.0.1 - - [08/Oct/2026 06:52:21] "POST /json/2/product.product/read HTTP/1.1" 200 - 14 0.006 0.009
2026-10-08 06:52:21,212 54 INFO bench werkzeug: 127.0.0.1 - - [08/Oct/2026 06:52:21] "POST /json/2/product.supplierinfo/search HTTP/1.1" 200 - 9 0.004 0.008
2026-10-08 06:52:21,255 54 INFO bench werkzeug: 127.0.0.1 - - [08/Oct/2026 06:52:21] "POST /json/2/product.supplierinfo/create HTTP/1.1" 200 - 19 0.007 0.015
2026-10-08 06:52:21,276 54 INFO bench werkzeug: 127.0.0.1 - - [08/Oct/2026 06:52:21] "POST /json/2/product.product/search HTTP/1.1" 200 - 4 0.002 0.006
2026-10-08 06:52:21,341 54 INFO bench odoo.registry: Caches invalidated, signaling through the database: ['default'] 
2026-10-08 06:52:21,345 54 INFO bench werkzeug: 127.0.0.1 - - [08/Oct/2026 06:52:21] "POST /json/2/product.product/create HTTP/1.1" 200 - 60 0.020 0.036
2026-10-08 06:52:21,373 54 INFO bench werkzeug: 127.0.0.1 - - [08/Oct/2026 06:52:21] "POST /json/2/product.product/read HTTP/1.1" 200 - 14 0.005 0.010
2026-10-08 06:52:21,397 54 INFO bench werkzeug: 127.0.0.1 - - [08/Oct/2026 06:52:21] "POST /json/2/product.supplierinfo/search HTTP/1.1" 200 - 9 0.003 0.007
2026-10-08 06:52:21,432 54 INFO bench werkzeug: 127.0.0.1 - - [08/Oct/2026 06:52:21] "POST /json/2/product.supplierinfo/create HTTP/1.1" 200 - 19 0.007 0.016
2026-10-08 06:52:21,453 54 INFO bench werkzeug: 127.0.0.1 - - [08/Oct/2026 06:52:21] "POST /json/2/product.product/search HTTP/1.1" 200 - 4 0.002 0.006
2026-10-08 06:52:21,519 54 INFO bench odoo.registry: Caches invalidated, signaling through the database: ['default'] 
2026-10-08 06:52:21,523 54 INFO bench werkzeug: 127.0.0.1 - - [08/Oct/2026 06:52:21] "POST /json/2/product.product/create HTTP/1.1" 200 - 60 0.020 0.037
2026-10-08 06:52:21,552 54 INFO bench werkzeug: 127.0.0.1 - - [08/Oct/2026 06:52:21] "POST /json/2/product.product/read HTTP/1.1" 200 - 14 0.006 0.010
2026-10-08 06:52:21,576 54 INFO bench werkzeug: 127.0.0.1 - - [08/Oct/2026 06:52:21] "POST /json/2/product.supplierinfo/search HTTP/1.1" 200 - 9 0.004 0.008
2026-10-08 06:52:21,611 54 INFO bench werkzeug: 127.0.0.1 - - [08/Oct/2026 06:52:21] "POST /json/2/product.supplierinfo/create HTTP/1.1" 200 - 19 0.007 0.015
2026-10-08 06:52:21,632 54 INFO bench werkzeug: 127.0.0.1 - - [08/Oct/2026 06:52:21] "POST /json/2/product.product/search HTTP/1.1" 200 - 4 0.002 0.006
2026-10-08 06:52:21,705 54 INFO bench odoo.registry: Caches invalidated, signaling through the database: ['default'] 
2026-10-08 06:52:21,711 54 INFO bench werkzeug: 127.0.0.1 - - [08/Oct/2026 06:52:21] "POST /json/2/product.product/create HTTP/1.1" 200 - 60 0.021 0.040
2026-10-08 06:52:21,741 54 INFO bench werkzeug: 127.0.0.1 - - [08/Oct/2026 06:52:21] "POST /json/2/product.product/read HTTP/1.1" 200 - 14 0.006 0.010
2026-10-08 06:52:21,766 54 INFO bench werkzeug: 127.0.0.1 - - [08/Oct/2026 06:52:21] "POST /json/2/product.supplierinfo/search HTTP/1.1" 200 - 9 0.004 0.008
2026-10-08 06:52:21,801 54 INFO bench werkzeug: 127.0.0.1 - - [08/Oct/2026 06:52:21] "POST /json/2/product.supplierinfo/create HTTP/1.1" 200 - 19 0.007 0.015
2026-10-08 06:52:21,821 54 INFO bench werkzeug: 127.0.0.1 - - [08/Oct/2026 06:52:21] "POST /json/2/product.product/search HTTP/1.1" 200 - 4 0.002 0.006
2026-10-08 06:52:21,883 54 INFO bench odoo.registry: Caches invalidated, signaling through the database: ['default'] 
2026-10-08 06:52:21,888 54 INFO bench werkzeug: 127.0.0.1 - - [08/Oct/2026 06:52:21] "POST /json/2/product.product/create HTTP/1.1" 200 - 60 0.019 0.033
2026-10-08 06:52:21,915 54 INFO bench werkzeug: 127.0.0.1 - - [08/Oct/2026 06:52:21] "POST /json/2/product.product/read HTTP/1.1" 200 - 14 0.005 0.009
2026-10-08 06:52:21,939 54 INFO bench werkzeug: 127.0.0.1 - - [08/Oct/2026 06:52:21] "POST /json/2/product.supplierinfo/search HTTP/1.1" 200 - 9 0.003 0.008
2026-10-08 06:52:21,975 54 INFO bench werkzeug: 127.0.0.1 - - [08/Oct/2026 06:52:21] "POST /json/2/product.supplierinfo/create HTTP/1.1" 200 - 19 0.007 0.015
2026-10-08 06:52:21,996 54 INFO bench werkzeug: 127.0.0.1 - - [08/Oct/2026 06:52:21] "POST /json/2/product.product/search HTTP/1.1" 200 - 4 0.002 0.006
2026-10-08 06:52:22,063 54 INFO bench odoo.registry: Caches invalidated, signaling through the database: ['default'] 
2026-10-08 06:52:22,067 54 INFO bench werkzeug: 127.0.0.1 - - [08/Oct/2026 06:52:22] "POST /json/2/product.product/create HTTP/1.1" 200 - 60 0.023 0.035
2026-10-08 06:52:22,094 54 INFO bench werkzeug: 127.0.0.1 - - [08/Oct/2026 06:52:22] "POST /json/2/product.product/read HTTP/1.1" 200 - 14 0.005 0.009
2026-10-08 06:52:22,118 54 INFO bench werkzeug: 127.0.0.1 - - [08/Oct/2026 06:52:22] "POST /json/2/product.supplierinfo/search HTTP/1.1" 200 - 9 0.003 0.008
2026-10-08 06:52:22,167 54 INFO bench werkzeug: 127.0.0.1 - - [08/Oct/2026 06:52:22] "POST /json/2/product.supplierinfo/create HTTP/1.1" 200 - 19 0.008 0.015
2026-10-08 06:52:22,188 54 INFO bench werkzeug: 127.0.0.1 - - [08/Oct/2026 06:52:22] "POST /json/2/product.product/search HTTP/1.1" 200 - 4 0.002 0.006
2026-10-08 06:52:22,255 54 INFO bench odoo.registry: Caches invalidated, signaling through the database: ['default'] 
2026-10-08 06:52:22,259 54 INFO bench werkzeug: 127.0.0.1 - - [08/Oct/2026 06:52:22] "POST /json/2/product.product/create HTTP/1.1" 200 - 60 0.019 0.038
2026-10-08 06:52:22,286 54 INFO bench werkzeug: 127.0.0.1 - - [08/Oct/2026 06:52:22] "POST /json/2/product.product/read HTTP/1.1" 200 - 14 0.005 0.009
2026-10-08 06:52:22,310 54 INFO bench werkzeug: 127.0.0.1 - - [08/Oct/2026 06:52:22] "POST /json/2/product.supplierinfo/search HTTP/1.1" 200 - 9 0.003 0.007
2026-10-08 06:52:22,348 54 INFO bench werkzeug: 127.0.0.1 - - [08/Oct/2026 06:52:22] "POST /json/2/product.supplierinfo/create HTTP/1.1" 200 - 19 0.009 0.015
2026-10-08 06:52:22,372 54 INFO bench werkzeug: 127.0.0.1 - - [08/Oct/2026 06:52:22] "POST /json/2/product.product/read HTTP/1.1" 200 - 7 0.003 0.008
2026-10-08 06:52:22,394 54 INFO bench werkzeug: 127.0.0.1 - - [08/Oct/2026 06:52:22] "POST /json/2/product.supplierinfo/read HTTP/1.1" 200 - 4 0.002 0.006
2026-10-08 06:52:22,433 54 INFO bench werkzeug: 127.0.0.1 - - [08/Oct/2026 06:52:22] "POST /json/2/res.partner/write HTTP/1.1" 200 - 20 0.008 0.019
2026-10-08 06:52:22,462 54 INFO bench werkzeug: 127.0.0.1 - - [08/Oct/2026 06:52:22] "POST /json/2/res.partner/write HTTP/1.1" 200 - 8 0.003 0.012
2026-10-08 06:52:22,493 54 INFO bench werkzeug: 127.0.0.1 - - [08/Oct/2026 06:52:22] "POST /json/2/res.partner/write HTTP/1.1" 200 - 8 0.003 0.014
2026-10-08 06:52:22,522 54 INFO bench werkzeug: 127.0.0.1 - - [08/Oct/2026 06:52:22] "POST /json/2/res.partner/write HTTP/1.1" 200 - 8 0.004 0.012
2026-10-08 06:52:22,550 54 INFO bench werkzeug: 127.0.0.1 - - [08/Oct/2026 06:52:22] "POST /json/2/res.partner/write HTTP/1.1" 200 - 8 0.003 0.012
2026-10-08 06:52:22,578 54 INFO bench werkzeug: 127.0.0.1 - - [08/Oct/2026 06:52:22] "POST /json/2/res.partner/write HTTP/1.1" 200 - 8 0.004 0.013
2026-10-08 06:52:22,608 54 INFO bench werkzeug: 127.0.0.1 - - [08/Oct/2026 06:52:22] "POST /json/2/res.partner/write HTTP/1.1" 200 - 8 0.003 0.011
2026-10-08 06:52:22,644 54 INFO bench werkzeug: 127.0.0.1 - - [08/Oct/2026 06:52:22] "POST /json/2/res.partner/write HTTP/1.1" 200 - 8 0.003 0.012
2026-10-08 06:52:22,675 54 INFO bench werkzeug: 127.0.0.1 - - [08/Oct/2026 06:52:22] "POST /json/2/res.partner/write HTTP/1.1" 200 - 8 0.004 0.012
2026-10-08 06:52:22,703 54 INFO bench werkzeug: 127.0.0.1 - - [08/Oct/2026 06:52:22] "POST /json/2/res.partner/write HTTP/1.1" 200 - 8 0.003 0.012
2026-10-08 06:52:22,731 54 INFO bench werkzeug: 127.0.0.1 - - [08/Oct/2026 06:52:22] "POST /json/2/res.partner/write HTTP/1.1" 200 - 8 0.003 0.012
2026-10-08 06:52:22,757 54 INFO bench werkzeug: 127.0.0.1 - - [08/Oct/2026 06:52:22] "POST /json/2/res.partner/write HTTP/1.1" 200 - 8 0.003 0.011
2026-10-08 06:52:22,785 54 INFO bench werkzeug: 127.0.0.1 - - [08/Oct/2026 06:52:22] "POST /json/2/res.partner/write HTTP/1.1" 200 - 8 0.003 0.012
2026-10-08 06:52:22,815 54 INFO bench werkzeug: 127.0.0.1 - - [08/Oct/2026 06:52:22] "POST /json/2/res.partner/write HTTP/1.1" 200 - 8 0.003 0.013
2026-10-08 06:52:22,843 54 INFO bench werkzeug: 127.0.0.1 - - [08/Oct/2026 06:52:22] "POST /json/2/res.partner/write HTTP/1.1" 200 - 8 0.003 0.012
2026-10-08 06:52:22,872 54 INFO bench werkzeug: 127.0.0.1 - - [08/Oct/2026 06:52:22] "POST /json/2/res.partner/write HTTP/1.1" 200 - 8 0.003 0.012
2026-10-08 06:52:22,900 54 INFO bench werkzeug: 127.0.0.1 - - [08/Oct/2026 06:52:22] "POST /json/2/res.partner/write HTTP/1.1" 200 - 8 0.003 0.012
2026-10-08 06:52:22,929 54 INFO bench werkzeug: 127.0.0.1 - - [08/Oct/2026 06:52:22] "POST /json/2/res.partner/write HTTP/1.1" 200 - 8 0.003 0.012
2026-10-08 06:52:22,957 54 INFO bench werkzeug: 127.0.0.1 - - [08/Oct/2026 06:52:22] "POST /json/2/res.partner/write HTTP/1.1" 200 - 8 0.004 0.012
2026-10-08 06:52:22,985 54 INFO bench werkzeug: 127.0.0.1 - - [08/Oct/2026 06:52:22] "POST /json/2/res.partner/write HTTP/1.1" 200 - 8 0.003 0.011
2026-10-08 06:52:23,020 54 INFO bench werkzeug: 127.0.0.1 - - [08/Oct/2026 06:52:23] "POST /json/2/res.partner/write HTTP/1.1" 200 - 8 0.003 0.012
2026-10-08 06:52:23,050 54 INFO bench werkzeug: 127.0.0.1 - - [08/Oct/2026 06:52:23] "POST /json/2/res.partner/write HTTP/1.1" 200 - 8 0.003 0.012
2026-10-08 06:52:23,078 54 INFO bench werkzeug: 127.0.0.1 - - [08/Oct/2026 06:52:23] "POST /json/2/res.partner/write HTTP/1.1" 200 - 8 0.003 0.012
2026-10-08 06:52:23,109 54 INFO bench werkzeug: 127.0.0.1 - - [08/Oct/2026 06:52:23] "POST /json/2/res.partner/write HTTP/1.1" 200 - 8 0.004 0.013
2026-10-08 06:52:23,137 54 INFO bench werkzeug: 127.0.0.1 - - [08/Oct/2026 06:52:23] "POST /json/2/res.partner/write HTTP/1.1" 200 - 8 0.003 0.012
2026-10-08 06:52:23,165 54 INFO bench werkzeug: 127.0.0.1 - - [08/Oct/2026 06:52:23] "POST /json/2/res.partner/write HTTP/1.1" 200 - 8 0.003 0.012
2026-10-08 06:52:23,193 54 INFO bench werkzeug: 127.0.0.1 - - [08/Oct/2026 06:52:23] "POST /json/2/res.partner/write HTTP/1.1" 200 - 8 0.004 0.012
2026-10-08 06:52:23,222 54 INFO bench werkzeug: 127.0.0.1 - - [08/Oct/2026 06:52:23] "POST /json/2/res.partner/write HTTP/1.1" 200 - 8 0.003 0.011
2026-10-08 06:52:23,250 54 INFO bench werkzeug: 127.0.0.1 - - [08/Oct/2026 06:52:23] "POST /json/2/res.partner/write HTTP/1.1" 200 - 8 0.003 0.011
2026-10-08 06:52:23,277 54 INFO bench werkzeug: 127.0.0.1 - - [08/Oct/2026 06:52:23] "POST /json/2/res.partner/write HTTP/1.1" 200 - 8 0.003 0.011
2026-10-08 06:52:23,305 54 INFO bench werkzeug: 127.0.0.1 - - [08/Oct/2026 06:52:23] "POST /json/2/res.partner/write HTTP/1.1" 200 - 8 0.004 0.012
2026-10-08 06:52:23,334 54 INFO bench werkzeug: 127.0.0.1 - - [08/Oct/2026 06:52:23] "POST /json/2/res.partner/write HTTP/1.1" 200 - 8 0.004 0.012
2026-10-08 06:52:23,361 54 INFO bench werkzeug: 127.0.0.1 - - [08/Oct/2026 06:52:23] "POST /json/2/res.partner/write HTTP/1.1" 200 - 8 0.003 0.011
2026-10-08 06:52:23,395 54 INFO bench werkzeug: 127.0.0.1 - - [08/Oct/2026 06:52:23] "POST /json/2/res.partner/write HTTP/1.1" 200 - 8 0.003 0.012
2026-10-08 06:52:23,423 54 INFO bench werkzeug: 127.0.0.1 - - [08/Oct/2026 06:52:23] "POST /json/2/res.partner/write HTTP/1.1" 200 - 8 0.004 0.012
2026-10-08 06:52:23,452 54 INFO bench werkzeug: 127.0.0.1 - - [08/Oct/2026 06:52:23] "POST /json/2/res.partner/write HTTP/1.1" 200 - 8 0.004 0.012
2026-10-08 06:52:23,482 54 INFO bench werkzeug: 127.0.0.1 - - [08/Oct/2026 06:52:23] "POST /json/2/res.partner/write HTTP/1.1" 200 - 8 0.004 0.013
2026-10-08 06:52:23,511 54 INFO bench werkzeug: 127.0.0.1 - - [08/Oct/2026 06:52:23] "POST /json/2/res.partner/write HTTP/1.1" 200 - 8 0.004 0.012
2026-10-08 06:52:23,540 54 INFO bench werkzeug: 127.0.0.1 - - [08/Oct/2026 06:52:23] "POST /json/2/res.partner/write HTTP/1.1" 200 - 8 0.003 0.012
2026-10-08 06:52:23,568 54 INFO bench werkzeug: 127.0.0.1 - - [08/Oct/2026 06:52:23] "POST /json/2/res.partner/write HTTP/1.1" 200 - 8 0.003 0.012
2026-10-08 06:52:23,600 54 INFO bench werkzeug: 127.0.0.1 - - [08/Oct/2026 06:52:23] "POST /json/2/res.partner/write HTTP/1.1" 200 - 8 0.004 0.015
2026-10-08 06:52:23,631 54 INFO bench werkzeug: 127.0.0.1 - - [08/Oct/2026 06:52:23] "POST /json/2/res.partner/write HTTP/1.1" 200 - 8 0.004 0.014
2026-10-08 06:52:23,661 54 INFO bench werkzeug: 127.0.0.1 - - [08/Oct/2026 06:52:23] "POST /json/2/res.partner/write HTTP/1.1" 200 - 8 0.003 0.012
2026-10-08 06:52:23,688 54 INFO bench werkzeug: 127.0.0.1 - - [08/Oct/2026 06:52:23] "POST /json/2/res.partner/write HTTP/1.1" 200 - 8 0.004 0.012
2026-10-08 06:52:23,717 54 INFO bench werkzeug: 127.0.0.1 - - [08/Oct/2026 06:52:23] "POST /json/2/res.partner/write HTTP/1.1" 200 - 8 0.003 0.011
2026-10-08 06:52:23,745 54 INFO bench werkzeug: 127.0.0.1 - - [08/Oct/2026 06:52:23] "POST /json/2/res.partner/write HTTP/1.1" 200 - 8 0.003 0.012
2026-10-08 06:52:23,780 54 INFO bench werkzeug: 127.0.0.1 - - [08/Oct/2026 06:52:23] "POST /json/2/res.partner/write HTTP/1.1" 200 - 8 0.004 0.012
2026-10-08 06:52:23,808 54 INFO bench werkzeug: 127.0.0.1 - - [08/Oct/2026 06:52:23] "POST /json/2/res.partner/write HTTP/1.1" 200 - 8 0.004 0.012
2026-10-08 06:52:23,836 54 INFO bench werkzeug: 127.0.0.1 - - [08/Oct/2026 06:52:23] "POST /json/2/res.partner/write HTTP/1.1" 200 - 8 0.003 0.012
2026-10-08 06:52:23,864 54 INFO bench werkzeug: 127.0.0.1 - - [08/Oct/2026 06:52:23] "POST /json/2/res.partner/write HTTP/1.1" 200 - 8 0.004 0.013
2026-10-08 06:52:23,892 54 INFO bench werkzeug: 127.0.0.1 - - [08/Oct/2026 06:52:23] "POST /json/2/res.partner/write HTTP/1.1" 200 - 8 0.003 0.012
2026-10-08 06:52:23,920 54 INFO bench werkzeug: 127.0.0.1 - - [08/Oct/2026 06:52:23] "POST /json/2/res.partner/write HTTP/1.1" 200 - 8 0.004 0.012
2026-10-08 06:52:23,948 54 INFO bench werkzeug: 127.0.0.1 - - [08/Oct/2026 06:52:23] "POST /json/2/res.partner/write HTTP/1.1" 200 - 8 0.003 0.012
2026-10-08 06:52:23,976 54 INFO bench werkzeug: 127.0.0.1 - - [08/Oct/2026 06:52:23] "POST /json/2/res.partner/write HTTP/1.1" 200 - 8 0.004 0.012
2026-10-08 06:52:24,006 54 INFO bench werkzeug: 127.0.0.1 - - [08/Oct/2026 06:52:24] "POST /json/2/res.partner/write HTTP/1.1" 200 - 8 0.004 0.012
2026-10-08 06:52:24,033 54 INFO bench werkzeug: 127.0.0.1 - - [08/Oct/2026 06:52:24] "POST /json/2/res.partner/write HTTP/1.1" 200 - 8 0.003 0.011
2026-10-08 06:52:24,060 54 INFO bench werkzeug: 127.0.0.1 - - [08/Oct/2026 06:52:24] "POST /json/2/res.partner/write HTTP/1.1" 200 - 8 0.004 0.012
2026-10-08 06:52:24,089 54 INFO bench werkzeug: 127.0.0.1 - - [08/Oct/2026 06:52:24] "POST /json/2/res.partner/write HTTP/1.1" 200 - 8 0.003 0.012
2026-10-08 06:52:24,118 54 INFO bench werkzeug: 127.0.0.1 - - [08/Oct/2026 06:52:24] "POST /json/2/res.partner/write HTTP/1.1" 200 - 8 0.004 0.012
2026-10-08 06:52:24,153 54 INFO bench werkzeug: 127.0.0.1 - - [08/Oct/2026 06:52:24] "POST /json/2/res.partner/write HTTP/1.1" 200 - 8 0.003 0.011
2026-10-08 06:52:24,186 54 INFO bench werkzeug: 127.0.0.1 - - [08/Oct/2026 06:52:24] "POST /json/2/res.partner/write HTTP/1.1" 200 - 8 0.004 0.016
2026-10-08 06:52:24,214 54 INFO bench werkzeug: 127.0.0.1 - - [08/Oct/2026 06:52:24] "POST /json/2/res.partner/write HTTP/1.1" 200 - 8 0.003 0.012
2026-10-08 06:52:24,245 54 INFO bench werkzeug: 127.0.0.1 - - [08/Oct/2026 06:52:24] "POST /json/2/res.partner/write HTTP/1.1" 200 - 8 0.004 0.013
2026-10-08 06:52:24,272 54 INFO bench werkzeug: 127.0.0.1 - - [08/Oct/2026 06:52:24] "POST /json/2/res.partner/write HTTP/1.1" 200 - 8 0.003 0.012
2026-10-08 06:52:24,301 54 INFO bench werkzeug: 127.0.0.1 - - [08/Oct/2026 06:52:24] "POST /json/2/res.partner/write HTTP/1.1" 200 - 8 0.003 0.012
2026-10-08 06:52:24,328 54 INFO bench werkzeug: 127.0.0.1 - - [08/Oct/2026 06:52:24] "POST /json/2/res.partner/write HTTP/1.1" 200 - 8 0.003 0.012
2026-10-08 06:52:24,356 54 INFO bench werkzeug: 127.0.0.1 - - [08/Oct/2026 06:52:24] "POST /json/2/res.partner/write HTTP/1.1" 200 - 8 0.003 0.011
2026-10-08 06:52:24,383 54 INFO bench werkzeug: 127.0.0.1 - - [08/Oct/2026 06:52:24] "POST /json/2/res.partner/write HTTP/1.1" 200 - 8 0.003 0.011
2026-10-08 06:52:24,414 54 INFO bench werkzeug: 127.0.0.1 - - [08/Oct/2026 06:52:24] "POST /json/2/res.partner/write HTTP/1.1" 200 - 8 0.004 0.014
2026-10-08 06:52:24,442 54 INFO bench werkzeug: 127.0.0.1 - - [08/Oct/2026 06:52:24] "POST /json/2/res.partner/write HTTP/1.1" 200 - 8 0.003 0.012
2026-10-08 06:52:24,470 54 INFO bench werkzeug: 127.0.0.1 - - [08/Oct/2026 06:52:24] "POST /json/2/res.partner/write HTTP/1.1" 200 - 8 0.004 0.011
2026-10-08 06:52:24,497 54 INFO bench werkzeug: 127.0.0.1 - - [08/Oct/2026 06:52:24] "POST /json/2/res.partner/write HTTP/1.1" 200 - 8 0.003 0.012
2026-10-08 06:52:24,530 54 INFO bench werkzeug: 127.0.0.1 - - [08/Oct/2026 06:52:24] "POST /json/2/res.partner/write HTTP/1.1" 200 - 8 0.003 0.011
2026-10-08 06:52:24,553 54 INFO bench werkzeug: 127.0.0.1 - - [08/Oct/2026 06:52:24] "POST /json/2/product.product/read HTTP/1.1" 200 - 5 0.003 0.007
2026-10-08 06:52:24,578 54 INFO bench werkzeug: 127.0.0.1 - - [08/Oct/2026 06:52:24] "POST /json/2/mrp.bom/search HTTP/1.1" 200 - 8 0.004 0.007
2026-10-08 06:52:24,618 54 INFO bench werkzeug: 127.0.0.1 - - [08/Oct/2026 06:52:24] "POST /json/2/mrp.bom/create HTTP/1.1" 200 - 31 0.010 0.018
2026-10-08 06:52:24,650 54 INFO bench werkzeug: 127.0.0.1 - - [08/Oct/2026 06:52:24] "POST /json/2/mrp.bom.line/create HTTP/1.1" 200 - 15 0.006 0.014
2026-10-08 06:52:24,682 54 INFO bench werkzeug: 127.0.0.1 - - [08/Oct/2026 06:52:24] "POST /json/2/mrp.bom.line/create HTTP/1.1" 200 - 10 0.004 0.015
2026-10-08 06:52:24,712 54 INFO bench werkzeug: 127.0.0.1 - - [08/Oct/2026 06:52:24] "POST /json/2/mrp.bom.line/create HTTP/1.1" 200 - 10 0.004 0.012
2026-10-08 06:52:24,742 54 INFO bench werkzeug: 127.0.0.1 - - [08/Oct/2026 06:52:24] "POST /json/2/mrp.bom.line/create HTTP/1.1" 200 - 10 0.004 0.012
2026-10-08 06:52:24,771 54 INFO bench werkzeug: 127.0.0.1 - - [08/Oct/2026 06:52:24] "POST /json/2/mrp.bom.line/create HTTP/1.1" 200 - 10 0.004 0.012
2026-10-08 06:52:24,794 54 INFO bench werkzeug: 127.0.0.1 - - [08/Oct/2026 06:52:24] "POST /json/2/product.product/read HTTP/1.1" 200 - 5 0.003 0.007
2026-10-08 06:52:24,812 54 INFO bench werkzeug: 127.0.0.1 - - [08/Oct/2026 06:52:24] "POST /json/2/mrp.bom/search HTTP/1.1" 200 - 3 0.001 0.005
2026-10-08 06:52:24,846 54 INFO bench werkzeug: 127.0.0.1 - - [08/Oct/2026 06:52:24] "POST /json/2/mrp.bom/create HTTP/1.1" 200 - 16 0.006 0.016
2026-10-08 06:52:24,875 54 INFO bench werkzeug: 127.0.0.1 - - [08/Oct/2026 06:52:24] "POST /json/2/mrp.bom.line/create HTTP/1.1" 200 - 10 0.004 0.011
2026-10-08 06:52:24,911 54 INFO bench werkzeug: 127.0.0.1 - - [08/Oct/2026 06:52:24] "POST /json/2/mrp.bom.line/create HTTP/1.1" 200 - 10 0.004 0.012
2026-10-08 06:52:24,933 54 INFO bench werkzeug: 127.0.0.1 - - [08/Oct/2026 06:52:24] "POST /json/2/product.product/read HTTP/1.1" 200 - 5 0.002 0.006
2026-10-08 06:52:24,953 54 INFO bench werkzeug: 127.0.0.1 - - [08/Oct/2026 06:52:24] "POST /json/2/mrp.bom/search HTTP/1.1" 200 - 3 0.001 0.005
2026-10-08 06:52:24,989 54 INFO bench werkzeug: 127.0.0.1 - - [08/Oct/2026 06:52:24] "POST /json/2/mrp.bom/create HTTP/1.1" 200 - 16 0.006 0.017
2026-10-08 06:52:25,018 54 INFO bench werkzeug: 127.0.0.1 - - [08/Oct/2026 06:52:25] "POST /json/2/mrp.bom.line/create HTTP/1.1" 200 - 10 0.004 0.011
2026-10-08 06:52:25,046 54 INFO bench werkzeug: 127.0.0.1 - - [08/Oct/2026 06:52:25] "POST /json/2/mrp.bom.line/create HTTP/1.1" 200 - 10 0.004 0.011
2026-10-08 06:52:25,068 54 INFO bench werkzeug: 127.0.0.1 - - [08/Oct/2026 06:52:25] "POST /json/2/product.product/read HTTP/1.1" 200 - 5 0.002 0.006
2026-10-08 06:52:25,087 54 INFO bench werkzeug: 127.0.0.1 - - [08/Oct/2026 06:52:25] "POST /json/2/mrp.bom/search HTTP/1.1" 200 - 3 0.001 0.005
2026-10-08 06:52:25,120 54 INFO bench werkzeug: 127.0.0.1 - - [08/Oct/2026 06:52:25] "POST /json/2/mrp.bom/create HTTP/1.1" 200 - 16 0.006 0.016
2026-10-08 06:52:25,147 54 INFO bench werkzeug: 127.0.0.1 - - [08/Oct/2026 06:52:25] "POST /json/2/mrp.bom.line/create HTTP/1.1" 200 - 10 0.004 0.011
2026-10-08 06:52:25,175 54 INFO bench werkzeug: 127.0.0.1 - - [08/Oct/2026 06:52:25] "POST /json/2/mrp.bom.line/create HTTP/1.1" 200 - 10 0.004 0.011
2026-10-08 06:52:25,196 54 INFO bench werkzeug: 127.0.0.1 - - [08/Oct/2026 06:52:25] "POST /json/2/product.product/read HTTP/1.1" 200 - 5 0.002 0.006
2026-10-08 06:52:25,213 54 INFO bench werkzeug: 127.0.0.1 - - [08/Oct/2026 06:52:25] "POST /json/2/mrp.bom/search HTTP/1.1" 200 - 3 0.001 0.004
2026-10-08 06:52:25,247 54 INFO bench werkzeug: 127.0.0.1 - - [08/Oct/2026 06:52:25] "POST /json/2/mrp.bom/create HTTP/1.1" 200 - 16 0.006 0.015
2026-10-08 06:52:25,282 54 INFO bench werkzeug: 127.0.0.1 - - [08/Oct/2026 06:52:25] "POST /json/2/mrp.bom.line/create HTTP/1.1" 200 - 10 0.003 0.011
2026-10-08 06:52:25,305 54 INFO bench werkzeug: 127.0.0.1 - - [08/Oct/2026 06:52:25] "POST /json/2/product.product/read HTTP/1.1" 200 - 5 0.003 0.006
2026-10-08 06:52:25,326 54 INFO bench werkzeug: 127.0.0.1 - - [08/Oct/2026 06:52:25] "POST /json/2/mrp.bom/search HTTP/1.1" 200 - 3 0.002 0.005
2026-10-08 06:52:25,361 54 INFO bench werkzeug: 127.0.0.1 - - [08/Oct/2026 06:52:25] "POST /json/2/mrp.bom/create HTTP/1.1" 200 - 16 0.006 0.015
2026-10-08 06:52:25,388 54 INFO bench werkzeug: 127.0.0.1 - - [08/Oct/2026 06:52:25] "POST /json/2/mrp.bom.line/create HTTP/1.1" 200 - 10 0.004 0.011
2026-10-08 06:52:25,419 54 INFO bench werkzeug: 127.0.0.1 - - [08/Oct/2026 06:52:25] "POST /json/2/mrp.bom.line/create HTTP/1.1" 200 - 10 0.004 0.013
2026-10-08 06:52:25,440 54 INFO bench werkzeug: 127.0.0.1 - - [08/Oct/2026 06:52:25] "POST /json/2/product.product/read HTTP/1.1" 200 - 5 0.002 0.006
2026-10-08 06:52:25,459 54 INFO bench werkzeug: 127.0.0.1 - - [08/Oct/2026 06:52:25] "POST /json/2/mrp.bom/search HTTP/1.1" 200 - 3 0.001 0.005
2026-10-08 06:52:25,496 54 INFO bench werkzeug: 127.0.0.1 - - [08/Oct/2026 06:52:25] "POST /json/2/mrp.bom/create HTTP/1.1" 200 - 16 0.007 0.016
2026-10-08 06:52:25,527 54 INFO bench werkzeug: 127.0.0.1 - - [08/Oct/2026 06:52:25] "POST /json/2/mrp.bom.line/create HTTP/1.1" 200 - 10 0.004 0.013
2026-10-08 06:52:25,549 54 INFO bench werkzeug: 127.0.0.1 - - [08/Oct/2026 06:52:25] "POST /json/2/product.product/read HTTP/1.1" 200 - 5 0.002 0.006
2026-10-08 06:52:25,568 54 INFO bench werkzeug: 127.0.0.1 - - [08/Oct/2026 06:52:25] "POST /json/2/mrp.bom/search HTTP/1.1" 200 - 3 0.001 0.005
2026-10-08 06:52:25,604 54 INFO bench werkzeug: 127.0.0.1 - - [08/Oct/2026 06:52:25] "POST /json/2/mrp.bom/create HTTP/1.1" 200 - 16 0.007 0.016
2026-10-08 06:52:25,670 54 INFO bench werkzeug: 127.0.0.1 - - [08/Oct/2026 06:52:25] "POST /json/2/mrp.bom.line/create HTTP/1.1" 200 - 10 0.004 0.042
2026-10-08 06:52:25,698 54 INFO bench werkzeug: 127.0.0.1 - - [08/Oct/2026 06:52:25] "POST /json/2/mrp.bom.line/create HTTP/1.1" 200 - 10 0.004 0.011
2026-10-08 06:52:25,720 54 INFO bench werkzeug: 127.0.0.1 - - [08/Oct/2026 06:52:25] "POST /json/2/product.product/read HTTP/1.1" 200 - 5 0.002 0.006
2026-10-08 06:52:25,739 54 INFO bench werkzeug: 127.0.0.1 - - [08/Oct/2026 06:52:25] "POST /json/2/mrp.bom/search HTTP/1.1" 200 - 3 0.001 0.005
2026-10-08 06:52:25,774 54 INFO bench werkzeug: 127.0.0.1 - - [08/Oct/2026 06:52:25] "POST /json/2/mrp.bom/create HTTP/1.1" 200 - 16 0.006 0.015
2026-10-08 06:52:25,802 54 INFO bench werkzeug: 127.0.0.1 - - [08/Oct/2026 06:52:25] "POST /json/2/mrp.bom.line/create HTTP/1.1" 200 - 10 0.004 0.011
2026-10-08 06:52:25,831 54 INFO bench werkzeug: 127.0.0.1 - - [08/Oct/2026 06:52:25] "POST /json/2/mrp.bom.line/create HTTP/1.1" 200 - 10 0.004 0.011
2026-10-08 06:52:25,853 54 INFO bench werkzeug: 127.0.0.1 - - [08/Oct/2026 06:52:25] "POST /json/2/product.product/read HTTP/1.1" 200 - 5 0.002 0.007
2026-10-08 06:52:25,874 54 INFO bench werkzeug: 127.0.0.1 - - [08/Oct/2026 06:52:25] "POST /json/2/mrp.bom/search HTTP/1.1" 200 - 3 0.002 0.005
2026-10-08 06:52:25,907 54 INFO bench werkzeug: 127.0.0.1 - - [08/Oct/2026 06:52:25] "POST /json/2/mrp.bom/create HTTP/1.1" 200 - 16 0.006 0.015
2026-10-08 06:52:25,937 54 INFO bench werkzeug: 127.0.0.1 - - [08/Oct/2026 06:52:25] "POST /json/2/mrp.bom.line/create HTTP/1.1" 200 - 10 0.004 0.013
2026-10-08 06:52:25,958 54 INFO bench werkzeug: 127.0.0.1 - - [08/Oct/2026 06:52:25] "POST /json/2/product.product/read HTTP/1.1" 200 - 5 0.002 0.006
2026-10-08 06:52:25,977 54 INFO bench werkzeug: 127.0.0.1 - - [08/Oct/2026 06:52:25] "POST /json/2/mrp.bom/search HTTP/1.1" 200 - 3 0.001 0.005
2026-10-08 06:52:26,018 54 INFO bench werkzeug: 127.0.0.1 - - [08/Oct/2026 06:52:26] "POST /json/2/mrp.bom/create HTTP/1.1" 200 - 16 0.006 0.016
2026-10-08 06:52:26,047 54 INFO bench werkzeug: 127.0.0.1 - - [08/Oct/2026 06:52:26] "POST /json/2/mrp.bom.line/create HTTP/1.1" 200 - 10 0.005 0.011
2026-10-08 06:52:26,075 54 INFO bench werkzeug: 127.0.0.1 - - [08/Oct/2026 06:52:26] "POST /json/2/mrp.bom.line/create HTTP/1.1" 200 - 10 0.004 0.011
2026-10-08 06:52:26,093 54 INFO bench werkzeug: 127.0.0.1 - - [08/Oct/2026 06:52:26] "POST /json/2/mrp.bom/read HTTP/1.1" 200 - 3 0.001 0.005
2026-10-08 06:52:26,116 54 INFO bench werkzeug: 127.0.0.1 - - [08/Oct/2026 06:52:26] "POST /json/2/mrp.bom.line/read HTTP/1.1" 200 - 8 0.003 0.007
2026-10-08 06:52:26,139 54 INFO bench werkzeug: 127.0.0.1 - - [08/Oct/2026 06:52:26] "POST /json/2/mrp.workcenter/search HTTP/1.1" 200 - 8 0.003 0.007
2026-10-08 06:52:26,184 54 INFO bench werkzeug: 127.0.0.1 - - [08/Oct/2026 06:52:26] "POST /json/2/mrp.workcenter/create HTTP/1.1" 200 - 31 0.011 0.021
2026-10-08 06:52:26,202 54 INFO bench werkzeug: 127.0.0.1 - - [08/Oct/2026 06:52:26] "POST /json/2/mrp.workcenter/search HTTP/1.1" 200 - 3 0.001 0.004
2026-10-08 06:52:26,235 54 INFO bench werkzeug: 127.0.0.1 - - [08/Oct/2026 06:52:26] "POST /json/2/mrp.workcenter/create HTTP/1.1" 200 - 15 0.006 0.015
2026-10-08 06:52:26,255 54 INFO bench werkzeug: 127.0.0.1 - - [08/Oct/2026 06:52:26] "POST /json/2/mrp.workcenter/search HTTP/1.1" 200 - 3 0.001 0.005
2026-10-08 06:52:26,288 54 INFO bench werkzeug: 127.0.0.1 - - [08/Oct/2026 06:52:26] "POST /json/2/mrp.workcenter/create HTTP/1.1" 200 - 15 0.006 0.015
2026-10-08 06:52:26,317 54 INFO bench werkzeug: 127.0.0.1 - - [08/Oct/2026 06:52:26] "POST /json/2/mrp.workcenter/write HTTP/1.1" 200 - 13 0.004 0.011
2026-10-08 06:52:26,340 54 INFO bench werkzeug: 127.0.0.1 - - [08/Oct/2026 06:52:26] "POST /json/2/mrp.routing.workcenter/search HTTP/1.1" 200 - 8 0.004 0.007
2026-10-08 06:52:26,391 54 INFO bench werkzeug: 127.0.0.1 - - [08/Oct/2026 06:52:26] "POST /json/2/mrp.routing.workcenter/create HTTP/1.1" 200 - 29 0.010 0.020
2026-10-08 06:52:26,421 54 INFO bench werkzeug: 127.0.0.1 - - [08/Oct/2026 06:52:26] "POST /json/2/mrp.bom/write HTTP/1.1" 200 - 12 0.005 0.012
2026-10-08 06:52:26,439 54 INFO bench werkzeug: 127.0.0.1 - - [08/Oct/2026 06:52:26] "POST /json/2/mrp.workcenter/read HTTP/1.1" 200 - 3 0.001 0.004
2026-10-08 06:52:26,469 54 INFO bench werkzeug: 127.0.0.1 - - [08/Oct/2026 06:52:26] "POST /json/2/mrp.routing.workcenter/read HTTP/1.1" 200 - 13 0.007 0.009
2026-10-08 06:52:26,487 54 INFO bench werkzeug: 127.0.0.1 - - [08/Oct/2026 06:52:26] "POST /json/2/mrp.bom/read HTTP/1.1" 200 - 3 0.001 0.005
2026-10-08 06:52:26,510 54 INFO bench werkzeug: 127.0.0.1 - - [08/Oct/2026 06:52:26] "POST /json/2/stock.warehouse/search HTTP/1.1" 200 - 8 0.003 0.007
2026-10-08 06:52:26,529 54 INFO bench werkzeug: 127.0.0.1 - - [08/Oct/2026 06:52:26] "POST /json/2/stock.warehouse/read HTTP/1.1" 200 - 5 0.002 0.005
2026-10-08 06:52:26,550 54 INFO bench werkzeug: 127.0.0.1 - - [08/Oct/2026 06:52:26] "POST /json/2/product.product/read HTTP/1.1" 200 - 5 0.002 0.006
2026-10-08 06:52:26,573 54 INFO bench werkzeug: 127.0.0.1 - - [08/Oct/2026 06:52:26] "POST /json/2/stock.quant/search HTTP/1.1" 200 - 8 0.003 0.007
2026-10-08 06:52:26,612 54 INFO bench werkzeug: 127.0.0.1 - - [08/Oct/2026 06:52:26] "POST /json/2/stock.quant/create HTTP/1.1" 200 - 19 0.008 0.019
2026-10-08 06:52:26,693 54 INFO bench werkzeug: 127.0.0.1 - - [08/Oct/2026 06:52:26] "POST /json/2/stock.quant/action_apply_inventory HTTP/1.1" 200 - 62 0.026 0.041
2026-10-08 06:52:26,715 54 INFO bench werkzeug: 127.0.0.1 - - [08/Oct/2026 06:52:26] "POST /json/2/product.product/read HTTP/1.1" 200 - 5 0.002 0.006
2026-10-08 06:52:26,745 54 INFO bench werkzeug: 127.0.0.1 - - [08/Oct/2026 06:52:26] "POST /json/2/stock.quant/search HTTP/1.1" 200 - 3 0.001 0.005
2026-10-08 06:52:26,775 54 INFO bench werkzeug: 127.0.0.1 - - [08/Oct/2026 06:52:26] "POST /json/2/stock.quant/create HTTP/1.1" 200 - 11 0.004 0.013
2026-10-08 06:52:26,831 54 INFO bench werkzeug: 127.0.0.1 - - [08/Oct/2026 06:52:26] "POST /json/2/stock.quant/action_apply_inventory HTTP/1.1" 200 - 36 0.013 0.030
2026-10-08 06:52:26,853 54 INFO bench werkzeug: 127.0.0.1 - - [08/Oct/2026 06:52:26] "POST /json/2/product.product/read HTTP/1.1" 200 - 5 0.002 0.007
2026-10-08 06:52:26,874 54 INFO bench werkzeug: 127.0.0.1 - - [08/Oct/2026 06:52:26] "POST /json/2/stock.quant/search HTTP/1.1" 200 - 3 0.001 0.005
2026-10-08 06:52:26,904 54 INFO bench werkzeug: 127.0.0.1 - - [08/Oct/2026 06:52:26] "POST /json/2/stock.quant/create HTTP/1.1" 200 - 11 0.004 0.013
2026-10-08 06:52:26,965 54 INFO bench werkzeug: 127.0.0.1 - - [08/Oct/2026 06:52:26] "POST /json/2/stock.quant/action_apply_inventory HTTP/1.1" 200 - 36 0.015 0.032
2026-10-08 06:52:26,989 54 INFO bench werkzeug: 127.0.0.1 - - [08/Oct/2026 06:52:26] "POST /json/2/product.product/read HTTP/1.1" 200 - 5 0.002 0.008
2026-10-08 06:52:27,009 54 INFO bench werkzeug: 127.0.0.1 - - [08/Oct/2026 06:52:27] "POST /json/2/stock.quant/search HTTP/1.1" 200 - 3 0.001 0.005
2026-10-08 06:52:27,037 54 INFO bench werkzeug: 127.0.0.1 - - [08/Oct/2026 06:52:27] "POST /json/2/stock.quant/create HTTP/1.1" 200 - 11 0.005 0.012
2026-10-08 06:52:27,096 54 INFO bench werkzeug: 127.0.0.1 - - [08/Oct/2026 06:52:27] "POST /json/2/stock.quant/action_apply_inventory HTTP/1.1" 200 - 36 0.015 0.031
2026-10-08 06:52:27,118 54 INFO bench werkzeug: 127.0.0.1 - - [08/Oct/2026 06:52:27] "POST /json/2/product.product/read HTTP/1.1" 200 - 5 0.002 0.006
2026-10-08 06:52:27,136 54 INFO bench werkzeug: 127.0.0.1 - - [08/Oct/2026 06:52:27] "POST /json/2/stock.quant/search HTTP/1.1" 200 - 3 0.001 0.005
2026-10-08 06:52:27,165 54 INFO bench werkzeug: 127.0.0.1 - - [08/Oct/2026 06:52:27] "POST /json/2/stock.quant/create HTTP/1.1" 200 - 11 0.004 0.013
2026-10-08 06:52:27,227 54 INFO bench werkzeug: 127.0.0.1 - - [08/Oct/2026 06:52:27] "POST /json/2/stock.quant/action_apply_inventory HTTP/1.1" 200 - 36 0.014 0.029
2026-10-08 06:52:27,248 54 INFO bench werkzeug: 127.0.0.1 - - [08/Oct/2026 06:52:27] "POST /json/2/product.product/read HTTP/1.1" 200 - 5 0.002 0.006
2026-10-08 06:52:27,267 54 INFO bench werkzeug: 127.0.0.1 - - [08/Oct/2026 06:52:27] "POST /json/2/stock.quant/search HTTP/1.1" 200 - 3 0.001 0.004
2026-10-08 06:52:27,297 54 INFO bench werkzeug: 127.0.0.1 - - [08/Oct/2026 06:52:27] "POST /json/2/stock.quant/create HTTP/1.1" 200 - 11 0.004 0.013
2026-10-08 06:52:27,355 54 INFO bench werkzeug: 127.0.0.1 - - [08/Oct/2026 06:52:27] "POST /json/2/stock.quant/action_apply_inventory HTTP/1.1" 200 - 36 0.014 0.031
2026-10-08 06:52:27,377 54 INFO bench werkzeug: 127.0.0.1 - - [08/Oct/2026 06:52:27] "POST /json/2/product.product/read HTTP/1.1" 200 - 5 0.002 0.007
2026-10-08 06:52:27,396 54 INFO bench werkzeug: 127.0.0.1 - - [08/Oct/2026 06:52:27] "POST /json/2/stock.quant/search HTTP/1.1" 200 - 3 0.001 0.005
2026-10-08 06:52:27,427 54 INFO bench werkzeug: 127.0.0.1 - - [08/Oct/2026 06:52:27] "POST /json/2/stock.quant/create HTTP/1.1" 200 - 11 0.005 0.014
2026-10-08 06:52:27,484 54 INFO bench werkzeug: 127.0.0.1 - - [08/Oct/2026 06:52:27] "POST /json/2/stock.quant/action_apply_inventory HTTP/1.1" 200 - 36 0.014 0.029
2026-10-08 06:52:27,508 54 INFO bench werkzeug: 127.0.0.1 - - [08/Oct/2026 06:52:27] "POST /json/2/product.product/read HTTP/1.1" 200 - 5 0.004 0.006
2026-10-08 06:52:27,526 54 INFO bench werkzeug: 127.0.0.1 - - [08/Oct/2026 06:52:27] "POST /json/2/stock.quant/search HTTP/1.1" 200 - 3 0.001 0.004
2026-10-08 06:52:27,555 54 INFO bench werkzeug: 127.0.0.1 - - [08/Oct/2026 06:52:27] "POST /json/2/stock.quant/create HTTP/1.1" 200 - 11 0.004 0.013
2026-10-08 06:52:27,610 54 INFO bench werkzeug: 127.0.0.1 - - [08/Oct/2026 06:52:27] "POST /json/2/stock.quant/action_apply_inventory HTTP/1.1" 200 - 36 0.013 0.028
2026-10-08 06:52:27,637 54 INFO bench werkzeug: 127.0.0.1 - - [08/Oct/2026 06:52:27] "POST /json/2/product.product/read HTTP/1.1" 200 - 5 0.002 0.006
2026-10-08 06:52:27,655 54 INFO bench werkzeug: 127.0.0.1 - - [08/Oct/2026 06:52:27] "POST /json/2/stock.quant/search HTTP/1.1" 200 - 3 0.001 0.005
2026-10-08 06:52:27,685 54 INFO bench werkzeug: 127.0.0.1 - - [08/Oct/2026 06:52:27] "POST /json/2/stock.quant/create HTTP/1.1" 200 - 11 0.004 0.013
2026-10-08 06:52:27,739 54 INFO bench werkzeug: 127.0.0.1 - - [08/Oct/2026 06:52:27] "POST /json/2/stock.quant/action_apply_inventory HTTP/1.1" 200 - 36 0.012 0.028
2026-10-08 06:52:27,760 54 INFO bench werkzeug: 127.0.0.1 - - [08/Oct/2026 06:52:27] "POST /json/2/product.product/read HTTP/1.1" 200 - 5 0.002 0.006
2026-10-08 06:52:27,781 54 INFO bench werkzeug: 127.0.0.1 - - [08/Oct/2026 06:52:27] "POST /json/2/stock.quant/search HTTP/1.1" 200 - 3 0.001 0.005
2026-10-08 06:52:27,812 54 INFO bench werkzeug: 127.0.0.1 - - [08/Oct/2026 06:52:27] "POST /json/2/stock.quant/create HTTP/1.1" 200 - 11 0.005 0.014
2026-10-08 06:52:27,866 54 INFO bench werkzeug: 127.0.0.1 - - [08/Oct/2026 06:52:27] "POST /json/2/stock.quant/action_apply_inventory HTTP/1.1" 200 - 36 0.014 0.028
2026-10-08 06:52:27,888 54 INFO bench werkzeug: 127.0.0.1 - - [08/Oct/2026 06:52:27] "POST /json/2/product.product/read HTTP/1.1" 200 - 5 0.002 0.006
2026-10-08 06:52:27,907 54 INFO bench werkzeug: 127.0.0.1 - - [08/Oct/2026 06:52:27] "POST /json/2/stock.quant/search HTTP/1.1" 200 - 3 0.001 0.004
2026-10-08 06:52:27,937 54 INFO bench werkzeug: 127.0.0.1 - - [08/Oct/2026 06:52:27] "POST /json/2/stock.quant/create HTTP/1.1" 200 - 11 0.004 0.013
2026-10-08 06:52:27,991 54 INFO bench werkzeug: 127.0.0.1 - - [08/Oct/2026 06:52:27] "POST /json/2/stock.quant/action_apply_inventory HTTP/1.1" 200 - 36 0.013 0.029
2026-10-08 06:52:28,012 54 INFO bench werkzeug: 127.0.0.1 - - [08/Oct/2026 06:52:28] "POST /json/2/product.product/read HTTP/1.1" 200 - 5 0.002 0.007
2026-10-08 06:52:28,037 54 INFO bench werkzeug: 127.0.0.1 - - [08/Oct/2026 06:52:28] "POST /json/2/stock.quant/search HTTP/1.1" 200 - 3 0.001 0.005
2026-10-08 06:52:28,067 54 INFO bench werkzeug: 127.0.0.1 - - [08/Oct/2026 06:52:28] "POST /json/2/stock.quant/create HTTP/1.1" 200 - 11 0.004 0.013
2026-10-08 06:52:28,124 54 INFO bench werkzeug: 127.0.0.1 - - [08/Oct/2026 06:52:28] "POST /json/2/stock.quant/action_apply_inventory HTTP/1.1" 200 - 36 0.015 0.029
2026-10-08 06:52:28,146 54 INFO bench werkzeug: 127.0.0.1 - - [08/Oct/2026 06:52:28] "POST /json/2/product.product/read HTTP/1.1" 200 - 5 0.002 0.006
2026-10-08 06:52:28,166 54 INFO bench werkzeug: 127.0.0.1 - - [08/Oct/2026 06:52:28] "POST /json/2/stock.quant/search HTTP/1.1" 200 - 3 0.001 0.005
2026-10-08 06:52:28,195 54 INFO bench werkzeug: 127.0.0.1 - - [08/Oct/2026 06:52:28] "POST /json/2/stock.quant/create HTTP/1.1" 200 - 11 0.004 0.012
2026-10-08 06:52:28,249 54 INFO bench werkzeug: 127.0.0.1 - - [08/Oct/2026 06:52:28] "POST /json/2/stock.quant/action_apply_inventory HTTP/1.1" 200 - 36 0.014 0.028
2026-10-08 06:52:28,272 54 INFO bench werkzeug: 127.0.0.1 - - [08/Oct/2026 06:52:28] "POST /json/2/product.product/read HTTP/1.1" 200 - 5 0.002 0.006
2026-10-08 06:52:28,290 54 INFO bench werkzeug: 127.0.0.1 - - [08/Oct/2026 06:52:28] "POST /json/2/stock.quant/search HTTP/1.1" 200 - 3 0.001 0.005
2026-10-08 06:52:28,321 54 INFO bench werkzeug: 127.0.0.1 - - [08/Oct/2026 06:52:28] "POST /json/2/stock.quant/create HTTP/1.1" 200 - 11 0.004 0.013
2026-10-08 06:52:28,379 54 INFO bench werkzeug: 127.0.0.1 - - [08/Oct/2026 06:52:28] "POST /json/2/stock.quant/action_apply_inventory HTTP/1.1" 200 - 36 0.014 0.031
2026-10-08 06:52:28,401 54 INFO bench werkzeug: 127.0.0.1 - - [08/Oct/2026 06:52:28] "POST /json/2/product.product/read HTTP/1.1" 200 - 5 0.002 0.006
2026-10-08 06:52:28,419 54 INFO bench werkzeug: 127.0.0.1 - - [08/Oct/2026 06:52:28] "POST /json/2/stock.quant/search HTTP/1.1" 200 - 3 0.001 0.005
2026-10-08 06:52:28,454 54 INFO bench werkzeug: 127.0.0.1 - - [08/Oct/2026 06:52:28] "POST /json/2/stock.quant/create HTTP/1.1" 200 - 11 0.004 0.013
2026-10-08 06:52:28,508 54 INFO bench werkzeug: 127.0.0.1 - - [08/Oct/2026 06:52:28] "POST /json/2/stock.quant/action_apply_inventory HTTP/1.1" 200 - 36 0.014 0.028
2026-10-08 06:52:28,531 54 INFO bench werkzeug: 127.0.0.1 - - [08/Oct/2026 06:52:28] "POST /json/2/product.product/read HTTP/1.1" 200 - 5 0.003 0.007
2026-10-08 06:52:28,549 54 INFO bench werkzeug: 127.0.0.1 - - [08/Oct/2026 06:52:28] "POST /json/2/stock.quant/search HTTP/1.1" 200 - 3 0.001 0.005
2026-10-08 06:52:28,579 54 INFO bench werkzeug: 127.0.0.1 - - [08/Oct/2026 06:52:28] "POST /json/2/stock.quant/create HTTP/1.1" 200 - 11 0.004 0.013
2026-10-08 06:52:28,639 54 INFO bench werkzeug: 127.0.0.1 - - [08/Oct/2026 06:52:28] "POST /json/2/stock.quant/action_apply_inventory HTTP/1.1" 200 - 36 0.017 0.030
2026-10-08 06:52:28,661 54 INFO bench werkzeug: 127.0.0.1 - - [08/Oct/2026 06:52:28] "POST /json/2/product.product/read HTTP/1.1" 200 - 5 0.002 0.007
2026-10-08 06:52:28,680 54 INFO bench werkzeug: 127.0.0.1 - - [08/Oct/2026 06:52:28] "POST /json/2/stock.quant/search HTTP/1.1" 200 - 3 0.002 0.005
2026-10-08 06:52:28,710 54 INFO bench werkzeug: 127.0.0.1 - - [08/Oct/2026 06:52:28] "POST /json/2/stock.quant/create HTTP/1.1" 200 - 11 0.004 0.012
2026-10-08 06:52:28,766 54 INFO bench werkzeug: 127.0.0.1 - - [08/Oct/2026 06:52:28] "POST /json/2/stock.quant/action_apply_inventory HTTP/1.1" 200 - 36 0.015 0.029
2026-10-08 06:52:28,787 54 INFO bench werkzeug: 127.0.0.1 - - [08/Oct/2026 06:52:28] "POST /json/2/product.product/read HTTP/1.1" 200 - 5 0.002 0.006
2026-10-08 06:52:28,806 54 INFO bench werkzeug: 127.0.0.1 - - [08/Oct/2026 06:52:28] "POST /json/2/stock.quant/search HTTP/1.1" 200 - 3 0.001 0.005
2026-10-08 06:52:28,836 54 INFO bench werkzeug: 127.0.0.1 - - [08/Oct/2026 06:52:28] "POST /json/2/stock.quant/create HTTP/1.1" 200 - 11 0.004 0.013
2026-10-08 06:52:28,897 54 INFO bench werkzeug: 127.0.0.1 - - [08/Oct/2026 06:52:28] "POST /json/2/stock.quant/action_apply_inventory HTTP/1.1" 200 - 36 0.013 0.029
2026-10-08 06:52:28,917 54 INFO bench werkzeug: 127.0.0.1 - - [08/Oct/2026 06:52:28] "POST /json/2/product.product/read HTTP/1.1" 200 - 5 0.002 0.006
2026-10-08 06:52:28,936 54 INFO bench werkzeug: 127.0.0.1 - - [08/Oct/2026 06:52:28] "POST /json/2/stock.quant/search HTTP/1.1" 200 - 3 0.001 0.005
2026-10-08 06:52:28,967 54 INFO bench werkzeug: 127.0.0.1 - - [08/Oct/2026 06:52:28] "POST /json/2/stock.quant/create HTTP/1.1" 200 - 11 0.004 0.013
2026-10-08 06:52:29,053 54 INFO bench werkzeug: 127.0.0.1 - - [08/Oct/2026 06:52:29] "POST /json/2/stock.quant/action_apply_inventory HTTP/1.1" 200 - 36 0.014 0.058
2026-10-08 06:52:29,074 54 INFO bench werkzeug: 127.0.0.1 - - [08/Oct/2026 06:52:29] "POST /json/2/product.product/read HTTP/1.1" 200 - 5 0.002 0.006
2026-10-08 06:52:29,094 54 INFO bench werkzeug: 127.0.0.1 - - [08/Oct/2026 06:52:29] "POST /json/2/stock.quant/search HTTP/1.1" 200 - 3 0.001 0.005
2026-10-08 06:52:29,126 54 INFO bench werkzeug: 127.0.0.1 - - [08/Oct/2026 06:52:29] "POST /json/2/stock.quant/create HTTP/1.1" 200 - 11 0.004 0.013
2026-10-08 06:52:29,181 54 INFO bench werkzeug: 127.0.0.1 - - [08/Oct/2026 06:52:29] "POST /json/2/stock.quant/action_apply_inventory HTTP/1.1" 200 - 36 0.014 0.027
2026-10-08 06:52:29,206 54 INFO bench werkzeug: 127.0.0.1 - - [08/Oct/2026 06:52:29] "POST /json/2/product.product/read HTTP/1.1" 200 - 5 0.003 0.008
2026-10-08 06:52:29,225 54 INFO bench werkzeug: 127.0.0.1 - - [08/Oct/2026 06:52:29] "POST /json/2/stock.quant/search HTTP/1.1" 200 - 3 0.002 0.005
2026-10-08 06:52:29,255 54 INFO bench werkzeug: 127.0.0.1 - - [08/Oct/2026 06:52:29] "POST /json/2/stock.quant/create HTTP/1.1" 200 - 11 0.004 0.013
2026-10-08 06:52:29,316 54 INFO bench werkzeug: 127.0.0.1 - - [08/Oct/2026 06:52:29] "POST /json/2/stock.quant/action_apply_inventory HTTP/1.1" 200 - 36 0.015 0.032
2026-10-08 06:52:29,343 54 INFO bench werkzeug: 127.0.0.1 - - [08/Oct/2026 06:52:29] "POST /json/2/product.product/read HTTP/1.1" 200 - 5 0.002 0.006
2026-10-08 06:52:29,362 54 INFO bench werkzeug: 127.0.0.1 - - [08/Oct/2026 06:52:29] "POST /json/2/stock.quant/search HTTP/1.1" 200 - 3 0.001 0.005
2026-10-08 06:52:29,392 54 INFO bench werkzeug: 127.0.0.1 - - [08/Oct/2026 06:52:29] "POST /json/2/stock.quant/create HTTP/1.1" 200 - 11 0.004 0.013
2026-10-08 06:52:29,447 54 INFO bench werkzeug: 127.0.0.1 - - [08/Oct/2026 06:52:29] "POST /json/2/stock.quant/action_apply_inventory HTTP/1.1" 200 - 36 0.014 0.029
2026-10-08 06:52:29,468 54 INFO bench werkzeug: 127.0.0.1 - - [08/Oct/2026 06:52:29] "POST /json/2/product.product/read HTTP/1.1" 200 - 5 0.002 0.006
2026-10-08 06:52:29,487 54 INFO bench werkzeug: 127.0.0.1 - - [08/Oct/2026 06:52:29] "POST /json/2/stock.quant/search HTTP/1.1" 200 - 3 0.002 0.005
2026-10-08 06:52:29,520 54 INFO bench werkzeug: 127.0.0.1 - - [08/Oct/2026 06:52:29] "POST /json/2/stock.quant/create HTTP/1.1" 200 - 11 0.003 0.015
2026-10-08 06:52:29,576 54 INFO bench werkzeug: 127.0.0.1 - - [08/Oct/2026 06:52:29] "POST /json/2/stock.quant/action_apply_inventory HTTP/1.1" 200 - 36 0.013 0.029
2026-10-08 06:52:29,598 54 INFO bench werkzeug: 127.0.0.1 - - [08/Oct/2026 06:52:29] "POST /json/2/product.product/read HTTP/1.1" 200 - 5 0.002 0.006
2026-10-08 06:52:29,616 54 INFO bench werkzeug: 127.0.0.1 - - [08/Oct/2026 06:52:29] "POST /json/2/stock.quant/search HTTP/1.1" 200 - 3 0.001 0.005
2026-10-08 06:52:29,647 54 INFO bench werkzeug: 127.0.0.1 - - [08/Oct/2026 06:52:29] "POST /json/2/stock.quant/create HTTP/1.1" 200 - 11 0.004 0.013
2026-10-08 06:52:29,707 54 INFO bench werkzeug: 127.0.0.1 - - [08/Oct/2026 06:52:29] "POST /json/2/stock.quant/action_apply_inventory HTTP/1.1" 200 - 36 0.014 0.032
2026-10-08 06:52:29,730 54 INFO bench werkzeug: 127.0.0.1 - - [08/Oct/2026 06:52:29] "POST /json/2/product.product/read HTTP/1.1" 200 - 5 0.004 0.007
2026-10-08 06:52:29,756 54 INFO bench werkzeug: 127.0.0.1 - - [08/Oct/2026 06:52:29] "POST /json/2/stock.quant/search HTTP/1.1" 200 - 3 0.001 0.004
2026-10-08 06:52:29,787 54 INFO bench werkzeug: 127.0.0.1 - - [08/Oct/2026 06:52:29] "POST /json/2/stock.quant/create HTTP/1.1" 200 - 11 0.004 0.013
2026-10-08 06:52:29,848 54 INFO bench werkzeug: 127.0.0.1 - - [08/Oct/2026 06:52:29] "POST /json/2/stock.quant/action_apply_inventory HTTP/1.1" 200 - 36 0.015 0.032
2026-10-08 06:52:29,870 54 INFO bench werkzeug: 127.0.0.1 - - [08/Oct/2026 06:52:29] "POST /json/2/product.product/read HTTP/1.1" 200 - 5 0.002 0.007
2026-10-08 06:52:29,889 54 INFO bench werkzeug: 127.0.0.1 - - [08/Oct/2026 06:52:29] "POST /json/2/stock.quant/search HTTP/1.1" 200 - 3 0.001 0.005
2026-10-08 06:52:29,918 54 INFO bench werkzeug: 127.0.0.1 - - [08/Oct/2026 06:52:29] "POST /json/2/stock.quant/create HTTP/1.1" 200 - 11 0.003 0.012
2026-10-08 06:52:29,974 54 INFO bench werkzeug: 127.0.0.1 - - [08/Oct/2026 06:52:29] "POST /json/2/stock.quant/action_apply_inventory HTTP/1.1" 200 - 36 0.013 0.029
2026-10-08 06:52:29,996 54 INFO bench werkzeug: 127.0.0.1 - - [08/Oct/2026 06:52:29] "POST /json/2/product.product/read HTTP/1.1" 200 - 5 0.003 0.007
2026-10-08 06:52:30,016 54 INFO bench werkzeug: 127.0.0.1 - - [08/Oct/2026 06:52:30] "POST /json/2/stock.quant/search HTTP/1.1" 200 - 3 0.002 0.005
2026-10-08 06:52:30,044 54 INFO bench werkzeug: 127.0.0.1 - - [08/Oct/2026 06:52:30] "POST /json/2/stock.quant/create HTTP/1.1" 200 - 11 0.004 0.012
2026-10-08 06:52:30,105 54 INFO bench werkzeug: 127.0.0.1 - - [08/Oct/2026 06:52:30] "POST /json/2/stock.quant/action_apply_inventory HTTP/1.1" 200 - 36 0.015 0.032
2026-10-08 06:52:30,127 54 INFO bench werkzeug: 127.0.0.1 - - [08/Oct/2026 06:52:30] "POST /json/2/product.product/read HTTP/1.1" 200 - 5 0.003 0.007
2026-10-08 06:52:30,146 54 INFO bench werkzeug: 127.0.0.1 - - [08/Oct/2026 06:52:30] "POST /json/2/stock.quant/search HTTP/1.1" 200 - 3 0.001 0.004
2026-10-08 06:52:30,185 54 INFO bench werkzeug: 127.0.0.1 - - [08/Oct/2026 06:52:30] "POST /json/2/stock.quant/create HTTP/1.1" 200 - 11 0.004 0.014
2026-10-08 06:52:30,243 54 INFO bench werkzeug: 127.0.0.1 - - [08/Oct/2026 06:52:30] "POST /json/2/stock.quant/action_apply_inventory HTTP/1.1" 200 - 36 0.016 0.030
2026-10-08 06:52:30,267 54 INFO bench werkzeug: 127.0.0.1 - - [08/Oct/2026 06:52:30] "POST /json/2/product.product/read HTTP/1.1" 200 - 5 0.003 0.007
2026-10-08 06:52:30,287 54 INFO bench werkzeug: 127.0.0.1 - - [08/Oct/2026 06:52:30] "POST /json/2/stock.quant/search HTTP/1.1" 200 - 3 0.001 0.005
2026-10-08 06:52:30,318 54 INFO bench werkzeug: 127.0.0.1 - - [08/Oct/2026 06:52:30] "POST /json/2/stock.quant/create HTTP/1.1" 200 - 11 0.005 0.013
2026-10-08 06:52:30,379 54 INFO bench werkzeug: 127.0.0.1 - - [08/Oct/2026 06:52:30] "POST /json/2/stock.quant/action_apply_inventory HTTP/1.1" 200 - 36 0.015 0.031
2026-10-08 06:52:30,402 54 INFO bench werkzeug: 127.0.0.1 - - [08/Oct/2026 06:52:30] "POST /json/2/product.product/read HTTP/1.1" 200 - 5 0.002 0.007
2026-10-08 06:52:30,419 54 INFO bench werkzeug: 127.0.0.1 - - [08/Oct/2026 06:52:30] "POST /json/2/stock.quant/search HTTP/1.1" 200 - 3 0.001 0.004
2026-10-08 06:52:30,450 54 INFO bench werkzeug: 127.0.0.1 - - [08/Oct/2026 06:52:30] "POST /json/2/stock.quant/create HTTP/1.1" 200 - 11 0.004 0.013
2026-10-08 06:52:30,507 54 INFO bench werkzeug: 127.0.0.1 - - [08/Oct/2026 06:52:30] "POST /json/2/stock.quant/action_apply_inventory HTTP/1.1" 200 - 36 0.015 0.030
2026-10-08 06:52:30,530 54 INFO bench werkzeug: 127.0.0.1 - - [08/Oct/2026 06:52:30] "POST /json/2/product.product/read HTTP/1.1" 200 - 5 0.003 0.007
2026-10-08 06:52:30,550 54 INFO bench werkzeug: 127.0.0.1 - - [08/Oct/2026 06:52:30] "POST /json/2/stock.quant/search HTTP/1.1" 200 - 3 0.001 0.005
2026-10-08 06:52:30,582 54 INFO bench werkzeug: 127.0.0.1 - - [08/Oct/2026 06:52:30] "POST /json/2/stock.quant/create HTTP/1.1" 200 - 11 0.004 0.013
2026-10-08 06:52:30,648 54 INFO bench werkzeug: 127.0.0.1 - - [08/Oct/2026 06:52:30] "POST /json/2/stock.quant/action_apply_inventory HTTP/1.1" 200 - 36 0.015 0.031
2026-10-08 06:52:30,672 54 INFO bench werkzeug: 127.0.0.1 - - [08/Oct/2026 06:52:30] "POST /json/2/product.product/read HTTP/1.1" 200 - 5 0.003 0.006
2026-10-08 06:52:30,692 54 INFO bench werkzeug: 127.0.0.1 - - [08/Oct/2026 06:52:30] "POST /json/2/stock.quant/search HTTP/1.1" 200 - 3 0.002 0.005
2026-10-08 06:52:30,724 54 INFO bench werkzeug: 127.0.0.1 - - [08/Oct/2026 06:52:30] "POST /json/2/stock.quant/create HTTP/1.1" 200 - 11 0.005 0.013
2026-10-08 06:52:30,786 54 INFO bench werkzeug: 127.0.0.1 - - [08/Oct/2026 06:52:30] "POST /json/2/stock.quant/action_apply_inventory HTTP/1.1" 200 - 36 0.017 0.032
2026-10-08 06:52:30,810 54 INFO bench werkzeug: 127.0.0.1 - - [08/Oct/2026 06:52:30] "POST /json/2/product.product/read HTTP/1.1" 200 - 5 0.003 0.007
2026-10-08 06:52:30,829 54 INFO bench werkzeug: 127.0.0.1 - - [08/Oct/2026 06:52:30] "POST /json/2/stock.quant/search HTTP/1.1" 200 - 3 0.001 0.005
2026-10-08 06:52:30,859 54 INFO bench werkzeug: 127.0.0.1 - - [08/Oct/2026 06:52:30] "POST /json/2/stock.quant/create HTTP/1.1" 200 - 11 0.005 0.012
2026-10-08 06:52:30,918 54 INFO bench werkzeug: 127.0.0.1 - - [08/Oct/2026 06:52:30] "POST /json/2/stock.quant/action_apply_inventory HTTP/1.1" 200 - 36 0.015 0.030
2026-10-08 06:52:30,940 54 INFO bench werkzeug: 127.0.0.1 - - [08/Oct/2026 06:52:30] "POST /json/2/product.product/read HTTP/1.1" 200 - 5 0.003 0.007
2026-10-08 06:52:30,959 54 INFO bench werkzeug: 127.0.0.1 - - [08/Oct/2026 06:52:30] "POST /json/2/stock.quant/search HTTP/1.1" 200 - 3 0.002 0.005
2026-10-08 06:52:30,993 54 INFO bench werkzeug: 127.0.0.1 - - [08/Oct/2026 06:52:30] "POST /json/2/stock.quant/create HTTP/1.1" 200 - 11 0.005 0.015
2026-10-08 06:52:31,053 54 INFO bench werkzeug: 127.0.0.1 - - [08/Oct/2026 06:52:31] "POST /json/2/stock.quant/action_apply_inventory HTTP/1.1" 200 - 36 0.014 0.033
2026-10-08 06:52:31,083 54 INFO bench werkzeug: 127.0.0.1 - - [08/Oct/2026 06:52:31] "POST /json/2/product.product/read HTTP/1.1" 200 - 5 0.003 0.007
2026-10-08 06:52:31,103 54 INFO bench werkzeug: 127.0.0.1 - - [08/Oct/2026 06:52:31] "POST /json/2/stock.quant/search HTTP/1.1" 200 - 3 0.001 0.005
2026-10-08 06:52:31,135 54 INFO bench werkzeug: 127.0.0.1 - - [08/Oct/2026 06:52:31] "POST /json/2/stock.quant/create HTTP/1.1" 200 - 11 0.004 0.013
2026-10-08 06:52:31,196 54 INFO bench werkzeug: 127.0.0.1 - - [08/Oct/2026 06:52:31] "POST /json/2/stock.quant/action_apply_inventory HTTP/1.1" 200 - 36 0.016 0.031
2026-10-08 06:52:31,218 54 INFO bench werkzeug: 127.0.0.1 - - [08/Oct/2026 06:52:31] "POST /json/2/product.product/read HTTP/1.1" 200 - 5 0.003 0.007
2026-10-08 06:52:31,238 54 INFO bench werkzeug: 127.0.0.1 - - [08/Oct/2026 06:52:31] "POST /json/2/stock.quant/search HTTP/1.1" 200 - 3 0.001 0.005
2026-10-08 06:52:31,265 54 INFO bench werkzeug: 127.0.0.1 - - [08/Oct/2026 06:52:31] "POST /json/2/stock.quant/create HTTP/1.1" 200 - 11 0.003 0.011
2026-10-08 06:52:31,327 54 INFO bench werkzeug: 127.0.0.1 - - [08/Oct/2026 06:52:31] "POST /json/2/stock.quant/action_apply_inventory HTTP/1.1" 200 - 36 0.015 0.034
2026-10-08 06:52:31,348 54 INFO bench werkzeug: 127.0.0.1 - - [08/Oct/2026 06:52:31] "POST /json/2/product.product/read HTTP/1.1" 200 - 5 0.003 0.006
2026-10-08 06:52:31,367 54 INFO bench werkzeug: 127.0.0.1 - - [08/Oct/2026 06:52:31] "POST /json/2/stock.quant/search HTTP/1.1" 200 - 3 0.001 0.005
2026-10-08 06:52:31,400 54 INFO bench werkzeug: 127.0.0.1 - - [08/Oct/2026 06:52:31] "POST /json/2/stock.quant/create HTTP/1.1" 200 - 11 0.005 0.015
2026-10-08 06:52:31,459 54 INFO bench werkzeug: 127.0.0.1 - - [08/Oct/2026 06:52:31] "POST /json/2/stock.quant/action_apply_inventory HTTP/1.1" 200 - 36 0.015 0.032
2026-10-08 06:52:31,485 54 INFO bench werkzeug: 127.0.0.1 - - [08/Oct/2026 06:52:31] "POST /json/2/product.product/read HTTP/1.1" 200 - 5 0.002 0.007
2026-10-08 06:52:31,514 54 INFO bench werkzeug: 127.0.0.1 - - [08/Oct/2026 06:52:31] "POST /json/2/stock.quant/search HTTP/1.1" 200 - 3 0.001 0.005
2026-10-08 06:52:31,546 54 INFO bench werkzeug: 127.0.0.1 - - [08/Oct/2026 06:52:31] "POST /json/2/stock.quant/create HTTP/1.1" 200 - 11 0.005 0.013
2026-10-08 06:52:31,606 54 INFO bench werkzeug: 127.0.0.1 - - [08/Oct/2026 06:52:31] "POST /json/2/stock.quant/action_apply_inventory HTTP/1.1" 200 - 36 0.015 0.033
2026-10-08 06:52:31,628 54 INFO bench werkzeug: 127.0.0.1 - - [08/Oct/2026 06:52:31] "POST /json/2/product.product/read HTTP/1.1" 200 - 5 0.002 0.008
2026-10-08 06:52:31,650 54 INFO bench werkzeug: 127.0.0.1 - - [08/Oct/2026 06:52:31] "POST /json/2/stock.quant/search HTTP/1.1" 200 - 3 0.001 0.005
2026-10-08 06:52:31,681 54 INFO bench werkzeug: 127.0.0.1 - - [08/Oct/2026 06:52:31] "POST /json/2/stock.quant/create HTTP/1.1" 200 - 11 0.004 0.013
2026-10-08 06:52:31,738 54 INFO bench werkzeug: 127.0.0.1 - - [08/Oct/2026 06:52:31] "POST /json/2/stock.quant/action_apply_inventory HTTP/1.1" 200 - 36 0.014 0.030
2026-10-08 06:52:31,761 54 INFO bench werkzeug: 127.0.0.1 - - [08/Oct/2026 06:52:31] "POST /json/2/product.product/read HTTP/1.1" 200 - 5 0.002 0.007
2026-10-08 06:52:31,780 54 INFO bench werkzeug: 127.0.0.1 - - [08/Oct/2026 06:52:31] "POST /json/2/stock.quant/search HTTP/1.1" 200 - 3 0.002 0.005
2026-10-08 06:52:31,810 54 INFO bench werkzeug: 127.0.0.1 - - [08/Oct/2026 06:52:31] "POST /json/2/stock.quant/create HTTP/1.1" 200 - 11 0.004 0.013
2026-10-08 06:52:31,873 54 INFO bench werkzeug: 127.0.0.1 - - [08/Oct/2026 06:52:31] "POST /json/2/stock.quant/action_apply_inventory HTTP/1.1" 200 - 36 0.016 0.032
2026-10-08 06:52:31,896 54 INFO bench werkzeug: 127.0.0.1 - - [08/Oct/2026 06:52:31] "POST /json/2/product.product/read HTTP/1.1" 200 - 5 0.002 0.007
2026-10-08 06:52:31,915 54 INFO bench werkzeug: 127.0.0.1 - - [08/Oct/2026 06:52:31] "POST /json/2/stock.quant/search HTTP/1.1" 200 - 3 0.001 0.005
2026-10-08 06:52:31,960 54 INFO bench werkzeug: 127.0.0.1 - - [08/Oct/2026 06:52:31] "POST /json/2/stock.quant/create HTTP/1.1" 200 - 11 0.004 0.013
2026-10-08 06:52:32,024 54 INFO bench werkzeug: 127.0.0.1 - - [08/Oct/2026 06:52:32] "POST /json/2/stock.quant/action_apply_inventory HTTP/1.1" 200 - 36 0.016 0.035
2026-10-08 06:52:32,047 54 INFO bench werkzeug: 127.0.0.1 - - [08/Oct/2026 06:52:32] "POST /json/2/product.product/read HTTP/1.1" 200 - 5 0.002 0.006
2026-10-08 06:52:32,067 54 INFO bench werkzeug: 127.0.0.1 - - [08/Oct/2026 06:52:32] "POST /json/2/stock.quant/search HTTP/1.1" 200 - 3 0.002 0.005
2026-10-08 06:52:32,100 54 INFO bench werkzeug: 127.0.0.1 - - [08/Oct/2026 06:52:32] "POST /json/2/stock.quant/create HTTP/1.1" 200 - 11 0.005 0.015
2026-10-08 06:52:32,163 54 INFO bench werkzeug: 127.0.0.1 - - [08/Oct/2026 06:52:32] "POST /json/2/stock.quant/action_apply_inventory HTTP/1.1" 200 - 36 0.017 0.033
2026-10-08 06:52:32,187 54 INFO bench werkzeug: 127.0.0.1 - - [08/Oct/2026 06:52:32] "POST /json/2/product.product/read HTTP/1.1" 200 - 5 0.002 0.008
2026-10-08 06:52:32,208 54 INFO bench werkzeug: 127.0.0.1 - - [08/Oct/2026 06:52:32] "POST /json/2/stock.quant/search HTTP/1.1" 200 - 3 0.002 0.005
2026-10-08 06:52:32,240 54 INFO bench werkzeug: 127.0.0.1 - - [08/Oct/2026 06:52:32] "POST /json/2/stock.quant/create HTTP/1.1" 200 - 11 0.004 0.013
2026-10-08 06:52:32,296 54 INFO bench werkzeug: 127.0.0.1 - - [08/Oct/2026 06:52:32] "POST /json/2/stock.quant/action_apply_inventory HTTP/1.1" 200 - 36 0.015 0.029
2026-10-08 06:52:32,319 54 INFO bench werkzeug: 127.0.0.1 - - [08/Oct/2026 06:52:32] "POST /json/2/product.product/read HTTP/1.1" 200 - 5 0.002 0.007
2026-10-08 06:52:32,340 54 INFO bench werkzeug: 127.0.0.1 - - [08/Oct/2026 06:52:32] "POST /json/2/stock.quant/search HTTP/1.1" 200 - 3 0.002 0.005
2026-10-08 06:52:32,371 54 INFO bench werkzeug: 127.0.0.1 - - [08/Oct/2026 06:52:32] "POST /json/2/stock.quant/create HTTP/1.1" 200 - 11 0.004 0.013
2026-10-08 06:52:32,438 54 INFO bench werkzeug: 127.0.0.1 - - [08/Oct/2026 06:52:32] "POST /json/2/stock.quant/action_apply_inventory HTTP/1.1" 200 - 36 0.015 0.031
2026-10-08 06:52:32,461 54 INFO bench werkzeug: 127.0.0.1 - - [08/Oct/2026 06:52:32] "POST /json/2/product.product/read HTTP/1.1" 200 - 5 0.003 0.007
2026-10-08 06:52:32,480 54 INFO bench werkzeug: 127.0.0.1 - - [08/Oct/2026 06:52:32] "POST /json/2/stock.quant/search HTTP/1.1" 200 - 3 0.001 0.005
2026-10-08 06:52:32,513 54 INFO bench werkzeug: 127.0.0.1 - - [08/Oct/2026 06:52:32] "POST /json/2/stock.quant/create HTTP/1.1" 200 - 11 0.004 0.015
2026-10-08 06:52:32,571 54 INFO bench werkzeug: 127.0.0.1 - - [08/Oct/2026 06:52:32] "POST /json/2/stock.quant/action_apply_inventory HTTP/1.1" 200 - 36 0.015 0.029
2026-10-08 06:52:32,593 54 INFO bench werkzeug: 127.0.0.1 - - [08/Oct/2026 06:52:32] "POST /json/2/product.product/read HTTP/1.1" 200 - 5 0.003 0.007
2026-10-08 06:52:32,614 54 INFO bench werkzeug: 127.0.0.1 - - [08/Oct/2026 06:52:32] "POST /json/2/stock.quant/search HTTP/1.1" 200 - 3 0.001 0.004
2026-10-08 06:52:32,644 54 INFO bench werkzeug: 127.0.0.1 - - [08/Oct/2026 06:52:32] "POST /json/2/stock.quant/create HTTP/1.1" 200 - 11 0.004 0.013
2026-10-08 06:52:32,705 54 INFO bench werkzeug: 127.0.0.1 - - [08/Oct/2026 06:52:32] "POST /json/2/stock.quant/action_apply_inventory HTTP/1.1" 200 - 36 0.017 0.032
2026-10-08 06:52:32,728 54 INFO bench werkzeug: 127.0.0.1 - - [08/Oct/2026 06:52:32] "POST /json/2/product.product/read HTTP/1.1" 200 - 5 0.003 0.007
2026-10-08 06:52:32,747 54 INFO bench werkzeug: 127.0.0.1 - - [08/Oct/2026 06:52:32] "POST /json/2/stock.quant/search HTTP/1.1" 200 - 3 0.001 0.004
2026-10-08 06:52:32,781 54 INFO bench werkzeug: 127.0.0.1 - - [08/Oct/2026 06:52:32] "POST /json/2/stock.quant/create HTTP/1.1" 200 - 11 0.005 0.014
2026-10-08 06:52:32,841 54 INFO bench werkzeug: 127.0.0.1 - - [08/Oct/2026 06:52:32] "POST /json/2/stock.quant/action_apply_inventory HTTP/1.1" 200 - 36 0.015 0.031
2026-10-08 06:52:32,871 54 INFO bench werkzeug: 127.0.0.1 - - [08/Oct/2026 06:52:32] "POST /json/2/product.product/read HTTP/1.1" 200 - 5 0.002 0.007
2026-10-08 06:52:32,892 54 INFO bench werkzeug: 127.0.0.1 - - [08/Oct/2026 06:52:32] "POST /json/2/stock.quant/search HTTP/1.1" 200 - 3 0.002 0.005
2026-10-08 06:52:32,922 54 INFO bench werkzeug: 127.0.0.1 - - [08/Oct/2026 06:52:32] "POST /json/2/stock.quant/create HTTP/1.1" 200 - 11 0.004 0.013
2026-10-08 06:52:32,983 54 INFO bench werkzeug: 127.0.0.1 - - [08/Oct/2026 06:52:32] "POST /json/2/stock.quant/action_apply_inventory HTTP/1.1" 200 - 36 0.016 0.031
2026-10-08 06:52:33,006 54 INFO bench werkzeug: 127.0.0.1 - - [08/Oct/2026 06:52:33] "POST /json/2/product.product/read HTTP/1.1" 200 - 5 0.002 0.007
2026-10-08 06:52:33,025 54 INFO bench werkzeug: 127.0.0.1 - - [08/Oct/2026 06:52:33] "POST /json/2/stock.quant/search HTTP/1.1" 200 - 3 0.001 0.004
2026-10-08 06:52:33,054 54 INFO bench werkzeug: 127.0.0.1 - - [08/Oct/2026 06:52:33] "POST /json/2/stock.quant/create HTTP/1.1" 200 - 11 0.004 0.013
2026-10-08 06:52:33,113 54 INFO bench werkzeug: 127.0.0.1 - - [08/Oct/2026 06:52:33] "POST /json/2/stock.quant/action_apply_inventory HTTP/1.1" 200 - 36 0.014 0.030
2026-10-08 06:52:33,136 54 INFO bench werkzeug: 127.0.0.1 - - [08/Oct/2026 06:52:33] "POST /json/2/product.product/read HTTP/1.1" 200 - 5 0.002 0.007
2026-10-08 06:52:33,154 54 INFO bench werkzeug: 127.0.0.1 - - [08/Oct/2026 06:52:33] "POST /json/2/stock.quant/search HTTP/1.1" 200 - 3 0.001 0.004
2026-10-08 06:52:33,183 54 INFO bench werkzeug: 127.0.0.1 - - [08/Oct/2026 06:52:33] "POST /json/2/stock.quant/create HTTP/1.1" 200 - 11 0.004 0.012
2026-10-08 06:52:33,239 54 INFO bench werkzeug: 127.0.0.1 - - [08/Oct/2026 06:52:33] "POST /json/2/stock.quant/action_apply_inventory HTTP/1.1" 200 - 36 0.015 0.029
2026-10-08 06:52:33,262 54 INFO bench werkzeug: 127.0.0.1 - - [08/Oct/2026 06:52:33] "POST /json/2/product.product/read HTTP/1.1" 200 - 5 0.003 0.007
2026-10-08 06:52:33,289 54 INFO bench werkzeug: 127.0.0.1 - - [08/Oct/2026 06:52:33] "POST /json/2/stock.quant/search HTTP/1.1" 200 - 3 0.001 0.005
2026-10-08 06:52:33,322 54 INFO bench werkzeug: 127.0.0.1 - - [08/Oct/2026 06:52:33] "POST /json/2/stock.quant/create HTTP/1.1" 200 - 11 0.004 0.014
2026-10-08 06:52:33,384 54 INFO bench werkzeug: 127.0.0.1 - - [08/Oct/2026 06:52:33] "POST /json/2/stock.quant/action_apply_inventory HTTP/1.1" 200 - 36 0.015 0.034
2026-10-08 06:52:33,406 54 INFO bench werkzeug: 127.0.0.1 - - [08/Oct/2026 06:52:33] "POST /json/2/product.product/read HTTP/1.1" 200 - 5 0.003 0.006
2026-10-08 06:52:33,425 54 INFO bench werkzeug: 127.0.0.1 - - [08/Oct/2026 06:52:33] "POST /json/2/stock.quant/search HTTP/1.1" 200 - 3 0.001 0.005
2026-10-08 06:52:33,457 54 INFO bench werkzeug: 127.0.0.1 - - [08/Oct/2026 06:52:33] "POST /json/2/stock.quant/create HTTP/1.1" 200 - 11 0.004 0.014
2026-10-08 06:52:33,522 54 INFO bench werkzeug: 127.0.0.1 - - [08/Oct/2026 06:52:33] "POST /json/2/stock.quant/action_apply_inventory HTTP/1.1" 200 - 36 0.016 0.036
2026-10-08 06:52:33,544 54 INFO bench werkzeug: 127.0.0.1 - - [08/Oct/2026 06:52:33] "POST /json/2/product.product/read HTTP/1.1" 200 - 5 0.003 0.007
2026-10-08 06:52:33,564 54 INFO bench werkzeug: 127.0.0.1 - - [08/Oct/2026 06:52:33] "POST /json/2/stock.quant/search HTTP/1.1" 200 - 3 0.002 0.005
2026-10-08 06:52:33,595 54 INFO bench werkzeug: 127.0.0.1 - - [08/Oct/2026 06:52:33] "POST /json/2/stock.quant/create HTTP/1.1" 200 - 11 0.004 0.013
2026-10-08 06:52:33,657 54 INFO bench werkzeug: 127.0.0.1 - - [08/Oct/2026 06:52:33] "POST /json/2/stock.quant/action_apply_inventory HTTP/1.1" 200 - 36 0.016 0.032
2026-10-08 06:52:33,680 54 INFO bench werkzeug: 127.0.0.1 - - [08/Oct/2026 06:52:33] "POST /json/2/product.product/read HTTP/1.1" 200 - 5 0.002 0.007
2026-10-08 06:52:33,700 54 INFO bench werkzeug: 127.0.0.1 - - [08/Oct/2026 06:52:33] "POST /json/2/stock.quant/search HTTP/1.1" 200 - 3 0.002 0.006
2026-10-08 06:52:33,740 54 INFO bench werkzeug: 127.0.0.1 - - [08/Oct/2026 06:52:33] "POST /json/2/stock.quant/create HTTP/1.1" 200 - 11 0.005 0.014
2026-10-08 06:52:33,802 54 INFO bench werkzeug: 127.0.0.1 - - [08/Oct/2026 06:52:33] "POST /json/2/stock.quant/action_apply_inventory HTTP/1.1" 200 - 36 0.016 0.031
2026-10-08 06:52:33,824 54 INFO bench werkzeug: 127.0.0.1 - - [08/Oct/2026 06:52:33] "POST /json/2/product.product/read HTTP/1.1" 200 - 5 0.003 0.007
2026-10-08 06:52:33,843 54 INFO bench werkzeug: 127.0.0.1 - - [08/Oct/2026 06:52:33] "POST /json/2/stock.quant/search HTTP/1.1" 200 - 3 0.002 0.005
2026-10-08 06:52:33,874 54 INFO bench werkzeug: 127.0.0.1 - - [08/Oct/2026 06:52:33] "POST /json/2/stock.quant/create HTTP/1.1" 200 - 11 0.005 0.014
2026-10-08 06:52:33,932 54 INFO bench werkzeug: 127.0.0.1 - - [08/Oct/2026 06:52:33] "POST /json/2/stock.quant/action_apply_inventory HTTP/1.1" 200 - 36 0.015 0.031
2026-10-08 06:52:33,955 54 INFO bench werkzeug: 127.0.0.1 - - [08/Oct/2026 06:52:33] "POST /json/2/product.product/read HTTP/1.1" 200 - 5 0.002 0.006
2026-10-08 06:52:33,974 54 INFO bench werkzeug: 127.0.0.1 - - [08/Oct/2026 06:52:33] "POST /json/2/stock.quant/search HTTP/1.1" 200 - 3 0.001 0.005
2026-10-08 06:52:34,006 54 INFO bench werkzeug: 127.0.0.1 - - [08/Oct/2026 06:52:34] "POST /json/2/stock.quant/create HTTP/1.1" 200 - 11 0.005 0.014
2026-10-08 06:52:34,066 54 INFO bench werkzeug: 127.0.0.1 - - [08/Oct/2026 06:52:34] "POST /json/2/stock.quant/action_apply_inventory HTTP/1.1" 200 - 36 0.016 0.032
2026-10-08 06:52:34,093 54 INFO bench werkzeug: 127.0.0.1 - - [08/Oct/2026 06:52:34] "POST /json/2/sale.order/search HTTP/1.1" 200 - 8 0.004 0.007
2026-10-08 06:52:34,157 54 INFO bench werkzeug: 127.0.0.1 - - [08/Oct/2026 06:52:34] "POST /json/2/sale.order/create HTTP/1.1" 200 - 46 0.020 0.032
2026-10-08 06:52:34,183 54 INFO bench werkzeug: 127.0.0.1 - - [08/Oct/2026 06:52:34] "POST /json/2/sale.order.line/search HTTP/1.1" 200 - 8 0.004 0.008
2026-10-08 06:52:34,254 54 INFO bench werkzeug: 127.0.0.1 - - [08/Oct/2026 06:52:34] "POST /json/2/sale.order.line/create HTTP/1.1" 200 - 42 0.019 0.032
2026-10-08 06:52:34,274 54 INFO bench werkzeug: 127.0.0.1 - - [08/Oct/2026 06:52:34] "POST /json/2/sale.order/read HTTP/1.1" 200 - 3 0.001 0.005
2026-10-08 06:52:34,448 54 INFO bench werkzeug: 127.0.0.1 - - [08/Oct/2026 06:52:34] "POST /json/2/sale.order/action_confirm HTTP/1.1" 200 - 186 0.075 0.086
2026-10-08 06:52:34,468 54 INFO bench werkzeug: 127.0.0.1 - - [08/Oct/2026 06:52:34] "POST /json/2/sale.order/search HTTP/1.1" 200 - 3 0.001 0.005
2026-10-08 06:52:34,516 54 INFO bench werkzeug: 127.0.0.1 - - [08/Oct/2026 06:52:34] "POST /json/2/sale.order/create HTTP/1.1" 200 - 27 0.011 0.024
2026-10-08 06:52:34,534 54 INFO bench werkzeug: 127.0.0.1 - - [08/Oct/2026 06:52:34] "POST /json/2/sale.order.line/search HTTP/1.1" 200 - 3 0.001 0.005
2026-10-08 06:52:34,582 54 INFO bench werkzeug: 127.0.0.1 - - [08/Oct/2026 06:52:34] "POST /json/2/sale.order.line/create HTTP/1.1" 200 - 28 0.011 0.023
2026-10-08 06:52:34,602 54 INFO bench werkzeug: 127.0.0.1 - - [08/Oct/2026 06:52:34] "POST /json/2/sale.order/read HTTP/1.1" 200 - 3 0.002 0.005
2026-10-08 06:52:34,730 54 INFO bench werkzeug: 127.0.0.1 - - [08/Oct/2026 06:52:34] "POST /json/2/sale.order/action_confirm HTTP/1.1" 200 - 117 0.049 0.066
2026-10-08 06:52:34,749 54 INFO bench werkzeug: 127.0.0.1 - - [08/Oct/2026 06:52:34] "POST /json/2/sale.order/search HTTP/1.1" 200 - 3 0.002 0.005
2026-10-08 06:52:34,798 54 INFO bench werkzeug: 127.0.0.1 - - [08/Oct/2026 06:52:34] "POST /json/2/sale.order/create HTTP/1.1" 200 - 27 0.012 0.024
2026-10-08 06:52:34,817 54 INFO bench werkzeug: 127.0.0.1 - - [08/Oct/2026 06:52:34] "POST /json/2/sale.order.line/search HTTP/1.1" 200 - 3 0.001 0.005
2026-10-08 06:52:34,867 54 INFO bench werkzeug: 127.0.0.1 - - [08/Oct/2026 06:52:34] "POST /json/2/sale.order.line/create HTTP/1.1" 200 - 28 0.012 0.025
2026-10-08 06:52:34,895 54 INFO bench werkzeug: 127.0.0.1 - - [08/Oct/2026 06:52:34] "POST /json/2/sale.order/read HTTP/1.1" 200 - 3 0.001 0.005
2026-10-08 06:52:35,023 54 INFO bench werkzeug: 127.0.0.1 - - [08/Oct/2026 06:52:35] "POST /json/2/sale.order/action_confirm HTTP/1.1" 200 - 117 0.048 0.066
2026-10-08 06:52:35,043 54 INFO bench werkzeug: 127.0.0.1 - - [08/Oct/2026 06:52:35] "POST /json/2/sale.order/search HTTP/1.1" 200 - 3 0.002 0.006
2026-10-08 06:52:35,093 54 INFO bench werkzeug: 127.0.0.1 - - [08/Oct/2026 06:52:35] "POST /json/2/sale.order/create HTTP/1.1" 200 - 27 0.012 0.025
2026-10-08 06:52:35,112 54 INFO bench werkzeug: 127.0.0.1 - - [08/Oct/2026 06:52:35] "POST /json/2/sale.order.line/search HTTP/1.1" 200 - 3 0.002 0.005
2026-10-08 06:52:35,160 54 INFO bench werkzeug: 127.0.0.1 - - [08/Oct/2026 06:52:35] "POST /json/2/sale.order.line/create HTTP/1.1" 200 - 28 0.011 0.025
2026-10-08 06:52:35,181 54 INFO bench werkzeug: 127.0.0.1 - - [08/Oct/2026 06:52:35] "POST /json/2/sale.order/read HTTP/1.1" 200 - 3 0.001 0.005
2026-10-08 06:52:35,306 54 INFO bench werkzeug: 127.0.0.1 - - [08/Oct/2026 06:52:35] "POST /json/2/sale.order/action_confirm HTTP/1.1" 200 - 117 0.046 0.065
2026-10-08 06:52:35,326 54 INFO bench werkzeug: 127.0.0.1 - - [08/Oct/2026 06:52:35] "POST /json/2/sale.order/search HTTP/1.1" 200 - 3 0.001 0.005
2026-10-08 06:52:35,373 54 INFO bench werkzeug: 127.0.0.1 - - [08/Oct/2026 06:52:35] "POST /json/2/sale.order/create HTTP/1.1" 200 - 27 0.010 0.024
2026-10-08 06:52:35,393 54 INFO bench werkzeug: 127.0.0.1 - - [08/Oct/2026 06:52:35] "POST /json/2/sale.order.line/search HTTP/1.1" 200 - 3 0.001 0.005
2026-10-08 06:52:35,442 54 INFO bench werkzeug: 127.0.0.1 - - [08/Oct/2026 06:52:35] "POST /json/2/sale.order.line/create HTTP/1.1" 200 - 28 0.012 0.025
2026-10-08 06:52:35,461 54 INFO bench werkzeug: 127.0.0.1 - - [08/Oct/2026 06:52:35] "POST /json/2/sale.order/read HTTP/1.1" 200 - 3 0.002 0.005
2026-10-08 06:52:35,583 54 INFO bench werkzeug: 127.0.0.1 - - [08/Oct/2026 06:52:35] "POST /json/2/sale.order/action_confirm HTTP/1.1" 200 - 102 0.042 0.059
2026-10-08 06:52:35,602 54 INFO bench werkzeug: 127.0.0.1 - - [08/Oct/2026 06:52:35] "POST /json/2/sale.order/search HTTP/1.1" 200 - 3 0.001 0.005
2026-10-08 06:52:35,651 54 INFO bench werkzeug: 127.0.0.1 - - [08/Oct/2026 06:52:35] "POST /json/2/sale.order/create HTTP/1.1" 200 - 27 0.012 0.024
2026-10-08 06:52:35,671 54 INFO bench werkzeug: 127.0.0.1 - - [08/Oct/2026 06:52:35] "POST /json/2/sale.order.line/search HTTP/1.1" 200 - 3 0.002 0.005
2026-10-08 06:52:35,719 54 INFO bench werkzeug: 127.0.0.1 - - [08/Oct/2026 06:52:35] "POST /json/2/sale.order.line/create HTTP/1.1" 200 - 28 0.010 0.025
2026-10-08 06:52:35,740 54 INFO bench werkzeug: 127.0.0.1 - - [08/Oct/2026 06:52:35] "POST /json/2/sale.order/read HTTP/1.1" 200 - 3 0.001 0.005
2026-10-08 06:52:35,852 54 INFO bench werkzeug: 127.0.0.1 - - [08/Oct/2026 06:52:35] "POST /json/2/sale.order/action_confirm HTTP/1.1" 200 - 102 0.041 0.059
2026-10-08 06:52:35,872 54 INFO bench werkzeug: 127.0.0.1 - - [08/Oct/2026 06:52:35] "POST /json/2/sale.order/search HTTP/1.1" 200 - 3 0.001 0.005
2026-10-08 06:52:35,922 54 INFO bench werkzeug: 127.0.0.1 - - [08/Oct/2026 06:52:35] "POST /json/2/sale.order/create HTTP/1.1" 200 - 27 0.012 0.025
2026-10-08 06:52:35,942 54 INFO bench werkzeug: 127.0.0.1 - - [08/Oct/2026 06:52:35] "POST /json/2/sale.order.line/search HTTP/1.1" 200 - 3 0.002 0.005
2026-10-08 06:52:35,992 54 INFO bench werkzeug: 127.0.0.1 - - [08/Oct/2026 06:52:35] "POST /json/2/sale.order.line/create HTTP/1.1" 200 - 28 0.011 0.025
2026-10-08 06:52:36,013 54 INFO bench werkzeug: 127.0.0.1 - - [08/Oct/2026 06:52:36] "POST /json/2/sale.order/read HTTP/1.1" 200 - 3 0.001 0.005
2026-10-08 06:52:36,128 54 INFO bench werkzeug: 127.0.0.1 - - [08/Oct/2026 06:52:36] "POST /json/2/sale.order/action_confirm HTTP/1.1" 200 - 102 0.043 0.059
2026-10-08 06:52:36,156 54 INFO bench werkzeug: 127.0.0.1 - - [08/Oct/2026 06:52:36] "POST /json/2/sale.order/search HTTP/1.1" 200 - 3 0.002 0.005
2026-10-08 06:52:36,206 54 INFO bench werkzeug: 127.0.0.1 - - [08/Oct/2026 06:52:36] "POST /json/2/sale.order/create HTTP/1.1" 200 - 27 0.012 0.024
2026-10-08 06:52:36,225 54 INFO bench werkzeug: 127.0.0.1 - - [08/Oct/2026 06:52:36] "POST /json/2/sale.order.line/search HTTP/1.1" 200 - 3 0.002 0.005
2026-10-08 06:52:36,272 54 INFO bench werkzeug: 127.0.0.1 - - [08/Oct/2026 06:52:36] "POST /json/2/sale.order.line/create HTTP/1.1" 200 - 28 0.011 0.023
2026-10-08 06:52:36,295 54 INFO bench werkzeug: 127.0.0.1 - - [08/Oct/2026 06:52:36] "POST /json/2/sale.order/read HTTP/1.1" 200 - 3 0.002 0.005
2026-10-08 06:52:36,409 54 INFO bench werkzeug: 127.0.0.1 - - [08/Oct/2026 06:52:36] "POST /json/2/sale.order/action_confirm HTTP/1.1" 200 - 102 0.043 0.058
2026-10-08 06:52:36,428 54 INFO bench werkzeug: 127.0.0.1 - - [08/Oct/2026 06:52:36] "POST /json/2/sale.order/search HTTP/1.1" 200 - 3 0.002 0.005
2026-10-08 06:52:36,475 54 INFO bench werkzeug: 127.0.0.1 - - [08/Oct/2026 06:52:36] "POST /json/2/sale.order/create HTTP/1.1" 200 - 27 0.011 0.024
2026-10-08 06:52:36,496 54 INFO bench werkzeug: 127.0.0.1 - - [08/Oct/2026 06:52:36] "POST /json/2/sale.order.line/search HTTP/1.1" 200 - 3 0.002 0.005
2026-10-08 06:52:36,545 54 INFO bench werkzeug: 127.0.0.1 - - [08/Oct/2026 06:52:36] "POST /json/2/sale.order.line/create HTTP/1.1" 200 - 28 0.012 0.025
2026-10-08 06:52:36,565 54 INFO bench werkzeug: 127.0.0.1 - - [08/Oct/2026 06:52:36] "POST /json/2/sale.order/read HTTP/1.1" 200 - 3 0.001 0.005
2026-10-08 06:52:36,679 54 INFO bench werkzeug: 127.0.0.1 - - [08/Oct/2026 06:52:36] "POST /json/2/sale.order/action_confirm HTTP/1.1" 200 - 102 0.042 0.058
2026-10-08 06:52:36,699 54 INFO bench werkzeug: 127.0.0.1 - - [08/Oct/2026 06:52:36] "POST /json/2/sale.order/search HTTP/1.1" 200 - 3 0.001 0.005
2026-10-08 06:52:36,754 54 INFO bench werkzeug: 127.0.0.1 - - [08/Oct/2026 06:52:36] "POST /json/2/sale.order/create HTTP/1.1" 200 - 27 0.011 0.024
2026-10-08 06:52:36,775 54 INFO bench werkzeug: 127.0.0.1 - - [08/Oct/2026 06:52:36] "POST /json/2/sale.order.line/search HTTP/1.1" 200 - 3 0.001 0.005
2026-10-08 06:52:36,824 54 INFO bench werkzeug: 127.0.0.1 - - [08/Oct/2026 06:52:36] "POST /json/2/sale.order.line/create HTTP/1.1" 200 - 28 0.011 0.024
2026-10-08 06:52:36,845 54 INFO bench werkzeug: 127.0.0.1 - - [08/Oct/2026 06:52:36] "POST /json/2/sale.order/read HTTP/1.1" 200 - 3 0.001 0.006
2026-10-08 06:52:36,958 54 INFO bench werkzeug: 127.0.0.1 - - [08/Oct/2026 06:52:36] "POST /json/2/sale.order/action_confirm HTTP/1.1" 200 - 102 0.042 0.057
2026-10-08 06:52:36,977 54 INFO bench werkzeug: 127.0.0.1 - - [08/Oct/2026 06:52:36] "POST /json/2/sale.order/search HTTP/1.1" 200 - 3 0.001 0.004
2026-10-08 06:52:37,026 54 INFO bench werkzeug: 127.0.0.1 - - [08/Oct/2026 06:52:37] "POST /json/2/sale.order/create HTTP/1.1" 200 - 27 0.012 0.024
2026-10-08 06:52:37,045 54 INFO bench werkzeug: 127.0.0.1 - - [08/Oct/2026 06:52:37] "POST /json/2/sale.order.line/search HTTP/1.1" 200 - 3 0.001 0.005
2026-10-08 06:52:37,096 54 INFO bench werkzeug: 127.0.0.1 - - [08/Oct/2026 06:52:37] "POST /json/2/sale.order.line/create HTTP/1.1" 200 - 28 0.012 0.025
2026-10-08 06:52:37,116 54 INFO bench werkzeug: 127.0.0.1 - - [08/Oct/2026 06:52:37] "POST /json/2/sale.order/read HTTP/1.1" 200 - 3 0.001 0.005
2026-10-08 06:52:37,232 54 INFO bench werkzeug: 127.0.0.1 - - [08/Oct/2026 06:52:37] "POST /json/2/sale.order/action_confirm HTTP/1.1" 200 - 102 0.041 0.060
2026-10-08 06:52:37,252 54 INFO bench werkzeug: 127.0.0.1 - - [08/Oct/2026 06:52:37] "POST /json/2/sale.order/search HTTP/1.1" 200 - 3 0.002 0.005
2026-10-08 06:52:37,298 54 INFO bench werkzeug: 127.0.0.1 - - [08/Oct/2026 06:52:37] "POST /json/2/sale.order/create HTTP/1.1" 200 - 27 0.010 0.023
2026-10-08 06:52:37,326 54 INFO bench werkzeug: 127.0.0.1 - - [08/Oct/2026 06:52:37] "POST /json/2/sale.order.line/search HTTP/1.1" 200 - 3 0.001 0.005
2026-10-08 06:52:37,377 54 INFO bench werkzeug: 127.0.0.1 - - [08/Oct/2026 06:52:37] "POST /json/2/sale.order.line/create HTTP/1.1" 200 - 28 0.012 0.025
2026-10-08 06:52:37,398 54 INFO bench werkzeug: 127.0.0.1 - - [08/Oct/2026 06:52:37] "POST /json/2/sale.order/read HTTP/1.1" 200 - 3 0.001 0.005
2026-10-08 06:52:37,511 54 INFO bench werkzeug: 127.0.0.1 - - [08/Oct/2026 06:52:37] "POST /json/2/sale.order/action_confirm HTTP/1.1" 200 - 102 0.042 0.058
2026-10-08 06:52:37,533 54 INFO bench werkzeug: 127.0.0.1 - - [08/Oct/2026 06:52:37] "POST /json/2/product.product/read HTTP/1.1" 200 - 5 0.002 0.007
2026-10-08 06:52:37,553 54 INFO bench werkzeug: 127.0.0.1 - - [08/Oct/2026 06:52:37] "POST /json/2/mrp.bom/search HTTP/1.1" 200 - 3 0.001 0.005
2026-10-08 06:52:37,573 54 INFO bench werkzeug: 127.0.0.1 - - [08/Oct/2026 06:52:37] "POST /json/2/sale.order/read HTTP/1.1" 200 - 3 0.001 0.005
2026-10-08 06:52:37,592 54 INFO bench werkzeug: 127.0.0.1 - - [08/Oct/2026 06:52:37] "POST /json/2/sale.order/read HTTP/1.1" 200 - 3 0.002 0.005
2026-10-08 06:52:37,693 54 INFO bench odoo.models.unlink: User #2 deleted stock.move records with IDs: [74] 
2026-10-08 06:52:37,739 54 INFO bench werkzeug: 127.0.0.1 - - [08/Oct/2026 06:52:37] "POST /json/2/mrp.production/create HTTP/1.1" 200 - 117 0.050 0.083
2026-10-08 06:52:37,884 54 INFO bench werkzeug: 127.0.0.1 - - [08/Oct/2026 06:52:37] "POST /json/2/mrp.production/action_confirm HTTP/1.1" 200 - 146 0.053 0.079
2026-10-08 06:52:37,904 54 INFO bench werkzeug: 127.0.0.1 - - [08/Oct/2026 06:52:37] "POST /json/2/mrp.workcenter/search HTTP/1.1" 200 - 3 0.001 0.005
2026-10-08 06:52:37,925 54 INFO bench werkzeug: 127.0.0.1 - - [08/Oct/2026 06:52:37] "POST /json/2/mrp.workorder/search HTTP/1.1" 200 - 3 0.001 0.005
2026-10-08 06:52:38,003 54 INFO bench werkzeug: 127.0.0.1 - - [08/Oct/2026 06:52:38] "POST /json/2/mrp.workorder/write HTTP/1.1" 200 - 56 0.021 0.040
2026-10-08 06:52:38,023 54 INFO bench werkzeug: 127.0.0.1 - - [08/Oct/2026 06:52:38] "POST /json/2/mrp.production/read HTTP/1.1" 200 - 3 0.002 0.005
2026-10-08 06:52:38,057 54 INFO bench werkzeug: 127.0.0.1 - - [08/Oct/2026 06:52:38] "POST /json/2/mrp.production/message_post HTTP/1.1" 200 - 16 0.007 0.015
2026-10-08 06:52:38,079 54 INFO bench werkzeug: 127.0.0.1 - - [08/Oct/2026 06:52:38] "POST /json/2/product.product/read HTTP/1.1" 200 - 5 0.003 0.007
2026-10-08 06:52:38,098 54 INFO bench werkzeug: 127.0.0.1 - - [08/Oct/2026 06:52:38] "POST /json/2/mrp.bom/search HTTP/1.1" 200 - 3 0.002 0.005
2026-10-08 06:52:38,118 54 INFO bench werkzeug: 127.0.0.1 - - [08/Oct/2026 06:52:38] "POST /json/2/sale.order/read HTTP/1.1" 200 - 3 0.001 0.005
2026-10-08 06:52:38,137 54 INFO bench werkzeug: 127.0.0.1 - - [08/Oct/2026 06:52:38] "POST /json/2/sale.order/read HTTP/1.1" 200 - 3 0.001 0.005
2026-10-08 06:52:38,156 54 INFO bench werkzeug: 127.0.0.1 - - [08/Oct/2026 06:52:38] "POST /json/2/sale.order/read HTTP/1.1" 200 - 3 0.001 0.005
2026-10-08 06:52:38,238 54 INFO bench odoo.models.unlink: User #2 deleted stock.move records with IDs: [81] 
2026-10-08 06:52:38,278 54 INFO bench werkzeug: 127.0.0.1 - - [08/Oct/2026 06:52:38] "POST /json/2/mrp.production/create HTTP/1.1" 200 - 104 0.044 0.065
2026-10-08 06:52:38,383 54 INFO bench werkzeug: 127.0.0.1 - - [08/Oct/2026 06:52:38] "POST /json/2/mrp.production/action_confirm HTTP/1.1" 200 - 92 0.033 0.056
2026-10-08 06:52:38,403 54 INFO bench werkzeug: 127.0.0.1 - - [08/Oct/2026 06:52:38] "POST /json/2/mrp.workcenter/search HTTP/1.1" 200 - 3 0.002 0.005
2026-10-08 06:52:38,422 54 INFO bench werkzeug: 127.0.0.1 - - [08/Oct/2026 06:52:38] "POST /json/2/mrp.workorder/search HTTP/1.1" 200 - 3 0.001 0.005
2026-10-08 06:52:38,476 54 INFO bench werkzeug: 127.0.0.1 - - [08/Oct/2026 06:52:38] "POST /json/2/mrp.workorder/write HTTP/1.1" 200 - 41 0.015 0.027
2026-10-08 06:52:38,496 54 INFO bench werkzeug: 127.0.0.1 - - [08/Oct/2026 06:52:38] "POST /json/2/mrp.production/read HTTP/1.1" 200 - 3 0.002 0.005
2026-10-08 06:52:38,545 54 INFO bench werkzeug: 127.0.0.1 - - [08/Oct/2026 06:52:38] "POST /json/2/mrp.production/message_post HTTP/1.1" 200 - 14 0.006 0.015
2026-10-08 06:52:38,568 54 INFO bench werkzeug: 127.0.0.1 - - [08/Oct/2026 06:52:38] "POST /json/2/product.product/read HTTP/1.1" 200 - 5 0.002 0.006
2026-10-08 06:52:38,587 54 INFO bench werkzeug: 127.0.0.1 - - [08/Oct/2026 06:52:38] "POST /json/2/mrp.bom/search HTTP/1.1" 200 - 3 0.001 0.004
2026-10-08 06:52:38,608 54 INFO bench werkzeug: 127.0.0.1 - - [08/Oct/2026 06:52:38] "POST /json/2/sale.order/read HTTP/1.1" 200 - 3 0.001 0.005
2026-10-08 06:52:38,686 54 INFO bench odoo.models.unlink: User #2 deleted stock.move records with IDs: [88] 
2026-10-08 06:52:38,728 54 INFO bench werkzeug: 127.0.0.1 - - [08/Oct/2026 06:52:38] "POST /json/2/mrp.production/create HTTP/1.1" 200 - 104 0.042 0.065
2026-10-08 06:52:38,833 54 INFO bench werkzeug: 127.0.0.1 - - [08/Oct/2026 06:52:38] "POST /json/2/mrp.production/action_confirm HTTP/1.1" 200 - 92 0.035 0.058
2026-10-08 06:52:38,853 54 INFO bench werkzeug: 127.0.0.1 - - [08/Oct/2026 06:52:38] "POST /json/2/mrp.workcenter/search HTTP/1.1" 200 - 3 0.002 0.005
2026-10-08 06:52:38,874 54 INFO bench werkzeug: 127.0.0.1 - - [08/Oct/2026 06:52:38] "POST /json/2/mrp.workorder/search HTTP/1.1" 200 - 3 0.002 0.005
2026-10-08 06:52:38,942 54 INFO bench werkzeug: 127.0.0.1 - - [08/Oct/2026 06:52:38] "POST /json/2/mrp.workorder/write HTTP/1.1" 200 - 50 0.020 0.035
2026-10-08 06:52:38,961 54 INFO bench werkzeug: 127.0.0.1 - - [08/Oct/2026 06:52:38] "POST /json/2/mrp.production/read HTTP/1.1" 200 - 3 0.001 0.005
2026-10-08 06:52:38,996 54 INFO bench werkzeug: 127.0.0.1 - - [08/Oct/2026 06:52:38] "POST /json/2/mrp.production/message_post HTTP/1.1" 200 - 14 0.006 0.015
2026-10-08 06:52:39,018 54 INFO bench werkzeug: 127.0.0.1 - - [08/Oct/2026 06:52:39] "POST /json/2/product.product/read HTTP/1.1" 200 - 5 0.002 0.007
2026-10-08 06:52:39,038 54 INFO bench werkzeug: 127.0.0.1 - - [08/Oct/2026 06:52:39] "POST /json/2/mrp.bom/search HTTP/1.1" 200 - 3 0.002 0.005
2026-10-08 06:52:39,067 54 INFO bench werkzeug: 127.0.0.1 - - [08/Oct/2026 06:52:39] "POST /json/2/sale.order/read HTTP/1.1" 200 - 3 0.001 0.005
2026-10-08 06:52:39,087 54 INFO bench werkzeug: 127.0.0.1 - - [08/Oct/2026 06:52:39] "POST /json/2/sale.order/read HTTP/1.1" 200 - 3 0.002 0.005
2026-10-08 06:52:39,171 54 INFO bench odoo.models.unlink: User #2 deleted stock.move records with IDs: [95] 
2026-10-08 06:52:39,212 54 INFO bench werkzeug: 127.0.0.1 - - [08/Oct/2026 06:52:39] "POST /json/2/mrp.production/create HTTP/1.1" 200 - 104 0.048 0.064
2026-10-08 06:52:39,318 54 INFO bench werkzeug: 127.0.0.1 - - [08/Oct/2026 06:52:39] "POST /json/2/mrp.production/action_confirm HTTP/1.1" 200 - 92 0.037 0.056
2026-10-08 06:52:39,338 54 INFO bench werkzeug: 127.0.0.1 - - [08/Oct/2026 06:52:39] "POST /json/2/mrp.workcenter/search HTTP/1.1" 200 - 3 0.002 0.005
2026-10-08 06:52:39,356 54 INFO bench werkzeug: 127.0.0.1 - - [08/Oct/2026 06:52:39] "POST /json/2/mrp.workorder/search HTTP/1.1" 200 - 3 0.001 0.005
2026-10-08 06:52:39,414 54 INFO bench werkzeug: 127.0.0.1 - - [08/Oct/2026 06:52:39] "POST /json/2/mrp.workorder/write HTTP/1.1" 200 - 41 0.015 0.028
2026-10-08 06:52:39,436 54 INFO bench werkzeug: 127.0.0.1 - - [08/Oct/2026 06:52:39] "POST /json/2/mrp.production/read HTTP/1.1" 200 - 3 0.001 0.005
2026-10-08 06:52:39,470 54 INFO bench werkzeug: 127.0.0.1 - - [08/Oct/2026 06:52:39] "POST /json/2/mrp.production/message_post HTTP/1.1" 200 - 14 0.006 0.016
2026-10-08 06:52:39,493 54 INFO bench werkzeug: 127.0.0.1 - - [08/Oct/2026 06:52:39] "POST /json/2/product.product/read HTTP/1.1" 200 - 5 0.002 0.007
2026-10-08 06:52:39,514 54 INFO bench werkzeug: 127.0.0.1 - - [08/Oct/2026 06:52:39] "POST /json/2/mrp.bom/search HTTP/1.1" 200 - 3 0.001 0.005
2026-10-08 06:52:39,533 54 INFO bench werkzeug: 127.0.0.1 - - [08/Oct/2026 06:52:39] "POST /json/2/sale.order/read HTTP/1.1" 200 - 3 0.001 0.005
2026-10-08 06:52:39,617 54 INFO bench odoo.models.unlink: User #2 deleted stock.move records with IDs: [102] 
2026-10-08 06:52:39,659 54 INFO bench werkzeug: 127.0.0.1 - - [08/Oct/2026 06:52:39] "POST /json/2/mrp.production/create HTTP/1.1" 200 - 104 0.044 0.069
2026-10-08 06:52:39,763 54 INFO bench werkzeug: 127.0.0.1 - - [08/Oct/2026 06:52:39] "POST /json/2/mrp.production/action_confirm HTTP/1.1" 200 - 92 0.034 0.057
2026-10-08 06:52:39,783 54 INFO bench werkzeug: 127.0.0.1 - - [08/Oct/2026 06:52:39] "POST /json/2/mrp.workcenter/search HTTP/1.1" 200 - 3 0.002 0.005
2026-10-08 06:52:39,803 54 INFO bench werkzeug: 127.0.0.1 - - [08/Oct/2026 06:52:39] "POST /json/2/mrp.workorder/search HTTP/1.1" 200 - 3 0.001 0.006
2026-10-08 06:52:39,856 54 INFO bench werkzeug: 127.0.0.1 - - [08/Oct/2026 06:52:39] "POST /json/2/mrp.workorder/write HTTP/1.1" 200 - 41 0.014 0.026
2026-10-08 06:52:39,876 54 INFO bench werkzeug: 127.0.0.1 - - [08/Oct/2026 06:52:39] "POST /json/2/mrp.production/read HTTP/1.1" 200 - 3 0.001 0.005
2026-10-08 06:52:39,914 54 INFO bench werkzeug: 127.0.0.1 - - [08/Oct/2026 06:52:39] "POST /json/2/mrp.production/message_post HTTP/1.1" 200 - 14 0.006 0.014
2026-10-08 06:52:39,966 54 INFO bench werkzeug: 127.0.0.1 - - [08/Oct/2026 06:52:39] "POST /json/2/purchase.order/create HTTP/1.1" 200 - 35 0.016 0.024
2026-10-08 06:52:40,039 54 INFO bench werkzeug: 127.0.0.1 - - [08/Oct/2026 06:52:40] "POST /json/2/purchase.order.line/create HTTP/1.1" 200 - 48 0.020 0.040
2026-10-08 06:52:40,165 54 INFO bench werkzeug: 127.0.0.1 - - [08/Oct/2026 06:52:40] "POST /json/2/purchase.order/button_confirm HTTP/1.1" 200 - 124 0.049 0.063
2026-10-08 06:52:40,186 54 INFO bench werkzeug: 127.0.0.1 - - [08/Oct/2026 06:52:40] "POST /json/2/purchase.order/read HTTP/1.1" 200 - 3 0.001 0.005
2026-10-08 06:52:40,231 54 INFO bench werkzeug: 127.0.0.1 - - [08/Oct/2026 06:52:40] "POST /json/2/purchase.order/create HTTP/1.1" 200 - 20 0.009 0.021
2026-10-08 06:52:40,289 54 INFO bench werkzeug: 127.0.0.1 - - [08/Oct/2026 06:52:40] "POST /json/2/purchase.order.line/create HTTP/1.1" 200 - 36 0.015 0.030
2026-10-08 06:52:40,406 54 INFO bench werkzeug: 127.0.0.1 - - [08/Oct/2026 06:52:40] "POST /json/2/purchase.order/button_confirm HTTP/1.1" 200 - 92 0.040 0.061
2026-10-08 06:52:40,427 54 INFO bench werkzeug: 127.0.0.1 - - [08/Oct/2026 06:52:40] "POST /json/2/purchase.order/read HTTP/1.1" 200 - 3 0.001 0.005
2026-10-08 06:52:40,469 54 INFO bench werkzeug: 127.0.0.1 - - [08/Oct/2026 06:52:40] "POST /json/2/purchase.order/create HTTP/1.1" 200 - 20 0.009 0.021
2026-10-08 06:52:40,532 54 INFO bench werkzeug: 127.0.0.1 - - [08/Oct/2026 06:52:40] "POST /json/2/purchase.order.line/create HTTP/1.1" 200 - 36 0.017 0.032
2026-10-08 06:52:40,642 54 INFO bench werkzeug: 127.0.0.1 - - [08/Oct/2026 06:52:40] "POST /json/2/purchase.order/button_confirm HTTP/1.1" 200 - 92 0.037 0.060
2026-10-08 06:52:40,668 54 INFO bench werkzeug: 127.0.0.1 - - [08/Oct/2026 06:52:40] "POST /json/2/purchase.order/read HTTP/1.1" 200 - 3 0.001 0.005
2026-10-08 06:52:40,712 54 INFO bench werkzeug: 127.0.0.1 - - [08/Oct/2026 06:52:40] "POST /json/2/purchase.order/create HTTP/1.1" 200 - 20 0.010 0.021
2026-10-08 06:52:40,776 54 INFO bench werkzeug: 127.0.0.1 - - [08/Oct/2026 06:52:40] "POST /json/2/purchase.order.line/create HTTP/1.1" 200 - 36 0.015 0.034
2026-10-08 06:52:40,886 54 INFO bench werkzeug: 127.0.0.1 - - [08/Oct/2026 06:52:40] "POST /json/2/purchase.order/button_confirm HTTP/1.1" 200 - 92 0.039 0.057
2026-10-08 06:52:40,905 54 INFO bench werkzeug: 127.0.0.1 - - [08/Oct/2026 06:52:40] "POST /json/2/purchase.order/read HTTP/1.1" 200 - 3 0.002 0.005
2026-10-08 06:52:40,948 54 INFO bench werkzeug: 127.0.0.1 - - [08/Oct/2026 06:52:40] "POST /json/2/purchase.order/create HTTP/1.1" 200 - 20 0.010 0.020
2026-10-08 06:52:41,010 54 INFO bench werkzeug: 127.0.0.1 - - [08/Oct/2026 06:52:41] "POST /json/2/purchase.order.line/create HTTP/1.1" 200 - 36 0.015 0.033
2026-10-08 06:52:41,119 54 INFO bench werkzeug: 127.0.0.1 - - [08/Oct/2026 06:52:41] "POST /json/2/purchase.order/button_confirm HTTP/1.1" 200 - 92 0.038 0.058
2026-10-08 06:52:41,138 54 INFO bench werkzeug: 127.0.0.1 - - [08/Oct/2026 06:52:41] "POST /json/2/purchase.order/read HTTP/1.1" 200 - 3 0.002 0.005
2026-10-08 06:52:41,181 54 INFO bench werkzeug: 127.0.0.1 - - [08/Oct/2026 06:52:41] "POST /json/2/purchase.order/create HTTP/1.1" 200 - 20 0.009 0.019
2026-10-08 06:52:41,239 54 INFO bench werkzeug: 127.0.0.1 - - [08/Oct/2026 06:52:41] "POST /json/2/purchase.order.line/create HTTP/1.1" 200 - 36 0.015 0.029
2026-10-08 06:52:41,347 54 INFO bench werkzeug: 127.0.0.1 - - [08/Oct/2026 06:52:41] "POST /json/2/purchase.order/button_confirm HTTP/1.1" 200 - 92 0.037 0.057
2026-10-08 06:52:41,373 54 INFO bench werkzeug: 127.0.0.1 - - [08/Oct/2026 06:52:41] "POST /json/2/purchase.order/read HTTP/1.1" 200 - 3 0.001 0.005
2026-10-08 06:52:41,415 54 INFO bench werkzeug: 127.0.0.1 - - [08/Oct/2026 06:52:41] "POST /json/2/purchase.order/create HTTP/1.1" 200 - 20 0.009 0.020
2026-10-08 06:52:41,476 54 INFO bench werkzeug: 127.0.0.1 - - [08/Oct/2026 06:52:41] "POST /json/2/purchase.order.line/create HTTP/1.1" 200 - 36 0.015 0.033
2026-10-08 06:52:41,586 54 INFO bench werkzeug: 127.0.0.1 - - [08/Oct/2026 06:52:41] "POST /json/2/purchase.order/button_confirm HTTP/1.1" 200 - 92 0.037 0.059
2026-10-08 06:52:41,604 54 INFO bench werkzeug: 127.0.0.1 - - [08/Oct/2026 06:52:41] "POST /json/2/purchase.order/read HTTP/1.1" 200 - 3 0.001 0.005
2026-10-08 06:52:41,648 54 INFO bench werkzeug: 127.0.0.1 - - [08/Oct/2026 06:52:41] "POST /json/2/purchase.order/create HTTP/1.1" 200 - 20 0.009 0.021
2026-10-08 06:52:41,709 54 INFO bench werkzeug: 127.0.0.1 - - [08/Oct/2026 06:52:41] "POST /json/2/purchase.order.line/create HTTP/1.1" 200 - 36 0.015 0.032
2026-10-08 06:52:41,818 54 INFO bench werkzeug: 127.0.0.1 - - [08/Oct/2026 06:52:41] "POST /json/2/purchase.order/button_confirm HTTP/1.1" 200 - 92 0.038 0.057
2026-10-08 06:52:41,838 54 INFO bench werkzeug: 127.0.0.1 - - [08/Oct/2026 06:52:41] "POST /json/2/purchase.order/read HTTP/1.1" 200 - 3 0.001 0.005
2026-10-08 06:52:41,879 54 INFO bench werkzeug: 127.0.0.1 - - [08/Oct/2026 06:52:41] "POST /json/2/purchase.order/create HTTP/1.1" 200 - 20 0.008 0.019
2026-10-08 06:52:41,937 54 INFO bench werkzeug: 127.0.0.1 - - [08/Oct/2026 06:52:41] "POST /json/2/purchase.order.line/create HTTP/1.1" 200 - 36 0.016 0.030
2026-10-08 06:52:42,050 54 INFO bench werkzeug: 127.0.0.1 - - [08/Oct/2026 06:52:42] "POST /json/2/purchase.order/button_confirm HTTP/1.1" 200 - 92 0.039 0.060
2026-10-08 06:52:42,070 54 INFO bench werkzeug: 127.0.0.1 - - [08/Oct/2026 06:52:42] "POST /json/2/purchase.order/read HTTP/1.1" 200 - 3 0.001 0.005
2026-10-08 06:52:42,109 54 INFO bench werkzeug: 127.0.0.1 - - [08/Oct/2026 06:52:42] "POST /json/2/purchase.order/create HTTP/1.1" 200 - 20 0.009 0.018
2026-10-08 06:52:42,174 54 INFO bench werkzeug: 127.0.0.1 - - [08/Oct/2026 06:52:42] "POST /json/2/purchase.order.line/create HTTP/1.1" 200 - 36 0.015 0.032
2026-10-08 06:52:42,283 54 INFO bench werkzeug: 127.0.0.1 - - [08/Oct/2026 06:52:42] "POST /json/2/purchase.order/button_confirm HTTP/1.1" 200 - 92 0.038 0.057
2026-10-08 06:52:42,303 54 INFO bench werkzeug: 127.0.0.1 - - [08/Oct/2026 06:52:42] "POST /json/2/purchase.order/read HTTP/1.1" 200 - 3 0.002 0.005
2026-10-08 06:52:42,345 54 INFO bench werkzeug: 127.0.0.1 - - [08/Oct/2026 06:52:42] "POST /json/2/purchase.order/create HTTP/1.1" 200 - 20 0.009 0.020
2026-10-08 06:52:42,407 54 INFO bench werkzeug: 127.0.0.1 - - [08/Oct/2026 06:52:42] "POST /json/2/purchase.order.line/create HTTP/1.1" 200 - 36 0.016 0.032
2026-10-08 06:52:42,512 54 INFO bench werkzeug: 127.0.0.1 - - [08/Oct/2026 06:52:42] "POST /json/2/purchase.order/button_confirm HTTP/1.1" 200 - 92 0.036 0.055
2026-10-08 06:52:42,532 54 INFO bench werkzeug: 127.0.0.1 - - [08/Oct/2026 06:52:42] "POST /json/2/purchase.order/read HTTP/1.1" 200 - 3 0.001 0.005
2026-10-08 06:52:42,573 54 INFO bench werkzeug: 127.0.0.1 - - [08/Oct/2026 06:52:42] "POST /json/2/purchase.order/create HTTP/1.1" 200 - 20 0.008 0.020
2026-10-08 06:52:42,630 54 INFO bench werkzeug: 127.0.0.1 - - [08/Oct/2026 06:52:42] "POST /json/2/purchase.order.line/create HTTP/1.1" 200 - 36 0.014 0.030
2026-10-08 06:52:42,740 54 INFO bench werkzeug: 127.0.0.1 - - [08/Oct/2026 06:52:42] "POST /json/2/purchase.order/button_confirm HTTP/1.1" 200 - 92 0.039 0.059
2026-10-08 06:52:42,761 54 INFO bench werkzeug: 127.0.0.1 - - [08/Oct/2026 06:52:42] "POST /json/2/purchase.order/read HTTP/1.1" 200 - 3 0.001 0.005
2026-10-08 06:52:42,808 54 INFO bench werkzeug: 127.0.0.1 - - [08/Oct/2026 06:52:42] "POST /json/2/purchase.order/create HTTP/1.1" 200 - 20 0.010 0.022
2026-10-08 06:52:42,874 54 INFO bench werkzeug: 127.0.0.1 - - [08/Oct/2026 06:52:42] "POST /json/2/purchase.order.line/create HTTP/1.1" 200 - 36 0.016 0.037
2026-10-08 06:52:42,982 54 INFO bench werkzeug: 127.0.0.1 - - [08/Oct/2026 06:52:42] "POST /json/2/purchase.order/button_confirm HTTP/1.1" 200 - 92 0.035 0.053
2026-10-08 06:52:43,002 54 INFO bench werkzeug: 127.0.0.1 - - [08/Oct/2026 06:52:43] "POST /json/2/purchase.order/read HTTP/1.1" 200 - 3 0.002 0.005
2026-10-08 06:52:43,044 54 INFO bench werkzeug: 127.0.0.1 - - [08/Oct/2026 06:52:43] "POST /json/2/purchase.order/create HTTP/1.1" 200 - 20 0.010 0.020
2026-10-08 06:52:43,103 54 INFO bench werkzeug: 127.0.0.1 - - [08/Oct/2026 06:52:43] "POST /json/2/purchase.order.line/create HTTP/1.1" 200 - 36 0.014 0.030
2026-10-08 06:52:43,211 54 INFO bench werkzeug: 127.0.0.1 - - [08/Oct/2026 06:52:43] "POST /json/2/purchase.order/button_confirm HTTP/1.1" 200 - 92 0.038 0.057
2026-10-08 06:52:43,231 54 INFO bench werkzeug: 127.0.0.1 - - [08/Oct/2026 06:52:43] "POST /json/2/purchase.order/read HTTP/1.1" 200 - 3 0.002 0.005
2026-10-08 06:52:43,273 54 INFO bench werkzeug: 127.0.0.1 - - [08/Oct/2026 06:52:43] "POST /json/2/purchase.order/create HTTP/1.1" 200 - 20 0.009 0.020
2026-10-08 06:52:43,335 54 INFO bench werkzeug: 127.0.0.1 - - [08/Oct/2026 06:52:43] "POST /json/2/purchase.order.line/create HTTP/1.1" 200 - 36 0.016 0.033
2026-10-08 06:52:43,448 54 INFO bench werkzeug: 127.0.0.1 - - [08/Oct/2026 06:52:43] "POST /json/2/purchase.order/button_confirm HTTP/1.1" 200 - 92 0.039 0.061
2026-10-08 06:52:43,469 54 INFO bench werkzeug: 127.0.0.1 - - [08/Oct/2026 06:52:43] "POST /json/2/purchase.order/read HTTP/1.1" 200 - 3 0.001 0.005
2026-10-08 06:52:43,513 54 INFO bench werkzeug: 127.0.0.1 - - [08/Oct/2026 06:52:43] "POST /json/2/purchase.order/create HTTP/1.1" 200 - 20 0.010 0.020
2026-10-08 06:52:43,575 54 INFO bench werkzeug: 127.0.0.1 - - [08/Oct/2026 06:52:43] "POST /json/2/purchase.order.line/create HTTP/1.1" 200 - 36 0.015 0.033
2026-10-08 06:52:43,693 54 INFO bench werkzeug: 127.0.0.1 - - [08/Oct/2026 06:52:43] "POST /json/2/purchase.order/button_confirm HTTP/1.1" 200 - 92 0.039 0.059
2026-10-08 06:52:43,713 54 INFO bench werkzeug: 127.0.0.1 - - [08/Oct/2026 06:52:43] "POST /json/2/purchase.order/read HTTP/1.1" 200 - 3 0.001 0.005
2026-10-08 06:52:43,754 54 INFO bench werkzeug: 127.0.0.1 - - [08/Oct/2026 06:52:43] "POST /json/2/purchase.order/create HTTP/1.1" 200 - 20 0.009 0.019
2026-10-08 06:52:43,812 54 INFO bench werkzeug: 127.0.0.1 - - [08/Oct/2026 06:52:43] "POST /json/2/purchase.order.line/create HTTP/1.1" 200 - 36 0.015 0.030
2026-10-08 06:52:43,920 54 INFO bench werkzeug: 127.0.0.1 - - [08/Oct/2026 06:52:43] "POST /json/2/purchase.order/button_confirm HTTP/1.1" 200 - 92 0.037 0.056
2026-10-08 06:52:43,939 54 INFO bench werkzeug: 127.0.0.1 - - [08/Oct/2026 06:52:43] "POST /json/2/purchase.order/read HTTP/1.1" 200 - 3 0.001 0.005
2026-10-08 06:52:43,982 54 INFO bench werkzeug: 127.0.0.1 - - [08/Oct/2026 06:52:43] "POST /json/2/purchase.order/create HTTP/1.1" 200 - 20 0.008 0.020
2026-10-08 06:52:44,044 54 INFO bench werkzeug: 127.0.0.1 - - [08/Oct/2026 06:52:44] "POST /json/2/purchase.order.line/create HTTP/1.1" 200 - 36 0.016 0.032
2026-10-08 06:52:44,149 54 INFO bench werkzeug: 127.0.0.1 - - [08/Oct/2026 06:52:44] "POST /json/2/purchase.order/button_confirm HTTP/1.1" 200 - 92 0.035 0.058
2026-10-08 06:52:44,169 54 INFO bench werkzeug: 127.0.0.1 - - [08/Oct/2026 06:52:44] "POST /json/2/purchase.order/read HTTP/1.1" 200 - 3 0.002 0.005
2026-10-08 06:52:44,189 54 INFO bench werkzeug: 127.0.0.1 - - [08/Oct/2026 06:52:44] "POST /json/2/sale.order/read HTTP/1.1" 200 - 3 0.001 0.005
2026-10-08 06:52:44,231 54 INFO bench werkzeug: 127.0.0.1 - - [08/Oct/2026 06:52:44] "POST /json/2/purchase.order/create HTTP/1.1" 200 - 20 0.009 0.020
2026-10-08 06:52:46,796 54 INFO bench werkzeug: 127.0.0.1 - - [08/Oct/2026 06:52:46] "POST /json/2/purchase.order.line/create HTTP/1.1" 200 - 36 0.016 2.535
2026-10-08 06:52:46,908 54 INFO bench werkzeug: 127.0.0.1 - - [08/Oct/2026 06:52:46] "POST /json/2/purchase.order/button_confirm HTTP/1.1" 200 - 92 0.038 0.056
2026-10-08 06:52:46,929 54 INFO bench werkzeug: 127.0.0.1 - - [08/Oct/2026 06:52:46] "POST /json/2/purchase.order/read HTTP/1.1" 200 - 3 0.001 0.005
2026-10-08 06:52:46,949 54 INFO bench werkzeug: 127.0.0.1 - - [08/Oct/2026 06:52:46] "POST /json/2/sale.order/read HTTP/1.1" 200 - 3 0.001 0.005
2026-10-08 06:52:46,989 54 INFO bench werkzeug: 127.0.0.1 - - [08/Oct/2026 06:52:46] "POST /json/2/purchase.order/create HTTP/1.1" 200 - 20 0.008 0.020
2026-10-08 06:52:47,051 54 INFO bench werkzeug: 127.0.0.1 - - [08/Oct/2026 06:52:47] "POST /json/2/purchase.order.line/create HTTP/1.1" 200 - 36 0.016 0.033
2026-10-08 06:52:47,160 54 INFO bench werkzeug: 127.0.0.1 - - [08/Oct/2026 06:52:47] "POST /json/2/purchase.order/button_confirm HTTP/1.1" 200 - 92 0.039 0.058
2026-10-08 06:52:47,179 54 INFO bench werkzeug: 127.0.0.1 - - [08/Oct/2026 06:52:47] "POST /json/2/purchase.order/read HTTP/1.1" 200 - 3 0.001 0.005
2026-10-08 06:52:47,198 54 INFO bench werkzeug: 127.0.0.1 - - [08/Oct/2026 06:52:47] "POST /json/2/sale.order/read HTTP/1.1" 200 - 3 0.001 0.005
2026-10-08 06:52:47,240 54 INFO bench werkzeug: 127.0.0.1 - - [08/Oct/2026 06:52:47] "POST /json/2/purchase.order/create HTTP/1.1" 200 - 20 0.008 0.020
2026-10-08 06:52:47,297 54 INFO bench werkzeug: 127.0.0.1 - - [08/Oct/2026 06:52:47] "POST /json/2/purchase.order.line/create HTTP/1.1" 200 - 36 0.014 0.030
2026-10-08 06:52:47,407 54 INFO bench werkzeug: 127.0.0.1 - - [08/Oct/2026 06:52:47] "POST /json/2/purchase.order/button_confirm HTTP/1.1" 200 - 92 0.037 0.058
2026-10-08 06:52:47,427 54 INFO bench werkzeug: 127.0.0.1 - - [08/Oct/2026 06:52:47] "POST /json/2/purchase.order/read HTTP/1.1" 200 - 3 0.001 0.005
2026-10-08 06:52:47,559 54 INFO bench werkzeug: 127.0.0.1 - - [08/Oct/2026 06:52:47] "GET /doc-bearer/ir.config_parameter.json HTTP/1.1" 200 - 9 0.004 0.114
2026-10-08 06:52:47,598 54 INFO bench odoo.registry: Caches invalidated, signaling through the database: ['stable'] 
2026-10-08 06:52:47,604 54 INFO bench werkzeug: 127.0.0.1 - - [08/Oct/2026 06:52:47] "POST /json/2/ir.config_parameter/set_param HTTP/1.1" 200 - 12 0.006 0.016
2026-10-08 06:52:47,634 54 INFO bench werkzeug: 127.0.0.1 - - [08/Oct/2026 06:52:47] "POST /json/2/res.partner/search HTTP/1.1" 200 - 15 0.007 0.010
2026-10-08 06:52:47,657 54 INFO bench werkzeug: 127.0.0.1 - - [08/Oct/2026 06:52:47] "POST /json/2/res.partner/search HTTP/1.1" 200 - 4 0.003 0.007
2026-10-08 06:52:47,679 54 INFO bench werkzeug: 127.0.0.1 - - [08/Oct/2026 06:52:47] "POST /json/2/res.partner/search HTTP/1.1" 200 - 4 0.002 0.006
2026-10-08 06:52:47,700 54 INFO bench werkzeug: 127.0.0.1 - - [08/Oct/2026 06:52:47] "POST /json/2/res.partner/search HTTP/1.1" 200 - 4 0.002 0.006
2026-10-08 06:52:47,719 54 INFO bench werkzeug: 127.0.0.1 - - [08/Oct/2026 06:52:47] "POST /json/2/res.partner/search HTTP/1.1" 200 - 4 0.002 0.006
2026-10-08 06:52:47,740 54 INFO bench werkzeug: 127.0.0.1 - - [08/Oct/2026 06:52:47] "POST /json/2/res.partner/search HTTP/1.1" 200 - 4 0.002 0.006
2026-10-08 06:52:47,762 54 INFO bench werkzeug: 127.0.0.1 - - [08/Oct/2026 06:52:47] "POST /json/2/res.partner/search HTTP/1.1" 200 - 4 0.002 0.006
2026-10-08 06:52:47,783 54 INFO bench werkzeug: 127.0.0.1 - - [08/Oct/2026 06:52:47] "POST /json/2/res.partner/search HTTP/1.1" 200 - 4 0.002 0.006
2026-10-08 06:52:47,805 54 INFO bench werkzeug: 127.0.0.1 - - [08/Oct/2026 06:52:47] "POST /json/2/res.partner/search HTTP/1.1" 200 - 4 0.002 0.006
2026-10-08 06:52:47,824 54 INFO bench werkzeug: 127.0.0.1 - - [08/Oct/2026 06:52:47] "POST /json/2/res.partner/search HTTP/1.1" 200 - 4 0.002 0.006
2026-10-08 06:52:47,844 54 INFO bench werkzeug: 127.0.0.1 - - [08/Oct/2026 06:52:47] "POST /json/2/res.partner/search HTTP/1.1" 200 - 4 0.002 0.006
2026-10-08 06:52:47,874 54 INFO bench werkzeug: 127.0.0.1 - - [08/Oct/2026 06:52:47] "POST /json/2/res.partner/search HTTP/1.1" 200 - 4 0.002 0.006
2026-10-08 06:52:47,896 54 INFO bench werkzeug: 127.0.0.1 - - [08/Oct/2026 06:52:47] "POST /json/2/res.partner/search HTTP/1.1" 200 - 4 0.002 0.006
2026-10-08 06:52:47,919 54 INFO bench werkzeug: 127.0.0.1 - - [08/Oct/2026 06:52:47] "POST /json/2/res.partner/search HTTP/1.1" 200 - 4 0.002 0.006
2026-10-08 06:52:47,940 54 INFO bench werkzeug: 127.0.0.1 - - [08/Oct/2026 06:52:47] "POST /json/2/res.partner/search HTTP/1.1" 200 - 4 0.002 0.006
2026-10-08 06:52:47,964 54 INFO bench werkzeug: 127.0.0.1 - - [08/Oct/2026 06:52:47] "POST /json/2/res.partner/search HTTP/1.1" 200 - 4 0.002 0.006
2026-10-08 06:52:47,987 54 INFO bench werkzeug: 127.0.0.1 - - [08/Oct/2026 06:52:47] "POST /json/2/res.partner/search HTTP/1.1" 200 - 4 0.003 0.006
2026-10-08 06:52:48,009 54 INFO bench werkzeug: 127.0.0.1 - - [08/Oct/2026 06:52:48] "POST /json/2/res.partner/search HTTP/1.1" 200 - 4 0.002 0.006
2026-10-08 06:52:48,029 54 INFO bench werkzeug: 127.0.0.1 - - [08/Oct/2026 06:52:48] "POST /json/2/res.partner/search HTTP/1.1" 200 - 4 0.002 0.006
2026-10-08 06:52:48,050 54 INFO bench werkzeug: 127.0.0.1 - - [08/Oct/2026 06:52:48] "POST /json/2/res.partner/search HTTP/1.1" 200 - 4 0.002 0.006
2026-10-08 06:52:48,071 54 INFO bench werkzeug: 127.0.0.1 - - [08/Oct/2026 06:52:48] "POST /json/2/res.partner/search HTTP/1.1" 200 - 4 0.002 0.006
2026-10-08 06:52:48,093 54 INFO bench werkzeug: 127.0.0.1 - - [08/Oct/2026 06:52:48] "POST /json/2/res.partner/search HTTP/1.1" 200 - 4 0.002 0.007
2026-10-08 06:52:48,112 54 INFO bench werkzeug: 127.0.0.1 - - [08/Oct/2026 06:52:48] "POST /json/2/res.partner/search HTTP/1.1" 200 - 4 0.002 0.006
2026-10-08 06:52:48,140 54 INFO bench werkzeug: 127.0.0.1 - - [08/Oct/2026 06:52:48] "POST /json/2/res.partner/search HTTP/1.1" 200 - 4 0.002 0.006
2026-10-08 06:52:48,163 54 INFO bench werkzeug: 127.0.0.1 - - [08/Oct/2026 06:52:48] "POST /json/2/res.partner/search HTTP/1.1" 200 - 4 0.002 0.006
2026-10-08 06:52:48,187 54 INFO bench werkzeug: 127.0.0.1 - - [08/Oct/2026 06:52:48] "POST /json/2/res.partner/search HTTP/1.1" 200 - 4 0.003 0.007
2026-10-08 06:52:48,209 54 INFO bench werkzeug: 127.0.0.1 - - [08/Oct/2026 06:52:48] "POST /json/2/res.partner/search HTTP/1.1" 200 - 4 0.002 0.006
2026-10-08 06:52:48,229 54 INFO bench werkzeug: 127.0.0.1 - - [08/Oct/2026 06:52:48] "POST /json/2/res.partner/search HTTP/1.1" 200 - 4 0.002 0.006
2026-10-08 06:52:48,251 54 INFO bench werkzeug: 127.0.0.1 - - [08/Oct/2026 06:52:48] "POST /json/2/res.partner/search HTTP/1.1" 200 - 4 0.002 0.006
2026-10-08 06:52:48,273 54 INFO bench werkzeug: 127.0.0.1 - - [08/Oct/2026 06:52:48] "POST /json/2/res.partner/search HTTP/1.1" 200 - 4 0.002 0.006
2026-10-08 06:52:48,293 54 INFO bench werkzeug: 127.0.0.1 - - [08/Oct/2026 06:52:48] "POST /json/2/res.partner/search HTTP/1.1" 200 - 4 0.002 0.006
2026-10-08 06:52:48,313 54 INFO bench werkzeug: 127.0.0.1 - - [08/Oct/2026 06:52:48] "POST /json/2/res.partner/search HTTP/1.1" 200 - 4 0.002 0.006
2026-10-08 06:52:48,335 54 INFO bench werkzeug: 127.0.0.1 - - [08/Oct/2026 06:52:48] "POST /json/2/res.partner/search HTTP/1.1" 200 - 4 0.003 0.006
2026-10-08 06:52:48,356 54 INFO bench werkzeug: 127.0.0.1 - - [08/Oct/2026 06:52:48] "POST /json/2/res.partner/search HTTP/1.1" 200 - 4 0.002 0.006
2026-10-08 06:52:48,378 54 INFO bench werkzeug: 127.0.0.1 - - [08/Oct/2026 06:52:48] "POST /json/2/res.partner/search HTTP/1.1" 200 - 4 0.002 0.006
2026-10-08 06:52:48,399 54 INFO bench werkzeug: 127.0.0.1 - - [08/Oct/2026 06:52:48] "POST /json/2/res.partner/search HTTP/1.1" 200 - 4 0.002 0.007
2026-10-08 06:52:48,430 54 INFO bench werkzeug: 127.0.0.1 - - [08/Oct/2026 06:52:48] "POST /json/2/res.partner/search HTTP/1.1" 200 - 4 0.002 0.006
2026-10-08 06:52:48,453 54 INFO bench werkzeug: 127.0.0.1 - - [08/Oct/2026 06:52:48] "POST /json/2/res.partner/search HTTP/1.1" 200 - 4 0.002 0.006
2026-10-08 06:52:48,475 54 INFO bench werkzeug: 127.0.0.1 - - [08/Oct/2026 06:52:48] "POST /json/2/res.partner/search HTTP/1.1" 200 - 4 0.002 0.006
2026-10-08 06:52:48,497 54 INFO bench werkzeug: 127.0.0.1 - - [08/Oct/2026 06:52:48] "POST /json/2/res.partner/search HTTP/1.1" 200 - 4 0.003 0.007
2026-10-08 06:52:48,518 54 INFO bench werkzeug: 127.0.0.1 - - [08/Oct/2026 06:52:48] "POST /json/2/res.partner/search HTTP/1.1" 200 - 4 0.002 0.006
2026-10-08 06:52:48,541 54 INFO bench werkzeug: 127.0.0.1 - - [08/Oct/2026 06:52:48] "POST /json/2/res.partner/search HTTP/1.1" 200 - 4 0.002 0.006
2026-10-08 06:52:48,563 54 INFO bench werkzeug: 127.0.0.1 - - [08/Oct/2026 06:52:48] "POST /json/2/res.partner/search HTTP/1.1" 200 - 4 0.002 0.006
2026-10-08 06:52:48,584 54 INFO bench werkzeug: 127.0.0.1 - - [08/Oct/2026 06:52:48] "POST /json/2/res.partner/search HTTP/1.1" 200 - 4 0.002 0.006
2026-10-08 06:52:48,603 54 INFO bench werkzeug: 127.0.0.1 - - [08/Oct/2026 06:52:48] "POST /json/2/res.partner/search HTTP/1.1" 200 - 4 0.002 0.006
2026-10-08 06:52:48,625 54 INFO bench werkzeug: 127.0.0.1 - - [08/Oct/2026 06:52:48] "POST /json/2/res.partner/search HTTP/1.1" 200 - 4 0.002 0.006
2026-10-08 06:52:48,646 54 INFO bench werkzeug: 127.0.0.1 - - [08/Oct/2026 06:52:48] "POST /json/2/res.partner/search HTTP/1.1" 200 - 4 0.002 0.006
2026-10-08 06:52:48,667 54 INFO bench werkzeug: 127.0.0.1 - - [08/Oct/2026 06:52:48] "POST /json/2/res.partner/search HTTP/1.1" 200 - 4 0.002 0.006
2026-10-08 06:52:48,688 54 INFO bench werkzeug: 127.0.0.1 - - [08/Oct/2026 06:52:48] "POST /json/2/res.partner/search HTTP/1.1" 200 - 4 0.002 0.006
2026-10-08 06:52:48,709 54 INFO bench werkzeug: 127.0.0.1 - - [08/Oct/2026 06:52:48] "POST /json/2/res.partner/search HTTP/1.1" 200 - 4 0.002 0.006
2026-10-08 06:52:48,736 54 INFO bench werkzeug: 127.0.0.1 - - [08/Oct/2026 06:52:48] "POST /json/2/res.partner/search HTTP/1.1" 200 - 4 0.002 0.006
2026-10-08 06:52:48,759 54 INFO bench werkzeug: 127.0.0.1 - - [08/Oct/2026 06:52:48] "POST /json/2/res.partner/search HTTP/1.1" 200 - 4 0.002 0.006
2026-10-08 06:52:48,780 54 INFO bench werkzeug: 127.0.0.1 - - [08/Oct/2026 06:52:48] "POST /json/2/res.partner/search HTTP/1.1" 200 - 4 0.002 0.006
2026-10-08 06:52:48,801 54 INFO bench werkzeug: 127.0.0.1 - - [08/Oct/2026 06:52:48] "POST /json/2/res.partner/search HTTP/1.1" 200 - 4 0.002 0.006
2026-10-08 06:52:48,822 54 INFO bench werkzeug: 127.0.0.1 - - [08/Oct/2026 06:52:48] "POST /json/2/res.partner/search HTTP/1.1" 200 - 4 0.002 0.006
2026-10-08 06:52:48,843 54 INFO bench werkzeug: 127.0.0.1 - - [08/Oct/2026 06:52:48] "POST /json/2/res.partner/search HTTP/1.1" 200 - 4 0.002 0.006
2026-10-08 06:52:48,865 54 INFO bench werkzeug: 127.0.0.1 - - [08/Oct/2026 06:52:48] "POST /json/2/res.partner/search HTTP/1.1" 200 - 4 0.002 0.006
2026-10-08 06:52:48,885 54 INFO bench werkzeug: 127.0.0.1 - - [08/Oct/2026 06:52:48] "POST /json/2/res.partner/search HTTP/1.1" 200 - 4 0.002 0.006
2026-10-08 06:52:48,907 54 INFO bench werkzeug: 127.0.0.1 - - [08/Oct/2026 06:52:48] "POST /json/2/res.partner/search HTTP/1.1" 200 - 4 0.002 0.006
2026-10-08 06:52:48,929 54 INFO bench werkzeug: 127.0.0.1 - - [08/Oct/2026 06:52:48] "POST /json/2/res.partner/search HTTP/1.1" 200 - 4 0.002 0.006
2026-10-08 06:52:48,950 54 INFO bench werkzeug: 127.0.0.1 - - [08/Oct/2026 06:52:48] "POST /json/2/res.partner/search HTTP/1.1" 200 - 4 0.002 0.006
2026-10-08 06:52:48,970 54 INFO bench werkzeug: 127.0.0.1 - - [08/Oct/2026 06:52:48] "POST /json/2/res.partner/search HTTP/1.1" 200 - 4 0.002 0.006
2026-10-08 06:52:48,990 54 INFO bench werkzeug: 127.0.0.1 - - [08/Oct/2026 06:52:48] "POST /json/2/res.partner/search HTTP/1.1" 200 - 4 0.002 0.006
2026-10-08 06:52:49,017 54 INFO bench werkzeug: 127.0.0.1 - - [08/Oct/2026 06:52:49] "POST /json/2/res.partner/search HTTP/1.1" 200 - 4 0.002 0.006
2026-10-08 06:52:49,039 54 INFO bench werkzeug: 127.0.0.1 - - [08/Oct/2026 06:52:49] "POST /json/2/res.partner/search HTTP/1.1" 200 - 4 0.002 0.006
2026-10-08 06:52:49,061 54 INFO bench werkzeug: 127.0.0.1 - - [08/Oct/2026 06:52:49] "POST /json/2/res.partner/search HTTP/1.1" 200 - 4 0.002 0.006
2026-10-08 06:52:49,082 54 INFO bench werkzeug: 127.0.0.1 - - [08/Oct/2026 06:52:49] "POST /json/2/res.partner/search HTTP/1.1" 200 - 4 0.002 0.006
2026-10-08 06:52:49,102 54 INFO bench werkzeug: 127.0.0.1 - - [08/Oct/2026 06:52:49] "POST /json/2/res.partner/search HTTP/1.1" 200 - 4 0.002 0.006
2026-10-08 06:52:49,124 54 INFO bench werkzeug: 127.0.0.1 - - [08/Oct/2026 06:52:49] "POST /json/2/res.partner/search HTTP/1.1" 200 - 4 0.002 0.006
2026-10-08 06:52:49,145 54 INFO bench werkzeug: 127.0.0.1 - - [08/Oct/2026 06:52:49] "POST /json/2/res.partner/search HTTP/1.1" 200 - 4 0.002 0.006
2026-10-08 06:52:49,166 54 INFO bench werkzeug: 127.0.0.1 - - [08/Oct/2026 06:52:49] "POST /json/2/res.partner/search HTTP/1.1" 200 - 4 0.002 0.006
2026-10-08 06:52:49,186 54 INFO bench werkzeug: 127.0.0.1 - - [08/Oct/2026 06:52:49] "POST /json/2/res.partner/search HTTP/1.1" 200 - 4 0.002 0.006
2026-10-08 06:52:49,208 54 INFO bench werkzeug: 127.0.0.1 - - [08/Oct/2026 06:52:49] "POST /json/2/res.partner/search HTTP/1.1" 200 - 4 0.002 0.006
2026-10-08 06:52:49,230 54 INFO bench werkzeug: 127.0.0.1 - - [08/Oct/2026 06:52:49] "POST /json/2/res.partner/search HTTP/1.1" 200 - 4 0.002 0.006
2026-10-08 06:52:49,250 54 INFO bench werkzeug: 127.0.0.1 - - [08/Oct/2026 06:52:49] "POST /json/2/res.partner/search HTTP/1.1" 200 - 4 0.002 0.006
2026-10-08 06:52:49,271 54 INFO bench werkzeug: 127.0.0.1 - - [08/Oct/2026 06:52:49] "POST /json/2/res.partner/search HTTP/1.1" 200 - 4 0.002 0.006
2026-10-08 06:52:49,299 54 INFO bench werkzeug: 127.0.0.1 - - [08/Oct/2026 06:52:49] "POST /json/2/res.partner/search HTTP/1.1" 200 - 4 0.002 0.007
2026-10-08 06:52:49,321 54 INFO bench werkzeug: 127.0.0.1 - - [08/Oct/2026 06:52:49] "POST /json/2/res.partner/search HTTP/1.1" 200 - 4 0.002 0.006
2026-10-08 06:52:49,342 54 INFO bench werkzeug: 127.0.0.1 - - [08/Oct/2026 06:52:49] "POST /json/2/res.partner/search HTTP/1.1" 200 - 4 0.002 0.006
2026-10-08 06:52:49,362 54 INFO bench werkzeug: 127.0.0.1 - - [08/Oct/2026 06:52:49] "POST /json/2/res.partner/search HTTP/1.1" 200 - 4 0.002 0.006
2026-10-08 06:52:49,383 54 INFO bench werkzeug: 127.0.0.1 - - [08/Oct/2026 06:52:49] "POST /json/2/res.partner/search HTTP/1.1" 200 - 4 0.002 0.006
2026-10-08 06:52:49,405 54 INFO bench werkzeug: 127.0.0.1 - - [08/Oct/2026 06:52:49] "POST /json/2/res.partner/search HTTP/1.1" 200 - 4 0.002 0.006
2026-10-08 06:52:49,426 54 INFO bench werkzeug: 127.0.0.1 - - [08/Oct/2026 06:52:49] "POST /json/2/res.partner/search HTTP/1.1" 200 - 4 0.002 0.006
2026-10-08 06:52:49,449 54 INFO bench werkzeug: 127.0.0.1 - - [08/Oct/2026 06:52:49] "POST /json/2/res.partner/search HTTP/1.1" 200 - 4 0.002 0.006
2026-10-08 06:52:49,471 54 INFO bench werkzeug: 127.0.0.1 - - [08/Oct/2026 06:52:49] "POST /json/2/res.partner/search HTTP/1.1" 200 - 4 0.002 0.006
2026-10-08 06:52:49,493 54 INFO bench werkzeug: 127.0.0.1 - - [08/Oct/2026 06:52:49] "POST /json/2/res.partner/search HTTP/1.1" 200 - 4 0.002 0.006
2026-10-08 06:52:49,515 54 INFO bench werkzeug: 127.0.0.1 - - [08/Oct/2026 06:52:49] "POST /json/2/res.partner/search HTTP/1.1" 200 - 4 0.002 0.007
2026-10-08 06:52:49,537 54 INFO bench werkzeug: 127.0.0.1 - - [08/Oct/2026 06:52:49] "POST /json/2/res.partner/search HTTP/1.1" 200 - 4 0.002 0.006
2026-10-08 06:52:49,559 54 INFO bench werkzeug: 127.0.0.1 - - [08/Oct/2026 06:52:49] "POST /json/2/res.partner/search HTTP/1.1" 200 - 4 0.002 0.006
2026-10-08 06:52:49,588 54 INFO bench werkzeug: 127.0.0.1 - - [08/Oct/2026 06:52:49] "POST /json/2/res.partner/search HTTP/1.1" 200 - 4 0.002 0.006
2026-10-08 06:52:49,609 54 INFO bench werkzeug: 127.0.0.1 - - [08/Oct/2026 06:52:49] "POST /json/2/res.partner/search HTTP/1.1" 200 - 4 0.002 0.006
2026-10-08 06:52:49,632 54 INFO bench werkzeug: 127.0.0.1 - - [08/Oct/2026 06:52:49] "POST /json/2/res.partner/search HTTP/1.1" 200 - 4 0.003 0.006
2026-10-08 06:52:49,655 54 INFO bench werkzeug: 127.0.0.1 - - [08/Oct/2026 06:52:49] "POST /json/2/res.partner/search HTTP/1.1" 200 - 4 0.002 0.006
2026-10-08 06:52:49,677 54 INFO bench werkzeug: 127.0.0.1 - - [08/Oct/2026 06:52:49] "POST /json/2/res.partner/search HTTP/1.1" 200 - 4 0.002 0.007
2026-10-08 06:52:49,697 54 INFO bench werkzeug: 127.0.0.1 - - [08/Oct/2026 06:52:49] "POST /json/2/res.partner/search HTTP/1.1" 200 - 4 0.002 0.006
2026-10-08 06:52:49,718 54 INFO bench werkzeug: 127.0.0.1 - - [08/Oct/2026 06:52:49] "POST /json/2/res.partner/search HTTP/1.1" 200 - 4 0.002 0.006
2026-10-08 06:52:49,740 54 INFO bench werkzeug: 127.0.0.1 - - [08/Oct/2026 06:52:49] "POST /json/2/res.partner/search HTTP/1.1" 200 - 4 0.002 0.006
2026-10-08 06:52:49,760 54 INFO bench werkzeug: 127.0.0.1 - - [08/Oct/2026 06:52:49] "POST /json/2/res.partner/search HTTP/1.1" 200 - 4 0.002 0.006
2026-10-08 06:52:49,783 54 INFO bench werkzeug: 127.0.0.1 - - [08/Oct/2026 06:52:49] "POST /json/2/res.partner/search HTTP/1.1" 200 - 4 0.003 0.006
2026-10-08 06:52:49,804 54 INFO bench werkzeug: 127.0.0.1 - - [08/Oct/2026 06:52:49] "POST /json/2/res.partner/search HTTP/1.1" 200 - 4 0.002 0.006
2026-10-08 06:52:49,827 54 INFO bench werkzeug: 127.0.0.1 - - [08/Oct/2026 06:52:49] "POST /json/2/res.partner/search HTTP/1.1" 200 - 4 0.002 0.006
2026-10-08 06:52:49,847 54 INFO bench werkzeug: 127.0.0.1 - - [08/Oct/2026 06:52:49] "POST /json/2/res.partner/search HTTP/1.1" 200 - 4 0.002 0.006
2026-10-08 06:52:49,878 54 INFO bench werkzeug: 127.0.0.1 - - [08/Oct/2026 06:52:49] "POST /json/2/res.partner/search HTTP/1.1" 200 - 4 0.002 0.006
2026-10-08 06:52:49,900 54 INFO bench werkzeug: 127.0.0.1 - - [08/Oct/2026 06:52:49] "POST /json/2/res.partner/search HTTP/1.1" 200 - 4 0.002 0.006
2026-10-08 06:52:49,921 54 INFO bench werkzeug: 127.0.0.1 - - [08/Oct/2026 06:52:49] "POST /json/2/res.partner/search HTTP/1.1" 200 - 4 0.002 0.006
2026-10-08 06:52:49,942 54 INFO bench werkzeug: 127.0.0.1 - - [08/Oct/2026 06:52:49] "POST /json/2/res.partner/search HTTP/1.1" 200 - 4 0.002 0.006
2026-10-08 06:52:49,964 54 INFO bench werkzeug: 127.0.0.1 - - [08/Oct/2026 06:52:49] "POST /json/2/res.partner/search HTTP/1.1" 200 - 4 0.002 0.006
2026-10-08 06:52:49,985 54 INFO bench werkzeug: 127.0.0.1 - - [08/Oct/2026 06:52:49] "POST /json/2/res.partner/search HTTP/1.1" 200 - 4 0.002 0.006
2026-10-08 06:52:50,006 54 INFO bench werkzeug: 127.0.0.1 - - [08/Oct/2026 06:52:50] "POST /json/2/res.partner/search HTTP/1.1" 200 - 4 0.002 0.006
2026-10-08 06:52:50,028 54 INFO bench werkzeug: 127.0.0.1 - - [08/Oct/2026 06:52:50] "POST /json/2/res.partner/search HTTP/1.1" 200 - 4 0.002 0.006
2026-10-08 06:52:50,050 54 INFO bench werkzeug: 127.0.0.1 - - [08/Oct/2026 06:52:50] "POST /json/2/res.partner/search HTTP/1.1" 200 - 4 0.002 0.006
2026-10-08 06:52:50,070 54 INFO bench werkzeug: 127.0.0.1 - - [08/Oct/2026 06:52:50] "POST /json/2/res.partner/search HTTP/1.1" 200 - 4 0.002 0.005
2026-10-08 06:52:50,091 54 INFO bench werkzeug: 127.0.0.1 - - [08/Oct/2026 06:52:50] "POST /json/2/res.partner/search HTTP/1.1" 200 - 4 0.002 0.006
2026-10-08 06:52:50,111 54 INFO bench werkzeug: 127.0.0.1 - - [08/Oct/2026 06:52:50] "POST /json/2/res.partner/search HTTP/1.1" 200 - 4 0.002 0.006
2026-10-08 06:52:50,133 54 INFO bench werkzeug: 127.0.0.1 - - [08/Oct/2026 06:52:50] "POST /json/2/res.partner/search HTTP/1.1" 200 - 4 0.002 0.006
2026-10-08 06:52:50,161 54 INFO bench werkzeug: 127.0.0.1 - - [08/Oct/2026 06:52:50] "POST /json/2/res.partner/search HTTP/1.1" 200 - 4 0.002 0.006
2026-10-08 06:52:50,182 54 INFO bench werkzeug: 127.0.0.1 - - [08/Oct/2026 06:52:50] "POST /json/2/res.partner/search HTTP/1.1" 200 - 4 0.002 0.006
2026-10-08 06:52:50,206 54 INFO bench werkzeug: 127.0.0.1 - - [08/Oct/2026 06:52:50] "POST /json/2/res.partner/search HTTP/1.1" 200 - 4 0.002 0.006
2026-10-08 06:52:50,227 54 INFO bench werkzeug: 127.0.0.1 - - [08/Oct/2026 06:52:50] "POST /json/2/res.partner/search HTTP/1.1" 200 - 4 0.002 0.006
2026-10-08 06:52:50,248 54 INFO bench werkzeug: 127.0.0.1 - - [08/Oct/2026 06:52:50] "POST /json/2/res.partner/search HTTP/1.1" 200 - 4 0.002 0.006
2026-10-08 06:52:50,269 54 INFO bench werkzeug: 127.0.0.1 - - [08/Oct/2026 06:52:50] "POST /json/2/res.partner/search HTTP/1.1" 200 - 4 0.002 0.006
2026-10-08 06:52:50,291 54 INFO bench werkzeug: 127.0.0.1 - - [08/Oct/2026 06:52:50] "POST /json/2/res.partner/search HTTP/1.1" 200 - 4 0.002 0.006
2026-10-08 06:52:50,311 54 INFO bench werkzeug: 127.0.0.1 - - [08/Oct/2026 06:52:50] "POST /json/2/res.partner/search HTTP/1.1" 200 - 4 0.002 0.006
2026-10-08 06:52:50,333 54 INFO bench werkzeug: 127.0.0.1 - - [08/Oct/2026 06:52:50] "POST /json/2/res.partner/search HTTP/1.1" 200 - 4 0.002 0.006
2026-10-08 06:52:50,356 54 INFO bench werkzeug: 127.0.0.1 - - [08/Oct/2026 06:52:50] "POST /json/2/res.partner/search HTTP/1.1" 200 - 4 0.002 0.006
2026-10-08 06:52:50,376 54 INFO bench werkzeug: 127.0.0.1 - - [08/Oct/2026 06:52:50] "POST /json/2/res.partner/search HTTP/1.1" 200 - 4 0.002 0.006
2026-10-08 06:52:50,396 54 INFO bench werkzeug: 127.0.0.1 - - [08/Oct/2026 06:52:50] "POST /json/2/res.partner/search HTTP/1.1" 200 - 4 0.002 0.006
2026-10-08 06:52:50,419 54 INFO bench werkzeug: 127.0.0.1 - - [08/Oct/2026 06:52:50] "POST /json/2/res.partner/search HTTP/1.1" 200 - 4 0.002 0.006
2026-10-08 06:52:50,448 54 INFO bench werkzeug: 127.0.0.1 - - [08/Oct/2026 06:52:50] "POST /json/2/res.partner/search HTTP/1.1" 200 - 4 0.002 0.006
2026-10-08 06:52:50,469 54 INFO bench werkzeug: 127.0.0.1 - - [08/Oct/2026 06:52:50] "POST /json/2/res.partner/search HTTP/1.1" 200 - 4 0.002 0.006
2026-10-08 06:52:50,491 54 INFO bench werkzeug: 127.0.0.1 - - [08/Oct/2026 06:52:50] "POST /json/2/res.partner/search HTTP/1.1" 200 - 4 0.002 0.006
2026-10-08 06:52:50,512 54 INFO bench werkzeug: 127.0.0.1 - - [08/Oct/2026 06:52:50] "POST /json/2/res.partner/search HTTP/1.1" 200 - 4 0.002 0.006
2026-10-08 06:52:50,533 54 INFO bench werkzeug: 127.0.0.1 - - [08/Oct/2026 06:52:50] "POST /json/2/res.partner/search HTTP/1.1" 200 - 4 0.002 0.006
2026-10-08 06:52:50,553 54 INFO bench werkzeug: 127.0.0.1 - - [08/Oct/2026 06:52:50] "POST /json/2/res.partner/search HTTP/1.1" 200 - 4 0.002 0.006
2026-10-08 06:52:50,574 54 INFO bench werkzeug: 127.0.0.1 - - [08/Oct/2026 06:52:50] "POST /json/2/res.partner/search HTTP/1.1" 200 - 4 0.002 0.006
2026-10-08 06:52:50,599 54 INFO bench werkzeug: 127.0.0.1 - - [08/Oct/2026 06:52:50] "POST /json/2/product.product/search HTTP/1.1" 200 - 10 0.004 0.008
2026-10-08 06:52:50,621 54 INFO bench werkzeug: 127.0.0.1 - - [08/Oct/2026 06:52:50] "POST /json/2/product.product/search HTTP/1.1" 200 - 4 0.002 0.006
2026-10-08 06:52:50,642 54 INFO bench werkzeug: 127.0.0.1 - - [08/Oct/2026 06:52:50] "POST /json/2/product.product/search HTTP/1.1" 200 - 4 0.002 0.006
2026-10-08 06:52:50,663 54 INFO bench werkzeug: 127.0.0.1 - - [08/Oct/2026 06:52:50] "POST /json/2/product.product/search HTTP/1.1" 200 - 4 0.002 0.006
2026-10-08 06:52:50,684 54 INFO bench werkzeug: 127.0.0.1 - - [08/Oct/2026 06:52:50] "POST /json/2/product.product/search HTTP/1.1" 200 - 4 0.002 0.006
2026-10-08 06:52:50,713 54 INFO bench werkzeug: 127.0.0.1 - - [08/Oct/2026 06:52:50] "POST /json/2/product.product/search HTTP/1.1" 200 - 4 0.002 0.010
2026-10-08 06:52:50,734 54 INFO bench werkzeug: 127.0.0.1 - - [08/Oct/2026 06:52:50] "POST /json/2/product.product/search HTTP/1.1" 200 - 4 0.002 0.006
2026-10-08 06:52:50,755 54 INFO bench werkzeug: 127.0.0.1 - - [08/Oct/2026 06:52:50] "POST /json/2/product.product/search HTTP/1.1" 200 - 4 0.002 0.006
2026-10-08 06:52:50,776 54 INFO bench werkzeug: 127.0.0.1 - - [08/Oct/2026 06:52:50] "POST /json/2/product.product/search HTTP/1.1" 200 - 4 0.002 0.006
2026-10-08 06:52:50,797 54 INFO bench werkzeug: 127.0.0.1 - - [08/Oct/2026 06:52:50] "POST /json/2/product.product/search HTTP/1.1" 200 - 4 0.002 0.006
2026-10-08 06:52:50,818 54 INFO bench werkzeug: 127.0.0.1 - - [08/Oct/2026 06:52:50] "POST /json/2/product.product/search HTTP/1.1" 200 - 4 0.002 0.006
2026-10-08 06:52:50,840 54 INFO bench werkzeug: 127.0.0.1 - - [08/Oct/2026 06:52:50] "POST /json/2/product.product/search HTTP/1.1" 200 - 4 0.002 0.006
2026-10-08 06:52:50,860 54 INFO bench werkzeug: 127.0.0.1 - - [08/Oct/2026 06:52:50] "POST /json/2/product.product/search HTTP/1.1" 200 - 4 0.002 0.005
2026-10-08 06:52:50,881 54 INFO bench werkzeug: 127.0.0.1 - - [08/Oct/2026 06:52:50] "POST /json/2/product.product/search HTTP/1.1" 200 - 4 0.002 0.006
2026-10-08 06:52:50,902 54 INFO bench werkzeug: 127.0.0.1 - - [08/Oct/2026 06:52:50] "POST /json/2/product.product/search HTTP/1.1" 200 - 4 0.002 0.006
2026-10-08 06:52:50,921 54 INFO bench werkzeug: 127.0.0.1 - - [08/Oct/2026 06:52:50] "POST /json/2/product.product/search HTTP/1.1" 200 - 4 0.002 0.006
2026-10-08 06:52:50,942 54 INFO bench werkzeug: 127.0.0.1 - - [08/Oct/2026 06:52:50] "POST /json/2/product.product/search HTTP/1.1" 200 - 4 0.002 0.006
2026-10-08 06:52:50,964 54 INFO bench werkzeug: 127.0.0.1 - - [08/Oct/2026 06:52:50] "POST /json/2/product.product/search HTTP/1.1" 200 - 4 0.003 0.006
2026-10-08 06:52:50,992 54 INFO bench werkzeug: 127.0.0.1 - - [08/Oct/2026 06:52:50] "POST /json/2/product.product/search HTTP/1.1" 200 - 4 0.002 0.006
2026-10-08 06:52:51,012 54 INFO bench werkzeug: 127.0.0.1 - - [08/Oct/2026 06:52:51] "POST /json/2/product.product/search HTTP/1.1" 200 - 4 0.002 0.006
2026-10-08 06:52:51,032 54 INFO bench werkzeug: 127.0.0.1 - - [08/Oct/2026 06:52:51] "POST /json/2/product.product/search HTTP/1.1" 200 - 4 0.002 0.006
2026-10-08 06:52:51,054 54 INFO bench werkzeug: 127.0.0.1 - - [08/Oct/2026 06:52:51] "POST /json/2/product.product/search HTTP/1.1" 200 - 4 0.002 0.006
2026-10-08 06:52:51,074 54 INFO bench werkzeug: 127.0.0.1 - - [08/Oct/2026 06:52:51] "POST /json/2/product.product/search HTTP/1.1" 200 - 4 0.002 0.006
2026-10-08 06:52:51,096 54 INFO bench werkzeug: 127.0.0.1 - - [08/Oct/2026 06:52:51] "POST /json/2/product.product/search HTTP/1.1" 200 - 4 0.003 0.006
2026-10-08 06:52:51,117 54 INFO bench werkzeug: 127.0.0.1 - - [08/Oct/2026 06:52:51] "POST /json/2/product.product/search HTTP/1.1" 200 - 4 0.002 0.006
2026-10-08 06:52:51,138 54 INFO bench werkzeug: 127.0.0.1 - - [08/Oct/2026 06:52:51] "POST /json/2/product.product/search HTTP/1.1" 200 - 4 0.002 0.006
2026-10-08 06:52:51,158 54 INFO bench werkzeug: 127.0.0.1 - - [08/Oct/2026 06:52:51] "POST /json/2/product.product/search HTTP/1.1" 200 - 4 0.002 0.006
2026-10-08 06:52:51,179 54 INFO bench werkzeug: 127.0.0.1 - - [08/Oct/2026 06:52:51] "POST /json/2/product.product/search HTTP/1.1" 200 - 4 0.002 0.006
2026-10-08 06:52:51,201 54 INFO bench werkzeug: 127.0.0.1 - - [08/Oct/2026 06:52:51] "POST /json/2/product.product/search HTTP/1.1" 200 - 4 0.002 0.006
2026-10-08 06:52:51,222 54 INFO bench werkzeug: 127.0.0.1 - - [08/Oct/2026 06:52:51] "POST /json/2/product.product/search HTTP/1.1" 200 - 4 0.002 0.006
2026-10-08 06:52:51,243 54 INFO bench werkzeug: 127.0.0.1 - - [08/Oct/2026 06:52:51] "POST /json/2/product.product/search HTTP/1.1" 200 - 4 0.002 0.006
2026-10-08 06:52:51,263 54 INFO bench werkzeug: 127.0.0.1 - - [08/Oct/2026 06:52:51] "POST /json/2/product.product/search HTTP/1.1" 200 - 4 0.002 0.006
2026-10-08 06:52:51,293 54 INFO bench werkzeug: 127.0.0.1 - - [08/Oct/2026 06:52:51] "POST /json/2/product.product/search HTTP/1.1" 200 - 4 0.002 0.006
2026-10-08 06:52:51,314 54 INFO bench werkzeug: 127.0.0.1 - - [08/Oct/2026 06:52:51] "POST /json/2/product.product/search HTTP/1.1" 200 - 4 0.002 0.006
2026-10-08 06:52:51,334 54 INFO bench werkzeug: 127.0.0.1 - - [08/Oct/2026 06:52:51] "POST /json/2/product.product/search HTTP/1.1" 200 - 4 0.002 0.006
2026-10-08 06:52:51,354 54 INFO bench werkzeug: 127.0.0.1 - - [08/Oct/2026 06:52:51] "POST /json/2/product.product/search HTTP/1.1" 200 - 4 0.002 0.006
2026-10-08 06:52:51,375 54 INFO bench werkzeug: 127.0.0.1 - - [08/Oct/2026 06:52:51] "POST /json/2/product.product/search HTTP/1.1" 200 - 4 0.002 0.006
2026-10-08 06:52:51,397 54 INFO bench werkzeug: 127.0.0.1 - - [08/Oct/2026 06:52:51] "POST /json/2/product.product/search HTTP/1.1" 200 - 4 0.002 0.006
2026-10-08 06:52:51,418 54 INFO bench werkzeug: 127.0.0.1 - - [08/Oct/2026 06:52:51] "POST /json/2/product.product/search HTTP/1.1" 200 - 4 0.002 0.006
2026-10-08 06:52:51,440 54 INFO bench werkzeug: 127.0.0.1 - - [08/Oct/2026 06:52:51] "POST /json/2/product.product/search HTTP/1.1" 200 - 4 0.002 0.006
2026-10-08 06:52:51,461 54 INFO bench werkzeug: 127.0.0.1 - - [08/Oct/2026 06:52:51] "POST /json/2/product.product/search HTTP/1.1" 200 - 4 0.002 0.006
2026-10-08 06:52:51,482 54 INFO bench werkzeug: 127.0.0.1 - - [08/Oct/2026 06:52:51] "POST /json/2/product.product/search HTTP/1.1" 200 - 4 0.002 0.006
2026-10-08 06:52:51,504 54 INFO bench werkzeug: 127.0.0.1 - - [08/Oct/2026 06:52:51] "POST /json/2/product.product/search HTTP/1.1" 200 - 4 0.002 0.006
2026-10-08 06:52:51,527 54 INFO bench werkzeug: 127.0.0.1 - - [08/Oct/2026 06:52:51] "POST /json/2/product.product/search HTTP/1.1" 200 - 4 0.002 0.007
2026-10-08 06:52:51,548 54 INFO bench werkzeug: 127.0.0.1 - - [08/Oct/2026 06:52:51] "POST /json/2/product.product/search HTTP/1.1" 200 - 4 0.002 0.006
2026-10-08 06:52:51,577 54 INFO bench werkzeug: 127.0.0.1 - - [08/Oct/2026 06:52:51] "POST /json/2/product.product/search HTTP/1.1" 200 - 4 0.002 0.006
2026-10-08 06:52:51,598 54 INFO bench werkzeug: 127.0.0.1 - - [08/Oct/2026 06:52:51] "POST /json/2/product.product/search HTTP/1.1" 200 - 4 0.002 0.006
2026-10-08 06:52:51,619 54 INFO bench werkzeug: 127.0.0.1 - - [08/Oct/2026 06:52:51] "POST /json/2/product.product/search HTTP/1.1" 200 - 4 0.002 0.006
2026-10-08 06:52:51,640 54 INFO bench werkzeug: 127.0.0.1 - - [08/Oct/2026 06:52:51] "POST /json/2/product.product/search HTTP/1.1" 200 - 4 0.002 0.005
2026-10-08 06:52:51,661 54 INFO bench werkzeug: 127.0.0.1 - - [08/Oct/2026 06:52:51] "POST /json/2/product.product/search HTTP/1.1" 200 - 4 0.002 0.006
2026-10-08 06:52:51,683 54 INFO bench werkzeug: 127.0.0.1 - - [08/Oct/2026 06:52:51] "POST /json/2/product.product/search HTTP/1.1" 200 - 4 0.002 0.006
2026-10-08 06:52:51,704 54 INFO bench werkzeug: 127.0.0.1 - - [08/Oct/2026 06:52:51] "POST /json/2/product.product/search HTTP/1.1" 200 - 4 0.002 0.006
2026-10-08 06:52:51,727 54 INFO bench werkzeug: 127.0.0.1 - - [08/Oct/2026 06:52:51] "POST /json/2/product.product/search HTTP/1.1" 200 - 4 0.003 0.006
2026-10-08 06:52:51,748 54 INFO bench werkzeug: 127.0.0.1 - - [08/Oct/2026 06:52:51] "POST /json/2/product.product/search HTTP/1.1" 200 - 4 0.002 0.006
2026-10-08 06:52:51,768 54 INFO bench werkzeug: 127.0.0.1 - - [08/Oct/2026 06:52:51] "POST /json/2/product.product/search HTTP/1.1" 200 - 4 0.002 0.006
2026-10-08 06:52:51,790 54 INFO bench werkzeug: 127.0.0.1 - - [08/Oct/2026 06:52:51] "POST /json/2/product.product/search HTTP/1.1" 200 - 4 0.002 0.006
2026-10-08 06:52:51,815 54 INFO bench werkzeug: 127.0.0.1 - - [08/Oct/2026 06:52:51] "POST /json/2/mrp.bom/search HTTP/1.1" 200 - 9 0.003 0.008
2026-10-08 06:52:51,849 54 INFO bench werkzeug: 127.0.0.1 - - [08/Oct/2026 06:52:51] "POST /json/2/mrp.bom/search HTTP/1.1" 200 - 4 0.002 0.006
2026-10-08 06:52:51,869 54 INFO bench werkzeug: 127.0.0.1 - - [08/Oct/2026 06:52:51] "POST /json/2/mrp.bom/search HTTP/1.1" 200 - 4 0.002 0.006
2026-10-08 06:52:51,891 54 INFO bench werkzeug: 127.0.0.1 - - [08/Oct/2026 06:52:51] "POST /json/2/mrp.bom/search HTTP/1.1" 200 - 4 0.002 0.007
2026-10-08 06:52:51,913 54 INFO bench werkzeug: 127.0.0.1 - - [08/Oct/2026 06:52:51] "POST /json/2/mrp.bom/search HTTP/1.1" 200 - 4 0.002 0.007
2026-10-08 06:52:51,938 54 INFO bench werkzeug: 127.0.0.1 - - [08/Oct/2026 06:52:51] "POST /json/2/mrp.bom/search HTTP/1.1" 200 - 4 0.002 0.007
2026-10-08 06:52:51,960 54 INFO bench werkzeug: 127.0.0.1 - - [08/Oct/2026 06:52:51] "POST /json/2/mrp.bom/search HTTP/1.1" 200 - 4 0.002 0.006
2026-10-08 06:52:51,980 54 INFO bench werkzeug: 127.0.0.1 - - [08/Oct/2026 06:52:51] "POST /json/2/mrp.bom/search HTTP/1.1" 200 - 4 0.002 0.006
2026-10-08 06:52:52,001 54 INFO bench werkzeug: 127.0.0.1 - - [08/Oct/2026 06:52:52] "POST /json/2/mrp.bom/search HTTP/1.1" 200 - 4 0.002 0.006
2026-10-08 06:52:52,024 54 INFO bench werkzeug: 127.0.0.1 - - [08/Oct/2026 06:52:52] "POST /json/2/mrp.bom/search HTTP/1.1" 200 - 4 0.002 0.006
2026-10-08 06:52:52,045 54 INFO bench werkzeug: 127.0.0.1 - - [08/Oct/2026 06:52:52] "POST /json/2/mrp.bom/search HTTP/1.1" 200 - 4 0.002 0.006
2026-10-08 06:52:52,067 54 INFO bench werkzeug: 127.0.0.1 - - [08/Oct/2026 06:52:52] "POST /json/2/product.product/search HTTP/1.1" 200 - 4 0.002 0.006
2026-10-08 06:52:52,093 54 INFO bench werkzeug: 127.0.0.1 - - [08/Oct/2026 06:52:52] "POST /json/2/stock.quant/search HTTP/1.1" 200 - 9 0.003 0.007
2026-10-08 06:52:52,114 54 INFO bench werkzeug: 127.0.0.1 - - [08/Oct/2026 06:52:52] "POST /json/2/product.product/search HTTP/1.1" 200 - 4 0.002 0.006
2026-10-08 06:52:52,134 54 INFO bench werkzeug: 127.0.0.1 - - [08/Oct/2026 06:52:52] "POST /json/2/stock.quant/search HTTP/1.1" 200 - 3 0.001 0.005
2026-10-08 06:52:52,161 54 INFO bench werkzeug: 127.0.0.1 - - [08/Oct/2026 06:52:52] "POST /json/2/product.product/search HTTP/1.1" 200 - 4 0.002 0.007
2026-10-08 06:52:52,181 54 INFO bench werkzeug: 127.0.0.1 - - [08/Oct/2026 06:52:52] "POST /json/2/stock.quant/search HTTP/1.1" 200 - 3 0.002 0.005
2026-10-08 06:52:52,204 54 INFO bench werkzeug: 127.0.0.1 - - [08/Oct/2026 06:52:52] "POST /json/2/product.product/search HTTP/1.1" 200 - 4 0.002 0.007
2026-10-08 06:52:52,222 54 INFO bench werkzeug: 127.0.0.1 - - [08/Oct/2026 06:52:52] "POST /json/2/stock.quant/search HTTP/1.1" 200 - 3 0.001 0.005
2026-10-08 06:52:52,244 54 INFO bench werkzeug: 127.0.0.1 - - [08/Oct/2026 06:52:52] "POST /json/2/product.product/search HTTP/1.1" 200 - 4 0.002 0.006
2026-10-08 06:52:52,264 54 INFO bench werkzeug: 127.0.0.1 - - [08/Oct/2026 06:52:52] "POST /json/2/stock.quant/search HTTP/1.1" 200 - 3 0.001 0.005
2026-10-08 06:52:52,285 54 INFO bench werkzeug: 127.0.0.1 - - [08/Oct/2026 06:52:52] "POST /json/2/product.product/search HTTP/1.1" 200 - 4 0.002 0.006
2026-10-08 06:52:52,304 54 INFO bench werkzeug: 127.0.0.1 - - [08/Oct/2026 06:52:52] "POST /json/2/stock.quant/search HTTP/1.1" 200 - 3 0.002 0.005
2026-10-08 06:52:52,324 54 INFO bench werkzeug: 127.0.0.1 - - [08/Oct/2026 06:52:52] "POST /json/2/product.product/search HTTP/1.1" 200 - 4 0.002 0.006
2026-10-08 06:52:52,344 54 INFO bench werkzeug: 127.0.0.1 - - [08/Oct/2026 06:52:52] "POST /json/2/stock.quant/search HTTP/1.1" 200 - 3 0.001 0.005
2026-10-08 06:52:52,365 54 INFO bench werkzeug: 127.0.0.1 - - [08/Oct/2026 06:52:52] "POST /json/2/product.product/search HTTP/1.1" 200 - 4 0.002 0.006
2026-10-08 06:52:52,384 54 INFO bench werkzeug: 127.0.0.1 - - [08/Oct/2026 06:52:52] "POST /json/2/stock.quant/search HTTP/1.1" 200 - 3 0.002 0.005
2026-10-08 06:52:52,405 54 INFO bench werkzeug: 127.0.0.1 - - [08/Oct/2026 06:52:52] "POST /json/2/product.product/search HTTP/1.1" 200 - 4 0.002 0.006
2026-10-08 06:52:52,430 54 INFO bench werkzeug: 127.0.0.1 - - [08/Oct/2026 06:52:52] "POST /json/2/stock.quant/search HTTP/1.1" 200 - 3 0.001 0.005
2026-10-08 06:52:52,451 54 INFO bench werkzeug: 127.0.0.1 - - [08/Oct/2026 06:52:52] "POST /json/2/product.product/search HTTP/1.1" 200 - 4 0.003 0.006
2026-10-08 06:52:52,472 54 INFO bench werkzeug: 127.0.0.1 - - [08/Oct/2026 06:52:52] "POST /json/2/stock.quant/search HTTP/1.1" 200 - 3 0.001 0.005
2026-10-08 06:52:52,493 54 INFO bench werkzeug: 127.0.0.1 - - [08/Oct/2026 06:52:52] "POST /json/2/product.product/search HTTP/1.1" 200 - 4 0.002 0.006
2026-10-08 06:52:52,512 54 INFO bench werkzeug: 127.0.0.1 - - [08/Oct/2026 06:52:52] "POST /json/2/stock.quant/search HTTP/1.1" 200 - 3 0.001 0.005
2026-10-08 06:52:52,533 54 INFO bench werkzeug: 127.0.0.1 - - [08/Oct/2026 06:52:52] "POST /json/2/product.product/search HTTP/1.1" 200 - 4 0.002 0.006
2026-10-08 06:52:52,552 54 INFO bench werkzeug: 127.0.0.1 - - [08/Oct/2026 06:52:52] "POST /json/2/stock.quant/search HTTP/1.1" 200 - 3 0.001 0.005
2026-10-08 06:52:52,574 54 INFO bench werkzeug: 127.0.0.1 - - [08/Oct/2026 06:52:52] "POST /json/2/product.product/search HTTP/1.1" 200 - 4 0.002 0.006
2026-10-08 06:52:52,593 54 INFO bench werkzeug: 127.0.0.1 - - [08/Oct/2026 06:52:52] "POST /json/2/stock.quant/search HTTP/1.1" 200 - 3 0.001 0.004
2026-10-08 06:52:52,614 54 INFO bench werkzeug: 127.0.0.1 - - [08/Oct/2026 06:52:52] "POST /json/2/product.product/search HTTP/1.1" 200 - 4 0.002 0.005
2026-10-08 06:52:52,635 54 INFO bench werkzeug: 127.0.0.1 - - [08/Oct/2026 06:52:52] "POST /json/2/stock.quant/search HTTP/1.1" 200 - 3 0.002 0.005
2026-10-08 06:52:52,656 54 INFO bench werkzeug: 127.0.0.1 - - [08/Oct/2026 06:52:52] "POST /json/2/product.product/search HTTP/1.1" 200 - 4 0.002 0.006
2026-10-08 06:52:52,676 54 INFO bench werkzeug: 127.0.0.1 - - [08/Oct/2026 06:52:52] "POST /json/2/stock.quant/search HTTP/1.1" 200 - 3 0.001 0.005
2026-10-08 06:52:52,704 54 INFO bench werkzeug: 127.0.0.1 - - [08/Oct/2026 06:52:52] "POST /json/2/product.product/search HTTP/1.1" 200 - 4 0.002 0.007
2026-10-08 06:52:52,724 54 INFO bench werkzeug: 127.0.0.1 - - [08/Oct/2026 06:52:52] "POST /json/2/stock.quant/search HTTP/1.1" 200 - 3 0.002 0.005
2026-10-08 06:52:52,745 54 INFO bench werkzeug: 127.0.0.1 - - [08/Oct/2026 06:52:52] "POST /json/2/product.product/search HTTP/1.1" 200 - 4 0.002 0.006
2026-10-08 06:52:52,764 54 INFO bench werkzeug: 127.0.0.1 - - [08/Oct/2026 06:52:52] "POST /json/2/stock.quant/search HTTP/1.1" 200 - 3 0.001 0.005
2026-10-08 06:52:52,785 54 INFO bench werkzeug: 127.0.0.1 - - [08/Oct/2026 06:52:52] "POST /json/2/product.product/search HTTP/1.1" 200 - 4 0.002 0.006
2026-10-08 06:52:52,803 54 INFO bench werkzeug: 127.0.0.1 - - [08/Oct/2026 06:52:52] "POST /json/2/stock.quant/search HTTP/1.1" 200 - 3 0.001 0.005
2026-10-08 06:52:52,824 54 INFO bench werkzeug: 127.0.0.1 - - [08/Oct/2026 06:52:52] "POST /json/2/product.product/search HTTP/1.1" 200 - 4 0.002 0.006
2026-10-08 06:52:52,843 54 INFO bench werkzeug: 127.0.0.1 - - [08/Oct/2026 06:52:52] "POST /json/2/stock.quant/search HTTP/1.1" 200 - 3 0.001 0.005
2026-10-08 06:52:52,865 54 INFO bench werkzeug: 127.0.0.1 - - [08/Oct/2026 06:52:52] "POST /json/2/product.product/search HTTP/1.1" 200 - 4 0.002 0.006
2026-10-08 06:52:52,885 54 INFO bench werkzeug: 127.0.0.1 - - [08/Oct/2026 06:52:52] "POST /json/2/stock.quant/search HTTP/1.1" 200 - 3 0.001 0.005
2026-10-08 06:52:52,906 54 INFO bench werkzeug: 127.0.0.1 - - [08/Oct/2026 06:52:52] "POST /json/2/product.product/search HTTP/1.1" 200 - 4 0.002 0.006
2026-10-08 06:52:52,925 54 INFO bench werkzeug: 127.0.0.1 - - [08/Oct/2026 06:52:52] "POST /json/2/stock.quant/search HTTP/1.1" 200 - 3 0.001 0.005
2026-10-08 06:52:52,945 54 INFO bench werkzeug: 127.0.0.1 - - [08/Oct/2026 06:52:52] "POST /json/2/product.product/search HTTP/1.1" 200 - 4 0.002 0.006
2026-10-08 06:52:52,971 54 INFO bench werkzeug: 127.0.0.1 - - [08/Oct/2026 06:52:52] "POST /json/2/stock.quant/search HTTP/1.1" 200 - 3 0.001 0.005
2026-10-08 06:52:52,991 54 INFO bench werkzeug: 127.0.0.1 - - [08/Oct/2026 06:52:52] "POST /json/2/product.product/search HTTP/1.1" 200 - 4 0.002 0.006
2026-10-08 06:52:53,010 54 INFO bench werkzeug: 127.0.0.1 - - [08/Oct/2026 06:52:53] "POST /json/2/stock.quant/search HTTP/1.1" 200 - 3 0.001 0.005
2026-10-08 06:52:53,031 54 INFO bench werkzeug: 127.0.0.1 - - [08/Oct/2026 06:52:53] "POST /json/2/product.product/search HTTP/1.1" 200 - 4 0.002 0.006
2026-10-08 06:52:53,050 54 INFO bench werkzeug: 127.0.0.1 - - [08/Oct/2026 06:52:53] "POST /json/2/stock.quant/search HTTP/1.1" 200 - 3 0.001 0.005
2026-10-08 06:52:53,070 54 INFO bench werkzeug: 127.0.0.1 - - [08/Oct/2026 06:52:53] "POST /json/2/product.product/search HTTP/1.1" 200 - 4 0.002 0.006
2026-10-08 06:52:53,089 54 INFO bench werkzeug: 127.0.0.1 - - [08/Oct/2026 06:52:53] "POST /json/2/stock.quant/search HTTP/1.1" 200 - 3 0.001 0.005
2026-10-08 06:52:53,110 54 INFO bench werkzeug: 127.0.0.1 - - [08/Oct/2026 06:52:53] "POST /json/2/product.product/search HTTP/1.1" 200 - 4 0.002 0.006
2026-10-08 06:52:53,128 54 INFO bench werkzeug: 127.0.0.1 - - [08/Oct/2026 06:52:53] "POST /json/2/stock.quant/search HTTP/1.1" 200 - 3 0.001 0.005
2026-10-08 06:52:53,148 54 INFO bench werkzeug: 127.0.0.1 - - [08/Oct/2026 06:52:53] "POST /json/2/product.product/search HTTP/1.1" 200 - 4 0.002 0.006
2026-10-08 06:52:53,169 54 INFO bench werkzeug: 127.0.0.1 - - [08/Oct/2026 06:52:53] "POST /json/2/stock.quant/search HTTP/1.1" 200 - 3 0.002 0.005
2026-10-08 06:52:53,190 54 INFO bench werkzeug: 127.0.0.1 - - [08/Oct/2026 06:52:53] "POST /json/2/product.product/search HTTP/1.1" 200 - 4 0.002 0.006
2026-10-08 06:52:53,209 54 INFO bench werkzeug: 127.0.0.1 - - [08/Oct/2026 06:52:53] "POST /json/2/stock.quant/search HTTP/1.1" 200 - 3 0.001 0.005
2026-10-08 06:52:53,236 54 INFO bench werkzeug: 127.0.0.1 - - [08/Oct/2026 06:52:53] "POST /json/2/product.product/search HTTP/1.1" 200 - 4 0.002 0.006
2026-10-08 06:52:53,256 54 INFO bench werkzeug: 127.0.0.1 - - [08/Oct/2026 06:52:53] "POST /json/2/stock.quant/search HTTP/1.1" 200 - 3 0.001 0.005
2026-10-08 06:52:53,276 54 INFO bench werkzeug: 127.0.0.1 - - [08/Oct/2026 06:52:53] "POST /json/2/product.product/search HTTP/1.1" 200 - 4 0.002 0.006
2026-10-08 06:52:53,295 54 INFO bench werkzeug: 127.0.0.1 - - [08/Oct/2026 06:52:53] "POST /json/2/stock.quant/search HTTP/1.1" 200 - 3 0.001 0.004
2026-10-08 06:52:53,316 54 INFO bench werkzeug: 127.0.0.1 - - [08/Oct/2026 06:52:53] "POST /json/2/product.product/search HTTP/1.1" 200 - 4 0.002 0.006
2026-10-08 06:52:53,335 54 INFO bench werkzeug: 127.0.0.1 - - [08/Oct/2026 06:52:53] "POST /json/2/stock.quant/search HTTP/1.1" 200 - 3 0.001 0.005
2026-10-08 06:52:53,357 54 INFO bench werkzeug: 127.0.0.1 - - [08/Oct/2026 06:52:53] "POST /json/2/product.product/search HTTP/1.1" 200 - 4 0.002 0.006
2026-10-08 06:52:53,376 54 INFO bench werkzeug: 127.0.0.1 - - [08/Oct/2026 06:52:53] "POST /json/2/stock.quant/search HTTP/1.1" 200 - 3 0.001 0.005
2026-10-08 06:52:53,397 54 INFO bench werkzeug: 127.0.0.1 - - [08/Oct/2026 06:52:53] "POST /json/2/product.product/search HTTP/1.1" 200 - 4 0.002 0.006
2026-10-08 06:52:53,416 54 INFO bench werkzeug: 127.0.0.1 - - [08/Oct/2026 06:52:53] "POST /json/2/stock.quant/search HTTP/1.1" 200 - 3 0.001 0.005
2026-10-08 06:52:53,437 54 INFO bench werkzeug: 127.0.0.1 - - [08/Oct/2026 06:52:53] "POST /json/2/product.product/search HTTP/1.1" 200 - 4 0.002 0.006
2026-10-08 06:52:53,456 54 INFO bench werkzeug: 127.0.0.1 - - [08/Oct/2026 06:52:53] "POST /json/2/stock.quant/search HTTP/1.1" 200 - 3 0.001 0.005
2026-10-08 06:52:53,477 54 INFO bench werkzeug: 127.0.0.1 - - [08/Oct/2026 06:52:53] "POST /json/2/product.product/search HTTP/1.1" 200 - 4 0.002 0.006
2026-10-08 06:52:53,504 54 INFO bench werkzeug: 127.0.0.1 - - [08/Oct/2026 06:52:53] "POST /json/2/stock.quant/search HTTP/1.1" 200 - 3 0.002 0.005
2026-10-08 06:52:53,525 54 INFO bench werkzeug: 127.0.0.1 - - [08/Oct/2026 06:52:53] "POST /json/2/product.product/search HTTP/1.1" 200 - 4 0.002 0.006
2026-10-08 06:52:53,544 54 INFO bench werkzeug: 127.0.0.1 - - [08/Oct/2026 06:52:53] "POST /json/2/stock.quant/search HTTP/1.1" 200 - 3 0.001 0.005
2026-10-08 06:52:53,565 54 INFO bench werkzeug: 127.0.0.1 - - [08/Oct/2026 06:52:53] "POST /json/2/product.product/search HTTP/1.1" 200 - 4 0.002 0.006
2026-10-08 06:52:53,584 54 INFO bench werkzeug: 127.0.0.1 - - [08/Oct/2026 06:52:53] "POST /json/2/stock.quant/search HTTP/1.1" 200 - 3 0.001 0.005
2026-10-08 06:52:53,605 54 INFO bench werkzeug: 127.0.0.1 - - [08/Oct/2026 06:52:53] "POST /json/2/product.product/search HTTP/1.1" 200 - 4 0.003 0.006
2026-10-08 06:52:53,624 54 INFO bench werkzeug: 127.0.0.1 - - [08/Oct/2026 06:52:53] "POST /json/2/stock.quant/search HTTP/1.1" 200 - 3 0.001 0.005
2026-10-08 06:52:53,644 54 INFO bench werkzeug: 127.0.0.1 - - [08/Oct/2026 06:52:53] "POST /json/2/product.product/search HTTP/1.1" 200 - 4 0.002 0.006
2026-10-08 06:52:53,662 54 INFO bench werkzeug: 127.0.0.1 - - [08/Oct/2026 06:52:53] "POST /json/2/stock.quant/search HTTP/1.1" 200 - 3 0.001 0.005
2026-10-08 06:52:53,683 54 INFO bench werkzeug: 127.0.0.1 - - [08/Oct/2026 06:52:53] "POST /json/2/product.product/search HTTP/1.1" 200 - 4 0.002 0.006
2026-10-08 06:52:53,703 54 INFO bench werkzeug: 127.0.0.1 - - [08/Oct/2026 06:52:53] "POST /json/2/stock.quant/search HTTP/1.1" 200 - 3 0.001 0.005
2026-10-08 06:52:53,727 54 INFO bench werkzeug: 127.0.0.1 - - [08/Oct/2026 06:52:53] "POST /json/2/product.product/search HTTP/1.1" 200 - 4 0.002 0.009
2026-10-08 06:52:53,748 54 INFO bench werkzeug: 127.0.0.1 - - [08/Oct/2026 06:52:53] "POST /json/2/stock.quant/search HTTP/1.1" 200 - 3 0.001 0.005
2026-10-08 06:52:53,777 54 INFO bench werkzeug: 127.0.0.1 - - [08/Oct/2026 06:52:53] "POST /json/2/product.product/search HTTP/1.1" 200 - 4 0.002 0.006
2026-10-08 06:52:53,796 54 INFO bench werkzeug: 127.0.0.1 - - [08/Oct/2026 06:52:53] "POST /json/2/stock.quant/search HTTP/1.1" 200 - 3 0.001 0.005
2026-10-08 06:52:53,818 54 INFO bench werkzeug: 127.0.0.1 - - [08/Oct/2026 06:52:53] "POST /json/2/product.product/search HTTP/1.1" 200 - 4 0.002 0.007
2026-10-08 06:52:53,838 54 INFO bench werkzeug: 127.0.0.1 - - [08/Oct/2026 06:52:53] "POST /json/2/stock.quant/search HTTP/1.1" 200 - 3 0.001 0.005
2026-10-08 06:52:53,859 54 INFO bench werkzeug: 127.0.0.1 - - [08/Oct/2026 06:52:53] "POST /json/2/product.product/search HTTP/1.1" 200 - 4 0.002 0.006
2026-10-08 06:52:53,878 54 INFO bench werkzeug: 127.0.0.1 - - [08/Oct/2026 06:52:53] "POST /json/2/stock.quant/search HTTP/1.1" 200 - 3 0.002 0.005
2026-10-08 06:52:53,900 54 INFO bench werkzeug: 127.0.0.1 - - [08/Oct/2026 06:52:53] "POST /json/2/product.product/search HTTP/1.1" 200 - 4 0.002 0.006
2026-10-08 06:52:53,919 54 INFO bench werkzeug: 127.0.0.1 - - [08/Oct/2026 06:52:53] "POST /json/2/stock.quant/search HTTP/1.1" 200 - 3 0.001 0.005
2026-10-08 06:52:53,940 54 INFO bench werkzeug: 127.0.0.1 - - [08/Oct/2026 06:52:53] "POST /json/2/product.product/search HTTP/1.1" 200 - 4 0.002 0.006
2026-10-08 06:52:53,959 54 INFO bench werkzeug: 127.0.0.1 - - [08/Oct/2026 06:52:53] "POST /json/2/stock.quant/search HTTP/1.1" 200 - 3 0.001 0.005
2026-10-08 06:52:53,981 54 INFO bench werkzeug: 127.0.0.1 - - [08/Oct/2026 06:52:53] "POST /json/2/product.product/search HTTP/1.1" 200 - 4 0.002 0.006
2026-10-08 06:52:54,001 54 INFO bench werkzeug: 127.0.0.1 - - [08/Oct/2026 06:52:54] "POST /json/2/stock.quant/search HTTP/1.1" 200 - 3 0.001 0.005
2026-10-08 06:52:54,022 54 INFO bench werkzeug: 127.0.0.1 - - [08/Oct/2026 06:52:54] "POST /json/2/product.product/search HTTP/1.1" 200 - 4 0.002 0.006
2026-10-08 06:52:54,049 54 INFO bench werkzeug: 127.0.0.1 - - [08/Oct/2026 06:52:54] "POST /json/2/stock.quant/search HTTP/1.1" 200 - 3 0.001 0.005
2026-10-08 06:52:54,070 54 INFO bench werkzeug: 127.0.0.1 - - [08/Oct/2026 06:52:54] "POST /json/2/product.product/search HTTP/1.1" 200 - 4 0.002 0.006
2026-10-08 06:52:54,088 54 INFO bench werkzeug: 127.0.0.1 - - [08/Oct/2026 06:52:54] "POST /json/2/stock.quant/search HTTP/1.1" 200 - 3 0.001 0.005
2026-10-08 06:52:54,109 54 INFO bench werkzeug: 127.0.0.1 - - [08/Oct/2026 06:52:54] "POST /json/2/product.product/search HTTP/1.1" 200 - 4 0.002 0.006
2026-10-08 06:52:54,129 54 INFO bench werkzeug: 127.0.0.1 - - [08/Oct/2026 06:52:54] "POST /json/2/stock.quant/search HTTP/1.1" 200 - 3 0.001 0.005
2026-10-08 06:52:54,151 54 INFO bench werkzeug: 127.0.0.1 - - [08/Oct/2026 06:52:54] "POST /json/2/product.product/search HTTP/1.1" 200 - 4 0.002 0.006
2026-10-08 06:52:54,170 54 INFO bench werkzeug: 127.0.0.1 - - [08/Oct/2026 06:52:54] "POST /json/2/stock.quant/search HTTP/1.1" 200 - 3 0.001 0.005
2026-10-08 06:52:54,191 54 INFO bench werkzeug: 127.0.0.1 - - [08/Oct/2026 06:52:54] "POST /json/2/product.product/search HTTP/1.1" 200 - 4 0.002 0.006
2026-10-08 06:52:54,211 54 INFO bench werkzeug: 127.0.0.1 - - [08/Oct/2026 06:52:54] "POST /json/2/stock.quant/search HTTP/1.1" 200 - 3 0.001 0.005
2026-10-08 06:52:54,232 54 INFO bench werkzeug: 127.0.0.1 - - [08/Oct/2026 06:52:54] "POST /json/2/product.product/search HTTP/1.1" 200 - 4 0.002 0.006
2026-10-08 06:52:54,251 54 INFO bench werkzeug: 127.0.0.1 - - [08/Oct/2026 06:52:54] "POST /json/2/stock.quant/search HTTP/1.1" 200 - 3 0.001 0.005
2026-10-08 06:52:54,272 54 INFO bench werkzeug: 127.0.0.1 - - [08/Oct/2026 06:52:54] "POST /json/2/product.product/search HTTP/1.1" 200 - 4 0.002 0.007
2026-10-08 06:52:54,294 54 INFO bench werkzeug: 127.0.0.1 - - [08/Oct/2026 06:52:54] "POST /json/2/stock.quant/search HTTP/1.1" 200 - 3 0.002 0.005
2026-10-08 06:52:54,325 54 INFO bench werkzeug: 127.0.0.1 - - [08/Oct/2026 06:52:54] "POST /json/2/product.product/search HTTP/1.1" 200 - 4 0.002 0.006
2026-10-08 06:52:54,344 54 INFO bench werkzeug: 127.0.0.1 - - [08/Oct/2026 06:52:54] "POST /json/2/stock.quant/search HTTP/1.1" 200 - 3 0.001 0.005
2026-10-08 06:52:54,364 54 INFO bench werkzeug: 127.0.0.1 - - [08/Oct/2026 06:52:54] "POST /json/2/product.product/search HTTP/1.1" 200 - 4 0.002 0.006
2026-10-08 06:52:54,385 54 INFO bench werkzeug: 127.0.0.1 - - [08/Oct/2026 06:52:54] "POST /json/2/stock.quant/search HTTP/1.1" 200 - 3 0.001 0.005
2026-10-08 06:52:54,409 54 INFO bench werkzeug: 127.0.0.1 - - [08/Oct/2026 06:52:54] "POST /json/2/mrp.workcenter/search HTTP/1.1" 200 - 8 0.003 0.007
2026-10-08 06:52:54,428 54 INFO bench werkzeug: 127.0.0.1 - - [08/Oct/2026 06:52:54] "POST /json/2/mrp.workcenter/search HTTP/1.1" 200 - 3 0.001 0.005
2026-10-08 06:52:54,447 54 INFO bench werkzeug: 127.0.0.1 - - [08/Oct/2026 06:52:54] "POST /json/2/mrp.workcenter/search HTTP/1.1" 200 - 3 0.001 0.004
2026-10-08 06:52:54,470 54 INFO bench werkzeug: 127.0.0.1 - - [08/Oct/2026 06:52:54] "POST /json/2/sale.order/search HTTP/1.1" 200 - 8 0.003 0.007
2026-10-08 06:52:54,498 54 INFO bench werkzeug: 127.0.0.1 - - [08/Oct/2026 06:52:54] "POST /json/2/sale.order/read HTTP/1.1" 200 - 8 0.004 0.010
2026-10-08 06:52:54,520 54 INFO bench werkzeug: 127.0.0.1 - - [08/Oct/2026 06:52:54] "POST /json/2/product.product/search HTTP/1.1" 200 - 4 0.002 0.006
2026-10-08 06:52:54,543 54 INFO bench werkzeug: 127.0.0.1 - - [08/Oct/2026 06:52:54] "POST /json/2/sale.order.line/search HTTP/1.1" 200 - 8 0.003 0.007
2026-10-08 06:52:54,562 54 INFO bench werkzeug: 127.0.0.1 - - [08/Oct/2026 06:52:54] "POST /json/2/sale.order.line/read HTTP/1.1" 200 - 3 0.001 0.005
2026-10-08 06:52:54,581 54 INFO bench werkzeug: 127.0.0.1 - - [08/Oct/2026 06:52:54] "POST /json/2/sale.order/search HTTP/1.1" 200 - 3 0.002 0.005
2026-10-08 06:52:54,609 54 INFO bench werkzeug: 127.0.0.1 - - [08/Oct/2026 06:52:54] "POST /json/2/sale.order/read HTTP/1.1" 200 - 4 0.002 0.005
2026-10-08 06:52:54,630 54 INFO bench werkzeug: 127.0.0.1 - - [08/Oct/2026 06:52:54] "POST /json/2/product.product/search HTTP/1.1" 200 - 4 0.002 0.006
2026-10-08 06:52:54,650 54 INFO bench werkzeug: 127.0.0.1 - - [08/Oct/2026 06:52:54] "POST /json/2/sale.order.line/search HTTP/1.1" 200 - 3 0.002 0.005
2026-10-08 06:52:54,670 54 INFO bench werkzeug: 127.0.0.1 - - [08/Oct/2026 06:52:54] "POST /json/2/sale.order.line/read HTTP/1.1" 200 - 3 0.001 0.004
2026-10-08 06:52:54,689 54 INFO bench werkzeug: 127.0.0.1 - - [08/Oct/2026 06:52:54] "POST /json/2/sale.order/search HTTP/1.1" 200 - 3 0.001 0.004
2026-10-08 06:52:54,709 54 INFO bench werkzeug: 127.0.0.1 - - [08/Oct/2026 06:52:54] "POST /json/2/sale.order/read HTTP/1.1" 200 - 4 0.002 0.006
2026-10-08 06:52:54,731 54 INFO bench werkzeug: 127.0.0.1 - - [08/Oct/2026 06:52:54] "POST /json/2/product.product/search HTTP/1.1" 200 - 4 0.002 0.006
2026-10-08 06:52:54,749 54 INFO bench werkzeug: 127.0.0.1 - - [08/Oct/2026 06:52:54] "POST /json/2/sale.order.line/search HTTP/1.1" 200 - 3 0.001 0.005
2026-10-08 06:52:54,768 54 INFO bench werkzeug: 127.0.0.1 - - [08/Oct/2026 06:52:54] "POST /json/2/sale.order.line/read HTTP/1.1" 200 - 3 0.001 0.005
2026-10-08 06:52:54,788 54 INFO bench werkzeug: 127.0.0.1 - - [08/Oct/2026 06:52:54] "POST /json/2/sale.order/search HTTP/1.1" 200 - 3 0.001 0.005
2026-10-08 06:52:54,808 54 INFO bench werkzeug: 127.0.0.1 - - [08/Oct/2026 06:52:54] "POST /json/2/sale.order/read HTTP/1.1" 200 - 4 0.002 0.006
2026-10-08 06:52:54,830 54 INFO bench werkzeug: 127.0.0.1 - - [08/Oct/2026 06:52:54] "POST /json/2/product.product/search HTTP/1.1" 200 - 4 0.002 0.006
2026-10-08 06:52:54,859 54 INFO bench werkzeug: 127.0.0.1 - - [08/Oct/2026 06:52:54] "POST /json/2/sale.order.line/search HTTP/1.1" 200 - 3 0.001 0.005
2026-10-08 06:52:54,879 54 INFO bench werkzeug: 127.0.0.1 - - [08/Oct/2026 06:52:54] "POST /json/2/sale.order.line/read HTTP/1.1" 200 - 3 0.002 0.005
2026-10-08 06:52:54,900 54 INFO bench werkzeug: 127.0.0.1 - - [08/Oct/2026 06:52:54] "POST /json/2/sale.order/search HTTP/1.1" 200 - 3 0.001 0.005
2026-10-08 06:52:54,921 54 INFO bench werkzeug: 127.0.0.1 - - [08/Oct/2026 06:52:54] "POST /json/2/sale.order/read HTTP/1.1" 200 - 4 0.002 0.005
2026-10-08 06:52:54,941 54 INFO bench werkzeug: 127.0.0.1 - - [08/Oct/2026 06:52:54] "POST /json/2/product.product/search HTTP/1.1" 200 - 4 0.002 0.006
2026-10-08 06:52:54,961 54 INFO bench werkzeug: 127.0.0.1 - - [08/Oct/2026 06:52:54] "POST /json/2/sale.order.line/search HTTP/1.1" 200 - 3 0.001 0.005
2026-10-08 06:52:54,980 54 INFO bench werkzeug: 127.0.0.1 - - [08/Oct/2026 06:52:54] "POST /json/2/sale.order.line/read HTTP/1.1" 200 - 3 0.002 0.005
2026-10-08 06:52:55,001 54 INFO bench werkzeug: 127.0.0.1 - - [08/Oct/2026 06:52:55] "POST /json/2/sale.order/search HTTP/1.1" 200 - 3 0.002 0.006
2026-10-08 06:52:55,022 54 INFO bench werkzeug: 127.0.0.1 - - [08/Oct/2026 06:52:55] "POST /json/2/sale.order/read HTTP/1.1" 200 - 4 0.002 0.005
2026-10-08 06:52:55,043 54 INFO bench werkzeug: 127.0.0.1 - - [08/Oct/2026 06:52:55] "POST /json/2/product.product/search HTTP/1.1" 200 - 4 0.002 0.006
2026-10-08 06:52:55,064 54 INFO bench werkzeug: 127.0.0.1 - - [08/Oct/2026 06:52:55] "POST /json/2/sale.order.line/search HTTP/1.1" 200 - 3 0.002 0.005
2026-10-08 06:52:55,082 54 INFO bench werkzeug: 127.0.0.1 - - [08/Oct/2026 06:52:55] "POST /json/2/sale.order.line/read HTTP/1.1" 200 - 3 0.001 0.005
2026-10-08 06:52:55,101 54 INFO bench werkzeug: 127.0.0.1 - - [08/Oct/2026 06:52:55] "POST /json/2/sale.order/search HTTP/1.1" 200 - 3 0.001 0.005
2026-10-08 06:52:55,121 54 INFO bench werkzeug: 127.0.0.1 - - [08/Oct/2026 06:52:55] "POST /json/2/sale.order/read HTTP/1.1" 200 - 4 0.002 0.006
2026-10-08 06:52:55,155 54 INFO bench werkzeug: 127.0.0.1 - - [08/Oct/2026 06:52:55] "POST /json/2/product.product/search HTTP/1.1" 200 - 4 0.002 0.006
2026-10-08 06:52:55,175 54 INFO bench werkzeug: 127.0.0.1 - - [08/Oct/2026 06:52:55] "POST /json/2/sale.order.line/search HTTP/1.1" 200 - 3 0.001 0.005
2026-10-08 06:52:55,195 54 INFO bench werkzeug: 127.0.0.1 - - [08/Oct/2026 06:52:55] "POST /json/2/sale.order.line/read HTTP/1.1" 200 - 3 0.002 0.005
2026-10-08 06:52:55,214 54 INFO bench werkzeug: 127.0.0.1 - - [08/Oct/2026 06:52:55] "POST /json/2/sale.order/search HTTP/1.1" 200 - 3 0.001 0.005
2026-10-08 06:52:55,233 54 INFO bench werkzeug: 127.0.0.1 - - [08/Oct/2026 06:52:55] "POST /json/2/sale.order/read HTTP/1.1" 200 - 4 0.002 0.006
2026-10-08 06:52:55,255 54 INFO bench werkzeug: 127.0.0.1 - - [08/Oct/2026 06:52:55] "POST /json/2/product.product/search HTTP/1.1" 200 - 4 0.002 0.006
2026-10-08 06:52:55,276 54 INFO bench werkzeug: 127.0.0.1 - - [08/Oct/2026 06:52:55] "POST /json/2/sale.order.line/search HTTP/1.1" 200 - 3 0.001 0.005
2026-10-08 06:52:55,294 54 INFO bench werkzeug: 127.0.0.1 - - [08/Oct/2026 06:52:55] "POST /json/2/sale.order.line/read HTTP/1.1" 200 - 3 0.001 0.005
2026-10-08 06:52:55,315 54 INFO bench werkzeug: 127.0.0.1 - - [08/Oct/2026 06:52:55] "POST /json/2/sale.order/search HTTP/1.1" 200 - 3 0.002 0.005
2026-10-08 06:52:55,335 54 INFO bench werkzeug: 127.0.0.1 - - [08/Oct/2026 06:52:55] "POST /json/2/sale.order/read HTTP/1.1" 200 - 4 0.002 0.005
2026-10-08 06:52:55,356 54 INFO bench werkzeug: 127.0.0.1 - - [08/Oct/2026 06:52:55] "POST /json/2/product.product/search HTTP/1.1" 200 - 4 0.002 0.006
2026-10-08 06:52:55,375 54 INFO bench werkzeug: 127.0.0.1 - - [08/Oct/2026 06:52:55] "POST /json/2/sale.order.line/search HTTP/1.1" 200 - 3 0.002 0.005
2026-10-08 06:52:55,396 54 INFO bench werkzeug: 127.0.0.1 - - [08/Oct/2026 06:52:55] "POST /json/2/sale.order.line/read HTTP/1.1" 200 - 3 0.001 0.006
2026-10-08 06:52:55,422 54 INFO bench werkzeug: 127.0.0.1 - - [08/Oct/2026 06:52:55] "POST /json/2/sale.order/search HTTP/1.1" 200 - 3 0.001 0.005
2026-10-08 06:52:55,441 54 INFO bench werkzeug: 127.0.0.1 - - [08/Oct/2026 06:52:55] "POST /json/2/sale.order/read HTTP/1.1" 200 - 4 0.002 0.006
2026-10-08 06:52:55,464 54 INFO bench werkzeug: 127.0.0.1 - - [08/Oct/2026 06:52:55] "POST /json/2/product.product/search HTTP/1.1" 200 - 4 0.003 0.006
2026-10-08 06:52:55,482 54 INFO bench werkzeug: 127.0.0.1 - - [08/Oct/2026 06:52:55] "POST /json/2/sale.order.line/search HTTP/1.1" 200 - 3 0.001 0.005
2026-10-08 06:52:55,501 54 INFO bench werkzeug: 127.0.0.1 - - [08/Oct/2026 06:52:55] "POST /json/2/sale.order.line/read HTTP/1.1" 200 - 3 0.002 0.005
2026-10-08 06:52:55,521 54 INFO bench werkzeug: 127.0.0.1 - - [08/Oct/2026 06:52:55] "POST /json/2/sale.order/search HTTP/1.1" 200 - 3 0.001 0.005
2026-10-08 06:52:55,540 54 INFO bench werkzeug: 127.0.0.1 - - [08/Oct/2026 06:52:55] "POST /json/2/sale.order/read HTTP/1.1" 200 - 4 0.002 0.006
2026-10-08 06:52:55,562 54 INFO bench werkzeug: 127.0.0.1 - - [08/Oct/2026 06:52:55] "POST /json/2/product.product/search HTTP/1.1" 200 - 4 0.002 0.006
2026-10-08 06:52:55,582 54 INFO bench werkzeug: 127.0.0.1 - - [08/Oct/2026 06:52:55] "POST /json/2/sale.order.line/search HTTP/1.1" 200 - 3 0.002 0.005
2026-10-08 06:52:55,603 54 INFO bench werkzeug: 127.0.0.1 - - [08/Oct/2026 06:52:55] "POST /json/2/sale.order.line/read HTTP/1.1" 200 - 3 0.002 0.005
2026-10-08 06:52:55,622 54 INFO bench werkzeug: 127.0.0.1 - - [08/Oct/2026 06:52:55] "POST /json/2/sale.order/search HTTP/1.1" 200 - 3 0.001 0.005
2026-10-08 06:52:55,643 54 INFO bench werkzeug: 127.0.0.1 - - [08/Oct/2026 06:52:55] "POST /json/2/sale.order/read HTTP/1.1" 200 - 4 0.002 0.005
2026-10-08 06:52:55,664 54 INFO bench werkzeug: 127.0.0.1 - - [08/Oct/2026 06:52:55] "POST /json/2/product.product/search HTTP/1.1" 200 - 4 0.002 0.006
2026-10-08 06:52:55,690 54 INFO bench werkzeug: 127.0.0.1 - - [08/Oct/2026 06:52:55] "POST /json/2/sale.order.line/search HTTP/1.1" 200 - 3 0.002 0.005
2026-10-08 06:52:55,709 54 INFO bench werkzeug: 127.0.0.1 - - [08/Oct/2026 06:52:55] "POST /json/2/sale.order.line/read HTTP/1.1" 200 - 3 0.001 0.004
2026-10-08 06:52:55,733 54 INFO bench werkzeug: 127.0.0.1 - - [08/Oct/2026 06:52:55] "POST /json/2/purchase.order/read HTTP/1.1" 200 - 9 0.003 0.007
2026-10-08 06:52:55,755 54 INFO bench werkzeug: 127.0.0.1 - - [08/Oct/2026 06:52:55] "POST /json/2/product.product/search HTTP/1.1" 200 - 4 0.002 0.006
2026-10-08 06:52:55,778 54 INFO bench werkzeug: 127.0.0.1 - - [08/Oct/2026 06:52:55] "POST /json/2/purchase.order.line/search HTTP/1.1" 200 - 8 0.003 0.007
2026-10-08 06:52:55,798 54 INFO bench werkzeug: 127.0.0.1 - - [08/Oct/2026 06:52:55] "POST /json/2/purchase.order.line/read HTTP/1.1" 200 - 3 0.002 0.005
2026-10-08 06:52:55,817 54 INFO bench werkzeug: 127.0.0.1 - - [08/Oct/2026 06:52:55] "POST /json/2/purchase.order/read HTTP/1.1" 200 - 4 0.002 0.005
2026-10-08 06:52:55,837 54 INFO bench werkzeug: 127.0.0.1 - - [08/Oct/2026 06:52:55] "POST /json/2/product.product/search HTTP/1.1" 200 - 4 0.002 0.006
2026-10-08 06:52:55,857 54 INFO bench werkzeug: 127.0.0.1 - - [08/Oct/2026 06:52:55] "POST /json/2/purchase.order.line/search HTTP/1.1" 200 - 3 0.001 0.005
2026-10-08 06:52:55,875 54 INFO bench werkzeug: 127.0.0.1 - - [08/Oct/2026 06:52:55] "POST /json/2/purchase.order.line/read HTTP/1.1" 200 - 3 0.001 0.005
2026-10-08 06:52:55,895 54 INFO bench werkzeug: 127.0.0.1 - - [08/Oct/2026 06:52:55] "POST /json/2/purchase.order/read HTTP/1.1" 200 - 4 0.002 0.005
2026-10-08 06:52:55,917 54 INFO bench werkzeug: 127.0.0.1 - - [08/Oct/2026 06:52:55] "POST /json/2/product.product/search HTTP/1.1" 200 - 4 0.002 0.007
2026-10-08 06:52:55,935 54 INFO bench werkzeug: 127.0.0.1 - - [08/Oct/2026 06:52:55] "POST /json/2/purchase.order.line/search HTTP/1.1" 200 - 3 0.001 0.005
2026-10-08 06:52:55,962 54 INFO bench werkzeug: 127.0.0.1 - - [08/Oct/2026 06:52:55] "POST /json/2/purchase.order.line/read HTTP/1.1" 200 - 3 0.001 0.005
2026-10-08 06:52:55,983 54 INFO bench werkzeug: 127.0.0.1 - - [08/Oct/2026 06:52:55] "POST /json/2/purchase.order/read HTTP/1.1" 200 - 4 0.002 0.006
2026-10-08 06:52:56,005 54 INFO bench werkzeug: 127.0.0.1 - - [08/Oct/2026 06:52:56] "POST /json/2/product.product/search HTTP/1.1" 200 - 4 0.002 0.006
2026-10-08 06:52:56,024 54 INFO bench werkzeug: 127.0.0.1 - - [08/Oct/2026 06:52:56] "POST /json/2/purchase.order.line/search HTTP/1.1" 200 - 3 0.002 0.005
2026-10-08 06:52:56,043 54 INFO bench werkzeug: 127.0.0.1 - - [08/Oct/2026 06:52:56] "POST /json/2/purchase.order.line/read HTTP/1.1" 200 - 3 0.001 0.005
2026-10-08 06:52:56,064 54 INFO bench werkzeug: 127.0.0.1 - - [08/Oct/2026 06:52:56] "POST /json/2/purchase.order/read HTTP/1.1" 200 - 4 0.002 0.006
2026-10-08 06:52:56,085 54 INFO bench werkzeug: 127.0.0.1 - - [08/Oct/2026 06:52:56] "POST /json/2/product.product/search HTTP/1.1" 200 - 4 0.002 0.006
2026-10-08 06:52:56,105 54 INFO bench werkzeug: 127.0.0.1 - - [08/Oct/2026 06:52:56] "POST /json/2/purchase.order.line/search HTTP/1.1" 200 - 3 0.002 0.005
2026-10-08 06:52:56,123 54 INFO bench werkzeug: 127.0.0.1 - - [08/Oct/2026 06:52:56] "POST /json/2/purchase.order.line/read HTTP/1.1" 200 - 3 0.001 0.005
2026-10-08 06:52:56,143 54 INFO bench werkzeug: 127.0.0.1 - - [08/Oct/2026 06:52:56] "POST /json/2/purchase.order/read HTTP/1.1" 200 - 4 0.001 0.005
2026-10-08 06:52:56,165 54 INFO bench werkzeug: 127.0.0.1 - - [08/Oct/2026 06:52:56] "POST /json/2/product.product/search HTTP/1.1" 200 - 4 0.002 0.006
2026-10-08 06:52:56,185 54 INFO bench werkzeug: 127.0.0.1 - - [08/Oct/2026 06:52:56] "POST /json/2/purchase.order.line/search HTTP/1.1" 200 - 3 0.001 0.005
2026-10-08 06:52:56,205 54 INFO bench werkzeug: 127.0.0.1 - - [08/Oct/2026 06:52:56] "POST /json/2/purchase.order.line/read HTTP/1.1" 200 - 3 0.001 0.005
2026-10-08 06:52:56,234 54 INFO bench werkzeug: 127.0.0.1 - - [08/Oct/2026 06:52:56] "POST /json/2/purchase.order/read HTTP/1.1" 200 - 4 0.002 0.006
2026-10-08 06:52:56,255 54 INFO bench werkzeug: 127.0.0.1 - - [08/Oct/2026 06:52:56] "POST /json/2/product.product/search HTTP/1.1" 200 - 4 0.002 0.007
2026-10-08 06:52:56,275 54 INFO bench werkzeug: 127.0.0.1 - - [08/Oct/2026 06:52:56] "POST /json/2/purchase.order.line/search HTTP/1.1" 200 - 3 0.001 0.005
2026-10-08 06:52:56,296 54 INFO bench werkzeug: 127.0.0.1 - - [08/Oct/2026 06:52:56] "POST /json/2/purchase.order.line/read HTTP/1.1" 200 - 3 0.001 0.005
2026-10-08 06:52:56,317 54 INFO bench werkzeug: 127.0.0.1 - - [08/Oct/2026 06:52:56] "POST /json/2/purchase.order/read HTTP/1.1" 200 - 4 0.002 0.006
2026-10-08 06:52:56,339 54 INFO bench werkzeug: 127.0.0.1 - - [08/Oct/2026 06:52:56] "POST /json/2/product.product/search HTTP/1.1" 200 - 4 0.003 0.007
2026-10-08 06:52:56,360 54 INFO bench werkzeug: 127.0.0.1 - - [08/Oct/2026 06:52:56] "POST /json/2/purchase.order.line/search HTTP/1.1" 200 - 3 0.001 0.005
2026-10-08 06:52:56,380 54 INFO bench werkzeug: 127.0.0.1 - - [08/Oct/2026 06:52:56] "POST /json/2/purchase.order.line/read HTTP/1.1" 200 - 3 0.001 0.005
2026-10-08 06:52:56,401 54 INFO bench werkzeug: 127.0.0.1 - - [08/Oct/2026 06:52:56] "POST /json/2/purchase.order/read HTTP/1.1" 200 - 4 0.002 0.006
2026-10-08 06:52:56,423 54 INFO bench werkzeug: 127.0.0.1 - - [08/Oct/2026 06:52:56] "POST /json/2/product.product/search HTTP/1.1" 200 - 4 0.002 0.006
2026-10-08 06:52:56,442 54 INFO bench werkzeug: 127.0.0.1 - - [08/Oct/2026 06:52:56] "POST /json/2/purchase.order.line/search HTTP/1.1" 200 - 3 0.001 0.005
2026-10-08 06:52:56,461 54 INFO bench werkzeug: 127.0.0.1 - - [08/Oct/2026 06:52:56] "POST /json/2/purchase.order.line/read HTTP/1.1" 200 - 3 0.001 0.005
2026-10-08 06:52:56,484 54 INFO bench werkzeug: 127.0.0.1 - - [08/Oct/2026 06:52:56] "POST /json/2/purchase.order/read HTTP/1.1" 200 - 4 0.002 0.006
2026-10-08 06:52:56,515 54 INFO bench werkzeug: 127.0.0.1 - - [08/Oct/2026 06:52:56] "POST /json/2/product.product/search HTTP/1.1" 200 - 4 0.003 0.007
2026-10-08 06:52:56,535 54 INFO bench werkzeug: 127.0.0.1 - - [08/Oct/2026 06:52:56] "POST /json/2/purchase.order.line/search HTTP/1.1" 200 - 3 0.001 0.005
2026-10-08 06:52:56,555 54 INFO bench werkzeug: 127.0.0.1 - - [08/Oct/2026 06:52:56] "POST /json/2/purchase.order.line/read HTTP/1.1" 200 - 3 0.001 0.005
2026-10-08 06:52:56,578 54 INFO bench werkzeug: 127.0.0.1 - - [08/Oct/2026 06:52:56] "POST /json/2/purchase.order/read HTTP/1.1" 200 - 4 0.002 0.006
2026-10-08 06:52:56,601 54 INFO bench werkzeug: 127.0.0.1 - - [08/Oct/2026 06:52:56] "POST /json/2/product.product/search HTTP/1.1" 200 - 4 0.003 0.007
2026-10-08 06:52:56,619 54 INFO bench werkzeug: 127.0.0.1 - - [08/Oct/2026 06:52:56] "POST /json/2/purchase.order.line/search HTTP/1.1" 200 - 3 0.002 0.005
2026-10-08 06:52:56,639 54 INFO bench werkzeug: 127.0.0.1 - - [08/Oct/2026 06:52:56] "POST /json/2/purchase.order.line/read HTTP/1.1" 200 - 3 0.001 0.005
2026-10-08 06:52:56,661 54 INFO bench werkzeug: 127.0.0.1 - - [08/Oct/2026 06:52:56] "POST /json/2/purchase.order/read HTTP/1.1" 200 - 4 0.002 0.006
2026-10-08 06:52:56,686 54 INFO bench werkzeug: 127.0.0.1 - - [08/Oct/2026 06:52:56] "POST /json/2/product.product/search HTTP/1.1" 200 - 4 0.002 0.009
2026-10-08 06:52:56,705 54 INFO bench werkzeug: 127.0.0.1 - - [08/Oct/2026 06:52:56] "POST /json/2/purchase.order.line/search HTTP/1.1" 200 - 3 0.002 0.005
2026-10-08 06:52:56,726 54 INFO bench werkzeug: 127.0.0.1 - - [08/Oct/2026 06:52:56] "POST /json/2/purchase.order.line/read HTTP/1.1" 200 - 3 0.002 0.006
2026-10-08 06:52:56,746 54 INFO bench werkzeug: 127.0.0.1 - - [08/Oct/2026 06:52:56] "POST /json/2/purchase.order/read HTTP/1.1" 200 - 4 0.002 0.005
2026-10-08 06:52:56,767 54 INFO bench werkzeug: 127.0.0.1 - - [08/Oct/2026 06:52:56] "POST /json/2/product.product/search HTTP/1.1" 200 - 4 0.002 0.006
2026-10-08 06:52:56,794 54 INFO bench werkzeug: 127.0.0.1 - - [08/Oct/2026 06:52:56] "POST /json/2/purchase.order.line/search HTTP/1.1" 200 - 3 0.001 0.005
2026-10-08 06:52:56,813 54 INFO bench werkzeug: 127.0.0.1 - - [08/Oct/2026 06:52:56] "POST /json/2/purchase.order.line/read HTTP/1.1" 200 - 3 0.001 0.005
2026-10-08 06:52:56,834 54 INFO bench werkzeug: 127.0.0.1 - - [08/Oct/2026 06:52:56] "POST /json/2/purchase.order/read HTTP/1.1" 200 - 4 0.002 0.006
2026-10-08 06:52:56,855 54 INFO bench werkzeug: 127.0.0.1 - - [08/Oct/2026 06:52:56] "POST /json/2/product.product/search HTTP/1.1" 200 - 4 0.002 0.006
2026-10-08 06:52:56,873 54 INFO bench werkzeug: 127.0.0.1 - - [08/Oct/2026 06:52:56] "POST /json/2/purchase.order.line/search HTTP/1.1" 200 - 3 0.001 0.005
2026-10-08 06:52:56,893 54 INFO bench werkzeug: 127.0.0.1 - - [08/Oct/2026 06:52:56] "POST /json/2/purchase.order.line/read HTTP/1.1" 200 - 3 0.002 0.005
2026-10-08 06:52:56,913 54 INFO bench werkzeug: 127.0.0.1 - - [08/Oct/2026 06:52:56] "POST /json/2/purchase.order/read HTTP/1.1" 200 - 4 0.002 0.005
2026-10-08 06:52:56,935 54 INFO bench werkzeug: 127.0.0.1 - - [08/Oct/2026 06:52:56] "POST /json/2/product.product/search HTTP/1.1" 200 - 4 0.002 0.006
2026-10-08 06:52:56,954 54 INFO bench werkzeug: 127.0.0.1 - - [08/Oct/2026 06:52:56] "POST /json/2/purchase.order.line/search HTTP/1.1" 200 - 3 0.001 0.005
2026-10-08 06:52:56,973 54 INFO bench werkzeug: 127.0.0.1 - - [08/Oct/2026 06:52:56] "POST /json/2/purchase.order.line/read HTTP/1.1" 200 - 3 0.002 0.005
2026-10-08 06:52:56,992 54 INFO bench werkzeug: 127.0.0.1 - - [08/Oct/2026 06:52:56] "POST /json/2/purchase.order/read HTTP/1.1" 200 - 4 0.002 0.005
2026-10-08 06:52:57,012 54 INFO bench werkzeug: 127.0.0.1 - - [08/Oct/2026 06:52:57] "POST /json/2/product.product/search HTTP/1.1" 200 - 4 0.002 0.006
2026-10-08 06:52:57,031 54 INFO bench werkzeug: 127.0.0.1 - - [08/Oct/2026 06:52:57] "POST /json/2/purchase.order.line/search HTTP/1.1" 200 - 3 0.001 0.005
2026-10-08 06:52:57,058 54 INFO bench werkzeug: 127.0.0.1 - - [08/Oct/2026 06:52:57] "POST /json/2/purchase.order.line/read HTTP/1.1" 200 - 3 0.002 0.005
2026-10-08 06:52:57,081 54 INFO bench werkzeug: 127.0.0.1 - - [08/Oct/2026 06:52:57] "POST /json/2/purchase.order/read HTTP/1.1" 200 - 4 0.002 0.006
2026-10-08 06:52:57,102 54 INFO bench werkzeug: 127.0.0.1 - - [08/Oct/2026 06:52:57] "POST /json/2/product.product/search HTTP/1.1" 200 - 4 0.002 0.006
2026-10-08 06:52:57,121 54 INFO bench werkzeug: 127.0.0.1 - - [08/Oct/2026 06:52:57] "POST /json/2/purchase.order.line/search HTTP/1.1" 200 - 3 0.001 0.005
2026-10-08 06:52:57,139 54 INFO bench werkzeug: 127.0.0.1 - - [08/Oct/2026 06:52:57] "POST /json/2/purchase.order.line/read HTTP/1.1" 200 - 3 0.002 0.005
2026-10-08 06:52:57,159 54 INFO bench werkzeug: 127.0.0.1 - - [08/Oct/2026 06:52:57] "POST /json/2/purchase.order/read HTTP/1.1" 200 - 4 0.002 0.006
2026-10-08 06:52:57,181 54 INFO bench werkzeug: 127.0.0.1 - - [08/Oct/2026 06:52:57] "POST /json/2/product.product/search HTTP/1.1" 200 - 4 0.002 0.006
2026-10-08 06:52:57,199 54 INFO bench werkzeug: 127.0.0.1 - - [08/Oct/2026 06:52:57] "POST /json/2/purchase.order.line/search HTTP/1.1" 200 - 3 0.002 0.005
2026-10-08 06:52:57,218 54 INFO bench werkzeug: 127.0.0.1 - - [08/Oct/2026 06:52:57] "POST /json/2/purchase.order.line/read HTTP/1.1" 200 - 3 0.001 0.005
2026-10-08 06:52:57,238 54 INFO bench werkzeug: 127.0.0.1 - - [08/Oct/2026 06:52:57] "POST /json/2/purchase.order/read HTTP/1.1" 200 - 4 0.001 0.005
2026-10-08 06:52:57,257 54 INFO bench werkzeug: 127.0.0.1 - - [08/Oct/2026 06:52:57] "POST /json/2/sale.order/read HTTP/1.1" 200 - 3 0.002 0.005
2026-10-08 06:52:57,279 54 INFO bench werkzeug: 127.0.0.1 - - [08/Oct/2026 06:52:57] "POST /json/2/product.product/search HTTP/1.1" 200 - 4 0.003 0.006
2026-10-08 06:52:57,297 54 INFO bench werkzeug: 127.0.0.1 - - [08/Oct/2026 06:52:57] "POST /json/2/purchase.order.line/search HTTP/1.1" 200 - 3 0.001 0.005
2026-10-08 06:52:57,325 54 INFO bench werkzeug: 127.0.0.1 - - [08/Oct/2026 06:52:57] "POST /json/2/purchase.order.line/read HTTP/1.1" 200 - 3 0.002 0.005
2026-10-08 06:52:57,346 54 INFO bench werkzeug: 127.0.0.1 - - [08/Oct/2026 06:52:57] "POST /json/2/purchase.order/read HTTP/1.1" 200 - 4 0.002 0.006
2026-10-08 06:52:57,366 54 INFO bench werkzeug: 127.0.0.1 - - [08/Oct/2026 06:52:57] "POST /json/2/sale.order/read HTTP/1.1" 200 - 3 0.001 0.005
2026-10-08 06:52:57,388 54 INFO bench werkzeug: 127.0.0.1 - - [08/Oct/2026 06:52:57] "POST /json/2/product.product/search HTTP/1.1" 200 - 4 0.002 0.006
2026-10-08 06:52:57,408 54 INFO bench werkzeug: 127.0.0.1 - - [08/Oct/2026 06:52:57] "POST /json/2/purchase.order.line/search HTTP/1.1" 200 - 3 0.001 0.005
2026-10-08 06:52:57,427 54 INFO bench werkzeug: 127.0.0.1 - - [08/Oct/2026 06:52:57] "POST /json/2/purchase.order.line/read HTTP/1.1" 200 - 3 0.001 0.005
2026-10-08 06:52:57,447 54 INFO bench werkzeug: 127.0.0.1 - - [08/Oct/2026 06:52:57] "POST /json/2/purchase.order/read HTTP/1.1" 200 - 4 0.002 0.005
2026-10-08 06:52:57,466 54 INFO bench werkzeug: 127.0.0.1 - - [08/Oct/2026 06:52:57] "POST /json/2/sale.order/read HTTP/1.1" 200 - 3 0.001 0.004
2026-10-08 06:52:57,487 54 INFO bench werkzeug: 127.0.0.1 - - [08/Oct/2026 06:52:57] "POST /json/2/product.product/search HTTP/1.1" 200 - 4 0.002 0.006
2026-10-08 06:52:57,507 54 INFO bench werkzeug: 127.0.0.1 - - [08/Oct/2026 06:52:57] "POST /json/2/purchase.order.line/search HTTP/1.1" 200 - 3 0.002 0.005
2026-10-08 06:52:57,526 54 INFO bench werkzeug: 127.0.0.1 - - [08/Oct/2026 06:52:57] "POST /json/2/purchase.order.line/read HTTP/1.1" 200 - 3 0.001 0.005
2026-10-08 06:52:57,552 54 INFO bench werkzeug: 127.0.0.1 - - [08/Oct/2026 06:52:57] "POST /json/2/mrp.production/read HTTP/1.1" 200 - 11 0.005 0.009
2026-10-08 06:52:57,572 54 INFO bench werkzeug: 127.0.0.1 - - [08/Oct/2026 06:52:57] "POST /json/2/sale.order/read HTTP/1.1" 200 - 3 0.002 0.005
2026-10-08 06:52:57,598 54 INFO bench werkzeug: 127.0.0.1 - - [08/Oct/2026 06:52:57] "POST /json/2/sale.order/read HTTP/1.1" 200 - 3 0.001 0.005
2026-10-08 06:52:57,624 54 INFO bench werkzeug: 127.0.0.1 - - [08/Oct/2026 06:52:57] "POST /json/2/mrp.workorder/search HTTP/1.1" 200 - 8 0.003 0.007
2026-10-08 06:52:57,644 54 INFO bench werkzeug: 127.0.0.1 - - [08/Oct/2026 06:52:57] "POST /json/2/mrp.workorder/read HTTP/1.1" 200 - 4 0.002 0.006
2026-10-08 06:52:57,664 54 INFO bench werkzeug: 127.0.0.1 - - [08/Oct/2026 06:52:57] "POST /json/2/mrp.workcenter/read HTTP/1.1" 200 - 3 0.001 0.005
2026-10-08 06:52:57,686 54 INFO bench werkzeug: 127.0.0.1 - - [08/Oct/2026 06:52:57] "POST /json/2/mrp.production/read HTTP/1.1" 200 - 6 0.003 0.006
2026-10-08 06:52:57,705 54 INFO bench werkzeug: 127.0.0.1 - - [08/Oct/2026 06:52:57] "POST /json/2/sale.order/read HTTP/1.1" 200 - 3 0.001 0.005
2026-10-08 06:52:57,724 54 INFO bench werkzeug: 127.0.0.1 - - [08/Oct/2026 06:52:57] "POST /json/2/sale.order/read HTTP/1.1" 200 - 3 0.001 0.005
2026-10-08 06:52:57,742 54 INFO bench werkzeug: 127.0.0.1 - - [08/Oct/2026 06:52:57] "POST /json/2/sale.order/read HTTP/1.1" 200 - 3 0.001 0.004
2026-10-08 06:52:57,760 54 INFO bench werkzeug: 127.0.0.1 - - [08/Oct/2026 06:52:57] "POST /json/2/mrp.workorder/search HTTP/1.1" 200 - 3 0.001 0.004
2026-10-08 06:52:57,780 54 INFO bench werkzeug: 127.0.0.1 - - [08/Oct/2026 06:52:57] "POST /json/2/mrp.workorder/read HTTP/1.1" 200 - 4 0.001 0.005
2026-10-08 06:52:57,799 54 INFO bench werkzeug: 127.0.0.1 - - [08/Oct/2026 06:52:57] "POST /json/2/mrp.workcenter/read HTTP/1.1" 200 - 3 0.001 0.005
2026-10-08 06:52:57,820 54 INFO bench werkzeug: 127.0.0.1 - - [08/Oct/2026 06:52:57] "POST /json/2/mrp.production/read HTTP/1.1" 200 - 6 0.002 0.006
2026-10-08 06:52:57,839 54 INFO bench werkzeug: 127.0.0.1 - - [08/Oct/2026 06:52:57] "POST /json/2/sale.order/read HTTP/1.1" 200 - 3 0.001 0.005
2026-10-08 06:52:57,866 54 INFO bench werkzeug: 127.0.0.1 - - [08/Oct/2026 06:52:57] "POST /json/2/mrp.workorder/search HTTP/1.1" 200 - 3 0.001 0.005
2026-10-08 06:52:57,887 54 INFO bench werkzeug: 127.0.0.1 - - [08/Oct/2026 06:52:57] "POST /json/2/mrp.workorder/read HTTP/1.1" 200 - 4 0.002 0.005
2026-10-08 06:52:57,906 54 INFO bench werkzeug: 127.0.0.1 - - [08/Oct/2026 06:52:57] "POST /json/2/mrp.workcenter/read HTTP/1.1" 200 - 3 0.002 0.005
2026-10-08 06:52:57,928 54 INFO bench werkzeug: 127.0.0.1 - - [08/Oct/2026 06:52:57] "POST /json/2/mrp.production/read HTTP/1.1" 200 - 6 0.002 0.006
2026-10-08 06:52:57,947 54 INFO bench werkzeug: 127.0.0.1 - - [08/Oct/2026 06:52:57] "POST /json/2/sale.order/read HTTP/1.1" 200 - 3 0.001 0.005
2026-10-08 06:52:57,965 54 INFO bench werkzeug: 127.0.0.1 - - [08/Oct/2026 06:52:57] "POST /json/2/sale.order/read HTTP/1.1" 200 - 3 0.002 0.005
2026-10-08 06:52:57,985 54 INFO bench werkzeug: 127.0.0.1 - - [08/Oct/2026 06:52:57] "POST /json/2/mrp.workorder/search HTTP/1.1" 200 - 3 0.002 0.005
2026-10-08 06:52:58,005 54 INFO bench werkzeug: 127.0.0.1 - - [08/Oct/2026 06:52:58] "POST /json/2/mrp.workorder/read HTTP/1.1" 200 - 4 0.002 0.005
2026-10-08 06:52:58,024 54 INFO bench werkzeug: 127.0.0.1 - - [08/Oct/2026 06:52:58] "POST /json/2/mrp.workcenter/read HTTP/1.1" 200 - 3 0.002 0.005
2026-10-08 06:52:58,045 54 INFO bench werkzeug: 127.0.0.1 - - [08/Oct/2026 06:52:58] "POST /json/2/mrp.production/read HTTP/1.1" 200 - 6 0.002 0.006
2026-10-08 06:52:58,063 54 INFO bench werkzeug: 127.0.0.1 - - [08/Oct/2026 06:52:58] "POST /json/2/sale.order/read HTTP/1.1" 200 - 3 0.001 0.005
2026-10-08 06:52:58,081 54 INFO bench werkzeug: 127.0.0.1 - - [08/Oct/2026 06:52:58] "POST /json/2/mrp.workorder/search HTTP/1.1" 200 - 3 0.001 0.005
2026-10-08 06:52:58,107 54 INFO bench werkzeug: 127.0.0.1 - - [08/Oct/2026 06:52:58] "POST /json/2/mrp.workorder/read HTTP/1.1" 200 - 4 0.002 0.005
2026-10-08 06:52:58,127 54 INFO bench werkzeug: 127.0.0.1 - - [08/Oct/2026 06:52:58] "POST /json/2/mrp.workcenter/read HTTP/1.1" 200 - 3 0.001 0.005
2026-10-08 06:52:58,865 54 INFO bench werkzeug: 127.0.0.1 - - [08/Oct/2026 06:52:58] "GET /web/health HTTP/1.1" 200 - 2 0.002 0.009
2026-10-08 06:53:05,585 54 INFO bench werkzeug: 127.0.0.1 - - [08/Oct/2026 06:53:05] "GET /web/health HTTP/1.1" 200 - 2 0.002 0.009
2026-10-08 06:53:17,901 54 INFO bench odoo.addons.base.models.ir_cron: Job 'Base: Auto-vacuum internal data' (1) starting 
2026-10-08 06:53:18,084 54 INFO bench odoo.addons.api_doc.models.ir_attachment: GC'd 0 /doc cached index 
2026-10-08 06:53:18,088 54 INFO bench odoo.addons.base.models.res_users: GC 'res.users.apikeys' delete 0 entries 
2026-10-08 06:53:18,123 54 INFO bench odoo.addons.base.models.res_users: GC'd 0 user log entries 
2026-10-08 06:53:18,289 54 INFO bench odoo.addons.base.models.res_device: GC device logs delete 0 entries 
2026-10-08 06:53:18,486 54 INFO bench odoo.addons.base.models.res_users: GC 'auth_totp.device' delete 0 entries 
2026-10-08 06:53:18,558 54 INFO bench odoo.addons.base.models.res_device: GC device logs delete 0 entries 
2026-10-08 06:53:18,677 54 INFO bench odoo.addons.base.models.ir_attachment: filestore gc 0 checked, 0 removed 
2026-10-08 06:53:18,778 54 INFO bench odoo.addons.sms.models.sms_sms: GC'd 0 sms marked for deletion 
2026-10-08 06:53:18,807 54 INFO bench odoo.addons.base.models.ir_cron: Job 'Base: Auto-vacuum internal data' (1) fully done (#loop 1; done 0; remaining 0; duration 0.91s) 
2026-10-08 06:54:20,020 54 INFO bench werkzeug: 127.0.0.1 - - [08/Oct/2026 06:54:20] "POST /json/2/product.product/search_read HTTP/1.1" 200 - 4 0.003 0.008
2026-10-08 06:54:20,048 54 INFO bench werkzeug: 127.0.0.1 - - [08/Oct/2026 06:54:20] "POST /json/2/sale.order/search_read HTTP/1.1" 200 - 6 0.004 0.009
2026-10-08 06:54:20,078 54 INFO bench werkzeug: 127.0.0.1 - - [08/Oct/2026 06:54:20] "POST /json/2/sale.order.line/search_read HTTP/1.1" 200 - 8 0.005 0.011
2026-10-08 06:54:20,107 54 INFO bench werkzeug: 127.0.0.1 - - [08/Oct/2026 06:54:20] "POST /json/2/mrp.production/search_read HTTP/1.1" 200 - 7 0.004 0.007
2026-10-08 06:54:20,128 54 INFO bench werkzeug: 127.0.0.1 - - [08/Oct/2026 06:54:20] "POST /json/2/mrp.workorder/search_read HTTP/1.1" 200 - 5 0.002 0.007
2026-10-08 06:54:20,153 54 INFO bench werkzeug: 127.0.0.1 - - [08/Oct/2026 06:54:20] "POST /json/2/purchase.order/search_read HTTP/1.1" 200 - 5 0.003 0.007
2026-10-08 06:54:20,176 54 ERROR bench odoo.http: Exception during request handling. 
Traceback (most recent call last):
  File "/usr/lib/python3/dist-packages/odoo/orm/models.py", line 3857, in _determine_fields_to_fetch
    field = self._fields[field_name]
            ~~~~~~~~~~~~^^^^^^^^^^^^
KeyError: 'comment'

The above exception was the direct cause of the following exception:

Traceback (most recent call last):
  File "/usr/lib/python3/dist-packages/odoo/http.py", line 2852, in __call__
    response = request._serve_db()
               ^^^^^^^^^^^^^^^^^^^
  File "/usr/lib/python3/dist-packages/odoo/http.py", line 2331, in _serve_db
    raise self._update_served_exception(exc)
  File "/usr/lib/python3/dist-packages/odoo/http.py", line 2329, in _serve_db
    return service_model.retrying(serve_func, env=self.env)
           ^^^^^^^^^^^^^^^^^^^^^^^^^^^^^^^^^^^^^^^^^^^^^^^^
  File "/usr/lib/python3/dist-packages/odoo/service/model.py", line 188, in retrying
    result = func()
             ^^^^^^
  File "/usr/lib/python3/dist-packages/odoo/http.py", line 2379, in _serve_ir_http
    response = self.dispatcher.dispatch(rule.endpoint, args)
               ^^^^^^^^^^^^^^^^^^^^^^^^^^^^^^^^^^^^^^^^^^^^^
  File "/usr/lib/python3/dist-packages/odoo/http.py", line 2659, in dispatch
    result = self.request.registry['ir.http']._dispatch(endpoint)
             ^^^^^^^^^^^^^^^^^^^^^^^^^^^^^^^^^^^^^^^^^^^^^^^^^^^^
  File "/usr/lib/python3/dist-packages/odoo/addons/base/models/ir_http.py", line 353, in _dispatch
    result = endpoint(**request.params)
             ^^^^^^^^^^^^^^^^^^^^^^^^^^
  File "/usr/lib/python3/dist-packages/odoo/http.py", line 838, in route_wrapper
    result = endpoint(self, *args, **params_ok)
             ^^^^^^^^^^^^^^^^^^^^^^^^^^^^^^^^^^
  File "/usr/lib/python3/dist-packages/odoo/addons/rpc/controllers/json2.py", line 86, in web_json_2_rpc
    result = func(records, **kwargs)
             ^^^^^^^^^^^^^^^^^^^^^^^
  File "/usr/lib/python3/dist-packages/odoo/orm/models.py", line 5789, in search_read
    records = self.search_fetch(domain or [], fields, offset=offset, limit=limit, order=order)
              ^^^^^^^^^^^^^^^^^^^^^^^^^^^^^^^^^^^^^^^^^^^^^^^^^^^^^^^^^^^^^^^^^^^^^^^^^^^^^^^^
  File "/usr/lib/python3/dist-packages/odoo/orm/models.py", line 1429, in search_fetch
    fields_to_fetch = self._determine_fields_to_fetch(field_names)
                      ^^^^^^^^^^^^^^^^^^^^^^^^^^^^^^^^^^^^^^^^^^^^
  File "/usr/lib/python3/dist-packages/odoo/orm/models.py", line 3859, in _determine_fields_to_fetch
    raise ValueError(f"Invalid field {field_name!r} on {self._name!r}") from e
ValueError: Invalid field 'comment' on 'mrp.workcenter'
2026-10-08 06:54:20,178 54 INFO bench werkzeug: 127.0.0.1 - - [08/Oct/2026 06:54:20] "POST /json/2/mrp.workcenter/search_read HTTP/1.1" 500 - 2 0.001 0.009
2026-10-08 06:55:30,514 54 INFO bench werkzeug: 127.0.0.1 - - [08/Oct/2026 06:55:30] "POST /json/2/mrp.workcenter/fields_get HTTP/1.1" 200 - 13 0.005 0.013
2026-10-08 06:55:30,563 54 INFO bench werkzeug: 127.0.0.1 - - [08/Oct/2026 06:55:30] "POST /json/2/product.product/fields_get HTTP/1.1" 200 - 30 0.012 0.023
2026-10-08 06:55:30,590 54 INFO bench werkzeug: 127.0.0.1 - - [08/Oct/2026 06:55:30] "POST /json/2/product.template/fields_get HTTP/1.1" 200 - 3 0.002 0.011
2026-10-08 06:55:30,617 54 INFO bench werkzeug: 127.0.0.1 - - [08/Oct/2026 06:55:30] "POST /json/2/mrp.bom/fields_get HTTP/1.1" 200 - 6 0.002 0.007
2026-10-08 06:55:30,656 54 INFO bench werkzeug: 127.0.0.1 - - [08/Oct/2026 06:55:30] "POST /json/2/purchase.order.line/fields_get HTTP/1.1" 200 - 21 0.008 0.016
2026-10-08 06:55:30,677 54 INFO bench werkzeug: 127.0.0.1 - - [08/Oct/2026 06:55:30] "POST /json/2/product.supplierinfo/fields_get HTTP/1.1" 200 - 2 0.001 0.006
2026-10-08 06:55:30,711 54 INFO bench werkzeug: 127.0.0.1 - - [08/Oct/2026 06:55:30] "POST /json/2/res.partner/fields_get HTTP/1.1" 200 - 9 0.005 0.015
2026-10-08 06:55:30,753 54 INFO bench werkzeug: 127.0.0.1 - - [08/Oct/2026 06:55:30] "POST /json/2/product.product/search_read HTTP/1.1" 200 - 16 0.008 0.014
2026-10-08 06:55:30,774 54 ERROR bench odoo.http: Exception during request handling. 
Traceback (most recent call last):
  File "/usr/lib/python3/dist-packages/odoo/orm/models.py", line 3857, in _determine_fields_to_fetch
    field = self._fields[field_name]
            ~~~~~~~~~~~~^^^^^^^^^^^^
KeyError: 'capacity'

The above exception was the direct cause of the following exception:

Traceback (most recent call last):
  File "/usr/lib/python3/dist-packages/odoo/http.py", line 2852, in __call__
    response = request._serve_db()
               ^^^^^^^^^^^^^^^^^^^
  File "/usr/lib/python3/dist-packages/odoo/http.py", line 2331, in _serve_db
    raise self._update_served_exception(exc)
  File "/usr/lib/python3/dist-packages/odoo/http.py", line 2329, in _serve_db
    return service_model.retrying(serve_func, env=self.env)
           ^^^^^^^^^^^^^^^^^^^^^^^^^^^^^^^^^^^^^^^^^^^^^^^^
  File "/usr/lib/python3/dist-packages/odoo/service/model.py", line 188, in retrying
    result = func()
             ^^^^^^
  File "/usr/lib/python3/dist-packages/odoo/http.py", line 2379, in _serve_ir_http
    response = self.dispatcher.dispatch(rule.endpoint, args)
               ^^^^^^^^^^^^^^^^^^^^^^^^^^^^^^^^^^^^^^^^^^^^^
  File "/usr/lib/python3/dist-packages/odoo/http.py", line 2659, in dispatch
    result = self.request.registry['ir.http']._dispatch(endpoint)
             ^^^^^^^^^^^^^^^^^^^^^^^^^^^^^^^^^^^^^^^^^^^^^^^^^^^^
  File "/usr/lib/python3/dist-packages/odoo/addons/base/models/ir_http.py", line 353, in _dispatch
    result = endpoint(**request.params)
             ^^^^^^^^^^^^^^^^^^^^^^^^^^
  File "/usr/lib/python3/dist-packages/odoo/http.py", line 838, in route_wrapper
    result = endpoint(self, *args, **params_ok)
             ^^^^^^^^^^^^^^^^^^^^^^^^^^^^^^^^^^
  File "/usr/lib/python3/dist-packages/odoo/addons/rpc/controllers/json2.py", line 86, in web_json_2_rpc
    result = func(records, **kwargs)
             ^^^^^^^^^^^^^^^^^^^^^^^
  File "/usr/lib/python3/dist-packages/odoo/orm/models.py", line 5789, in search_read
    records = self.search_fetch(domain or [], fields, offset=offset, limit=limit, order=order)
              ^^^^^^^^^^^^^^^^^^^^^^^^^^^^^^^^^^^^^^^^^^^^^^^^^^^^^^^^^^^^^^^^^^^^^^^^^^^^^^^^
  File "/usr/lib/python3/dist-packages/odoo/orm/models.py", line 1429, in search_fetch
    fields_to_fetch = self._determine_fields_to_fetch(field_names)
                      ^^^^^^^^^^^^^^^^^^^^^^^^^^^^^^^^^^^^^^^^^^^^
  File "/usr/lib/python3/dist-packages/odoo/orm/models.py", line 3859, in _determine_fields_to_fetch
    raise ValueError(f"Invalid field {field_name!r} on {self._name!r}") from e
ValueError: Invalid field 'capacity' on 'mrp.workcenter'
2026-10-08 06:55:30,775 54 INFO bench werkzeug: 127.0.0.1 - - [08/Oct/2026 06:55:30] "POST /json/2/mrp.workcenter/search_read HTTP/1.1" 500 - 2 0.001 0.007
2026-10-08 06:56:16,197 54 INFO bench werkzeug: 127.0.0.1 - - [08/Oct/2026 06:56:16] "POST /json/2/product.product/search_read HTTP/1.1" 200 - 18 0.010 0.017
2026-10-08 06:56:16,227 54 INFO bench werkzeug: 127.0.0.1 - - [08/Oct/2026 06:56:16] "POST /json/2/mrp.workcenter/search_read HTTP/1.1" 200 - 7 0.003 0.007
2026-10-08 06:56:16,253 54 INFO bench werkzeug: 127.0.0.1 - - [08/Oct/2026 06:56:16] "POST /json/2/mrp.workcenter.capacity/search_read HTTP/1.1" 200 - 3 0.002 0.007
2026-10-08 06:56:16,291 54 INFO bench werkzeug: 127.0.0.1 - - [08/Oct/2026 06:56:16] "POST /json/2/mrp.bom/search_read HTTP/1.1" 200 - 10 0.005 0.012
2026-10-08 06:56:16,326 54 INFO bench werkzeug: 127.0.0.1 - - [08/Oct/2026 06:56:16] "POST /json/2/mrp.bom.line/search_read HTTP/1.1" 200 - 8 0.005 0.011
2026-10-08 06:56:16,364 54 INFO bench werkzeug: 127.0.0.1 - - [08/Oct/2026 06:56:16] "POST /json/2/product.supplierinfo/search_read HTTP/1.1" 200 - 6 0.004 0.015
2026-10-08 06:56:16,393 54 INFO bench werkzeug: 127.0.0.1 - - [08/Oct/2026 06:56:16] "POST /json/2/res.partner/search_read HTTP/1.1" 200 - 4 0.003 0.008
2026-10-08 06:56:16,424 54 INFO bench werkzeug: 127.0.0.1 - - [08/Oct/2026 06:56:16] "POST /json/2/purchase.order.line/search_read HTTP/1.1" 200 - 7 0.004 0.010
2026-10-08 06:56:16,452 54 INFO bench werkzeug: 127.0.0.1 - - [08/Oct/2026 06:56:16] "POST /json/2/res.partner/search_read HTTP/1.1" 200 - 4 0.003 0.007
2026-10-08 06:57:12,333 54 INFO bench werkzeug: 127.0.0.1 - - [08/Oct/2026 06:57:12] "POST /json/2/product.supplierinfo/search_read HTTP/1.1" 200 - 6 0.003 0.009
2026-10-08 06:57:12,362 54 INFO bench werkzeug: 127.0.0.1 - - [08/Oct/2026 06:57:12] "POST /json/2/res.partner/search_read HTTP/1.1" 200 - 4 0.002 0.008
2026-10-08 06:57:12,395 54 INFO bench werkzeug: 127.0.0.1 - - [08/Oct/2026 06:57:12] "POST /json/2/purchase.order.line/search_read HTTP/1.1" 200 - 7 0.004 0.011
2026-10-08 06:57:12,426 54 INFO bench werkzeug: 127.0.0.1 - - [08/Oct/2026 06:57:12] "POST /json/2/purchase.order/search_read HTTP/1.1" 200 - 4 0.002 0.008
2026-10-08 06:57:12,457 54 INFO bench werkzeug: 127.0.0.1 - - [08/Oct/2026 06:57:12] "POST /json/2/stock.move/search_read HTTP/1.1" 200 - 7 0.004 0.011
2026-10-08 06:57:12,494 54 INFO bench werkzeug: 127.0.0.1 - - [08/Oct/2026 06:57:12] "POST /json/2/stock.move/search_read HTTP/1.1" 200 - 12 0.007 0.014
2026-10-08 06:58:51,213 54 INFO bench werkzeug: 127.0.0.1 - - [08/Oct/2026 06:58:51] "POST /json/2/res.partner/search_read HTTP/1.1" 200 - 4 0.003 0.008
2026-10-08 06:58:51,245 54 INFO bench werkzeug: 127.0.0.1 - - [08/Oct/2026 06:58:51] "POST /json/2/purchase.order.line/search_read HTTP/1.1" 200 - 7 0.005 0.009
2026-10-08 06:58:51,284 54 INFO bench werkzeug: 127.0.0.1 - - [08/Oct/2026 06:58:51] "POST /json/2/product.product/search_read HTTP/1.1" 200 - 12 0.008 0.014
2026-10-08 06:58:51,319 54 INFO bench werkzeug: 127.0.0.1 - - [08/Oct/2026 06:58:51] "POST /json/2/purchase.order.line/search_read HTTP/1.1" 200 - 7 0.005 0.011
2026-10-08 06:58:51,350 54 INFO bench werkzeug: 127.0.0.1 - - [08/Oct/2026 06:58:51] "POST /json/2/stock.move/search_read HTTP/1.1" 200 - 7 0.004 0.010
2026-10-08 06:58:51,394 54 INFO bench werkzeug: 127.0.0.1 - - [08/Oct/2026 06:58:51] "POST /json/2/mrp.production/fields_get HTTP/1.1" 200 - 17 0.009 0.018
2026-10-08 06:58:51,431 54 INFO bench werkzeug: 127.0.0.1 - - [08/Oct/2026 06:58:51] "POST /json/2/mrp.workorder/fields_get HTTP/1.1" 200 - 11 0.006 0.014
2026-10-08 06:59:55,630 54 INFO bench werkzeug: 127.0.0.1 - - [08/Oct/2026 06:59:55] "POST /json/2/mrp.production/search_read HTTP/1.1" 200 - 4 0.002 0.006
2026-10-08 06:59:55,655 54 INFO bench werkzeug: 127.0.0.1 - - [08/Oct/2026 06:59:55] "POST /json/2/purchase.order/search_read HTTP/1.1" 200 - 5 0.002 0.007
2026-10-08 06:59:55,682 54 INFO bench werkzeug: 127.0.0.1 - - [08/Oct/2026 06:59:55] "POST /json/2/purchase.order.line/search_read HTTP/1.1" 200 - 7 0.003 0.008
2026-10-08 06:59:55,712 54 INFO bench werkzeug: 127.0.0.1 - - [08/Oct/2026 06:59:55] "POST /json/2/product.supplierinfo/search_read HTTP/1.1" 200 - 6 0.002 0.008
2026-10-08 06:59:55,733 54 INFO bench werkzeug: 127.0.0.1 - - [08/Oct/2026 06:59:55] "POST /json/2/mrp.workcenter/search_read HTTP/1.1" 200 - 3 0.001 0.005
2026-10-08 06:59:55,756 54 INFO bench werkzeug: 127.0.0.1 - - [08/Oct/2026 06:59:55] "POST /json/2/mrp.workorder/search_read HTTP/1.1" 200 - 5 0.003 0.007
2026-10-08 06:59:55,791 54 INFO bench werkzeug: 127.0.0.1 - - [08/Oct/2026 06:59:55] "POST /json/2/product.product/search_read HTTP/1.1" 200 - 12 0.006 0.016
2026-10-08 07:01:52,716 54 INFO bench werkzeug: 127.0.0.1 - - [08/Oct/2026 07:01:52] "POST /json/2/product.supplierinfo/search_read HTTP/1.1" 200 - 6 0.004 0.012
2026-10-08 07:01:52,746 54 INFO bench werkzeug: 127.0.0.1 - - [08/Oct/2026 07:01:52] "POST /json/2/purchase.order/search_read HTTP/1.1" 200 - 5 0.003 0.010
2026-10-08 07:01:52,772 54 INFO bench werkzeug: 127.0.0.1 - - [08/Oct/2026 07:01:52] "POST /json/2/mrp.workorder/search_read HTTP/1.1" 200 - 5 0.003 0.007
2026-10-08 07:01:52,809 54 INFO bench werkzeug: 127.0.0.1 - - [08/Oct/2026 07:01:52] "POST /json/2/purchase.order/fields_get HTTP/1.1" 200 - 11 0.005 0.013
2026-10-08 07:01:52,837 54 INFO bench werkzeug: 127.0.0.1 - - [08/Oct/2026 07:01:52] "POST /json/2/purchase.order.line/fields_get HTTP/1.1" 200 - 3 0.002 0.010
2026-10-08 07:01:52,865 54 INFO bench werkzeug: 127.0.0.1 - - [08/Oct/2026 07:01:52] "POST /json/2/mrp.production/fields_get HTTP/1.1" 200 - 3 0.002 0.011
2026-10-08 07:01:52,890 54 INFO bench werkzeug: 127.0.0.1 - - [08/Oct/2026 07:01:52] "POST /json/2/mrp.workorder/fields_get HTTP/1.1" 200 - 2 0.001 0.008
2026-10-08 07:01:57,500 54 INFO bench odoo.addons.base.models.ir_cron: Job 'Payment: Post-process transactions' (15) starting 
2026-10-08 07:01:57,519 54 INFO bench odoo.addons.base.models.ir_cron: Job 'Payment: Post-process transactions' (15) fully done (#loop 1; done 0; remaining 0; duration 0.02s) 
2026-10-08 07:06:50,347 54 INFO bench odoo.models.unlink: User #2 deleted resource.calendar.leaves records with IDs: [2, 4, 5] 
2026-10-08 07:06:50,382 54 INFO bench odoo.models.unlink: User #2 deleted stock.move.line records with IDs: [67, 69, 70] 
2026-10-08 07:06:50,443 54 INFO bench werkzeug: 127.0.0.1 - - [08/Oct/2026 07:06:50] "POST /json/2/mrp.production/action_cancel HTTP/1.1" 200 - 141 0.059 0.068
2026-10-08 07:06:50,555 54 INFO bench odoo.models.unlink: User #2 deleted stock.move records with IDs: [130] 
2026-10-08 07:06:50,606 54 INFO bench odoo.models.unlink: User #2 deleted stock.move records with IDs: [131] 
2026-10-08 07:06:50,655 54 INFO bench odoo.models.unlink: User #2 deleted stock.move records with IDs: [132] 
2026-10-08 07:06:50,738 54 INFO bench werkzeug: 127.0.0.1 - - [08/Oct/2026 07:06:50] "POST /json/2/mrp.production/create HTTP/1.1" 200 - 299 0.115 0.165
2026-10-08 07:06:50,939 54 INFO bench werkzeug: 127.0.0.1 - - [08/Oct/2026 07:06:50] "POST /json/2/mrp.production/action_confirm HTTP/1.1" 200 - 192 0.075 0.112
2026-10-08 07:06:50,963 54 INFO bench werkzeug: 127.0.0.1 - - [08/Oct/2026 07:06:50] "POST /json/2/mrp.production/read HTTP/1.1" 200 - 4 0.002 0.006
2026-10-08 07:06:51,042 54 INFO bench werkzeug: 127.0.0.1 - - [08/Oct/2026 07:06:51] "POST /json/2/mrp.workorder/write HTTP/1.1" 200 - 58 0.023 0.041
2026-10-08 07:06:51,115 54 INFO bench werkzeug: 127.0.0.1 - - [08/Oct/2026 07:06:51] "POST /json/2/mrp.workorder/write HTTP/1.1" 200 - 51 0.020 0.039
2026-10-08 07:06:51,185 54 INFO bench werkzeug: 127.0.0.1 - - [08/Oct/2026 07:06:51] "POST /json/2/mrp.workorder/write HTTP/1.1" 200 - 51 0.020 0.038
2026-10-08 07:06:51,217 54 INFO bench werkzeug: 127.0.0.1 - - [08/Oct/2026 07:06:51] "POST /json/2/purchase.order/write HTTP/1.1" 200 - 12 0.005 0.013
2026-10-08 07:06:51,240 54 INFO bench werkzeug: 127.0.0.1 - - [08/Oct/2026 07:06:51] "POST /json/2/purchase.order.line/search HTTP/1.1" 200 - 3 0.002 0.005
2026-10-08 07:06:51,400 54 INFO bench odoo.models.unlink: User #2 deleted stock.move records with IDs: [146] 
2026-10-08 07:06:51,433 54 INFO bench werkzeug: 127.0.0.1 - - [08/Oct/2026 07:06:51] "POST /json/2/purchase.order.line/write HTTP/1.1" 200 - 172 0.069 0.109
2026-10-08 07:06:51,487 54 INFO bench werkzeug: 127.0.0.1 - - [08/Oct/2026 07:06:51] "POST /json/2/purchase.order/create HTTP/1.1" 200 - 36 0.014 0.024
2026-10-08 07:06:51,559 54 INFO bench werkzeug: 127.0.0.1 - - [08/Oct/2026 07:06:51] "POST /json/2/purchase.order.line/create HTTP/1.1" 200 - 53 0.021 0.037
2026-10-08 07:06:51,690 54 INFO bench werkzeug: 127.0.0.1 - - [08/Oct/2026 07:06:51] "POST /json/2/purchase.order/button_confirm HTTP/1.1" 200 - 137 0.051 0.068
2026-10-08 07:06:51,718 54 INFO bench werkzeug: 127.0.0.1 - - [08/Oct/2026 07:06:51] "POST /json/2/mrp.production/read HTTP/1.1" 200 - 3 0.002 0.005
2026-10-08 07:06:51,737 54 INFO bench werkzeug: 127.0.0.1 - - [08/Oct/2026 07:06:51] "POST /json/2/purchase.order/search_read HTTP/1.1" 200 - 3 0.001 0.005
2026-10-08 07:06:51,764 54 INFO bench werkzeug: 127.0.0.1 - - [08/Oct/2026 07:06:51] "POST /json/2/purchase.order/write HTTP/1.1" 200 - 5 0.002 0.010
2026-10-08 07:06:51,788 54 INFO bench werkzeug: 127.0.0.1 - - [08/Oct/2026 07:06:51] "POST /json/2/purchase.order/write HTTP/1.1" 200 - 5 0.002 0.009
2026-10-08 07:06:51,813 54 INFO bench werkzeug: 127.0.0.1 - - [08/Oct/2026 07:06:51] "POST /json/2/purchase.order/write HTTP/1.1" 200 - 5 0.002 0.010
2026-10-08 07:06:51,840 54 INFO bench werkzeug: 127.0.0.1 - - [08/Oct/2026 07:06:51] "POST /json/2/purchase.order/write HTTP/1.1" 200 - 5 0.002 0.009
2026-10-08 07:06:51,864 54 INFO bench werkzeug: 127.0.0.1 - - [08/Oct/2026 07:06:51] "POST /json/2/purchase.order/write HTTP/1.1" 200 - 5 0.002 0.009
2026-10-08 07:06:51,892 54 INFO bench werkzeug: 127.0.0.1 - - [08/Oct/2026 07:06:51] "POST /json/2/purchase.order/write HTTP/1.1" 200 - 5 0.002 0.010
2026-10-08 07:06:51,915 54 INFO bench werkzeug: 127.0.0.1 - - [08/Oct/2026 07:06:51] "POST /json/2/purchase.order/write HTTP/1.1" 200 - 5 0.002 0.009
2026-10-08 07:06:51,942 54 INFO bench werkzeug: 127.0.0.1 - - [08/Oct/2026 07:06:51] "POST /json/2/purchase.order/write HTTP/1.1" 200 - 5 0.002 0.010
2026-10-08 07:06:51,969 54 INFO bench werkzeug: 127.0.0.1 - - [08/Oct/2026 07:06:51] "POST /json/2/purchase.order/write HTTP/1.1" 200 - 5 0.002 0.009
2026-10-08 07:06:51,994 54 INFO bench werkzeug: 127.0.0.1 - - [08/Oct/2026 07:06:51] "POST /json/2/purchase.order/write HTTP/1.1" 200 - 5 0.002 0.009
2026-10-08 07:06:52,028 54 INFO bench werkzeug: 127.0.0.1 - - [08/Oct/2026 07:06:52] "POST /json/2/purchase.order/write HTTP/1.1" 200 - 5 0.003 0.010
2026-10-08 07:06:52,054 54 INFO bench werkzeug: 127.0.0.1 - - [08/Oct/2026 07:06:52] "POST /json/2/purchase.order/write HTTP/1.1" 200 - 5 0.002 0.010
2026-10-08 07:06:52,081 54 INFO bench werkzeug: 127.0.0.1 - - [08/Oct/2026 07:06:52] "POST /json/2/purchase.order/write HTTP/1.1" 200 - 5 0.002 0.009
2026-10-08 07:06:52,107 54 INFO bench werkzeug: 127.0.0.1 - - [08/Oct/2026 07:06:52] "POST /json/2/purchase.order/write HTTP/1.1" 200 - 5 0.002 0.010
2026-10-08 07:06:52,132 54 INFO bench werkzeug: 127.0.0.1 - - [08/Oct/2026 07:06:52] "POST /json/2/purchase.order/write HTTP/1.1" 200 - 5 0.002 0.010
2026-10-08 07:06:52,157 54 INFO bench werkzeug: 127.0.0.1 - - [08/Oct/2026 07:06:52] "POST /json/2/purchase.order/write HTTP/1.1" 200 - 5 0.002 0.010
2026-10-08 07:06:52,176 54 INFO bench werkzeug: 127.0.0.1 - - [08/Oct/2026 07:06:52] "POST /json/2/mrp.production/read HTTP/1.1" 200 - 3 0.002 0.005
2026-10-08 07:06:52,196 54 INFO bench werkzeug: 127.0.0.1 - - [08/Oct/2026 07:06:52] "POST /json/2/mrp.production/read HTTP/1.1" 200 - 4 0.002 0.006
2026-10-08 07:06:52,219 54 INFO bench werkzeug: 127.0.0.1 - - [08/Oct/2026 07:06:52] "POST /json/2/mrp.workorder/search_read HTTP/1.1" 200 - 5 0.002 0.006
2026-10-08 07:06:52,239 54 INFO bench werkzeug: 127.0.0.1 - - [08/Oct/2026 07:06:52] "POST /json/2/purchase.order/read HTTP/1.1" 200 - 4 0.002 0.005
2026-10-08 07:06:52,260 54 INFO bench werkzeug: 127.0.0.1 - - [08/Oct/2026 07:06:52] "POST /json/2/purchase.order.line/read HTTP/1.1" 200 - 3 0.001 0.005
2026-10-08 07:06:52,282 54 INFO bench werkzeug: 127.0.0.1 - - [08/Oct/2026 07:06:52] "POST /json/2/purchase.order/read HTTP/1.1" 200 - 4 0.002 0.006
2026-10-08 07:07:43,636 54 INFO bench werkzeug: 127.0.0.1 - - [08/Oct/2026 07:07:43] "POST /json/2/sale.order/search_read HTTP/1.1" 200 - 3 0.002 0.006
2026-10-08 07:07:43,657 54 INFO bench werkzeug: 127.0.0.1 - - [08/Oct/2026 07:07:43] "POST /json/2/mrp.production/search_read HTTP/1.1" 200 - 4 0.002 0.005
2026-10-08 07:07:43,678 54 INFO bench werkzeug: 127.0.0.1 - - [08/Oct/2026 07:07:43] "POST /json/2/mrp.workorder/search_read HTTP/1.1" 200 - 5 0.002 0.006
2026-10-08 07:07:43,702 54 INFO bench werkzeug: 127.0.0.1 - - [08/Oct/2026 07:07:43] "POST /json/2/purchase.order/search_read HTTP/1.1" 200 - 5 0.002 0.006
2026-10-08 07:07:43,722 54 INFO bench werkzeug: 127.0.0.1 - - [08/Oct/2026 07:07:43] "POST /json/2/purchase.order.line/search_read HTTP/1.1" 200 - 4 0.002 0.006
2026-10-08 07:07:43,742 54 INFO bench werkzeug: 127.0.0.1 - - [08/Oct/2026 07:07:43] "POST /json/2/purchase.order/search_read HTTP/1.1" 200 - 3 0.002 0.006
2026-10-08 07:07:43,767 54 INFO bench werkzeug: 127.0.0.1 - - [08/Oct/2026 07:07:43] "POST /json/2/purchase.order.line/search_read HTTP/1.1" 200 - 7 0.003 0.008
2026-10-08 07:09:07,909 54 INFO bench werkzeug: 127.0.0.1 - - [08/Oct/2026 07:09:07] "GET /web/database/selector HTTP/1.1" 200 - 5 0.004 0.314
2026-10-08 07:09:08,229 54 INFO bench werkzeug: 127.0.0.1 - - [08/Oct/2026 07:09:08] "GET /web/database/selector HTTP/1.1" 200 - 5 0.003 0.311
2026-10-08 07:09:08,385 54 INFO bench werkzeug: 127.0.0.1 - - [08/Oct/2026 07:09:08] "POST /json/2/res.users/context_get HTTP/1.1" 200 - 4 0.002 0.006
2026-10-08 07:09:08,408 54 INFO bench werkzeug: 127.0.0.1 - - [08/Oct/2026 07:09:08] "POST /json/2/res.partner/search HTTP/1.1" 200 - 4 0.003 0.006
2026-10-08 07:09:08,431 54 INFO bench werkzeug: 127.0.0.1 - - [08/Oct/2026 07:09:08] "POST /json/2/product.product/search HTTP/1.1" 200 - 4 0.002 0.006
2026-10-08 07:09:08,452 54 INFO bench werkzeug: 127.0.0.1 - - [08/Oct/2026 07:09:08] "POST /json/2/sale.order/search HTTP/1.1" 200 - 3 0.001 0.005
2026-10-08 07:09:08,474 54 INFO bench werkzeug: 127.0.0.1 - - [08/Oct/2026 07:09:08] "POST /json/2/sale.order.line/search_read HTTP/1.1" 200 - 3 0.001 0.005
2026-10-08 07:09:08,496 54 INFO bench werkzeug: 127.0.0.1 - - [08/Oct/2026 07:09:08] "POST /json/2/res.partner/search HTTP/1.1" 200 - 4 0.003 0.006
2026-10-08 07:09:08,517 54 INFO bench werkzeug: 127.0.0.1 - - [08/Oct/2026 07:09:08] "POST /json/2/sale.order/search HTTP/1.1" 200 - 3 0.001 0.005
2026-10-08 07:09:08,538 54 INFO bench werkzeug: 127.0.0.1 - - [08/Oct/2026 07:09:08] "POST /json/2/sale.order.line/search_read HTTP/1.1" 200 - 3 0.002 0.005
2026-10-08 07:09:08,560 54 INFO bench werkzeug: 127.0.0.1 - - [08/Oct/2026 07:09:08] "POST /json/2/res.partner/search HTTP/1.1" 200 - 4 0.002 0.006
2026-10-08 07:09:08,579 54 INFO bench werkzeug: 127.0.0.1 - - [08/Oct/2026 07:09:08] "POST /json/2/sale.order/search HTTP/1.1" 200 - 3 0.001 0.005
2026-10-08 07:09:08,600 54 INFO bench werkzeug: 127.0.0.1 - - [08/Oct/2026 07:09:08] "POST /json/2/sale.order.line/search_read HTTP/1.1" 200 - 3 0.002 0.005
2026-10-08 07:09:08,623 54 INFO bench werkzeug: 127.0.0.1 - - [08/Oct/2026 07:09:08] "POST /json/2/res.partner/search HTTP/1.1" 200 - 4 0.002 0.006
2026-10-08 07:09:08,644 54 INFO bench werkzeug: 127.0.0.1 - - [08/Oct/2026 07:09:08] "POST /json/2/sale.order/search HTTP/1.1" 200 - 3 0.002 0.005
2026-10-08 07:09:08,669 54 INFO bench werkzeug: 127.0.0.1 - - [08/Oct/2026 07:09:08] "POST /json/2/sale.order.line/search_read HTTP/1.1" 200 - 3 0.002 0.005
2026-10-08 07:09:08,691 54 INFO bench werkzeug: 127.0.0.1 - - [08/Oct/2026 07:09:08] "POST /json/2/res.partner/search HTTP/1.1" 200 - 4 0.002 0.006
2026-10-08 07:09:08,712 54 INFO bench werkzeug: 127.0.0.1 - - [08/Oct/2026 07:09:08] "POST /json/2/sale.order/search HTTP/1.1" 200 - 3 0.001 0.005
2026-10-08 07:09:08,732 54 INFO bench werkzeug: 127.0.0.1 - - [08/Oct/2026 07:09:08] "POST /json/2/sale.order.line/search_read HTTP/1.1" 200 - 3 0.002 0.005
2026-10-08 07:09:08,756 54 INFO bench werkzeug: 127.0.0.1 - - [08/Oct/2026 07:09:08] "POST /json/2/res.partner/search HTTP/1.1" 200 - 4 0.002 0.006
2026-10-08 07:09:08,776 54 INFO bench werkzeug: 127.0.0.1 - - [08/Oct/2026 07:09:08] "POST /json/2/sale.order/search HTTP/1.1" 200 - 3 0.002 0.005
2026-10-08 07:09:08,797 54 INFO bench werkzeug: 127.0.0.1 - - [08/Oct/2026 07:09:08] "POST /json/2/sale.order.line/search_read HTTP/1.1" 200 - 3 0.002 0.005
2026-10-08 07:09:08,820 54 INFO bench werkzeug: 127.0.0.1 - - [08/Oct/2026 07:09:08] "POST /json/2/res.partner/search HTTP/1.1" 200 - 4 0.002 0.006
2026-10-08 07:09:08,839 54 INFO bench werkzeug: 127.0.0.1 - - [08/Oct/2026 07:09:08] "POST /json/2/sale.order/search HTTP/1.1" 200 - 3 0.001 0.005
2026-10-08 07:09:08,860 54 INFO bench werkzeug: 127.0.0.1 - - [08/Oct/2026 07:09:08] "POST /json/2/sale.order.line/search_read HTTP/1.1" 200 - 3 0.002 0.005
2026-10-08 07:09:08,881 54 INFO bench werkzeug: 127.0.0.1 - - [08/Oct/2026 07:09:08] "POST /json/2/res.partner/search HTTP/1.1" 200 - 4 0.002 0.006
2026-10-08 07:09:08,903 54 INFO bench werkzeug: 127.0.0.1 - - [08/Oct/2026 07:09:08] "POST /json/2/sale.order/search HTTP/1.1" 200 - 3 0.002 0.005
2026-10-08 07:09:08,923 54 INFO bench werkzeug: 127.0.0.1 - - [08/Oct/2026 07:09:08] "POST /json/2/sale.order.line/search_read HTTP/1.1" 200 - 3 0.001 0.005
2026-10-08 07:09:08,952 54 INFO bench werkzeug: 127.0.0.1 - - [08/Oct/2026 07:09:08] "POST /json/2/res.partner/search HTTP/1.1" 200 - 4 0.002 0.006
2026-10-08 07:09:08,972 54 INFO bench werkzeug: 127.0.0.1 - - [08/Oct/2026 07:09:08] "POST /json/2/sale.order/search HTTP/1.1" 200 - 3 0.002 0.005
2026-10-08 07:09:08,993 54 INFO bench werkzeug: 127.0.0.1 - - [08/Oct/2026 07:09:08] "POST /json/2/sale.order.line/search_read HTTP/1.1" 200 - 3 0.002 0.005
2026-10-08 07:09:09,014 54 INFO bench werkzeug: 127.0.0.1 - - [08/Oct/2026 07:09:09] "POST /json/2/res.partner/search HTTP/1.1" 200 - 4 0.002 0.006
2026-10-08 07:09:09,034 54 INFO bench werkzeug: 127.0.0.1 - - [08/Oct/2026 07:09:09] "POST /json/2/sale.order/search HTTP/1.1" 200 - 3 0.001 0.005
2026-10-08 07:09:09,055 54 INFO bench werkzeug: 127.0.0.1 - - [08/Oct/2026 07:09:09] "POST /json/2/sale.order.line/search_read HTTP/1.1" 200 - 3 0.001 0.005
2026-10-08 07:09:09,079 54 INFO bench werkzeug: 127.0.0.1 - - [08/Oct/2026 07:09:09] "POST /json/2/res.partner/search HTTP/1.1" 200 - 4 0.002 0.006
2026-10-08 07:09:09,099 54 INFO bench werkzeug: 127.0.0.1 - - [08/Oct/2026 07:09:09] "POST /json/2/sale.order/search HTTP/1.1" 200 - 3 0.002 0.005
2026-10-08 07:09:09,117 54 INFO bench werkzeug: 127.0.0.1 - - [08/Oct/2026 07:09:09] "POST /json/2/sale.order.line/search_read HTTP/1.1" 200 - 3 0.001 0.005
2026-10-08 07:09:09,141 54 INFO bench werkzeug: 127.0.0.1 - - [08/Oct/2026 07:09:09] "POST /json/2/res.partner/search HTTP/1.1" 200 - 4 0.002 0.006
2026-10-08 07:09:09,162 54 INFO bench werkzeug: 127.0.0.1 - - [08/Oct/2026 07:09:09] "POST /json/2/sale.order/search HTTP/1.1" 200 - 3 0.002 0.005
2026-10-08 07:09:09,182 54 INFO bench werkzeug: 127.0.0.1 - - [08/Oct/2026 07:09:09] "POST /json/2/sale.order.line/search_read HTTP/1.1" 200 - 3 0.002 0.005
2026-10-08 07:09:09,206 54 INFO bench werkzeug: 127.0.0.1 - - [08/Oct/2026 07:09:09] "POST /json/2/sale.order/search HTTP/1.1" 200 - 3 0.001 0.005
2026-10-08 07:09:09,408 54 INFO bench werkzeug: 127.0.0.1 - - [08/Oct/2026 07:09:09] "GET /doc-bearer/sale.order.json HTTP/1.1" 200 - 26 0.009 0.180
2026-10-08 07:09:09,429 54 INFO bench werkzeug: 127.0.0.1 - - [08/Oct/2026 07:09:09] "POST /json/2/sale.order/read HTTP/1.1" 200 - 3 0.001 0.005
2026-10-08 07:09:09,450 54 INFO bench werkzeug: 127.0.0.1 - - [08/Oct/2026 07:09:09] "POST /json/2/sale.order.line/search HTTP/1.1" 200 - 3 0.002 0.005
2026-10-08 07:09:09,471 54 INFO bench werkzeug: 127.0.0.1 - - [08/Oct/2026 07:09:09] "POST /json/2/stock.move/search HTTP/1.1" 200 - 3 0.002 0.005
2026-10-08 07:09:09,492 54 INFO bench werkzeug: 127.0.0.1 - - [08/Oct/2026 07:09:09] "POST /json/2/sale.order/search HTTP/1.1" 200 - 3 0.002 0.005
2026-10-08 07:09:09,666 54 INFO bench werkzeug: 127.0.0.1 - - [08/Oct/2026 07:09:09] "GET /doc-bearer/sale.order.json HTTP/1.1" 200 - 7 0.003 0.158
2026-10-08 07:09:09,692 54 INFO bench werkzeug: 127.0.0.1 - - [08/Oct/2026 07:09:09] "POST /json/2/sale.order/read HTTP/1.1" 200 - 3 0.001 0.005
2026-10-08 07:09:09,712 54 INFO bench werkzeug: 127.0.0.1 - - [08/Oct/2026 07:09:09] "POST /json/2/sale.order.line/search HTTP/1.1" 200 - 3 0.001 0.005
2026-10-08 07:09:09,731 54 INFO bench werkzeug: 127.0.0.1 - - [08/Oct/2026 07:09:09] "POST /json/2/stock.move/search HTTP/1.1" 200 - 3 0.001 0.005
2026-10-08 07:09:09,752 54 INFO bench werkzeug: 127.0.0.1 - - [08/Oct/2026 07:09:09] "POST /json/2/sale.order/search HTTP/1.1" 200 - 3 0.001 0.005
2026-10-08 07:09:09,937 54 INFO bench werkzeug: 127.0.0.1 - - [08/Oct/2026 07:09:09] "GET /doc-bearer/sale.order.json HTTP/1.1" 200 - 7 0.003 0.169
2026-10-08 07:09:09,960 54 INFO bench werkzeug: 127.0.0.1 - - [08/Oct/2026 07:09:09] "POST /json/2/sale.order/read HTTP/1.1" 200 - 3 0.001 0.005
2026-10-08 07:09:09,980 54 INFO bench werkzeug: 127.0.0.1 - - [08/Oct/2026 07:09:09] "POST /json/2/sale.order.line/search HTTP/1.1" 200 - 3 0.001 0.005
2026-10-08 07:09:10,001 54 INFO bench werkzeug: 127.0.0.1 - - [08/Oct/2026 07:09:10] "POST /json/2/stock.move/search HTTP/1.1" 200 - 3 0.001 0.005
2026-10-08 07:09:10,023 54 INFO bench werkzeug: 127.0.0.1 - - [08/Oct/2026 07:09:10] "POST /json/2/sale.order/search HTTP/1.1" 200 - 3 0.001 0.005
2026-10-08 07:09:10,222 54 INFO bench werkzeug: 127.0.0.1 - - [08/Oct/2026 07:09:10] "GET /doc-bearer/sale.order.json HTTP/1.1" 200 - 7 0.003 0.182
2026-10-08 07:09:10,245 54 INFO bench werkzeug: 127.0.0.1 - - [08/Oct/2026 07:09:10] "POST /json/2/sale.order/read HTTP/1.1" 200 - 3 0.002 0.006
2026-10-08 07:09:10,265 54 INFO bench werkzeug: 127.0.0.1 - - [08/Oct/2026 07:09:10] "POST /json/2/sale.order.line/search HTTP/1.1" 200 - 3 0.002 0.005
2026-10-08 07:09:10,286 54 INFO bench werkzeug: 127.0.0.1 - - [08/Oct/2026 07:09:10] "POST /json/2/stock.move/search HTTP/1.1" 200 - 3 0.001 0.005
2026-10-08 07:09:10,306 54 INFO bench werkzeug: 127.0.0.1 - - [08/Oct/2026 07:09:10] "POST /json/2/sale.order/search HTTP/1.1" 200 - 3 0.002 0.005
2026-10-08 07:09:10,481 54 INFO bench werkzeug: 127.0.0.1 - - [08/Oct/2026 07:09:10] "GET /doc-bearer/sale.order.json HTTP/1.1" 200 - 7 0.003 0.158
2026-10-08 07:09:10,505 54 INFO bench werkzeug: 127.0.0.1 - - [08/Oct/2026 07:09:10] "POST /json/2/sale.order/read HTTP/1.1" 200 - 3 0.001 0.006
2026-10-08 07:09:10,525 54 INFO bench werkzeug: 127.0.0.1 - - [08/Oct/2026 07:09:10] "POST /json/2/sale.order.line/search HTTP/1.1" 200 - 3 0.002 0.005
2026-10-08 07:09:10,545 54 INFO bench werkzeug: 127.0.0.1 - - [08/Oct/2026 07:09:10] "POST /json/2/stock.move/search HTTP/1.1" 200 - 3 0.002 0.005
2026-10-08 07:09:10,566 54 INFO bench werkzeug: 127.0.0.1 - - [08/Oct/2026 07:09:10] "POST /json/2/sale.order/search HTTP/1.1" 200 - 3 0.002 0.005
2026-10-08 07:09:10,759 54 INFO bench werkzeug: 127.0.0.1 - - [08/Oct/2026 07:09:10] "GET /doc-bearer/sale.order.json HTTP/1.1" 200 - 7 0.003 0.174
2026-10-08 07:09:10,784 54 INFO bench werkzeug: 127.0.0.1 - - [08/Oct/2026 07:09:10] "POST /json/2/sale.order/read HTTP/1.1" 200 - 3 0.002 0.005
2026-10-08 07:09:10,804 54 INFO bench werkzeug: 127.0.0.1 - - [08/Oct/2026 07:09:10] "POST /json/2/sale.order.line/search HTTP/1.1" 200 - 3 0.001 0.005
2026-10-08 07:09:10,824 54 INFO bench werkzeug: 127.0.0.1 - - [08/Oct/2026 07:09:10] "POST /json/2/stock.move/search HTTP/1.1" 200 - 3 0.001 0.005
2026-10-08 07:09:10,846 54 INFO bench werkzeug: 127.0.0.1 - - [08/Oct/2026 07:09:10] "POST /json/2/sale.order/search HTTP/1.1" 200 - 3 0.002 0.005
2026-10-08 07:09:11,031 54 INFO bench werkzeug: 127.0.0.1 - - [08/Oct/2026 07:09:11] "GET /doc-bearer/sale.order.json HTTP/1.1" 200 - 7 0.003 0.169
2026-10-08 07:09:11,055 54 INFO bench werkzeug: 127.0.0.1 - - [08/Oct/2026 07:09:11] "POST /json/2/sale.order/read HTTP/1.1" 200 - 3 0.001 0.005
2026-10-08 07:09:11,074 54 INFO bench werkzeug: 127.0.0.1 - - [08/Oct/2026 07:09:11] "POST /json/2/sale.order.line/search HTTP/1.1" 200 - 3 0.001 0.005
2026-10-08 07:09:11,096 54 INFO bench werkzeug: 127.0.0.1 - - [08/Oct/2026 07:09:11] "POST /json/2/stock.move/search HTTP/1.1" 200 - 3 0.002 0.005
2026-10-08 07:09:11,117 54 INFO bench werkzeug: 127.0.0.1 - - [08/Oct/2026 07:09:11] "POST /json/2/sale.order/search HTTP/1.1" 200 - 3 0.002 0.005
2026-10-08 07:09:11,313 54 INFO bench werkzeug: 127.0.0.1 - - [08/Oct/2026 07:09:11] "GET /doc-bearer/sale.order.json HTTP/1.1" 200 - 7 0.003 0.180
2026-10-08 07:09:11,341 54 INFO bench werkzeug: 127.0.0.1 - - [08/Oct/2026 07:09:11] "POST /json/2/sale.order/read HTTP/1.1" 200 - 3 0.002 0.005
2026-10-08 07:09:11,361 54 INFO bench werkzeug: 127.0.0.1 - - [08/Oct/2026 07:09:11] "POST /json/2/sale.order.line/search HTTP/1.1" 200 - 3 0.001 0.005
2026-10-08 07:09:11,380 54 INFO bench werkzeug: 127.0.0.1 - - [08/Oct/2026 07:09:11] "POST /json/2/stock.move/search HTTP/1.1" 200 - 3 0.001 0.005
2026-10-08 07:09:11,400 54 INFO bench werkzeug: 127.0.0.1 - - [08/Oct/2026 07:09:11] "POST /json/2/sale.order/search HTTP/1.1" 200 - 3 0.001 0.005
2026-10-08 07:09:11,578 54 INFO bench werkzeug: 127.0.0.1 - - [08/Oct/2026 07:09:11] "GET /doc-bearer/sale.order.json HTTP/1.1" 200 - 7 0.003 0.161
2026-10-08 07:09:11,601 54 INFO bench werkzeug: 127.0.0.1 - - [08/Oct/2026 07:09:11] "POST /json/2/sale.order/read HTTP/1.1" 200 - 3 0.002 0.005
2026-10-08 07:09:11,622 54 INFO bench werkzeug: 127.0.0.1 - - [08/Oct/2026 07:09:11] "POST /json/2/sale.order.line/search HTTP/1.1" 200 - 3 0.001 0.005
2026-10-08 07:09:11,642 54 INFO bench werkzeug: 127.0.0.1 - - [08/Oct/2026 07:09:11] "POST /json/2/stock.move/search HTTP/1.1" 200 - 3 0.002 0.005
2026-10-08 07:09:11,662 54 INFO bench werkzeug: 127.0.0.1 - - [08/Oct/2026 07:09:11] "POST /json/2/sale.order/search HTTP/1.1" 200 - 3 0.001 0.005
2026-10-08 07:09:11,844 54 INFO bench werkzeug: 127.0.0.1 - - [08/Oct/2026 07:09:11] "GET /doc-bearer/sale.order.json HTTP/1.1" 200 - 7 0.004 0.165
2026-10-08 07:09:11,870 54 INFO bench werkzeug: 127.0.0.1 - - [08/Oct/2026 07:09:11] "POST /json/2/sale.order/read HTTP/1.1" 200 - 3 0.001 0.005
2026-10-08 07:09:11,891 54 INFO bench werkzeug: 127.0.0.1 - - [08/Oct/2026 07:09:11] "POST /json/2/sale.order.line/search HTTP/1.1" 200 - 3 0.001 0.005
2026-10-08 07:09:11,911 54 INFO bench werkzeug: 127.0.0.1 - - [08/Oct/2026 07:09:11] "POST /json/2/stock.move/search HTTP/1.1" 200 - 3 0.001 0.005
2026-10-08 07:09:11,932 54 INFO bench werkzeug: 127.0.0.1 - - [08/Oct/2026 07:09:11] "POST /json/2/sale.order/search HTTP/1.1" 200 - 3 0.002 0.005
2026-10-08 07:09:12,125 54 INFO bench werkzeug: 127.0.0.1 - - [08/Oct/2026 07:09:12] "GET /doc-bearer/sale.order.json HTTP/1.1" 200 - 7 0.003 0.177
2026-10-08 07:09:12,150 54 INFO bench werkzeug: 127.0.0.1 - - [08/Oct/2026 07:09:12] "POST /json/2/sale.order/read HTTP/1.1" 200 - 3 0.002 0.005
2026-10-08 07:09:12,170 54 INFO bench werkzeug: 127.0.0.1 - - [08/Oct/2026 07:09:12] "POST /json/2/sale.order.line/search HTTP/1.1" 200 - 3 0.001 0.005
2026-10-08 07:09:12,190 54 INFO bench werkzeug: 127.0.0.1 - - [08/Oct/2026 07:09:12] "POST /json/2/stock.move/search HTTP/1.1" 200 - 3 0.001 0.005
2026-10-08 07:09:12,210 54 INFO bench werkzeug: 127.0.0.1 - - [08/Oct/2026 07:09:12] "POST /json/2/sale.order/search HTTP/1.1" 200 - 3 0.001 0.005
2026-10-08 07:09:12,390 54 INFO bench werkzeug: 127.0.0.1 - - [08/Oct/2026 07:09:12] "GET /doc-bearer/sale.order.json HTTP/1.1" 200 - 7 0.004 0.162
2026-10-08 07:09:12,413 54 INFO bench werkzeug: 127.0.0.1 - - [08/Oct/2026 07:09:12] "POST /json/2/sale.order/read HTTP/1.1" 200 - 3 0.001 0.005
2026-10-08 07:09:12,434 54 INFO bench werkzeug: 127.0.0.1 - - [08/Oct/2026 07:09:12] "POST /json/2/sale.order.line/search HTTP/1.1" 200 - 3 0.001 0.005
2026-10-08 07:09:12,457 54 INFO bench werkzeug: 127.0.0.1 - - [08/Oct/2026 07:09:12] "POST /json/2/stock.move/search HTTP/1.1" 200 - 3 0.002 0.005
2026-10-08 07:09:12,481 54 INFO bench werkzeug: 127.0.0.1 - - [08/Oct/2026 07:09:12] "POST /json/2/sale.order/search HTTP/1.1" 200 - 3 0.002 0.005
2026-10-08 07:09:12,504 54 INFO bench werkzeug: 127.0.0.1 - - [08/Oct/2026 07:09:12] "POST /json/2/sale.order.line/search_read HTTP/1.1" 200 - 3 0.002 0.006
2026-10-08 07:09:12,526 54 INFO bench werkzeug: 127.0.0.1 - - [08/Oct/2026 07:09:12] "POST /json/2/sale.order/search HTTP/1.1" 200 - 3 0.001 0.005
2026-10-08 07:09:12,550 54 INFO bench werkzeug: 127.0.0.1 - - [08/Oct/2026 07:09:12] "POST /json/2/sale.order.line/search_read HTTP/1.1" 200 - 3 0.002 0.006
2026-10-08 07:09:12,571 54 INFO bench werkzeug: 127.0.0.1 - - [08/Oct/2026 07:09:12] "POST /json/2/sale.order/search HTTP/1.1" 200 - 3 0.002 0.005
2026-10-08 07:09:12,595 54 INFO bench werkzeug: 127.0.0.1 - - [08/Oct/2026 07:09:12] "POST /json/2/sale.order.line/search_read HTTP/1.1" 200 - 3 0.002 0.006
2026-10-08 07:09:12,620 54 INFO bench werkzeug: 127.0.0.1 - - [08/Oct/2026 07:09:12] "POST /json/2/sale.order/search HTTP/1.1" 200 - 3 0.002 0.005
2026-10-08 07:09:12,642 54 INFO bench werkzeug: 127.0.0.1 - - [08/Oct/2026 07:09:12] "POST /json/2/sale.order.line/search_read HTTP/1.1" 200 - 3 0.001 0.005
2026-10-08 07:09:12,666 54 INFO bench werkzeug: 127.0.0.1 - - [08/Oct/2026 07:09:12] "POST /json/2/sale.order/search HTTP/1.1" 200 - 3 0.001 0.005
2026-10-08 07:09:12,693 54 INFO bench werkzeug: 127.0.0.1 - - [08/Oct/2026 07:09:12] "POST /json/2/sale.order.line/search_read HTTP/1.1" 200 - 3 0.001 0.005
2026-10-08 07:09:12,716 54 INFO bench werkzeug: 127.0.0.1 - - [08/Oct/2026 07:09:12] "POST /json/2/sale.order/search HTTP/1.1" 200 - 3 0.001 0.005
2026-10-08 07:09:12,737 54 INFO bench werkzeug: 127.0.0.1 - - [08/Oct/2026 07:09:12] "POST /json/2/sale.order.line/search_read HTTP/1.1" 200 - 3 0.002 0.006
2026-10-08 07:09:12,759 54 INFO bench werkzeug: 127.0.0.1 - - [08/Oct/2026 07:09:12] "POST /json/2/sale.order/search HTTP/1.1" 200 - 3 0.001 0.005
2026-10-08 07:09:12,780 54 INFO bench werkzeug: 127.0.0.1 - - [08/Oct/2026 07:09:12] "POST /json/2/sale.order.line/search_read HTTP/1.1" 200 - 3 0.002 0.005
2026-10-08 07:09:12,803 54 INFO bench werkzeug: 127.0.0.1 - - [08/Oct/2026 07:09:12] "POST /json/2/sale.order/search HTTP/1.1" 200 - 3 0.002 0.006
2026-10-08 07:09:12,825 54 INFO bench werkzeug: 127.0.0.1 - - [08/Oct/2026 07:09:12] "POST /json/2/sale.order.line/search_read HTTP/1.1" 200 - 3 0.002 0.006
2026-10-08 07:09:12,848 54 INFO bench werkzeug: 127.0.0.1 - - [08/Oct/2026 07:09:12] "POST /json/2/sale.order/search HTTP/1.1" 200 - 3 0.002 0.006
2026-10-08 07:09:12,871 54 INFO bench werkzeug: 127.0.0.1 - - [08/Oct/2026 07:09:12] "POST /json/2/sale.order.line/search_read HTTP/1.1" 200 - 3 0.002 0.006
2026-10-08 07:09:12,894 54 INFO bench werkzeug: 127.0.0.1 - - [08/Oct/2026 07:09:12] "POST /json/2/sale.order/search HTTP/1.1" 200 - 3 0.001 0.006
2026-10-08 07:09:12,917 54 INFO bench werkzeug: 127.0.0.1 - - [08/Oct/2026 07:09:12] "POST /json/2/sale.order.line/search_read HTTP/1.1" 200 - 3 0.002 0.006
2026-10-08 07:09:12,942 54 INFO bench werkzeug: 127.0.0.1 - - [08/Oct/2026 07:09:12] "POST /json/2/sale.order/search HTTP/1.1" 200 - 3 0.002 0.005
2026-10-08 07:09:12,973 54 INFO bench werkzeug: 127.0.0.1 - - [08/Oct/2026 07:09:12] "POST /json/2/sale.order.line/search_read HTTP/1.1" 200 - 3 0.002 0.006
2026-10-08 07:09:12,997 54 INFO bench werkzeug: 127.0.0.1 - - [08/Oct/2026 07:09:12] "POST /json/2/sale.order/search HTTP/1.1" 200 - 3 0.002 0.006
2026-10-08 07:09:13,018 54 INFO bench werkzeug: 127.0.0.1 - - [08/Oct/2026 07:09:13] "POST /json/2/sale.order.line/search_read HTTP/1.1" 200 - 3 0.002 0.006
2026-10-08 07:09:13,041 54 INFO bench werkzeug: 127.0.0.1 - - [08/Oct/2026 07:09:13] "POST /json/2/sale.order/search HTTP/1.1" 200 - 3 0.002 0.005
2026-10-08 07:09:13,064 54 INFO bench werkzeug: 127.0.0.1 - - [08/Oct/2026 07:09:13] "POST /json/2/sale.order.line/search_read HTTP/1.1" 200 - 3 0.002 0.005
2026-10-08 07:09:13,086 54 INFO bench werkzeug: 127.0.0.1 - - [08/Oct/2026 07:09:13] "POST /json/2/sale.order/search HTTP/1.1" 200 - 3 0.002 0.006
2026-10-08 07:09:13,110 54 INFO bench werkzeug: 127.0.0.1 - - [08/Oct/2026 07:09:13] "POST /json/2/sale.order.line/search_read HTTP/1.1" 200 - 3 0.002 0.006
2026-10-08 07:09:13,133 54 INFO bench werkzeug: 127.0.0.1 - - [08/Oct/2026 07:09:13] "POST /json/2/sale.order/search HTTP/1.1" 200 - 3 0.001 0.005
2026-10-08 07:09:13,156 54 INFO bench werkzeug: 127.0.0.1 - - [08/Oct/2026 07:09:13] "POST /json/2/sale.order.line/search_read HTTP/1.1" 200 - 3 0.002 0.005
2026-10-08 07:09:13,181 54 INFO bench werkzeug: 127.0.0.1 - - [08/Oct/2026 07:09:13] "POST /json/2/sale.order/search HTTP/1.1" 200 - 3 0.002 0.005
2026-10-08 07:09:13,202 54 INFO bench werkzeug: 127.0.0.1 - - [08/Oct/2026 07:09:13] "POST /json/2/sale.order.line/search_read HTTP/1.1" 200 - 3 0.002 0.005
2026-10-08 07:09:13,225 54 INFO bench werkzeug: 127.0.0.1 - - [08/Oct/2026 07:09:13] "POST /json/2/sale.order/search HTTP/1.1" 200 - 3 0.001 0.005
2026-10-08 07:09:13,247 54 INFO bench werkzeug: 127.0.0.1 - - [08/Oct/2026 07:09:13] "POST /json/2/sale.order.line/search_read HTTP/1.1" 200 - 3 0.002 0.005
2026-10-08 07:09:13,269 54 INFO bench werkzeug: 127.0.0.1 - - [08/Oct/2026 07:09:13] "POST /json/2/sale.order/search HTTP/1.1" 200 - 3 0.002 0.006
2026-10-08 07:09:13,301 54 INFO bench werkzeug: 127.0.0.1 - - [08/Oct/2026 07:09:13] "POST /json/2/sale.order.line/search_read HTTP/1.1" 200 - 3 0.002 0.006
2026-10-08 07:09:13,325 54 INFO bench werkzeug: 127.0.0.1 - - [08/Oct/2026 07:09:13] "POST /json/2/sale.order/search HTTP/1.1" 200 - 3 0.001 0.005
2026-10-08 07:09:13,346 54 INFO bench werkzeug: 127.0.0.1 - - [08/Oct/2026 07:09:13] "POST /json/2/sale.order.line/search_read HTTP/1.1" 200 - 3 0.002 0.005
2026-10-08 07:09:13,369 54 INFO bench werkzeug: 127.0.0.1 - - [08/Oct/2026 07:09:13] "POST /json/2/sale.order/search HTTP/1.1" 200 - 3 0.002 0.005
2026-10-08 07:09:13,392 54 INFO bench werkzeug: 127.0.0.1 - - [08/Oct/2026 07:09:13] "POST /json/2/sale.order.line/search_read HTTP/1.1" 200 - 3 0.001 0.006
2026-10-08 07:09:13,415 54 INFO bench werkzeug: 127.0.0.1 - - [08/Oct/2026 07:09:13] "POST /json/2/sale.order/search HTTP/1.1" 200 - 3 0.002 0.006
2026-10-08 07:09:13,438 54 INFO bench werkzeug: 127.0.0.1 - - [08/Oct/2026 07:09:13] "POST /json/2/sale.order.line/search_read HTTP/1.1" 200 - 3 0.002 0.006
2026-10-08 07:09:13,461 54 INFO bench werkzeug: 127.0.0.1 - - [08/Oct/2026 07:09:13] "POST /json/2/sale.order/search HTTP/1.1" 200 - 3 0.002 0.006
2026-10-08 07:09:13,482 54 INFO bench werkzeug: 127.0.0.1 - - [08/Oct/2026 07:09:13] "POST /json/2/sale.order.line/search_read HTTP/1.1" 200 - 3 0.002 0.006
2026-10-08 07:09:13,505 54 INFO bench werkzeug: 127.0.0.1 - - [08/Oct/2026 07:09:13] "POST /json/2/sale.order/search HTTP/1.1" 200 - 3 0.001 0.005
2026-10-08 07:09:13,527 54 INFO bench werkzeug: 127.0.0.1 - - [08/Oct/2026 07:09:13] "POST /json/2/sale.order.line/search_read HTTP/1.1" 200 - 3 0.002 0.006
2026-10-08 07:09:13,550 54 INFO bench werkzeug: 127.0.0.1 - - [08/Oct/2026 07:09:13] "POST /json/2/sale.order/search HTTP/1.1" 200 - 3 0.002 0.006
2026-10-08 07:09:13,574 54 INFO bench werkzeug: 127.0.0.1 - - [08/Oct/2026 07:09:13] "POST /json/2/sale.order.line/search_read HTTP/1.1" 200 - 3 0.002 0.006
2026-10-08 07:09:13,606 54 INFO bench werkzeug: 127.0.0.1 - - [08/Oct/2026 07:09:13] "POST /json/2/sale.order/search HTTP/1.1" 200 - 3 0.002 0.005
2026-10-08 07:09:13,628 54 INFO bench werkzeug: 127.0.0.1 - - [08/Oct/2026 07:09:13] "POST /json/2/sale.order.line/search_read HTTP/1.1" 200 - 3 0.002 0.006
2026-10-08 07:09:13,651 54 INFO bench werkzeug: 127.0.0.1 - - [08/Oct/2026 07:09:13] "POST /json/2/sale.order/search HTTP/1.1" 200 - 3 0.002 0.006
2026-10-08 07:09:13,672 54 INFO bench werkzeug: 127.0.0.1 - - [08/Oct/2026 07:09:13] "POST /json/2/sale.order.line/search_read HTTP/1.1" 200 - 3 0.001 0.005
2026-10-08 07:09:13,696 54 INFO bench werkzeug: 127.0.0.1 - - [08/Oct/2026 07:09:13] "POST /json/2/sale.order/search HTTP/1.1" 200 - 3 0.002 0.006
2026-10-08 07:09:13,718 54 INFO bench werkzeug: 127.0.0.1 - - [08/Oct/2026 07:09:13] "POST /json/2/sale.order.line/search_read HTTP/1.1" 200 - 3 0.002 0.006
2026-10-08 07:09:13,742 54 INFO bench werkzeug: 127.0.0.1 - - [08/Oct/2026 07:09:13] "POST /json/2/sale.order/search HTTP/1.1" 200 - 3 0.002 0.007
2026-10-08 07:09:13,766 54 INFO bench werkzeug: 127.0.0.1 - - [08/Oct/2026 07:09:13] "POST /json/2/sale.order.line/search_read HTTP/1.1" 200 - 3 0.002 0.005
2026-10-08 07:09:13,789 54 INFO bench werkzeug: 127.0.0.1 - - [08/Oct/2026 07:09:13] "POST /json/2/sale.order/search HTTP/1.1" 200 - 3 0.001 0.006
2026-10-08 07:09:13,811 54 INFO bench werkzeug: 127.0.0.1 - - [08/Oct/2026 07:09:13] "POST /json/2/sale.order.line/search_read HTTP/1.1" 200 - 3 0.001 0.005
2026-10-08 07:09:13,833 54 INFO bench werkzeug: 127.0.0.1 - - [08/Oct/2026 07:09:13] "POST /json/2/sale.order/search HTTP/1.1" 200 - 3 0.002 0.005
2026-10-08 07:09:13,856 54 INFO bench werkzeug: 127.0.0.1 - - [08/Oct/2026 07:09:13] "POST /json/2/sale.order.line/search_read HTTP/1.1" 200 - 3 0.002 0.005
2026-10-08 07:09:13,883 54 INFO bench werkzeug: 127.0.0.1 - - [08/Oct/2026 07:09:13] "POST /json/2/sale.order/search HTTP/1.1" 200 - 3 0.002 0.006
2026-10-08 07:09:13,907 54 INFO bench werkzeug: 127.0.0.1 - - [08/Oct/2026 07:09:13] "POST /json/2/sale.order.line/search_read HTTP/1.1" 200 - 3 0.001 0.005
2026-10-08 07:09:13,931 54 INFO bench werkzeug: 127.0.0.1 - - [08/Oct/2026 07:09:13] "POST /json/2/sale.order/search HTTP/1.1" 200 - 3 0.002 0.006
2026-10-08 07:09:13,952 54 INFO bench werkzeug: 127.0.0.1 - - [08/Oct/2026 07:09:13] "POST /json/2/sale.order.line/search_read HTTP/1.1" 200 - 3 0.002 0.006
2026-10-08 07:09:13,975 54 INFO bench werkzeug: 127.0.0.1 - - [08/Oct/2026 07:09:13] "POST /json/2/sale.order/search HTTP/1.1" 200 - 3 0.001 0.005
2026-10-08 07:09:13,996 54 INFO bench werkzeug: 127.0.0.1 - - [08/Oct/2026 07:09:13] "POST /json/2/sale.order.line/search_read HTTP/1.1" 200 - 3 0.002 0.006
2026-10-08 07:09:14,018 54 INFO bench werkzeug: 127.0.0.1 - - [08/Oct/2026 07:09:14] "POST /json/2/sale.order/search HTTP/1.1" 200 - 3 0.001 0.005
2026-10-08 07:09:14,039 54 INFO bench werkzeug: 127.0.0.1 - - [08/Oct/2026 07:09:14] "POST /json/2/sale.order.line/search_read HTTP/1.1" 200 - 3 0.002 0.005
2026-10-08 07:09:14,060 54 INFO bench werkzeug: 127.0.0.1 - - [08/Oct/2026 07:09:14] "POST /json/2/sale.order/search HTTP/1.1" 200 - 3 0.001 0.006
2026-10-08 07:09:14,081 54 INFO bench werkzeug: 127.0.0.1 - - [08/Oct/2026 07:09:14] "POST /json/2/sale.order.line/search_read HTTP/1.1" 200 - 3 0.001 0.006
2026-10-08 07:09:14,102 54 INFO bench werkzeug: 127.0.0.1 - - [08/Oct/2026 07:09:14] "POST /json/2/sale.order/search HTTP/1.1" 200 - 3 0.001 0.005
2026-10-08 07:09:14,123 54 INFO bench werkzeug: 127.0.0.1 - - [08/Oct/2026 07:09:14] "POST /json/2/sale.order.line/search_read HTTP/1.1" 200 - 3 0.002 0.005
2026-10-08 07:09:14,147 54 INFO bench werkzeug: 127.0.0.1 - - [08/Oct/2026 07:09:14] "POST /json/2/product.product/search HTTP/1.1" 200 - 4 0.002 0.006
2026-10-08 07:09:14,176 54 INFO bench werkzeug: 127.0.0.1 - - [08/Oct/2026 07:09:14] "POST /json/2/product.product/search HTTP/1.1" 200 - 4 0.002 0.006
2026-10-08 07:09:14,200 54 INFO bench werkzeug: 127.0.0.1 - - [08/Oct/2026 07:09:14] "POST /json/2/product.product/search HTTP/1.1" 200 - 4 0.002 0.006
2026-10-08 07:09:14,224 54 INFO bench werkzeug: 127.0.0.1 - - [08/Oct/2026 07:09:14] "POST /json/2/product.product/search HTTP/1.1" 200 - 4 0.002 0.006
2026-10-08 07:09:14,249 54 INFO bench werkzeug: 127.0.0.1 - - [08/Oct/2026 07:09:14] "POST /json/2/product.product/search HTTP/1.1" 200 - 4 0.002 0.006
2026-10-08 07:09:14,273 54 INFO bench werkzeug: 127.0.0.1 - - [08/Oct/2026 07:09:14] "POST /json/2/product.product/search HTTP/1.1" 200 - 4 0.002 0.007
2026-10-08 07:09:14,297 54 INFO bench werkzeug: 127.0.0.1 - - [08/Oct/2026 07:09:14] "POST /json/2/product.product/search HTTP/1.1" 200 - 4 0.002 0.007
2026-10-08 07:09:14,321 54 INFO bench werkzeug: 127.0.0.1 - - [08/Oct/2026 07:09:14] "POST /json/2/product.product/search HTTP/1.1" 200 - 4 0.002 0.006
2026-10-08 07:09:14,348 54 INFO bench werkzeug: 127.0.0.1 - - [08/Oct/2026 07:09:14] "POST /json/2/product.product/search HTTP/1.1" 200 - 4 0.003 0.008
2026-10-08 07:09:14,371 54 INFO bench werkzeug: 127.0.0.1 - - [08/Oct/2026 07:09:14] "POST /json/2/product.product/search HTTP/1.1" 200 - 4 0.002 0.006
2026-10-08 07:09:14,394 54 INFO bench werkzeug: 127.0.0.1 - - [08/Oct/2026 07:09:14] "POST /json/2/product.product/search HTTP/1.1" 200 - 4 0.002 0.007
2026-10-08 07:09:14,417 54 INFO bench werkzeug: 127.0.0.1 - - [08/Oct/2026 07:09:14] "POST /json/2/product.product/search HTTP/1.1" 200 - 4 0.002 0.006
2026-10-08 07:09:14,441 54 INFO bench werkzeug: 127.0.0.1 - - [08/Oct/2026 07:09:14] "POST /json/2/product.product/search HTTP/1.1" 200 - 4 0.003 0.007
2026-10-08 07:09:14,464 54 INFO bench werkzeug: 127.0.0.1 - - [08/Oct/2026 07:09:14] "POST /json/2/product.product/search HTTP/1.1" 200 - 4 0.002 0.007
2026-10-08 07:09:14,488 54 INFO bench werkzeug: 127.0.0.1 - - [08/Oct/2026 07:09:14] "POST /json/2/product.product/search HTTP/1.1" 200 - 4 0.002 0.006
2026-10-08 07:09:14,520 54 INFO bench werkzeug: 127.0.0.1 - - [08/Oct/2026 07:09:14] "POST /json/2/product.product/search HTTP/1.1" 200 - 4 0.003 0.007
2026-10-08 07:09:14,543 54 INFO bench werkzeug: 127.0.0.1 - - [08/Oct/2026 07:09:14] "POST /json/2/product.product/search HTTP/1.1" 200 - 4 0.002 0.006
2026-10-08 07:09:14,567 54 INFO bench werkzeug: 127.0.0.1 - - [08/Oct/2026 07:09:14] "POST /json/2/product.product/search HTTP/1.1" 200 - 4 0.002 0.007
2026-10-08 07:09:14,590 54 INFO bench werkzeug: 127.0.0.1 - - [08/Oct/2026 07:09:14] "POST /json/2/product.product/search HTTP/1.1" 200 - 4 0.002 0.006
2026-10-08 07:09:14,614 54 INFO bench werkzeug: 127.0.0.1 - - [08/Oct/2026 07:09:14] "POST /json/2/product.product/search HTTP/1.1" 200 - 4 0.002 0.007
2026-10-08 07:09:14,639 54 INFO bench werkzeug: 127.0.0.1 - - [08/Oct/2026 07:09:14] "POST /json/2/product.product/search HTTP/1.1" 200 - 4 0.002 0.007
2026-10-08 07:09:14,662 54 INFO bench werkzeug: 127.0.0.1 - - [08/Oct/2026 07:09:14] "POST /json/2/product.product/search HTTP/1.1" 200 - 4 0.002 0.007
2026-10-08 07:09:14,685 54 INFO bench werkzeug: 127.0.0.1 - - [08/Oct/2026 07:09:14] "POST /json/2/product.product/search HTTP/1.1" 200 - 4 0.002 0.006
2026-10-08 07:09:14,709 54 INFO bench werkzeug: 127.0.0.1 - - [08/Oct/2026 07:09:14] "POST /json/2/product.product/search HTTP/1.1" 200 - 4 0.002 0.006
2026-10-08 07:09:14,731 54 INFO bench werkzeug: 127.0.0.1 - - [08/Oct/2026 07:09:14] "POST /json/2/product.product/search HTTP/1.1" 200 - 4 0.002 0.006
2026-10-08 07:09:14,754 54 INFO bench werkzeug: 127.0.0.1 - - [08/Oct/2026 07:09:14] "POST /json/2/purchase.order/search HTTP/1.1" 200 - 3 0.001 0.005
2026-10-08 07:09:14,957 54 INFO bench werkzeug: 127.0.0.1 - - [08/Oct/2026 07:09:14] "GET /doc-bearer/purchase.order.json HTTP/1.1" 200 - 8 0.004 0.183
2026-10-08 07:09:14,990 54 INFO bench werkzeug: 127.0.0.1 - - [08/Oct/2026 07:09:14] "POST /json/2/purchase.order/read HTTP/1.1" 200 - 4 0.002 0.007
2026-10-08 07:09:15,013 54 INFO bench werkzeug: 127.0.0.1 - - [08/Oct/2026 07:09:15] "POST /json/2/purchase.order.line/search HTTP/1.1" 200 - 3 0.001 0.005
2026-10-08 07:09:15,176 54 INFO bench werkzeug: 127.0.0.1 - - [08/Oct/2026 07:09:15] "GET /doc-bearer/purchase.order.line.json HTTP/1.1" 200 - 13 0.006 0.144
2026-10-08 07:09:15,200 54 INFO bench werkzeug: 127.0.0.1 - - [08/Oct/2026 07:09:15] "POST /json/2/purchase.order.line/read HTTP/1.1" 200 - 6 0.003 0.007
2026-10-08 07:09:15,413 54 INFO bench werkzeug: 127.0.0.1 - - [08/Oct/2026 07:09:15] "GET /doc-bearer/res.partner.json HTTP/1.1" 200 - 10 0.005 0.192
2026-10-08 07:09:15,443 54 INFO bench werkzeug: 127.0.0.1 - - [08/Oct/2026 07:09:15] "POST /json/2/res.partner/read HTTP/1.1" 200 - 4 0.003 0.007
2026-10-08 07:09:15,643 54 INFO bench werkzeug: 127.0.0.1 - - [08/Oct/2026 07:09:15] "GET /doc-bearer/product.product.json HTTP/1.1" 200 - 10 0.005 0.180
2026-10-08 07:09:15,669 54 INFO bench werkzeug: 127.0.0.1 - - [08/Oct/2026 07:09:15] "POST /json/2/product.product/read HTTP/1.1" 200 - 4 0.002 0.006
2026-10-08 07:09:15,692 54 INFO bench werkzeug: 127.0.0.1 - - [08/Oct/2026 07:09:15] "POST /json/2/purchase.order/read HTTP/1.1" 200 - 4 0.002 0.006
2026-10-08 07:09:15,714 54 INFO bench werkzeug: 127.0.0.1 - - [08/Oct/2026 07:09:15] "POST /json/2/purchase.order.line/search HTTP/1.1" 200 - 3 0.001 0.005
2026-10-08 07:09:15,739 54 INFO bench werkzeug: 127.0.0.1 - - [08/Oct/2026 07:09:15] "POST /json/2/purchase.order.line/read HTTP/1.1" 200 - 6 0.003 0.007
2026-10-08 07:09:15,969 54 INFO bench werkzeug: 127.0.0.1 - - [08/Oct/2026 07:09:15] "GET /doc-bearer/res.partner.json HTTP/1.1" 200 - 6 0.003 0.213
2026-10-08 07:09:15,997 54 INFO bench werkzeug: 127.0.0.1 - - [08/Oct/2026 07:09:15] "POST /json/2/res.partner/read HTTP/1.1" 200 - 4 0.002 0.007
2026-10-08 07:09:16,020 54 INFO bench werkzeug: 127.0.0.1 - - [08/Oct/2026 07:09:16] "POST /json/2/purchase.order/read HTTP/1.1" 200 - 4 0.002 0.007
2026-10-08 07:09:16,041 54 INFO bench werkzeug: 127.0.0.1 - - [08/Oct/2026 07:09:16] "POST /json/2/purchase.order.line/search HTTP/1.1" 200 - 3 0.002 0.006
2026-10-08 07:09:16,065 54 INFO bench werkzeug: 127.0.0.1 - - [08/Oct/2026 07:09:16] "POST /json/2/purchase.order.line/read HTTP/1.1" 200 - 6 0.003 0.007
2026-10-08 07:09:16,270 54 INFO bench werkzeug: 127.0.0.1 - - [08/Oct/2026 07:09:16] "GET /doc-bearer/res.partner.json HTTP/1.1" 200 - 6 0.003 0.188
2026-10-08 07:09:16,298 54 INFO bench werkzeug: 127.0.0.1 - - [08/Oct/2026 07:09:16] "POST /json/2/res.partner/read HTTP/1.1" 200 - 4 0.002 0.007
2026-10-08 07:09:16,321 54 INFO bench werkzeug: 127.0.0.1 - - [08/Oct/2026 07:09:16] "POST /json/2/purchase.order/read HTTP/1.1" 200 - 4 0.002 0.006
2026-10-08 07:09:16,345 54 INFO bench werkzeug: 127.0.0.1 - - [08/Oct/2026 07:09:16] "POST /json/2/purchase.order.line/search HTTP/1.1" 200 - 3 0.002 0.006
2026-10-08 07:09:16,369 54 INFO bench werkzeug: 127.0.0.1 - - [08/Oct/2026 07:09:16] "POST /json/2/purchase.order.line/read HTTP/1.1" 200 - 6 0.003 0.007
2026-10-08 07:09:16,573 54 INFO bench werkzeug: 127.0.0.1 - - [08/Oct/2026 07:09:16] "GET /doc-bearer/res.partner.json HTTP/1.1" 200 - 6 0.003 0.186
2026-10-08 07:09:19,149 54 INFO bench werkzeug: 127.0.0.1 - - [08/Oct/2026 07:09:19] "POST /json/2/res.partner/read HTTP/1.1" 200 - 4 0.002 0.007
2026-10-08 07:09:19,173 54 INFO bench werkzeug: 127.0.0.1 - - [08/Oct/2026 07:09:19] "POST /json/2/purchase.order/read HTTP/1.1" 200 - 4 0.002 0.006
2026-10-08 07:09:19,194 54 INFO bench werkzeug: 127.0.0.1 - - [08/Oct/2026 07:09:19] "POST /json/2/purchase.order.line/search HTTP/1.1" 200 - 3 0.001 0.005
2026-10-08 07:09:19,221 54 INFO bench werkzeug: 127.0.0.1 - - [08/Oct/2026 07:09:19] "POST /json/2/purchase.order.line/read HTTP/1.1" 200 - 6 0.003 0.007
2026-10-08 07:09:19,454 54 INFO bench werkzeug: 127.0.0.1 - - [08/Oct/2026 07:09:19] "GET /doc-bearer/res.partner.json HTTP/1.1" 200 - 6 0.003 0.215
2026-10-08 07:09:19,482 54 INFO bench werkzeug: 127.0.0.1 - - [08/Oct/2026 07:09:19] "POST /json/2/res.partner/read HTTP/1.1" 200 - 4 0.002 0.007
2026-10-08 07:09:19,673 54 INFO bench werkzeug: 127.0.0.1 - - [08/Oct/2026 07:09:19] "GET /doc-bearer/product.product.json HTTP/1.1" 200 - 6 0.003 0.173
2026-10-08 07:09:19,698 54 INFO bench werkzeug: 127.0.0.1 - - [08/Oct/2026 07:09:19] "POST /json/2/product.product/read HTTP/1.1" 200 - 4 0.002 0.007
2026-10-08 07:09:19,721 54 INFO bench werkzeug: 127.0.0.1 - - [08/Oct/2026 07:09:19] "POST /json/2/purchase.order/read HTTP/1.1" 200 - 4 0.002 0.006
2026-10-08 07:09:19,744 54 INFO bench werkzeug: 127.0.0.1 - - [08/Oct/2026 07:09:19] "POST /json/2/purchase.order.line/search HTTP/1.1" 200 - 3 0.002 0.006
2026-10-08 07:09:19,769 54 INFO bench werkzeug: 127.0.0.1 - - [08/Oct/2026 07:09:19] "POST /json/2/purchase.order.line/read HTTP/1.1" 200 - 6 0.003 0.007
2026-10-08 07:09:19,983 54 INFO bench werkzeug: 127.0.0.1 - - [08/Oct/2026 07:09:19] "GET /doc-bearer/res.partner.json HTTP/1.1" 200 - 6 0.003 0.194
2026-10-08 07:09:20,011 54 INFO bench werkzeug: 127.0.0.1 - - [08/Oct/2026 07:09:20] "POST /json/2/res.partner/read HTTP/1.1" 200 - 4 0.002 0.007
2026-10-08 07:09:20,035 54 INFO bench werkzeug: 127.0.0.1 - - [08/Oct/2026 07:09:20] "POST /json/2/purchase.order/read HTTP/1.1" 200 - 4 0.002 0.006
2026-10-08 07:09:20,057 54 INFO bench werkzeug: 127.0.0.1 - - [08/Oct/2026 07:09:20] "POST /json/2/purchase.order.line/search HTTP/1.1" 200 - 3 0.002 0.005
2026-10-08 07:09:20,081 54 INFO bench werkzeug: 127.0.0.1 - - [08/Oct/2026 07:09:20] "POST /json/2/purchase.order.line/read HTTP/1.1" 200 - 6 0.003 0.007
2026-10-08 07:09:20,325 54 INFO bench werkzeug: 127.0.0.1 - - [08/Oct/2026 07:09:20] "GET /doc-bearer/res.partner.json HTTP/1.1" 200 - 6 0.003 0.228
2026-10-08 07:09:20,357 54 INFO bench werkzeug: 127.0.0.1 - - [08/Oct/2026 07:09:20] "POST /json/2/res.partner/read HTTP/1.1" 200 - 4 0.002 0.007
2026-10-08 07:09:20,380 54 INFO bench werkzeug: 127.0.0.1 - - [08/Oct/2026 07:09:20] "POST /json/2/purchase.order/read HTTP/1.1" 200 - 4 0.002 0.006
2026-10-08 07:09:20,402 54 INFO bench werkzeug: 127.0.0.1 - - [08/Oct/2026 07:09:20] "POST /json/2/purchase.order.line/search HTTP/1.1" 200 - 3 0.001 0.005
2026-10-08 07:09:20,427 54 INFO bench werkzeug: 127.0.0.1 - - [08/Oct/2026 07:09:20] "POST /json/2/purchase.order.line/read HTTP/1.1" 200 - 6 0.003 0.007
2026-10-08 07:09:20,633 54 INFO bench werkzeug: 127.0.0.1 - - [08/Oct/2026 07:09:20] "GET /doc-bearer/res.partner.json HTTP/1.1" 200 - 6 0.003 0.189
2026-10-08 07:09:20,661 54 INFO bench werkzeug: 127.0.0.1 - - [08/Oct/2026 07:09:20] "POST /json/2/res.partner/read HTTP/1.1" 200 - 4 0.002 0.007
2026-10-08 07:09:20,685 54 INFO bench werkzeug: 127.0.0.1 - - [08/Oct/2026 07:09:20] "POST /json/2/purchase.order/read HTTP/1.1" 200 - 4 0.002 0.006
2026-10-08 07:09:20,707 54 INFO bench werkzeug: 127.0.0.1 - - [08/Oct/2026 07:09:20] "POST /json/2/purchase.order.line/search HTTP/1.1" 200 - 3 0.002 0.006
2026-10-08 07:09:20,733 54 INFO bench werkzeug: 127.0.0.1 - - [08/Oct/2026 07:09:20] "POST /json/2/purchase.order.line/read HTTP/1.1" 200 - 6 0.003 0.007
2026-10-08 07:09:20,940 54 INFO bench werkzeug: 127.0.0.1 - - [08/Oct/2026 07:09:20] "GET /doc-bearer/res.partner.json HTTP/1.1" 200 - 6 0.003 0.189
2026-10-08 07:09:20,969 54 INFO bench werkzeug: 127.0.0.1 - - [08/Oct/2026 07:09:20] "POST /json/2/res.partner/read HTTP/1.1" 200 - 4 0.002 0.007
2026-10-08 07:09:21,188 54 INFO bench werkzeug: 127.0.0.1 - - [08/Oct/2026 07:09:21] "GET /doc-bearer/product.product.json HTTP/1.1" 200 - 6 0.003 0.201
2026-10-08 07:09:21,218 54 INFO bench werkzeug: 127.0.0.1 - - [08/Oct/2026 07:09:21] "POST /json/2/product.product/read HTTP/1.1" 200 - 4 0.002 0.007
2026-10-08 07:09:21,241 54 INFO bench werkzeug: 127.0.0.1 - - [08/Oct/2026 07:09:21] "POST /json/2/purchase.order/read HTTP/1.1" 200 - 4 0.002 0.006
2026-10-08 07:09:21,261 54 INFO bench werkzeug: 127.0.0.1 - - [08/Oct/2026 07:09:21] "POST /json/2/purchase.order.line/search HTTP/1.1" 200 - 3 0.001 0.005
2026-10-08 07:09:21,283 54 INFO bench werkzeug: 127.0.0.1 - - [08/Oct/2026 07:09:21] "POST /json/2/purchase.order.line/read HTTP/1.1" 200 - 6 0.003 0.007
2026-10-08 07:09:21,475 54 INFO bench werkzeug: 127.0.0.1 - - [08/Oct/2026 07:09:21] "GET /doc-bearer/res.partner.json HTTP/1.1" 200 - 6 0.003 0.176
2026-10-08 07:09:21,500 54 INFO bench werkzeug: 127.0.0.1 - - [08/Oct/2026 07:09:21] "POST /json/2/res.partner/read HTTP/1.1" 200 - 4 0.002 0.006
2026-10-08 07:09:21,522 54 INFO bench werkzeug: 127.0.0.1 - - [08/Oct/2026 07:09:21] "POST /json/2/purchase.order/read HTTP/1.1" 200 - 4 0.002 0.006
2026-10-08 07:09:21,543 54 INFO bench werkzeug: 127.0.0.1 - - [08/Oct/2026 07:09:21] "POST /json/2/purchase.order.line/search HTTP/1.1" 200 - 3 0.002 0.005
2026-10-08 07:09:21,565 54 INFO bench werkzeug: 127.0.0.1 - - [08/Oct/2026 07:09:21] "POST /json/2/purchase.order.line/read HTTP/1.1" 200 - 6 0.002 0.006
2026-10-08 07:09:21,762 54 INFO bench werkzeug: 127.0.0.1 - - [08/Oct/2026 07:09:21] "GET /doc-bearer/res.partner.json HTTP/1.1" 200 - 6 0.002 0.180
2026-10-08 07:09:21,786 54 INFO bench werkzeug: 127.0.0.1 - - [08/Oct/2026 07:09:21] "POST /json/2/res.partner/read HTTP/1.1" 200 - 4 0.002 0.007
2026-10-08 07:09:21,809 54 INFO bench werkzeug: 127.0.0.1 - - [08/Oct/2026 07:09:21] "POST /json/2/purchase.order/read HTTP/1.1" 200 - 4 0.002 0.007
2026-10-08 07:09:21,830 54 INFO bench werkzeug: 127.0.0.1 - - [08/Oct/2026 07:09:21] "POST /json/2/purchase.order.line/search HTTP/1.1" 200 - 3 0.001 0.005
2026-10-08 07:09:21,853 54 INFO bench werkzeug: 127.0.0.1 - - [08/Oct/2026 07:09:21] "POST /json/2/purchase.order.line/read HTTP/1.1" 200 - 6 0.003 0.006
2026-10-08 07:09:22,084 54 INFO bench werkzeug: 127.0.0.1 - - [08/Oct/2026 07:09:22] "GET /doc-bearer/res.partner.json HTTP/1.1" 200 - 6 0.003 0.214
2026-10-08 07:09:22,110 54 INFO bench werkzeug: 127.0.0.1 - - [08/Oct/2026 07:09:22] "POST /json/2/res.partner/read HTTP/1.1" 200 - 4 0.002 0.006
2026-10-08 07:09:22,131 54 INFO bench werkzeug: 127.0.0.1 - - [08/Oct/2026 07:09:22] "POST /json/2/purchase.order/read HTTP/1.1" 200 - 4 0.002 0.006
2026-10-08 07:09:22,151 54 INFO bench werkzeug: 127.0.0.1 - - [08/Oct/2026 07:09:22] "POST /json/2/purchase.order.line/search HTTP/1.1" 200 - 3 0.002 0.005
2026-10-08 07:09:22,176 54 INFO bench werkzeug: 127.0.0.1 - - [08/Oct/2026 07:09:22] "POST /json/2/purchase.order.line/read HTTP/1.1" 200 - 6 0.003 0.006
2026-10-08 07:09:22,368 54 INFO bench werkzeug: 127.0.0.1 - - [08/Oct/2026 07:09:22] "GET /doc-bearer/res.partner.json HTTP/1.1" 200 - 6 0.003 0.176
2026-10-08 07:09:22,396 54 INFO bench werkzeug: 127.0.0.1 - - [08/Oct/2026 07:09:22] "POST /json/2/res.partner/read HTTP/1.1" 200 - 4 0.002 0.006
2026-10-08 07:09:22,575 54 INFO bench werkzeug: 127.0.0.1 - - [08/Oct/2026 07:09:22] "GET /doc-bearer/product.product.json HTTP/1.1" 200 - 6 0.003 0.162
2026-10-08 07:09:22,599 54 INFO bench werkzeug: 127.0.0.1 - - [08/Oct/2026 07:09:22] "POST /json/2/product.product/read HTTP/1.1" 200 - 4 0.002 0.006
2026-10-08 07:09:22,620 54 INFO bench werkzeug: 127.0.0.1 - - [08/Oct/2026 07:09:22] "POST /json/2/purchase.order/read HTTP/1.1" 200 - 4 0.002 0.006
2026-10-08 07:09:22,640 54 INFO bench werkzeug: 127.0.0.1 - - [08/Oct/2026 07:09:22] "POST /json/2/purchase.order.line/search HTTP/1.1" 200 - 3 0.002 0.005
2026-10-08 07:09:22,663 54 INFO bench werkzeug: 127.0.0.1 - - [08/Oct/2026 07:09:22] "POST /json/2/purchase.order.line/read HTTP/1.1" 200 - 6 0.003 0.007
2026-10-08 07:09:22,879 54 INFO bench werkzeug: 127.0.0.1 - - [08/Oct/2026 07:09:22] "GET /doc-bearer/res.partner.json HTTP/1.1" 200 - 6 0.003 0.199
2026-10-08 07:09:22,904 54 INFO bench werkzeug: 127.0.0.1 - - [08/Oct/2026 07:09:22] "POST /json/2/res.partner/read HTTP/1.1" 200 - 4 0.002 0.006
2026-10-08 07:09:22,926 54 INFO bench werkzeug: 127.0.0.1 - - [08/Oct/2026 07:09:22] "POST /json/2/purchase.order/read HTTP/1.1" 200 - 4 0.002 0.006
2026-10-08 07:09:22,947 54 INFO bench werkzeug: 127.0.0.1 - - [08/Oct/2026 07:09:22] "POST /json/2/purchase.order.line/search HTTP/1.1" 200 - 3 0.001 0.005
2026-10-08 07:09:22,969 54 INFO bench werkzeug: 127.0.0.1 - - [08/Oct/2026 07:09:22] "POST /json/2/purchase.order.line/read HTTP/1.1" 200 - 6 0.002 0.006
2026-10-08 07:09:23,157 54 INFO bench werkzeug: 127.0.0.1 - - [08/Oct/2026 07:09:23] "GET /doc-bearer/res.partner.json HTTP/1.1" 200 - 6 0.002 0.171
2026-10-08 07:09:23,183 54 INFO bench werkzeug: 127.0.0.1 - - [08/Oct/2026 07:09:23] "POST /json/2/res.partner/read HTTP/1.1" 200 - 4 0.003 0.006
2026-10-08 07:09:23,203 54 INFO bench werkzeug: 127.0.0.1 - - [08/Oct/2026 07:09:23] "POST /json/2/purchase.order/read HTTP/1.1" 200 - 4 0.002 0.005
2026-10-08 07:09:23,223 54 INFO bench werkzeug: 127.0.0.1 - - [08/Oct/2026 07:09:23] "POST /json/2/purchase.order.line/search HTTP/1.1" 200 - 3 0.001 0.005
2026-10-08 07:09:23,245 54 INFO bench werkzeug: 127.0.0.1 - - [08/Oct/2026 07:09:23] "POST /json/2/purchase.order.line/read HTTP/1.1" 200 - 6 0.002 0.006
2026-10-08 07:09:23,433 54 INFO bench werkzeug: 127.0.0.1 - - [08/Oct/2026 07:09:23] "GET /doc-bearer/res.partner.json HTTP/1.1" 200 - 6 0.003 0.173
2026-10-08 07:09:23,460 54 INFO bench werkzeug: 127.0.0.1 - - [08/Oct/2026 07:09:23] "POST /json/2/res.partner/read HTTP/1.1" 200 - 4 0.002 0.007
2026-10-08 07:09:23,482 54 INFO bench werkzeug: 127.0.0.1 - - [08/Oct/2026 07:09:23] "POST /json/2/purchase.order/read HTTP/1.1" 200 - 4 0.002 0.005
2026-10-08 07:09:23,501 54 INFO bench werkzeug: 127.0.0.1 - - [08/Oct/2026 07:09:23] "POST /json/2/purchase.order.line/search HTTP/1.1" 200 - 3 0.001 0.005
2026-10-08 07:09:23,524 54 INFO bench werkzeug: 127.0.0.1 - - [08/Oct/2026 07:09:23] "POST /json/2/purchase.order.line/read HTTP/1.1" 200 - 6 0.002 0.006
2026-10-08 07:09:23,731 54 INFO bench werkzeug: 127.0.0.1 - - [08/Oct/2026 07:09:23] "GET /doc-bearer/res.partner.json HTTP/1.1" 200 - 6 0.003 0.192
2026-10-08 07:09:23,757 54 INFO bench werkzeug: 127.0.0.1 - - [08/Oct/2026 07:09:23] "POST /json/2/res.partner/read HTTP/1.1" 200 - 4 0.002 0.006
2026-10-08 07:09:23,929 54 INFO bench werkzeug: 127.0.0.1 - - [08/Oct/2026 07:09:23] "GET /doc-bearer/product.product.json HTTP/1.1" 200 - 6 0.003 0.156
2026-10-08 07:09:23,952 54 INFO bench werkzeug: 127.0.0.1 - - [08/Oct/2026 07:09:23] "POST /json/2/product.product/read HTTP/1.1" 200 - 4 0.002 0.006
2026-10-08 07:09:23,974 54 INFO bench werkzeug: 127.0.0.1 - - [08/Oct/2026 07:09:23] "POST /json/2/purchase.order/read HTTP/1.1" 200 - 4 0.002 0.006
2026-10-08 07:09:23,993 54 INFO bench werkzeug: 127.0.0.1 - - [08/Oct/2026 07:09:23] "POST /json/2/purchase.order.line/search HTTP/1.1" 200 - 3 0.001 0.004
2026-10-08 07:09:24,014 54 INFO bench werkzeug: 127.0.0.1 - - [08/Oct/2026 07:09:24] "POST /json/2/purchase.order.line/read HTTP/1.1" 200 - 6 0.002 0.006
2026-10-08 07:09:24,199 54 INFO bench werkzeug: 127.0.0.1 - - [08/Oct/2026 07:09:24] "GET /doc-bearer/res.partner.json HTTP/1.1" 200 - 6 0.002 0.169
2026-10-08 07:09:24,226 54 INFO bench werkzeug: 127.0.0.1 - - [08/Oct/2026 07:09:24] "POST /json/2/res.partner/read HTTP/1.1" 200 - 4 0.002 0.006
2026-10-08 07:09:24,247 54 INFO bench werkzeug: 127.0.0.1 - - [08/Oct/2026 07:09:24] "POST /json/2/purchase.order/read HTTP/1.1" 200 - 4 0.002 0.005
2026-10-08 07:09:24,268 54 INFO bench werkzeug: 127.0.0.1 - - [08/Oct/2026 07:09:24] "POST /json/2/purchase.order.line/search HTTP/1.1" 200 - 3 0.001 0.005
2026-10-08 07:09:24,290 54 INFO bench werkzeug: 127.0.0.1 - - [08/Oct/2026 07:09:24] "POST /json/2/purchase.order.line/read HTTP/1.1" 200 - 6 0.003 0.007
2026-10-08 07:09:24,503 54 INFO bench werkzeug: 127.0.0.1 - - [08/Oct/2026 07:09:24] "GET /doc-bearer/res.partner.json HTTP/1.1" 200 - 6 0.003 0.196
2026-10-08 07:09:24,532 54 INFO bench werkzeug: 127.0.0.1 - - [08/Oct/2026 07:09:24] "POST /json/2/res.partner/read HTTP/1.1" 200 - 4 0.002 0.006
2026-10-08 07:09:24,552 54 INFO bench werkzeug: 127.0.0.1 - - [08/Oct/2026 07:09:24] "POST /json/2/purchase.order/read HTTP/1.1" 200 - 4 0.002 0.005
2026-10-08 07:09:24,571 54 INFO bench werkzeug: 127.0.0.1 - - [08/Oct/2026 07:09:24] "POST /json/2/purchase.order.line/search HTTP/1.1" 200 - 3 0.001 0.005
2026-10-08 07:09:24,596 54 INFO bench werkzeug: 127.0.0.1 - - [08/Oct/2026 07:09:24] "POST /json/2/purchase.order.line/read HTTP/1.1" 200 - 6 0.003 0.008
2026-10-08 07:09:24,783 54 INFO bench werkzeug: 127.0.0.1 - - [08/Oct/2026 07:09:24] "GET /doc-bearer/res.partner.json HTTP/1.1" 200 - 6 0.003 0.170
2026-10-08 07:09:24,807 54 INFO bench werkzeug: 127.0.0.1 - - [08/Oct/2026 07:09:24] "POST /json/2/res.partner/read HTTP/1.1" 200 - 4 0.002 0.006
2026-10-08 07:09:24,982 54 INFO bench werkzeug: 127.0.0.1 - - [08/Oct/2026 07:09:24] "GET /doc-bearer/product.product.json HTTP/1.1" 200 - 6 0.004 0.158
2026-10-08 07:09:25,006 54 INFO bench werkzeug: 127.0.0.1 - - [08/Oct/2026 07:09:25] "POST /json/2/product.product/read HTTP/1.1" 200 - 4 0.002 0.006
2026-10-08 07:09:25,027 54 INFO bench werkzeug: 127.0.0.1 - - [08/Oct/2026 07:09:25] "POST /json/2/purchase.order/read HTTP/1.1" 200 - 4 0.002 0.005
2026-10-08 07:09:25,048 54 INFO bench werkzeug: 127.0.0.1 - - [08/Oct/2026 07:09:25] "POST /json/2/purchase.order.line/search HTTP/1.1" 200 - 3 0.001 0.004
2026-10-08 07:09:25,069 54 INFO bench werkzeug: 127.0.0.1 - - [08/Oct/2026 07:09:25] "POST /json/2/purchase.order.line/read HTTP/1.1" 200 - 6 0.002 0.006
2026-10-08 07:09:25,275 54 INFO bench werkzeug: 127.0.0.1 - - [08/Oct/2026 07:09:25] "GET /doc-bearer/res.partner.json HTTP/1.1" 200 - 6 0.003 0.191
2026-10-08 07:09:25,300 54 INFO bench werkzeug: 127.0.0.1 - - [08/Oct/2026 07:09:25] "POST /json/2/res.partner/read HTTP/1.1" 200 - 4 0.002 0.006
2026-10-08 07:09:25,320 54 INFO bench werkzeug: 127.0.0.1 - - [08/Oct/2026 07:09:25] "POST /json/2/purchase.order/read HTTP/1.1" 200 - 4 0.002 0.005
2026-10-08 07:09:25,339 54 INFO bench werkzeug: 127.0.0.1 - - [08/Oct/2026 07:09:25] "POST /json/2/purchase.order.line/search HTTP/1.1" 200 - 3 0.001 0.005
2026-10-08 07:09:25,363 54 INFO bench werkzeug: 127.0.0.1 - - [08/Oct/2026 07:09:25] "POST /json/2/purchase.order.line/read HTTP/1.1" 200 - 6 0.003 0.006
2026-10-08 07:09:25,546 54 INFO bench werkzeug: 127.0.0.1 - - [08/Oct/2026 07:09:25] "GET /doc-bearer/res.partner.json HTTP/1.1" 200 - 6 0.003 0.168
2026-10-08 07:09:25,571 54 INFO bench werkzeug: 127.0.0.1 - - [08/Oct/2026 07:09:25] "POST /json/2/res.partner/read HTTP/1.1" 200 - 4 0.002 0.006
2026-10-08 07:09:25,591 54 INFO bench werkzeug: 127.0.0.1 - - [08/Oct/2026 07:09:25] "POST /json/2/mrp.production/search HTTP/1.1" 200 - 3 0.001 0.005
2026-10-08 07:09:25,761 54 INFO bench werkzeug: 127.0.0.1 - - [08/Oct/2026 07:09:25] "GET /doc-bearer/mrp.production.json HTTP/1.1" 200 - 9 0.004 0.154
2026-10-08 07:09:25,784 54 INFO bench werkzeug: 127.0.0.1 - - [08/Oct/2026 07:09:25] "POST /json/2/mrp.production/read HTTP/1.1" 200 - 3 0.001 0.005
2026-10-08 07:09:25,804 54 INFO bench werkzeug: 127.0.0.1 - - [08/Oct/2026 07:09:25] "POST /json/2/mrp.workorder/search HTTP/1.1" 200 - 3 0.002 0.005
2026-10-08 07:09:25,924 54 INFO bench werkzeug: 127.0.0.1 - - [08/Oct/2026 07:09:25] "GET /doc-bearer/mrp.workorder.json HTTP/1.1" 200 - 12 0.004 0.102
2026-10-08 07:09:25,946 54 INFO bench werkzeug: 127.0.0.1 - - [08/Oct/2026 07:09:25] "POST /json/2/mrp.workorder/read HTTP/1.1" 200 - 4 0.002 0.006
2026-10-08 07:09:26,131 54 INFO bench werkzeug: 127.0.0.1 - - [08/Oct/2026 07:09:26] "GET /doc-bearer/mrp.workcenter.json HTTP/1.1" 200 - 7 0.003 0.170
2026-10-08 07:09:26,155 54 INFO bench werkzeug: 127.0.0.1 - - [08/Oct/2026 07:09:26] "POST /json/2/mrp.workcenter/read HTTP/1.1" 200 - 3 0.001 0.005
2026-10-08 07:09:26,174 54 INFO bench werkzeug: 127.0.0.1 - - [08/Oct/2026 07:09:26] "POST /json/2/mrp.production/read HTTP/1.1" 200 - 3 0.001 0.005
2026-10-08 07:09:26,194 54 INFO bench werkzeug: 127.0.0.1 - - [08/Oct/2026 07:09:26] "POST /json/2/mrp.workorder/search HTTP/1.1" 200 - 3 0.001 0.005
2026-10-08 07:09:26,312 54 INFO bench werkzeug: 127.0.0.1 - - [08/Oct/2026 07:09:26] "GET /doc-bearer/mrp.workorder.json HTTP/1.1" 200 - 5 0.002 0.103
2026-10-08 07:09:26,333 54 INFO bench werkzeug: 127.0.0.1 - - [08/Oct/2026 07:09:26] "POST /json/2/mrp.workorder/read HTTP/1.1" 200 - 4 0.002 0.006
2026-10-08 07:09:26,352 54 INFO bench werkzeug: 127.0.0.1 - - [08/Oct/2026 07:09:26] "POST /json/2/mrp.production/read HTTP/1.1" 200 - 3 0.001 0.005
2026-10-08 07:09:26,371 54 INFO bench werkzeug: 127.0.0.1 - - [08/Oct/2026 07:09:26] "POST /json/2/mrp.workorder/search HTTP/1.1" 200 - 3 0.001 0.005
2026-10-08 07:09:26,492 54 INFO bench werkzeug: 127.0.0.1 - - [08/Oct/2026 07:09:26] "GET /doc-bearer/mrp.workorder.json HTTP/1.1" 200 - 5 0.002 0.107
2026-10-08 07:09:26,518 54 INFO bench werkzeug: 127.0.0.1 - - [08/Oct/2026 07:09:26] "POST /json/2/mrp.workorder/read HTTP/1.1" 200 - 4 0.002 0.006
2026-10-08 07:09:26,538 54 INFO bench werkzeug: 127.0.0.1 - - [08/Oct/2026 07:09:26] "POST /json/2/mrp.production/read HTTP/1.1" 200 - 3 0.001 0.005
2026-10-08 07:09:26,558 54 INFO bench werkzeug: 127.0.0.1 - - [08/Oct/2026 07:09:26] "POST /json/2/mrp.workorder/search HTTP/1.1" 200 - 3 0.001 0.005
2026-10-08 07:09:26,677 54 INFO bench werkzeug: 127.0.0.1 - - [08/Oct/2026 07:09:26] "GET /doc-bearer/mrp.workorder.json HTTP/1.1" 200 - 5 0.002 0.103
2026-10-08 07:09:26,698 54 INFO bench werkzeug: 127.0.0.1 - - [08/Oct/2026 07:09:26] "POST /json/2/mrp.workorder/read HTTP/1.1" 200 - 4 0.002 0.005
2026-10-08 07:09:26,718 54 INFO bench werkzeug: 127.0.0.1 - - [08/Oct/2026 07:09:26] "POST /json/2/mrp.production/read HTTP/1.1" 200 - 3 0.002 0.005
2026-10-08 07:09:26,737 54 INFO bench werkzeug: 127.0.0.1 - - [08/Oct/2026 07:09:26] "POST /json/2/mrp.workorder/search HTTP/1.1" 200 - 3 0.001 0.005
2026-10-08 07:09:26,859 54 INFO bench werkzeug: 127.0.0.1 - - [08/Oct/2026 07:09:26] "GET /doc-bearer/mrp.workorder.json HTTP/1.1" 200 - 5 0.002 0.108
2026-10-08 07:09:26,885 54 INFO bench werkzeug: 127.0.0.1 - - [08/Oct/2026 07:09:26] "POST /json/2/mrp.workorder/read HTTP/1.1" 200 - 4 0.002 0.006
2026-10-08 07:09:26,904 54 INFO bench werkzeug: 127.0.0.1 - - [08/Oct/2026 07:09:26] "POST /json/2/mrp.production/search HTTP/1.1" 200 - 3 0.002 0.005
2026-10-08 07:09:26,925 54 INFO bench werkzeug: 127.0.0.1 - - [08/Oct/2026 07:09:26] "POST /json/2/mrp.production/search HTTP/1.1" 200 - 3 0.002 0.005
2026-10-08 07:09:26,944 54 INFO bench werkzeug: 127.0.0.1 - - [08/Oct/2026 07:09:26] "POST /json/2/mrp.production/search HTTP/1.1" 200 - 3 0.001 0.005
2026-10-08 07:09:26,963 54 INFO bench werkzeug: 127.0.0.1 - - [08/Oct/2026 07:09:26] "POST /json/2/mrp.production/search HTTP/1.1" 200 - 3 0.001 0.005
2026-10-08 07:09:26,983 54 INFO bench werkzeug: 127.0.0.1 - - [08/Oct/2026 07:09:26] "POST /json/2/mrp.production/search HTTP/1.1" 200 - 3 0.002 0.005
2026-10-08 07:09:27,003 54 INFO bench werkzeug: 127.0.0.1 - - [08/Oct/2026 07:09:27] "POST /json/2/mrp.production/search HTTP/1.1" 200 - 3 0.001 0.005
2026-10-08 07:09:27,023 54 INFO bench werkzeug: 127.0.0.1 - - [08/Oct/2026 07:09:27] "POST /json/2/mrp.production/search HTTP/1.1" 200 - 3 0.002 0.005
2026-10-08 07:09:27,044 54 INFO bench werkzeug: 127.0.0.1 - - [08/Oct/2026 07:09:27] "POST /json/2/mrp.production/search HTTP/1.1" 200 - 3 0.002 0.005
2026-10-08 07:09:27,064 54 INFO bench werkzeug: 127.0.0.1 - - [08/Oct/2026 07:09:27] "POST /json/2/mrp.production/search HTTP/1.1" 200 - 3 0.001 0.005
2026-10-08 07:09:27,084 54 INFO bench werkzeug: 127.0.0.1 - - [08/Oct/2026 07:09:27] "POST /json/2/mrp.production/search HTTP/1.1" 200 - 3 0.001 0.005
2026-10-08 07:09:27,104 54 INFO bench werkzeug: 127.0.0.1 - - [08/Oct/2026 07:09:27] "POST /json/2/sale.order/search HTTP/1.1" 200 - 3 0.001 0.005
2026-10-08 07:09:27,130 54 INFO bench werkzeug: 127.0.0.1 - - [08/Oct/2026 07:09:27] "POST /json/2/sale.order.line/search_read HTTP/1.1" 200 - 3 0.001 0.005
2026-10-08 07:09:27,150 54 INFO bench werkzeug: 127.0.0.1 - - [08/Oct/2026 07:09:27] "POST /json/2/sale.order/search HTTP/1.1" 200 - 3 0.002 0.005
2026-10-08 07:09:27,170 54 INFO bench werkzeug: 127.0.0.1 - - [08/Oct/2026 07:09:27] "POST /json/2/sale.order.line/search_read HTTP/1.1" 200 - 3 0.001 0.005
2026-10-08 07:09:27,190 54 INFO bench werkzeug: 127.0.0.1 - - [08/Oct/2026 07:09:27] "POST /json/2/sale.order/search HTTP/1.1" 200 - 3 0.002 0.005
2026-10-08 07:09:27,207 54 INFO bench werkzeug: 127.0.0.1 - - [08/Oct/2026 07:09:27] "POST /json/2/sale.order.line/search_read HTTP/1.1" 200 - 3 0.001 0.004
2026-10-08 07:09:27,226 54 INFO bench werkzeug: 127.0.0.1 - - [08/Oct/2026 07:09:27] "POST /json/2/sale.order/search HTTP/1.1" 200 - 3 0.001 0.005
2026-10-08 07:09:27,245 54 INFO bench werkzeug: 127.0.0.1 - - [08/Oct/2026 07:09:27] "POST /json/2/sale.order.line/search_read HTTP/1.1" 200 - 3 0.001 0.005
2026-10-08 07:09:27,265 54 INFO bench werkzeug: 127.0.0.1 - - [08/Oct/2026 07:09:27] "POST /json/2/sale.order/search HTTP/1.1" 200 - 3 0.001 0.005
2026-10-08 07:09:27,283 54 INFO bench werkzeug: 127.0.0.1 - - [08/Oct/2026 07:09:27] "POST /json/2/sale.order.line/search_read HTTP/1.1" 200 - 3 0.001 0.005
2026-10-08 07:09:27,302 54 INFO bench werkzeug: 127.0.0.1 - - [08/Oct/2026 07:09:27] "POST /json/2/sale.order/search HTTP/1.1" 200 - 3 0.001 0.005
2026-10-08 07:09:27,323 54 INFO bench werkzeug: 127.0.0.1 - - [08/Oct/2026 07:09:27] "POST /json/2/sale.order.line/search_read HTTP/1.1" 200 - 3 0.002 0.005
2026-10-08 07:09:27,343 54 INFO bench werkzeug: 127.0.0.1 - - [08/Oct/2026 07:09:27] "POST /json/2/sale.order/search HTTP/1.1" 200 - 3 0.001 0.005
2026-10-08 07:09:27,370 54 INFO bench werkzeug: 127.0.0.1 - - [08/Oct/2026 07:09:27] "POST /json/2/sale.order.line/search_read HTTP/1.1" 200 - 3 0.002 0.005
2026-10-08 07:09:27,391 54 INFO bench werkzeug: 127.0.0.1 - - [08/Oct/2026 07:09:27] "POST /json/2/sale.order/search HTTP/1.1" 200 - 3 0.001 0.005
2026-10-08 07:09:27,410 54 INFO bench werkzeug: 127.0.0.1 - - [08/Oct/2026 07:09:27] "POST /json/2/sale.order.line/search_read HTTP/1.1" 200 - 3 0.002 0.005
2026-10-08 07:09:27,431 54 INFO bench werkzeug: 127.0.0.1 - - [08/Oct/2026 07:09:27] "POST /json/2/sale.order/search HTTP/1.1" 200 - 3 0.001 0.005
2026-10-08 07:09:27,453 54 INFO bench werkzeug: 127.0.0.1 - - [08/Oct/2026 07:09:27] "POST /json/2/sale.order.line/search_read HTTP/1.1" 200 - 3 0.001 0.005
2026-10-08 07:09:27,472 54 INFO bench werkzeug: 127.0.0.1 - - [08/Oct/2026 07:09:27] "POST /json/2/sale.order/search HTTP/1.1" 200 - 3 0.001 0.005
2026-10-08 07:09:27,490 54 INFO bench werkzeug: 127.0.0.1 - - [08/Oct/2026 07:09:27] "POST /json/2/sale.order.line/search_read HTTP/1.1" 200 - 3 0.001 0.005
2026-10-08 07:09:27,510 54 INFO bench werkzeug: 127.0.0.1 - - [08/Oct/2026 07:09:27] "POST /json/2/sale.order/search HTTP/1.1" 200 - 3 0.001 0.005
2026-10-08 07:09:27,529 54 INFO bench werkzeug: 127.0.0.1 - - [08/Oct/2026 07:09:27] "POST /json/2/sale.order.line/search_read HTTP/1.1" 200 - 3 0.002 0.005
2026-10-08 07:09:27,550 54 INFO bench werkzeug: 127.0.0.1 - - [08/Oct/2026 07:09:27] "POST /json/2/sale.order/search HTTP/1.1" 200 - 3 0.002 0.005
2026-10-08 07:09:27,572 54 INFO bench werkzeug: 127.0.0.1 - - [08/Oct/2026 07:09:27] "POST /json/2/sale.order.line/search_read HTTP/1.1" 200 - 3 0.001 0.005
2026-10-08 07:09:27,592 54 INFO bench werkzeug: 127.0.0.1 - - [08/Oct/2026 07:09:27] "POST /json/2/purchase.order/search HTTP/1.1" 200 - 3 0.002 0.005
2026-10-08 07:09:27,794 54 INFO bench werkzeug: 127.0.0.1 - - [08/Oct/2026 07:09:27] "GET /doc-bearer/purchase.order.json HTTP/1.1" 200 - 5 0.002 0.187
2026-10-08 07:09:27,822 54 INFO bench werkzeug: 127.0.0.1 - - [08/Oct/2026 07:09:27] "POST /json/2/purchase.order/read HTTP/1.1" 200 - 4 0.002 0.006
2026-10-08 07:09:27,841 54 INFO bench werkzeug: 127.0.0.1 - - [08/Oct/2026 07:09:27] "POST /json/2/purchase.order.line/search HTTP/1.1" 200 - 3 0.001 0.004
2026-10-08 07:09:27,960 54 INFO bench werkzeug: 127.0.0.1 - - [08/Oct/2026 07:09:27] "GET /doc-bearer/purchase.order.line.json HTTP/1.1" 200 - 6 0.002 0.104
2026-10-08 07:09:27,983 54 INFO bench werkzeug: 127.0.0.1 - - [08/Oct/2026 07:09:27] "POST /json/2/purchase.order.line/read HTTP/1.1" 200 - 6 0.002 0.006
2026-10-08 07:09:28,006 54 INFO bench werkzeug: 127.0.0.1 - - [08/Oct/2026 07:09:28] "POST /json/2/purchase.order/read HTTP/1.1" 200 - 4 0.002 0.006
2026-10-08 07:09:28,025 54 INFO bench werkzeug: 127.0.0.1 - - [08/Oct/2026 07:09:28] "POST /json/2/purchase.order.line/search HTTP/1.1" 200 - 3 0.002 0.005
2026-10-08 07:09:28,048 54 INFO bench werkzeug: 127.0.0.1 - - [08/Oct/2026 07:09:28] "POST /json/2/purchase.order.line/read HTTP/1.1" 200 - 6 0.003 0.006
2026-10-08 07:09:28,070 54 INFO bench werkzeug: 127.0.0.1 - - [08/Oct/2026 07:09:28] "POST /json/2/purchase.order/read HTTP/1.1" 200 - 4 0.002 0.006
2026-10-08 07:09:28,089 54 INFO bench werkzeug: 127.0.0.1 - - [08/Oct/2026 07:09:28] "POST /json/2/purchase.order.line/search HTTP/1.1" 200 - 3 0.001 0.005
2026-10-08 07:09:28,111 54 INFO bench werkzeug: 127.0.0.1 - - [08/Oct/2026 07:09:28] "POST /json/2/purchase.order.line/read HTTP/1.1" 200 - 6 0.003 0.006
2026-10-08 07:09:28,134 54 INFO bench werkzeug: 127.0.0.1 - - [08/Oct/2026 07:09:28] "POST /json/2/purchase.order/read HTTP/1.1" 200 - 4 0.002 0.006
2026-10-08 07:09:28,153 54 INFO bench werkzeug: 127.0.0.1 - - [08/Oct/2026 07:09:28] "POST /json/2/purchase.order.line/search HTTP/1.1" 200 - 3 0.002 0.005
2026-10-08 07:09:28,184 54 INFO bench werkzeug: 127.0.0.1 - - [08/Oct/2026 07:09:28] "POST /json/2/purchase.order.line/read HTTP/1.1" 200 - 6 0.002 0.006
2026-10-08 07:09:28,206 54 INFO bench werkzeug: 127.0.0.1 - - [08/Oct/2026 07:09:28] "POST /json/2/purchase.order/read HTTP/1.1" 200 - 4 0.002 0.006
2026-10-08 07:09:28,226 54 INFO bench werkzeug: 127.0.0.1 - - [08/Oct/2026 07:09:28] "POST /json/2/purchase.order.line/search HTTP/1.1" 200 - 3 0.001 0.005
2026-10-08 07:09:28,248 54 INFO bench werkzeug: 127.0.0.1 - - [08/Oct/2026 07:09:28] "POST /json/2/purchase.order.line/read HTTP/1.1" 200 - 6 0.002 0.006
2026-10-08 07:09:28,268 54 INFO bench werkzeug: 127.0.0.1 - - [08/Oct/2026 07:09:28] "POST /json/2/purchase.order/read HTTP/1.1" 200 - 4 0.002 0.005
2026-10-08 07:09:28,286 54 INFO bench werkzeug: 127.0.0.1 - - [08/Oct/2026 07:09:28] "POST /json/2/purchase.order.line/search HTTP/1.1" 200 - 3 0.001 0.005
2026-10-08 07:09:28,308 54 INFO bench werkzeug: 127.0.0.1 - - [08/Oct/2026 07:09:28] "POST /json/2/purchase.order.line/read HTTP/1.1" 200 - 6 0.002 0.006
2026-10-08 07:09:28,328 54 INFO bench werkzeug: 127.0.0.1 - - [08/Oct/2026 07:09:28] "POST /json/2/purchase.order/read HTTP/1.1" 200 - 4 0.002 0.006
2026-10-08 07:09:28,347 54 INFO bench werkzeug: 127.0.0.1 - - [08/Oct/2026 07:09:28] "POST /json/2/purchase.order.line/search HTTP/1.1" 200 - 3 0.001 0.004
2026-10-08 07:09:28,369 54 INFO bench werkzeug: 127.0.0.1 - - [08/Oct/2026 07:09:28] "POST /json/2/purchase.order.line/read HTTP/1.1" 200 - 6 0.003 0.006
2026-10-08 07:09:28,391 54 INFO bench werkzeug: 127.0.0.1 - - [08/Oct/2026 07:09:28] "POST /json/2/purchase.order/read HTTP/1.1" 200 - 4 0.002 0.006
2026-10-08 07:09:28,410 54 INFO bench werkzeug: 127.0.0.1 - - [08/Oct/2026 07:09:28] "POST /json/2/purchase.order.line/search HTTP/1.1" 200 - 3 0.002 0.005
2026-10-08 07:09:28,433 54 INFO bench werkzeug: 127.0.0.1 - - [08/Oct/2026 07:09:28] "POST /json/2/purchase.order.line/read HTTP/1.1" 200 - 6 0.003 0.007
2026-10-08 07:09:28,452 54 INFO bench werkzeug: 127.0.0.1 - - [08/Oct/2026 07:09:28] "POST /json/2/purchase.order/read HTTP/1.1" 200 - 4 0.002 0.005
2026-10-08 07:09:28,478 54 INFO bench werkzeug: 127.0.0.1 - - [08/Oct/2026 07:09:28] "POST /json/2/purchase.order.line/search HTTP/1.1" 200 - 3 0.001 0.005
2026-10-08 07:09:28,500 54 INFO bench werkzeug: 127.0.0.1 - - [08/Oct/2026 07:09:28] "POST /json/2/purchase.order.line/read HTTP/1.1" 200 - 6 0.003 0.006
2026-10-08 07:09:28,520 54 INFO bench werkzeug: 127.0.0.1 - - [08/Oct/2026 07:09:28] "POST /json/2/purchase.order/read HTTP/1.1" 200 - 4 0.001 0.005
2026-10-08 07:09:28,539 54 INFO bench werkzeug: 127.0.0.1 - - [08/Oct/2026 07:09:28] "POST /json/2/purchase.order.line/search HTTP/1.1" 200 - 3 0.001 0.004
2026-10-08 07:09:28,560 54 INFO bench werkzeug: 127.0.0.1 - - [08/Oct/2026 07:09:28] "POST /json/2/purchase.order.line/read HTTP/1.1" 200 - 6 0.002 0.006
2026-10-08 07:09:28,581 54 INFO bench werkzeug: 127.0.0.1 - - [08/Oct/2026 07:09:28] "POST /json/2/purchase.order/read HTTP/1.1" 200 - 4 0.002 0.006
2026-10-08 07:09:28,600 54 INFO bench werkzeug: 127.0.0.1 - - [08/Oct/2026 07:09:28] "POST /json/2/purchase.order.line/search HTTP/1.1" 200 - 3 0.001 0.005
2026-10-08 07:09:28,623 54 INFO bench werkzeug: 127.0.0.1 - - [08/Oct/2026 07:09:28] "POST /json/2/purchase.order.line/read HTTP/1.1" 200 - 6 0.003 0.006
2026-10-08 07:09:28,644 54 INFO bench werkzeug: 127.0.0.1 - - [08/Oct/2026 07:09:28] "POST /json/2/purchase.order/read HTTP/1.1" 200 - 4 0.002 0.006
2026-10-08 07:09:28,663 54 INFO bench werkzeug: 127.0.0.1 - - [08/Oct/2026 07:09:28] "POST /json/2/purchase.order.line/search HTTP/1.1" 200 - 3 0.001 0.004
2026-10-08 07:09:28,682 54 INFO bench werkzeug: 127.0.0.1 - - [08/Oct/2026 07:09:28] "POST /json/2/purchase.order.line/read HTTP/1.1" 200 - 6 0.002 0.005
2026-10-08 07:09:28,700 54 INFO bench werkzeug: 127.0.0.1 - - [08/Oct/2026 07:09:28] "POST /json/2/purchase.order/read HTTP/1.1" 200 - 4 0.001 0.005
2026-10-08 07:09:28,718 54 INFO bench werkzeug: 127.0.0.1 - - [08/Oct/2026 07:09:28] "POST /json/2/purchase.order.line/search HTTP/1.1" 200 - 3 0.001 0.005
2026-10-08 07:09:28,750 54 INFO bench werkzeug: 127.0.0.1 - - [08/Oct/2026 07:09:28] "POST /json/2/purchase.order.line/read HTTP/1.1" 200 - 6 0.003 0.007
2026-10-08 07:09:28,772 54 INFO bench werkzeug: 127.0.0.1 - - [08/Oct/2026 07:09:28] "POST /json/2/purchase.order/read HTTP/1.1" 200 - 4 0.002 0.006
2026-10-08 07:09:28,792 54 INFO bench werkzeug: 127.0.0.1 - - [08/Oct/2026 07:09:28] "POST /json/2/purchase.order.line/search HTTP/1.1" 200 - 3 0.001 0.005
2026-10-08 07:09:28,815 54 INFO bench werkzeug: 127.0.0.1 - - [08/Oct/2026 07:09:28] "POST /json/2/purchase.order.line/read HTTP/1.1" 200 - 6 0.003 0.007
2026-10-08 07:09:28,834 54 INFO bench werkzeug: 127.0.0.1 - - [08/Oct/2026 07:09:28] "POST /json/2/purchase.order/read HTTP/1.1" 200 - 4 0.002 0.006
2026-10-08 07:09:28,854 54 INFO bench werkzeug: 127.0.0.1 - - [08/Oct/2026 07:09:28] "POST /json/2/purchase.order.line/search HTTP/1.1" 200 - 3 0.001 0.005
2026-10-08 07:09:28,876 54 INFO bench werkzeug: 127.0.0.1 - - [08/Oct/2026 07:09:28] "POST /json/2/purchase.order.line/read HTTP/1.1" 200 - 6 0.003 0.006
2026-10-08 07:09:28,896 54 INFO bench werkzeug: 127.0.0.1 - - [08/Oct/2026 07:09:28] "POST /json/2/purchase.order/read HTTP/1.1" 200 - 4 0.002 0.005
2026-10-08 07:09:28,916 54 INFO bench werkzeug: 127.0.0.1 - - [08/Oct/2026 07:09:28] "POST /json/2/purchase.order.line/search HTTP/1.1" 200 - 3 0.001 0.005
2026-10-08 07:09:28,938 54 INFO bench werkzeug: 127.0.0.1 - - [08/Oct/2026 07:09:28] "POST /json/2/purchase.order.line/read HTTP/1.1" 200 - 6 0.003 0.006
2026-10-08 07:09:28,959 54 INFO bench werkzeug: 127.0.0.1 - - [08/Oct/2026 07:09:28] "POST /json/2/purchase.order/read HTTP/1.1" 200 - 4 0.002 0.005
2026-10-08 07:09:28,978 54 INFO bench werkzeug: 127.0.0.1 - - [08/Oct/2026 07:09:28] "POST /json/2/purchase.order.line/search HTTP/1.1" 200 - 3 0.001 0.005
2026-10-08 07:09:29,000 54 INFO bench werkzeug: 127.0.0.1 - - [08/Oct/2026 07:09:29] "POST /json/2/purchase.order.line/read HTTP/1.1" 200 - 6 0.002 0.006
2026-10-08 07:09:29,027 54 INFO bench werkzeug: 127.0.0.1 - - [08/Oct/2026 07:09:29] "POST /json/2/purchase.order/read HTTP/1.1" 200 - 4 0.002 0.006
2026-10-08 07:09:29,046 54 INFO bench werkzeug: 127.0.0.1 - - [08/Oct/2026 07:09:29] "POST /json/2/purchase.order.line/search HTTP/1.1" 200 - 3 0.002 0.005
2026-10-08 07:09:29,069 54 INFO bench werkzeug: 127.0.0.1 - - [08/Oct/2026 07:09:29] "POST /json/2/purchase.order.line/read HTTP/1.1" 200 - 6 0.002 0.006
2026-10-08 07:09:29,088 54 INFO bench werkzeug: 127.0.0.1 - - [08/Oct/2026 07:09:29] "POST /json/2/purchase.order/read HTTP/1.1" 200 - 4 0.002 0.005
2026-10-08 07:09:29,106 54 INFO bench werkzeug: 127.0.0.1 - - [08/Oct/2026 07:09:29] "POST /json/2/purchase.order.line/search HTTP/1.1" 200 - 3 0.001 0.005
2026-10-08 07:09:29,129 54 INFO bench werkzeug: 127.0.0.1 - - [08/Oct/2026 07:09:29] "POST /json/2/purchase.order.line/read HTTP/1.1" 200 - 6 0.003 0.006
2026-10-08 07:09:29,148 54 INFO bench werkzeug: 127.0.0.1 - - [08/Oct/2026 07:09:29] "POST /json/2/purchase.order/read HTTP/1.1" 200 - 4 0.001 0.005
2026-10-08 07:09:29,168 54 INFO bench werkzeug: 127.0.0.1 - - [08/Oct/2026 07:09:29] "POST /json/2/purchase.order.line/search HTTP/1.1" 200 - 3 0.001 0.005
2026-10-08 07:09:29,191 54 INFO bench werkzeug: 127.0.0.1 - - [08/Oct/2026 07:09:29] "POST /json/2/purchase.order.line/read HTTP/1.1" 200 - 6 0.003 0.007
2026-10-08 07:09:29,210 54 INFO bench werkzeug: 127.0.0.1 - - [08/Oct/2026 07:09:29] "POST /json/2/purchase.order/read HTTP/1.1" 200 - 4 0.002 0.005
2026-10-08 07:09:29,231 54 INFO bench werkzeug: 127.0.0.1 - - [08/Oct/2026 07:09:29] "POST /json/2/purchase.order.line/search HTTP/1.1" 200 - 3 0.001 0.005
2026-10-08 07:09:29,253 54 INFO bench werkzeug: 127.0.0.1 - - [08/Oct/2026 07:09:29] "POST /json/2/purchase.order.line/read HTTP/1.1" 200 - 6 0.002 0.006
2026-10-08 07:09:29,275 54 INFO bench werkzeug: 127.0.0.1 - - [08/Oct/2026 07:09:29] "POST /json/2/purchase.order/read HTTP/1.1" 200 - 4 0.002 0.005
2026-10-08 07:09:29,302 54 INFO bench werkzeug: 127.0.0.1 - - [08/Oct/2026 07:09:29] "POST /json/2/purchase.order.line/search HTTP/1.1" 200 - 3 0.002 0.005
2026-10-08 07:09:29,325 54 INFO bench werkzeug: 127.0.0.1 - - [08/Oct/2026 07:09:29] "POST /json/2/purchase.order.line/read HTTP/1.1" 200 - 6 0.003 0.006
2026-10-08 07:09:29,344 54 INFO bench werkzeug: 127.0.0.1 - - [08/Oct/2026 07:09:29] "POST /json/2/mrp.production/search HTTP/1.1" 200 - 3 0.001 0.005
2026-10-08 07:09:29,518 54 INFO bench werkzeug: 127.0.0.1 - - [08/Oct/2026 07:09:29] "GET /doc-bearer/mrp.production.json HTTP/1.1" 200 - 6 0.002 0.158
2026-10-08 07:09:29,540 54 INFO bench werkzeug: 127.0.0.1 - - [08/Oct/2026 07:09:29] "POST /json/2/mrp.production/read HTTP/1.1" 200 - 3 0.001 0.005
2026-10-08 07:09:29,560 54 INFO bench werkzeug: 127.0.0.1 - - [08/Oct/2026 07:09:29] "POST /json/2/mrp.workorder/search HTTP/1.1" 200 - 3 0.001 0.005
2026-10-08 07:09:29,711 54 INFO bench werkzeug: 127.0.0.1 - - [08/Oct/2026 07:09:29] "GET /doc-bearer/mrp.workorder.json HTTP/1.1" 200 - 5 0.002 0.137
2026-10-08 07:09:29,734 54 INFO bench werkzeug: 127.0.0.1 - - [08/Oct/2026 07:09:29] "POST /json/2/mrp.workorder/read HTTP/1.1" 200 - 4 0.002 0.006
2026-10-08 07:09:29,753 54 INFO bench werkzeug: 127.0.0.1 - - [08/Oct/2026 07:09:29] "POST /json/2/mrp.production/read HTTP/1.1" 200 - 3 0.001 0.005
2026-10-08 07:09:29,773 54 INFO bench werkzeug: 127.0.0.1 - - [08/Oct/2026 07:09:29] "POST /json/2/mrp.workorder/search HTTP/1.1" 200 - 3 0.002 0.005
2026-10-08 07:09:29,893 54 INFO bench werkzeug: 127.0.0.1 - - [08/Oct/2026 07:09:29] "GET /doc-bearer/mrp.workorder.json HTTP/1.1" 200 - 5 0.002 0.104
2026-10-08 07:09:29,919 54 INFO bench werkzeug: 127.0.0.1 - - [08/Oct/2026 07:09:29] "POST /json/2/mrp.workorder/read HTTP/1.1" 200 - 4 0.002 0.005
2026-10-08 07:09:29,938 54 INFO bench werkzeug: 127.0.0.1 - - [08/Oct/2026 07:09:29] "POST /json/2/mrp.production/read HTTP/1.1" 200 - 3 0.001 0.005
2026-10-08 07:09:29,959 54 INFO bench werkzeug: 127.0.0.1 - - [08/Oct/2026 07:09:29] "POST /json/2/mrp.workorder/search HTTP/1.1" 200 - 3 0.002 0.005
2026-10-08 07:09:30,074 54 INFO bench werkzeug: 127.0.0.1 - - [08/Oct/2026 07:09:30] "GET /doc-bearer/mrp.workorder.json HTTP/1.1" 200 - 5 0.002 0.100
2026-10-08 07:09:30,095 54 INFO bench werkzeug: 127.0.0.1 - - [08/Oct/2026 07:09:30] "POST /json/2/mrp.workorder/read HTTP/1.1" 200 - 4 0.002 0.006
2026-10-08 07:09:30,114 54 INFO bench werkzeug: 127.0.0.1 - - [08/Oct/2026 07:09:30] "POST /json/2/mrp.production/read HTTP/1.1" 200 - 3 0.001 0.005
2026-10-08 07:09:30,131 54 INFO bench werkzeug: 127.0.0.1 - - [08/Oct/2026 07:09:30] "POST /json/2/mrp.workorder/search HTTP/1.1" 200 - 3 0.001 0.004
2026-10-08 07:09:30,255 54 INFO bench werkzeug: 127.0.0.1 - - [08/Oct/2026 07:09:30] "GET /doc-bearer/mrp.workorder.json HTTP/1.1" 200 - 5 0.002 0.110
2026-10-08 07:09:30,282 54 INFO bench werkzeug: 127.0.0.1 - - [08/Oct/2026 07:09:30] "POST /json/2/mrp.workorder/read HTTP/1.1" 200 - 4 0.001 0.005
2026-10-08 07:09:30,301 54 INFO bench werkzeug: 127.0.0.1 - - [08/Oct/2026 07:09:30] "POST /json/2/mrp.production/read HTTP/1.1" 200 - 3 0.001 0.004
2026-10-08 07:09:30,322 54 INFO bench werkzeug: 127.0.0.1 - - [08/Oct/2026 07:09:30] "POST /json/2/mrp.workorder/search HTTP/1.1" 200 - 3 0.001 0.005
2026-10-08 07:09:30,437 54 INFO bench werkzeug: 127.0.0.1 - - [08/Oct/2026 07:09:30] "GET /doc-bearer/mrp.workorder.json HTTP/1.1" 200 - 5 0.002 0.101
2026-10-08 07:09:30,460 54 INFO bench werkzeug: 127.0.0.1 - - [08/Oct/2026 07:09:30] "POST /json/2/mrp.workorder/read HTTP/1.1" 200 - 4 0.002 0.006
2026-10-08 07:09:30,480 54 INFO bench werkzeug: 127.0.0.1 - - [08/Oct/2026 07:09:30] "POST /json/2/sale.order/search HTTP/1.1" 200 - 3 0.002 0.005
2026-10-08 07:09:30,685 54 INFO bench werkzeug: 127.0.0.1 - - [08/Oct/2026 07:09:30] "GET /doc-bearer/sale.order.json HTTP/1.1" 200 - 7 0.003 0.189
2026-10-08 07:09:30,709 54 INFO bench werkzeug: 127.0.0.1 - - [08/Oct/2026 07:09:30] "POST /json/2/sale.order/read HTTP/1.1" 200 - 3 0.001 0.005
2026-10-08 07:09:30,728 54 INFO bench werkzeug: 127.0.0.1 - - [08/Oct/2026 07:09:30] "POST /json/2/sale.order/search HTTP/1.1" 200 - 3 0.001 0.005
2026-10-08 07:09:30,748 54 INFO bench werkzeug: 127.0.0.1 - - [08/Oct/2026 07:09:30] "POST /json/2/sale.order/read HTTP/1.1" 200 - 3 0.001 0.005
2026-10-08 07:09:30,767 54 INFO bench werkzeug: 127.0.0.1 - - [08/Oct/2026 07:09:30] "POST /json/2/sale.order/search HTTP/1.1" 200 - 3 0.001 0.005
2026-10-08 07:09:30,788 54 INFO bench werkzeug: 127.0.0.1 - - [08/Oct/2026 07:09:30] "POST /json/2/sale.order/read HTTP/1.1" 200 - 3 0.001 0.006
2026-10-08 07:09:30,807 54 INFO bench werkzeug: 127.0.0.1 - - [08/Oct/2026 07:09:30] "POST /json/2/sale.order/search HTTP/1.1" 200 - 3 0.001 0.005
2026-10-08 07:09:30,827 54 INFO bench werkzeug: 127.0.0.1 - - [08/Oct/2026 07:09:30] "POST /json/2/sale.order/read HTTP/1.1" 200 - 3 0.001 0.005
2026-10-08 07:09:30,846 54 INFO bench werkzeug: 127.0.0.1 - - [08/Oct/2026 07:09:30] "POST /json/2/sale.order/search HTTP/1.1" 200 - 3 0.001 0.005
2026-10-08 07:09:30,866 54 INFO bench werkzeug: 127.0.0.1 - - [08/Oct/2026 07:09:30] "POST /json/2/sale.order/read HTTP/1.1" 200 - 3 0.002 0.005
2026-10-08 07:09:30,885 54 INFO bench werkzeug: 127.0.0.1 - - [08/Oct/2026 07:09:30] "POST /json/2/sale.order/search HTTP/1.1" 200 - 3 0.002 0.005
2026-10-08 07:09:30,903 54 INFO bench werkzeug: 127.0.0.1 - - [08/Oct/2026 07:09:30] "POST /json/2/sale.order/read HTTP/1.1" 200 - 3 0.001 0.005
2026-10-08 07:09:30,924 54 INFO bench werkzeug: 127.0.0.1 - - [08/Oct/2026 07:09:30] "POST /json/2/sale.order/search HTTP/1.1" 200 - 3 0.001 0.005
2026-10-08 07:09:30,943 54 INFO bench werkzeug: 127.0.0.1 - - [08/Oct/2026 07:09:30] "POST /json/2/sale.order/read HTTP/1.1" 200 - 3 0.001 0.005
2026-10-08 07:09:30,971 54 INFO bench werkzeug: 127.0.0.1 - - [08/Oct/2026 07:09:30] "POST /json/2/sale.order/search HTTP/1.1" 200 - 3 0.001 0.005
2026-10-08 07:09:30,991 54 INFO bench werkzeug: 127.0.0.1 - - [08/Oct/2026 07:09:30] "POST /json/2/sale.order/read HTTP/1.1" 200 - 3 0.001 0.005
2026-10-08 07:09:31,011 54 INFO bench werkzeug: 127.0.0.1 - - [08/Oct/2026 07:09:31] "POST /json/2/sale.order/search HTTP/1.1" 200 - 3 0.002 0.005
2026-10-08 07:09:31,030 54 INFO bench werkzeug: 127.0.0.1 - - [08/Oct/2026 07:09:31] "POST /json/2/sale.order/read HTTP/1.1" 200 - 3 0.001 0.004
2026-10-08 07:09:31,048 54 INFO bench werkzeug: 127.0.0.1 - - [08/Oct/2026 07:09:31] "POST /json/2/sale.order/search HTTP/1.1" 200 - 3 0.001 0.004
2026-10-08 07:09:31,067 54 INFO bench werkzeug: 127.0.0.1 - - [08/Oct/2026 07:09:31] "POST /json/2/sale.order/read HTTP/1.1" 200 - 3 0.001 0.005
2026-10-08 07:09:31,087 54 INFO bench werkzeug: 127.0.0.1 - - [08/Oct/2026 07:09:31] "POST /json/2/sale.order/search HTTP/1.1" 200 - 3 0.002 0.005
2026-10-08 07:09:31,106 54 INFO bench werkzeug: 127.0.0.1 - - [08/Oct/2026 07:09:31] "POST /json/2/sale.order/read HTTP/1.1" 200 - 3 0.001 0.005
2026-10-08 07:09:31,126 54 INFO bench werkzeug: 127.0.0.1 - - [08/Oct/2026 07:09:31] "POST /json/2/sale.order/search HTTP/1.1" 200 - 3 0.001 0.005
2026-10-08 07:09:31,145 54 INFO bench werkzeug: 127.0.0.1 - - [08/Oct/2026 07:09:31] "POST /json/2/sale.order/read HTTP/1.1" 200 - 3 0.001 0.005
2026-10-08 07:09:31,165 54 INFO bench werkzeug: 127.0.0.1 - - [08/Oct/2026 07:09:31] "POST /json/2/purchase.order/search HTTP/1.1" 200 - 3 0.002 0.005
2026-10-08 07:09:31,337 54 INFO bench werkzeug: 127.0.0.1 - - [08/Oct/2026 07:09:31] "GET /doc-bearer/purchase.order.json HTTP/1.1" 200 - 5 0.002 0.156
2026-10-08 07:09:31,365 54 INFO bench werkzeug: 127.0.0.1 - - [08/Oct/2026 07:09:31] "POST /json/2/purchase.order/read HTTP/1.1" 200 - 4 0.002 0.006
2026-10-08 07:09:31,385 54 INFO bench werkzeug: 127.0.0.1 - - [08/Oct/2026 07:09:31] "POST /json/2/purchase.order.line/search HTTP/1.1" 200 - 3 0.002 0.005
2026-10-08 07:09:31,500 54 INFO bench werkzeug: 127.0.0.1 - - [08/Oct/2026 07:09:31] "GET /doc-bearer/purchase.order.line.json HTTP/1.1" 200 - 6 0.002 0.100
2026-10-08 07:09:31,523 54 INFO bench werkzeug: 127.0.0.1 - - [08/Oct/2026 07:09:31] "POST /json/2/purchase.order.line/read HTTP/1.1" 200 - 6 0.003 0.007
2026-10-08 07:09:31,541 54 INFO bench werkzeug: 127.0.0.1 - - [08/Oct/2026 07:09:31] "POST /json/2/purchase.order/read HTTP/1.1" 200 - 4 0.001 0.005
2026-10-08 07:09:31,561 54 INFO bench werkzeug: 127.0.0.1 - - [08/Oct/2026 07:09:31] "POST /json/2/purchase.order.line/search HTTP/1.1" 200 - 3 0.001 0.005
2026-10-08 07:09:31,583 54 INFO bench werkzeug: 127.0.0.1 - - [08/Oct/2026 07:09:31] "POST /json/2/purchase.order.line/read HTTP/1.1" 200 - 6 0.003 0.006
2026-10-08 07:09:31,601 54 INFO bench werkzeug: 127.0.0.1 - - [08/Oct/2026 07:09:31] "POST /json/2/purchase.order/read HTTP/1.1" 200 - 4 0.001 0.005
2026-10-08 07:09:31,622 54 INFO bench werkzeug: 127.0.0.1 - - [08/Oct/2026 07:09:31] "POST /json/2/purchase.order.line/search HTTP/1.1" 200 - 3 0.001 0.005
2026-10-08 07:09:31,644 54 INFO bench werkzeug: 127.0.0.1 - - [08/Oct/2026 07:09:31] "POST /json/2/purchase.order.line/read HTTP/1.1" 200 - 6 0.003 0.006
2026-10-08 07:09:31,666 54 INFO bench werkzeug: 127.0.0.1 - - [08/Oct/2026 07:09:31] "POST /json/2/purchase.order/read HTTP/1.1" 200 - 4 0.002 0.006
2026-10-08 07:09:31,685 54 INFO bench werkzeug: 127.0.0.1 - - [08/Oct/2026 07:09:31] "POST /json/2/purchase.order.line/search HTTP/1.1" 200 - 3 0.002 0.005
2026-10-08 07:09:31,710 54 INFO bench werkzeug: 127.0.0.1 - - [08/Oct/2026 07:09:31] "POST /json/2/purchase.order.line/read HTTP/1.1" 200 - 6 0.003 0.006
2026-10-08 07:09:31,738 54 INFO bench werkzeug: 127.0.0.1 - - [08/Oct/2026 07:09:31] "POST /json/2/purchase.order/read HTTP/1.1" 200 - 4 0.002 0.005
2026-10-08 07:09:31,758 54 INFO bench werkzeug: 127.0.0.1 - - [08/Oct/2026 07:09:31] "POST /json/2/purchase.order.line/search HTTP/1.1" 200 - 3 0.001 0.005
2026-10-08 07:09:31,779 54 INFO bench werkzeug: 127.0.0.1 - - [08/Oct/2026 07:09:31] "POST /json/2/purchase.order.line/read HTTP/1.1" 200 - 6 0.003 0.006
2026-10-08 07:09:31,800 54 INFO bench werkzeug: 127.0.0.1 - - [08/Oct/2026 07:09:31] "POST /json/2/purchase.order/read HTTP/1.1" 200 - 4 0.002 0.006
2026-10-08 07:09:31,819 54 INFO bench werkzeug: 127.0.0.1 - - [08/Oct/2026 07:09:31] "POST /json/2/purchase.order.line/search HTTP/1.1" 200 - 3 0.001 0.005
2026-10-08 07:09:31,840 54 INFO bench werkzeug: 127.0.0.1 - - [08/Oct/2026 07:09:31] "POST /json/2/purchase.order.line/read HTTP/1.1" 200 - 6 0.003 0.006
2026-10-08 07:09:31,861 54 INFO bench werkzeug: 127.0.0.1 - - [08/Oct/2026 07:09:31] "POST /json/2/purchase.order/read HTTP/1.1" 200 - 4 0.002 0.006
2026-10-08 07:09:31,881 54 INFO bench werkzeug: 127.0.0.1 - - [08/Oct/2026 07:09:31] "POST /json/2/purchase.order.line/search HTTP/1.1" 200 - 3 0.001 0.005
2026-10-08 07:09:31,904 54 INFO bench werkzeug: 127.0.0.1 - - [08/Oct/2026 07:09:31] "POST /json/2/purchase.order.line/read HTTP/1.1" 200 - 6 0.002 0.006
2026-10-08 07:09:31,923 54 INFO bench werkzeug: 127.0.0.1 - - [08/Oct/2026 07:09:31] "POST /json/2/purchase.order/read HTTP/1.1" 200 - 4 0.001 0.005
2026-10-08 07:09:31,943 54 INFO bench werkzeug: 127.0.0.1 - - [08/Oct/2026 07:09:31] "POST /json/2/purchase.order.line/search HTTP/1.1" 200 - 3 0.001 0.005
2026-10-08 07:09:31,965 54 INFO bench werkzeug: 127.0.0.1 - - [08/Oct/2026 07:09:31] "POST /json/2/purchase.order.line/read HTTP/1.1" 200 - 6 0.003 0.008
2026-10-08 07:09:31,994 54 INFO bench werkzeug: 127.0.0.1 - - [08/Oct/2026 07:09:31] "POST /json/2/purchase.order/read HTTP/1.1" 200 - 4 0.002 0.005
2026-10-08 07:09:32,012 54 INFO bench werkzeug: 127.0.0.1 - - [08/Oct/2026 07:09:32] "POST /json/2/purchase.order.line/search HTTP/1.1" 200 - 3 0.001 0.004
2026-10-08 07:09:32,034 54 INFO bench werkzeug: 127.0.0.1 - - [08/Oct/2026 07:09:32] "POST /json/2/purchase.order.line/read HTTP/1.1" 200 - 6 0.003 0.006
2026-10-08 07:09:32,055 54 INFO bench werkzeug: 127.0.0.1 - - [08/Oct/2026 07:09:32] "POST /json/2/purchase.order/read HTTP/1.1" 200 - 4 0.002 0.006
2026-10-08 07:09:32,076 54 INFO bench werkzeug: 127.0.0.1 - - [08/Oct/2026 07:09:32] "POST /json/2/purchase.order.line/search HTTP/1.1" 200 - 3 0.001 0.005
2026-10-08 07:09:32,098 54 INFO bench werkzeug: 127.0.0.1 - - [08/Oct/2026 07:09:32] "POST /json/2/purchase.order.line/read HTTP/1.1" 200 - 6 0.003 0.006
2026-10-08 07:09:32,120 54 INFO bench werkzeug: 127.0.0.1 - - [08/Oct/2026 07:09:32] "POST /json/2/purchase.order/read HTTP/1.1" 200 - 4 0.002 0.006
2026-10-08 07:09:32,141 54 INFO bench werkzeug: 127.0.0.1 - - [08/Oct/2026 07:09:32] "POST /json/2/purchase.order.line/search HTTP/1.1" 200 - 3 0.002 0.005
2026-10-08 07:09:32,166 54 INFO bench werkzeug: 127.0.0.1 - - [08/Oct/2026 07:09:32] "POST /json/2/purchase.order.line/read HTTP/1.1" 200 - 6 0.003 0.007
2026-10-08 07:09:32,186 54 INFO bench werkzeug: 127.0.0.1 - - [08/Oct/2026 07:09:32] "POST /json/2/purchase.order/read HTTP/1.1" 200 - 4 0.002 0.006
2026-10-08 07:09:32,205 54 INFO bench werkzeug: 127.0.0.1 - - [08/Oct/2026 07:09:32] "POST /json/2/purchase.order.line/search HTTP/1.1" 200 - 3 0.001 0.005
2026-10-08 07:09:32,226 54 INFO bench werkzeug: 127.0.0.1 - - [08/Oct/2026 07:09:32] "POST /json/2/purchase.order.line/read HTTP/1.1" 200 - 6 0.002 0.006
2026-10-08 07:09:32,248 54 INFO bench werkzeug: 127.0.0.1 - - [08/Oct/2026 07:09:32] "POST /json/2/purchase.order/read HTTP/1.1" 200 - 4 0.002 0.006
2026-10-08 07:09:32,267 54 INFO bench werkzeug: 127.0.0.1 - - [08/Oct/2026 07:09:32] "POST /json/2/purchase.order.line/search HTTP/1.1" 200 - 3 0.002 0.005
2026-10-08 07:09:32,299 54 INFO bench werkzeug: 127.0.0.1 - - [08/Oct/2026 07:09:32] "POST /json/2/purchase.order.line/read HTTP/1.1" 200 - 6 0.003 0.010
2026-10-08 07:09:32,320 54 INFO bench werkzeug: 127.0.0.1 - - [08/Oct/2026 07:09:32] "POST /json/2/purchase.order/read HTTP/1.1" 200 - 4 0.002 0.007
2026-10-08 07:09:32,340 54 INFO bench werkzeug: 127.0.0.1 - - [08/Oct/2026 07:09:32] "POST /json/2/purchase.order.line/search HTTP/1.1" 200 - 3 0.002 0.005
2026-10-08 07:09:32,362 54 INFO bench werkzeug: 127.0.0.1 - - [08/Oct/2026 07:09:32] "POST /json/2/purchase.order.line/read HTTP/1.1" 200 - 6 0.002 0.006
2026-10-08 07:09:32,382 54 INFO bench werkzeug: 127.0.0.1 - - [08/Oct/2026 07:09:32] "POST /json/2/purchase.order/read HTTP/1.1" 200 - 4 0.002 0.006
2026-10-08 07:09:32,403 54 INFO bench werkzeug: 127.0.0.1 - - [08/Oct/2026 07:09:32] "POST /json/2/purchase.order.line/search HTTP/1.1" 200 - 3 0.001 0.005
2026-10-08 07:09:32,426 54 INFO bench werkzeug: 127.0.0.1 - - [08/Oct/2026 07:09:32] "POST /json/2/purchase.order.line/read HTTP/1.1" 200 - 6 0.003 0.006
2026-10-08 07:09:32,447 54 INFO bench werkzeug: 127.0.0.1 - - [08/Oct/2026 07:09:32] "POST /json/2/purchase.order/read HTTP/1.1" 200 - 4 0.002 0.005
2026-10-08 07:09:32,467 54 INFO bench werkzeug: 127.0.0.1 - - [08/Oct/2026 07:09:32] "POST /json/2/purchase.order.line/search HTTP/1.1" 200 - 3 0.001 0.005
2026-10-08 07:09:32,488 54 INFO bench werkzeug: 127.0.0.1 - - [08/Oct/2026 07:09:32] "POST /json/2/purchase.order.line/read HTTP/1.1" 200 - 6 0.003 0.006
2026-10-08 07:09:32,508 54 INFO bench werkzeug: 127.0.0.1 - - [08/Oct/2026 07:09:32] "POST /json/2/purchase.order/read HTTP/1.1" 200 - 4 0.002 0.005
2026-10-08 07:09:32,527 54 INFO bench werkzeug: 127.0.0.1 - - [08/Oct/2026 07:09:32] "POST /json/2/purchase.order.line/search HTTP/1.1" 200 - 3 0.001 0.005
2026-10-08 07:09:32,549 54 INFO bench werkzeug: 127.0.0.1 - - [08/Oct/2026 07:09:32] "POST /json/2/purchase.order.line/read HTTP/1.1" 200 - 6 0.002 0.006
2026-10-08 07:09:32,576 54 INFO bench werkzeug: 127.0.0.1 - - [08/Oct/2026 07:09:32] "POST /json/2/purchase.order/read HTTP/1.1" 200 - 4 0.002 0.006
2026-10-08 07:09:32,596 54 INFO bench werkzeug: 127.0.0.1 - - [08/Oct/2026 07:09:32] "POST /json/2/purchase.order.line/search HTTP/1.1" 200 - 3 0.002 0.005
2026-10-08 07:09:32,618 54 INFO bench werkzeug: 127.0.0.1 - - [08/Oct/2026 07:09:32] "POST /json/2/purchase.order.line/read HTTP/1.1" 200 - 6 0.003 0.006
2026-10-08 07:09:32,640 54 INFO bench werkzeug: 127.0.0.1 - - [08/Oct/2026 07:09:32] "POST /json/2/purchase.order/read HTTP/1.1" 200 - 4 0.002 0.005
2026-10-08 07:09:32,659 54 INFO bench werkzeug: 127.0.0.1 - - [08/Oct/2026 07:09:32] "POST /json/2/purchase.order.line/search HTTP/1.1" 200 - 3 0.001 0.005
2026-10-08 07:09:32,681 54 INFO bench werkzeug: 127.0.0.1 - - [08/Oct/2026 07:09:32] "POST /json/2/purchase.order.line/read HTTP/1.1" 200 - 6 0.003 0.007
2026-10-08 07:09:32,702 54 INFO bench werkzeug: 127.0.0.1 - - [08/Oct/2026 07:09:32] "POST /json/2/purchase.order/read HTTP/1.1" 200 - 4 0.002 0.006
2026-10-08 07:09:32,722 54 INFO bench werkzeug: 127.0.0.1 - - [08/Oct/2026 07:09:32] "POST /json/2/purchase.order.line/search HTTP/1.1" 200 - 3 0.002 0.005
2026-10-08 07:09:32,744 54 INFO bench werkzeug: 127.0.0.1 - - [08/Oct/2026 07:09:32] "POST /json/2/purchase.order.line/read HTTP/1.1" 200 - 6 0.002 0.006
2026-10-08 07:09:32,765 54 INFO bench werkzeug: 127.0.0.1 - - [08/Oct/2026 07:09:32] "POST /json/2/purchase.order/read HTTP/1.1" 200 - 4 0.002 0.005
2026-10-08 07:09:32,785 54 INFO bench werkzeug: 127.0.0.1 - - [08/Oct/2026 07:09:32] "POST /json/2/purchase.order.line/search HTTP/1.1" 200 - 3 0.001 0.005
2026-10-08 07:09:32,808 54 INFO bench werkzeug: 127.0.0.1 - - [08/Oct/2026 07:09:32] "POST /json/2/purchase.order.line/read HTTP/1.1" 200 - 6 0.003 0.007
2026-10-08 07:09:32,830 54 INFO bench werkzeug: 127.0.0.1 - - [08/Oct/2026 07:09:32] "POST /json/2/purchase.order/read HTTP/1.1" 200 - 4 0.002 0.006
2026-10-08 07:09:32,856 54 INFO bench werkzeug: 127.0.0.1 - - [08/Oct/2026 07:09:32] "POST /json/2/purchase.order.line/search HTTP/1.1" 200 - 3 0.002 0.005
2026-10-08 07:09:32,878 54 INFO bench werkzeug: 127.0.0.1 - - [08/Oct/2026 07:09:32] "POST /json/2/purchase.order.line/read HTTP/1.1" 200 - 6 0.003 0.006
2026-10-08 07:09:32,899 54 INFO bench werkzeug: 127.0.0.1 - - [08/Oct/2026 07:09:32] "POST /json/2/purchase.order/search HTTP/1.1" 200 - 3 0.001 0.005
2026-10-08 07:09:33,265 54 INFO bench werkzeug: 127.0.0.1 - - [08/Oct/2026 07:09:33] "GET /doc-bearer/purchase.order.json HTTP/1.1" 200 - 5 0.002 0.350
2026-10-08 07:09:33,288 54 INFO bench werkzeug: 127.0.0.1 - - [08/Oct/2026 07:09:33] "POST /json/2/purchase.order/read HTTP/1.1" 200 - 4 0.002 0.005
2026-10-08 07:09:33,309 54 INFO bench werkzeug: 127.0.0.1 - - [08/Oct/2026 07:09:33] "POST /json/2/purchase.order.line/search HTTP/1.1" 200 - 3 0.001 0.004
2026-10-08 07:09:33,419 54 INFO bench werkzeug: 127.0.0.1 - - [08/Oct/2026 07:09:33] "GET /doc-bearer/purchase.order.line.json HTTP/1.1" 200 - 6 0.002 0.096
2026-10-08 07:09:33,442 54 INFO bench werkzeug: 127.0.0.1 - - [08/Oct/2026 07:09:33] "POST /json/2/purchase.order.line/read HTTP/1.1" 200 - 6 0.003 0.006
2026-10-08 07:09:33,463 54 INFO bench werkzeug: 127.0.0.1 - - [08/Oct/2026 07:09:33] "POST /json/2/purchase.order/read HTTP/1.1" 200 - 4 0.002 0.006
2026-10-08 07:09:33,484 54 INFO bench werkzeug: 127.0.0.1 - - [08/Oct/2026 07:09:33] "POST /json/2/purchase.order.line/search HTTP/1.1" 200 - 3 0.001 0.005
2026-10-08 07:09:33,510 54 INFO bench werkzeug: 127.0.0.1 - - [08/Oct/2026 07:09:33] "POST /json/2/purchase.order.line/read HTTP/1.1" 200 - 6 0.003 0.009
2026-10-08 07:09:33,532 54 INFO bench werkzeug: 127.0.0.1 - - [08/Oct/2026 07:09:33] "POST /json/2/purchase.order/read HTTP/1.1" 200 - 4 0.002 0.005
2026-10-08 07:09:33,551 54 INFO bench werkzeug: 127.0.0.1 - - [08/Oct/2026 07:09:33] "POST /json/2/purchase.order.line/search HTTP/1.1" 200 - 3 0.002 0.005
2026-10-08 07:09:33,573 54 INFO bench werkzeug: 127.0.0.1 - - [08/Oct/2026 07:09:33] "POST /json/2/purchase.order.line/read HTTP/1.1" 200 - 6 0.003 0.006
2026-10-08 07:09:33,593 54 INFO bench werkzeug: 127.0.0.1 - - [08/Oct/2026 07:09:33] "POST /json/2/purchase.order/read HTTP/1.1" 200 - 4 0.002 0.005
2026-10-08 07:09:33,612 54 INFO bench werkzeug: 127.0.0.1 - - [08/Oct/2026 07:09:33] "POST /json/2/purchase.order.line/search HTTP/1.1" 200 - 3 0.002 0.005
2026-10-08 07:09:33,634 54 INFO bench werkzeug: 127.0.0.1 - - [08/Oct/2026 07:09:33] "POST /json/2/purchase.order.line/read HTTP/1.1" 200 - 6 0.002 0.006
2026-10-08 07:09:33,661 54 INFO bench werkzeug: 127.0.0.1 - - [08/Oct/2026 07:09:33] "POST /json/2/purchase.order/read HTTP/1.1" 200 - 4 0.002 0.005
2026-10-08 07:09:33,680 54 INFO bench werkzeug: 127.0.0.1 - - [08/Oct/2026 07:09:33] "POST /json/2/purchase.order.line/search HTTP/1.1" 200 - 3 0.001 0.005
2026-10-08 07:09:33,703 54 INFO bench werkzeug: 127.0.0.1 - - [08/Oct/2026 07:09:33] "POST /json/2/purchase.order.line/read HTTP/1.1" 200 - 6 0.003 0.006
2026-10-08 07:09:33,724 54 INFO bench werkzeug: 127.0.0.1 - - [08/Oct/2026 07:09:33] "POST /json/2/purchase.order/read HTTP/1.1" 200 - 4 0.002 0.005
2026-10-08 07:09:33,743 54 INFO bench werkzeug: 127.0.0.1 - - [08/Oct/2026 07:09:33] "POST /json/2/purchase.order.line/search HTTP/1.1" 200 - 3 0.001 0.005
2026-10-08 07:09:33,766 54 INFO bench werkzeug: 127.0.0.1 - - [08/Oct/2026 07:09:33] "POST /json/2/purchase.order.line/read HTTP/1.1" 200 - 6 0.003 0.007
2026-10-08 07:09:33,788 54 INFO bench werkzeug: 127.0.0.1 - - [08/Oct/2026 07:09:33] "POST /json/2/purchase.order/read HTTP/1.1" 200 - 4 0.002 0.006
2026-10-08 07:09:33,808 54 INFO bench werkzeug: 127.0.0.1 - - [08/Oct/2026 07:09:33] "POST /json/2/purchase.order.line/search HTTP/1.1" 200 - 3 0.001 0.005
2026-10-08 07:09:33,831 54 INFO bench werkzeug: 127.0.0.1 - - [08/Oct/2026 07:09:33] "POST /json/2/purchase.order.line/read HTTP/1.1" 200 - 6 0.003 0.007
2026-10-08 07:09:33,851 54 INFO bench werkzeug: 127.0.0.1 - - [08/Oct/2026 07:09:33] "POST /json/2/purchase.order/read HTTP/1.1" 200 - 4 0.002 0.005
2026-10-08 07:09:33,870 54 INFO bench werkzeug: 127.0.0.1 - - [08/Oct/2026 07:09:33] "POST /json/2/purchase.order.line/search HTTP/1.1" 200 - 3 0.001 0.005
2026-10-08 07:09:33,892 54 INFO bench werkzeug: 127.0.0.1 - - [08/Oct/2026 07:09:33] "POST /json/2/purchase.order.line/read HTTP/1.1" 200 - 6 0.002 0.006
2026-10-08 07:09:33,914 54 INFO bench werkzeug: 127.0.0.1 - - [08/Oct/2026 07:09:33] "POST /json/2/purchase.order/read HTTP/1.1" 200 - 4 0.002 0.005
2026-10-08 07:09:33,942 54 INFO bench werkzeug: 127.0.0.1 - - [08/Oct/2026 07:09:33] "POST /json/2/purchase.order.line/search HTTP/1.1" 200 - 3 0.002 0.005
2026-10-08 07:09:33,964 54 INFO bench werkzeug: 127.0.0.1 - - [08/Oct/2026 07:09:33] "POST /json/2/purchase.order.line/read HTTP/1.1" 200 - 6 0.002 0.007
2026-10-08 07:09:33,984 54 INFO bench werkzeug: 127.0.0.1 - - [08/Oct/2026 07:09:33] "POST /json/2/purchase.order/read HTTP/1.1" 200 - 4 0.002 0.005
2026-10-08 07:09:34,007 54 INFO bench werkzeug: 127.0.0.1 - - [08/Oct/2026 07:09:34] "POST /json/2/purchase.order.line/search HTTP/1.1" 200 - 3 0.001 0.005
2026-10-08 07:09:34,029 54 INFO bench werkzeug: 127.0.0.1 - - [08/Oct/2026 07:09:34] "POST /json/2/purchase.order.line/read HTTP/1.1" 200 - 6 0.002 0.007
2026-10-08 07:09:34,049 54 INFO bench werkzeug: 127.0.0.1 - - [08/Oct/2026 07:09:34] "POST /json/2/purchase.order/read HTTP/1.1" 200 - 4 0.002 0.005
2026-10-08 07:09:34,066 54 INFO bench werkzeug: 127.0.0.1 - - [08/Oct/2026 07:09:34] "POST /json/2/purchase.order.line/search HTTP/1.1" 200 - 3 0.001 0.004
2026-10-08 07:09:34,086 54 INFO bench werkzeug: 127.0.0.1 - - [08/Oct/2026 07:09:34] "POST /json/2/purchase.order.line/read HTTP/1.1" 200 - 6 0.002 0.006
2026-10-08 07:09:34,104 54 INFO bench werkzeug: 127.0.0.1 - - [08/Oct/2026 07:09:34] "POST /json/2/purchase.order/read HTTP/1.1" 200 - 4 0.001 0.005
2026-10-08 07:09:34,122 54 INFO bench werkzeug: 127.0.0.1 - - [08/Oct/2026 07:09:34] "POST /json/2/purchase.order.line/search HTTP/1.1" 200 - 3 0.002 0.005
2026-10-08 07:09:34,143 54 INFO bench werkzeug: 127.0.0.1 - - [08/Oct/2026 07:09:34] "POST /json/2/purchase.order.line/read HTTP/1.1" 200 - 6 0.003 0.006
2026-10-08 07:09:34,164 54 INFO bench werkzeug: 127.0.0.1 - - [08/Oct/2026 07:09:34] "POST /json/2/purchase.order/read HTTP/1.1" 200 - 4 0.002 0.006
2026-10-08 07:09:34,183 54 INFO bench werkzeug: 127.0.0.1 - - [08/Oct/2026 07:09:34] "POST /json/2/purchase.order.line/search HTTP/1.1" 200 - 3 0.002 0.005
2026-10-08 07:09:34,213 54 INFO bench werkzeug: 127.0.0.1 - - [08/Oct/2026 07:09:34] "POST /json/2/purchase.order.line/read HTTP/1.1" 200 - 6 0.003 0.006
2026-10-08 07:09:34,232 54 INFO bench werkzeug: 127.0.0.1 - - [08/Oct/2026 07:09:34] "POST /json/2/purchase.order/read HTTP/1.1" 200 - 4 0.002 0.006
2026-10-08 07:09:34,253 54 INFO bench werkzeug: 127.0.0.1 - - [08/Oct/2026 07:09:34] "POST /json/2/purchase.order.line/search HTTP/1.1" 200 - 3 0.001 0.005
2026-10-08 07:09:34,274 54 INFO bench werkzeug: 127.0.0.1 - - [08/Oct/2026 07:09:34] "POST /json/2/purchase.order.line/read HTTP/1.1" 200 - 6 0.002 0.006
2026-10-08 07:09:34,294 54 INFO bench werkzeug: 127.0.0.1 - - [08/Oct/2026 07:09:34] "POST /json/2/purchase.order/read HTTP/1.1" 200 - 4 0.002 0.005
2026-10-08 07:09:34,314 54 INFO bench werkzeug: 127.0.0.1 - - [08/Oct/2026 07:09:34] "POST /json/2/purchase.order.line/search HTTP/1.1" 200 - 3 0.002 0.005
2026-10-08 07:09:34,336 54 INFO bench werkzeug: 127.0.0.1 - - [08/Oct/2026 07:09:34] "POST /json/2/purchase.order.line/read HTTP/1.1" 200 - 6 0.003 0.006
2026-10-08 07:09:34,356 54 INFO bench werkzeug: 127.0.0.1 - - [08/Oct/2026 07:09:34] "POST /json/2/purchase.order/read HTTP/1.1" 200 - 4 0.002 0.006
2026-10-08 07:09:34,375 54 INFO bench werkzeug: 127.0.0.1 - - [08/Oct/2026 07:09:34] "POST /json/2/purchase.order.line/search HTTP/1.1" 200 - 3 0.002 0.005
2026-10-08 07:09:34,397 54 INFO bench werkzeug: 127.0.0.1 - - [08/Oct/2026 07:09:34] "POST /json/2/purchase.order.line/read HTTP/1.1" 200 - 6 0.003 0.006
2026-10-08 07:09:34,418 54 INFO bench werkzeug: 127.0.0.1 - - [08/Oct/2026 07:09:34] "POST /json/2/purchase.order/read HTTP/1.1" 200 - 4 0.002 0.005
2026-10-08 07:09:34,436 54 INFO bench werkzeug: 127.0.0.1 - - [08/Oct/2026 07:09:34] "POST /json/2/purchase.order.line/search HTTP/1.1" 200 - 3 0.001 0.005
2026-10-08 07:09:34,458 54 INFO bench werkzeug: 127.0.0.1 - - [08/Oct/2026 07:09:34] "POST /json/2/purchase.order.line/read HTTP/1.1" 200 - 6 0.002 0.006
2026-10-08 07:09:34,487 54 INFO bench werkzeug: 127.0.0.1 - - [08/Oct/2026 07:09:34] "POST /json/2/purchase.order/read HTTP/1.1" 200 - 4 0.002 0.006
2026-10-08 07:09:34,506 54 INFO bench werkzeug: 127.0.0.1 - - [08/Oct/2026 07:09:34] "POST /json/2/purchase.order.line/search HTTP/1.1" 200 - 3 0.001 0.005
2026-10-08 07:09:34,529 54 INFO bench werkzeug: 127.0.0.1 - - [08/Oct/2026 07:09:34] "POST /json/2/purchase.order.line/read HTTP/1.1" 200 - 6 0.003 0.007
2026-10-08 07:09:34,549 54 INFO bench werkzeug: 127.0.0.1 - - [08/Oct/2026 07:09:34] "POST /json/2/purchase.order/read HTTP/1.1" 200 - 4 0.002 0.005
2026-10-08 07:09:34,569 54 INFO bench werkzeug: 127.0.0.1 - - [08/Oct/2026 07:09:34] "POST /json/2/purchase.order.line/search HTTP/1.1" 200 - 3 0.001 0.005
2026-10-08 07:09:34,591 54 INFO bench werkzeug: 127.0.0.1 - - [08/Oct/2026 07:09:34] "POST /json/2/purchase.order.line/read HTTP/1.1" 200 - 6 0.003 0.006
2026-10-08 07:09:34,612 54 INFO bench werkzeug: 127.0.0.1 - - [08/Oct/2026 07:09:34] "POST /json/2/purchase.order/read HTTP/1.1" 200 - 4 0.002 0.005
2026-10-08 07:09:34,631 54 INFO bench werkzeug: 127.0.0.1 - - [08/Oct/2026 07:09:34] "POST /json/2/purchase.order.line/search HTTP/1.1" 200 - 3 0.002 0.005
2026-10-08 07:09:34,652 54 INFO bench werkzeug: 127.0.0.1 - - [08/Oct/2026 07:09:34] "POST /json/2/purchase.order.line/read HTTP/1.1" 200 - 6 0.002 0.006
2026-10-08 07:09:34,672 54 INFO bench werkzeug: 127.0.0.1 - - [08/Oct/2026 07:09:34] "POST /json/2/purchase.order/read HTTP/1.1" 200 - 4 0.002 0.006
2026-10-08 07:09:34,691 54 INFO bench werkzeug: 127.0.0.1 - - [08/Oct/2026 07:09:34] "POST /json/2/purchase.order.line/search HTTP/1.1" 200 - 3 0.001 0.005
2026-10-08 07:09:34,713 54 INFO bench werkzeug: 127.0.0.1 - - [08/Oct/2026 07:09:34] "POST /json/2/purchase.order.line/read HTTP/1.1" 200 - 6 0.003 0.006
2026-10-08 07:09:34,733 54 INFO bench werkzeug: 127.0.0.1 - - [08/Oct/2026 07:09:34] "POST /json/2/purchase.order/read HTTP/1.1" 200 - 4 0.002 0.006
2026-10-08 07:09:34,762 54 INFO bench werkzeug: 127.0.0.1 - - [08/Oct/2026 07:09:34] "POST /json/2/purchase.order.line/search HTTP/1.1" 200 - 3 0.002 0.005
2026-10-08 07:09:34,785 54 INFO bench werkzeug: 127.0.0.1 - - [08/Oct/2026 07:09:34] "POST /json/2/purchase.order.line/read HTTP/1.1" 200 - 6 0.003 0.006
2026-10-08 07:09:34,808 54 INFO bench werkzeug: 127.0.0.1 - - [08/Oct/2026 07:09:34] "POST /json/2/sale.order/search HTTP/1.1" 200 - 3 0.002 0.005
2026-10-08 07:09:35,012 54 INFO bench werkzeug: 127.0.0.1 - - [08/Oct/2026 07:09:35] "GET /doc-bearer/sale.order.json HTTP/1.1" 200 - 7 0.004 0.185
2026-10-08 07:09:35,039 54 INFO bench werkzeug: 127.0.0.1 - - [08/Oct/2026 07:09:35] "POST /json/2/sale.order/read HTTP/1.1" 200 - 4 0.002 0.006
2026-10-08 07:09:35,248 54 INFO bench werkzeug: 127.0.0.1 - - [08/Oct/2026 07:09:35] "GET /doc-bearer/res.partner.json HTTP/1.1" 200 - 6 0.003 0.190
2026-10-08 07:09:35,275 54 INFO bench werkzeug: 127.0.0.1 - - [08/Oct/2026 07:09:35] "POST /json/2/res.partner/read HTTP/1.1" 200 - 4 0.002 0.007
2026-10-08 07:09:35,297 54 INFO bench werkzeug: 127.0.0.1 - - [08/Oct/2026 07:09:35] "POST /json/2/sale.order/read HTTP/1.1" 200 - 4 0.002 0.006
2026-10-08 07:09:35,526 54 INFO bench werkzeug: 127.0.0.1 - - [08/Oct/2026 07:09:35] "GET /doc-bearer/res.partner.json HTTP/1.1" 200 - 6 0.003 0.211
2026-10-08 07:09:35,560 54 INFO bench werkzeug: 127.0.0.1 - - [08/Oct/2026 07:09:35] "POST /json/2/res.partner/read HTTP/1.1" 200 - 4 0.003 0.007
2026-10-08 07:09:35,583 54 INFO bench werkzeug: 127.0.0.1 - - [08/Oct/2026 07:09:35] "POST /json/2/sale.order/read HTTP/1.1" 200 - 4 0.002 0.006
2026-10-08 07:09:35,795 54 INFO bench werkzeug: 127.0.0.1 - - [08/Oct/2026 07:09:35] "GET /doc-bearer/res.partner.json HTTP/1.1" 200 - 6 0.003 0.193
2026-10-08 07:09:35,827 54 INFO bench werkzeug: 127.0.0.1 - - [08/Oct/2026 07:09:35] "POST /json/2/res.partner/read HTTP/1.1" 200 - 4 0.002 0.006
2026-10-08 07:09:35,850 54 INFO bench werkzeug: 127.0.0.1 - - [08/Oct/2026 07:09:35] "POST /json/2/sale.order/read HTTP/1.1" 200 - 4 0.002 0.006
2026-10-08 07:09:36,065 54 INFO bench werkzeug: 127.0.0.1 - - [08/Oct/2026 07:09:36] "GET /doc-bearer/res.partner.json HTTP/1.1" 200 - 6 0.003 0.197
2026-10-08 07:09:36,091 54 INFO bench werkzeug: 127.0.0.1 - - [08/Oct/2026 07:09:36] "POST /json/2/res.partner/read HTTP/1.1" 200 - 4 0.002 0.007
2026-10-08 07:09:36,114 54 INFO bench werkzeug: 127.0.0.1 - - [08/Oct/2026 07:09:36] "POST /json/2/sale.order/read HTTP/1.1" 200 - 4 0.002 0.006
2026-10-08 07:09:36,360 54 INFO bench werkzeug: 127.0.0.1 - - [08/Oct/2026 07:09:36] "GET /doc-bearer/res.partner.json HTTP/1.1" 200 - 6 0.003 0.229
2026-10-08 07:09:36,387 54 INFO bench werkzeug: 127.0.0.1 - - [08/Oct/2026 07:09:36] "POST /json/2/res.partner/read HTTP/1.1" 200 - 4 0.002 0.007
2026-10-08 07:09:36,410 54 INFO bench werkzeug: 127.0.0.1 - - [08/Oct/2026 07:09:36] "POST /json/2/sale.order/read HTTP/1.1" 200 - 4 0.002 0.006
2026-10-08 07:09:36,624 54 INFO bench werkzeug: 127.0.0.1 - - [08/Oct/2026 07:09:36] "GET /doc-bearer/res.partner.json HTTP/1.1" 200 - 6 0.003 0.196
2026-10-08 07:09:36,652 54 INFO bench werkzeug: 127.0.0.1 - - [08/Oct/2026 07:09:36] "POST /json/2/res.partner/read HTTP/1.1" 200 - 4 0.002 0.007
2026-10-08 07:09:36,677 54 INFO bench werkzeug: 127.0.0.1 - - [08/Oct/2026 07:09:36] "POST /json/2/sale.order/read HTTP/1.1" 200 - 4 0.003 0.006
2026-10-08 07:09:36,898 54 INFO bench werkzeug: 127.0.0.1 - - [08/Oct/2026 07:09:36] "GET /doc-bearer/res.partner.json HTTP/1.1" 200 - 6 0.003 0.203
2026-10-08 07:09:36,927 54 INFO bench werkzeug: 127.0.0.1 - - [08/Oct/2026 07:09:36] "POST /json/2/res.partner/read HTTP/1.1" 200 - 4 0.002 0.007
2026-10-08 07:09:36,952 54 INFO bench werkzeug: 127.0.0.1 - - [08/Oct/2026 07:09:36] "POST /json/2/sale.order/read HTTP/1.1" 200 - 4 0.002 0.007
2026-10-08 07:09:37,218 54 INFO bench werkzeug: 127.0.0.1 - - [08/Oct/2026 07:09:37] "GET /doc-bearer/res.partner.json HTTP/1.1" 200 - 6 0.003 0.249
2026-10-08 07:09:37,246 54 INFO bench werkzeug: 127.0.0.1 - - [08/Oct/2026 07:09:37] "POST /json/2/res.partner/read HTTP/1.1" 200 - 4 0.002 0.007
2026-10-08 07:09:37,271 54 INFO bench werkzeug: 127.0.0.1 - - [08/Oct/2026 07:09:37] "POST /json/2/sale.order/read HTTP/1.1" 200 - 4 0.002 0.006
2026-10-08 07:09:37,491 54 INFO bench werkzeug: 127.0.0.1 - - [08/Oct/2026 07:09:37] "GET /doc-bearer/res.partner.json HTTP/1.1" 200 - 6 0.003 0.203
2026-10-08 07:09:37,519 54 INFO bench werkzeug: 127.0.0.1 - - [08/Oct/2026 07:09:37] "POST /json/2/res.partner/read HTTP/1.1" 200 - 4 0.002 0.007
2026-10-08 07:09:37,541 54 INFO bench werkzeug: 127.0.0.1 - - [08/Oct/2026 07:09:37] "POST /json/2/sale.order/read HTTP/1.1" 200 - 4 0.002 0.006
2026-10-08 07:09:37,758 54 INFO bench werkzeug: 127.0.0.1 - - [08/Oct/2026 07:09:37] "GET /doc-bearer/res.partner.json HTTP/1.1" 200 - 6 0.003 0.199
2026-10-08 07:09:37,786 54 INFO bench werkzeug: 127.0.0.1 - - [08/Oct/2026 07:09:37] "POST /json/2/res.partner/read HTTP/1.1" 200 - 4 0.002 0.007
2026-10-08 07:09:37,808 54 INFO bench werkzeug: 127.0.0.1 - - [08/Oct/2026 07:09:37] "POST /json/2/sale.order/read HTTP/1.1" 200 - 4 0.002 0.006
2026-10-08 07:09:38,064 54 INFO bench werkzeug: 127.0.0.1 - - [08/Oct/2026 07:09:38] "GET /doc-bearer/res.partner.json HTTP/1.1" 200 - 6 0.003 0.238
2026-10-08 07:09:38,092 54 INFO bench werkzeug: 127.0.0.1 - - [08/Oct/2026 07:09:38] "POST /json/2/res.partner/read HTTP/1.1" 200 - 4 0.002 0.007
2026-10-08 07:09:38,116 54 INFO bench werkzeug: 127.0.0.1 - - [08/Oct/2026 07:09:38] "POST /json/2/sale.order/read HTTP/1.1" 200 - 4 0.002 0.006
2026-10-08 07:09:38,347 54 INFO bench werkzeug: 127.0.0.1 - - [08/Oct/2026 07:09:38] "GET /doc-bearer/res.partner.json HTTP/1.1" 200 - 6 0.003 0.211
2026-10-08 07:09:38,374 54 INFO bench werkzeug: 127.0.0.1 - - [08/Oct/2026 07:09:38] "POST /json/2/res.partner/read HTTP/1.1" 200 - 4 0.002 0.006
2026-10-08 07:09:38,398 54 INFO bench werkzeug: 127.0.0.1 - - [08/Oct/2026 07:09:38] "POST /json/2/mrp.production/search HTTP/1.1" 200 - 3 0.001 0.006
2026-10-08 07:09:38,592 54 INFO bench werkzeug: 127.0.0.1 - - [08/Oct/2026 07:09:38] "GET /doc-bearer/mrp.production.json HTTP/1.1" 200 - 6 0.003 0.178
2026-10-08 07:09:38,618 54 INFO bench werkzeug: 127.0.0.1 - - [08/Oct/2026 07:09:38] "POST /json/2/mrp.production/read HTTP/1.1" 200 - 3 0.002 0.006
2026-10-08 07:09:38,641 54 INFO bench werkzeug: 127.0.0.1 - - [08/Oct/2026 07:09:38] "POST /json/2/mrp.workorder/search HTTP/1.1" 200 - 3 0.002 0.005
2026-10-08 07:09:38,820 54 INFO bench werkzeug: 127.0.0.1 - - [08/Oct/2026 07:09:38] "GET /doc-bearer/mrp.workorder.json HTTP/1.1" 200 - 5 0.002 0.162
2026-10-08 07:09:38,843 54 INFO bench werkzeug: 127.0.0.1 - - [08/Oct/2026 07:09:38] "POST /json/2/mrp.workorder/read HTTP/1.1" 200 - 4 0.002 0.006
2026-10-08 07:09:38,865 54 INFO bench werkzeug: 127.0.0.1 - - [08/Oct/2026 07:09:38] "POST /json/2/mrp.production/read HTTP/1.1" 200 - 3 0.001 0.005
2026-10-08 07:09:38,888 54 INFO bench werkzeug: 127.0.0.1 - - [08/Oct/2026 07:09:38] "POST /json/2/mrp.workorder/search HTTP/1.1" 200 - 3 0.001 0.005
2026-10-08 07:09:39,008 54 INFO bench werkzeug: 127.0.0.1 - - [08/Oct/2026 07:09:39] "GET /doc-bearer/mrp.workorder.json HTTP/1.1" 200 - 5 0.002 0.104
2026-10-08 07:09:39,032 54 INFO bench werkzeug: 127.0.0.1 - - [08/Oct/2026 07:09:39] "POST /json/2/mrp.workorder/read HTTP/1.1" 200 - 4 0.001 0.005
2026-10-08 07:09:39,050 54 INFO bench werkzeug: 127.0.0.1 - - [08/Oct/2026 07:09:39] "POST /json/2/mrp.production/read HTTP/1.1" 200 - 3 0.001 0.005
2026-10-08 07:09:39,070 54 INFO bench werkzeug: 127.0.0.1 - - [08/Oct/2026 07:09:39] "POST /json/2/mrp.workorder/search HTTP/1.1" 200 - 3 0.001 0.005
2026-10-08 07:09:39,203 54 INFO bench werkzeug: 127.0.0.1 - - [08/Oct/2026 07:09:39] "GET /doc-bearer/mrp.workorder.json HTTP/1.1" 200 - 5 0.002 0.118
2026-10-08 07:09:39,228 54 INFO bench werkzeug: 127.0.0.1 - - [08/Oct/2026 07:09:39] "POST /json/2/mrp.workorder/read HTTP/1.1" 200 - 4 0.002 0.006
2026-10-08 07:09:39,251 54 INFO bench werkzeug: 127.0.0.1 - - [08/Oct/2026 07:09:39] "POST /json/2/mrp.production/read HTTP/1.1" 200 - 3 0.002 0.006
2026-10-08 07:09:39,273 54 INFO bench werkzeug: 127.0.0.1 - - [08/Oct/2026 07:09:39] "POST /json/2/mrp.workorder/search HTTP/1.1" 200 - 3 0.002 0.006
2026-10-08 07:09:39,424 54 INFO bench werkzeug: 127.0.0.1 - - [08/Oct/2026 07:09:39] "GET /doc-bearer/mrp.workorder.json HTTP/1.1" 200 - 5 0.002 0.131
2026-10-08 07:09:39,457 54 INFO bench werkzeug: 127.0.0.1 - - [08/Oct/2026 07:09:39] "POST /json/2/mrp.workorder/read HTTP/1.1" 200 - 4 0.002 0.006
2026-10-08 07:09:39,480 54 INFO bench werkzeug: 127.0.0.1 - - [08/Oct/2026 07:09:39] "POST /json/2/mrp.production/read HTTP/1.1" 200 - 3 0.002 0.006
2026-10-08 07:09:39,505 54 INFO bench werkzeug: 127.0.0.1 - - [08/Oct/2026 07:09:39] "POST /json/2/mrp.workorder/search HTTP/1.1" 200 - 3 0.001 0.006
2026-10-08 07:09:39,656 54 INFO bench werkzeug: 127.0.0.1 - - [08/Oct/2026 07:09:39] "GET /doc-bearer/mrp.workorder.json HTTP/1.1" 200 - 5 0.003 0.132
2026-10-08 07:09:39,681 54 INFO bench werkzeug: 127.0.0.1 - - [08/Oct/2026 07:09:39] "POST /json/2/mrp.workorder/read HTTP/1.1" 200 - 4 0.002 0.006
2026-10-08 07:09:39,705 54 INFO bench werkzeug: 127.0.0.1 - - [08/Oct/2026 07:09:39] "POST /json/2/mrp.production/search HTTP/1.1" 200 - 3 0.002 0.006
2026-10-08 07:09:39,728 54 INFO bench werkzeug: 127.0.0.1 - - [08/Oct/2026 07:09:39] "POST /json/2/mrp.production/search HTTP/1.1" 200 - 3 0.002 0.006
2026-10-08 07:09:39,753 54 INFO bench werkzeug: 127.0.0.1 - - [08/Oct/2026 07:09:39] "POST /json/2/mrp.production/search HTTP/1.1" 200 - 3 0.002 0.006
2026-10-08 07:09:39,775 54 INFO bench werkzeug: 127.0.0.1 - - [08/Oct/2026 07:09:39] "POST /json/2/mrp.production/search HTTP/1.1" 200 - 3 0.002 0.006
2026-10-08 07:09:39,798 54 INFO bench werkzeug: 127.0.0.1 - - [08/Oct/2026 07:09:39] "POST /json/2/mrp.production/search HTTP/1.1" 200 - 3 0.001 0.005
2026-10-08 07:09:39,820 54 INFO bench werkzeug: 127.0.0.1 - - [08/Oct/2026 07:09:39] "POST /json/2/mrp.production/search HTTP/1.1" 200 - 3 0.001 0.006
2026-10-08 07:09:39,842 54 INFO bench werkzeug: 127.0.0.1 - - [08/Oct/2026 07:09:39] "POST /json/2/mrp.production/search HTTP/1.1" 200 - 3 0.001 0.006
2026-10-08 07:09:39,864 54 INFO bench werkzeug: 127.0.0.1 - - [08/Oct/2026 07:09:39] "POST /json/2/mrp.production/search HTTP/1.1" 200 - 3 0.001 0.005
2026-10-08 07:09:39,894 54 INFO bench werkzeug: 127.0.0.1 - - [08/Oct/2026 07:09:39] "POST /json/2/mrp.production/search HTTP/1.1" 200 - 3 0.002 0.006
2026-10-08 07:09:39,917 54 INFO bench werkzeug: 127.0.0.1 - - [08/Oct/2026 07:09:39] "POST /json/2/mrp.production/search HTTP/1.1" 200 - 3 0.002 0.005
2026-10-08 07:09:39,939 54 INFO bench werkzeug: 127.0.0.1 - - [08/Oct/2026 07:09:39] "POST /json/2/stock.move/search HTTP/1.1" 200 - 3 0.001 0.005
2026-10-08 07:09:40,139 54 INFO bench werkzeug: 127.0.0.1 - - [08/Oct/2026 07:09:40] "GET /doc-bearer/stock.move.json HTTP/1.1" 200 - 14 0.006 0.179
2026-10-08 07:09:40,167 54 INFO bench werkzeug: 127.0.0.1 - - [08/Oct/2026 07:09:40] "POST /json/2/stock.move/read HTTP/1.1" 200 - 7 0.003 0.007
2026-10-08 07:09:40,193 54 INFO bench werkzeug: 127.0.0.1 - - [08/Oct/2026 07:09:40] "POST /json/2/stock.move/read HTTP/1.1" 200 - 7 0.003 0.007
2026-10-08 07:09:40,220 54 INFO bench werkzeug: 127.0.0.1 - - [08/Oct/2026 07:09:40] "POST /json/2/stock.move/read HTTP/1.1" 200 - 7 0.003 0.008
2026-10-08 07:09:40,245 54 INFO bench werkzeug: 127.0.0.1 - - [08/Oct/2026 07:09:40] "POST /json/2/stock.move/read HTTP/1.1" 200 - 7 0.003 0.008
2026-10-08 07:09:40,273 54 INFO bench werkzeug: 127.0.0.1 - - [08/Oct/2026 07:09:40] "POST /json/2/stock.move/read HTTP/1.1" 200 - 7 0.003 0.008
2026-10-08 07:09:40,298 54 INFO bench werkzeug: 127.0.0.1 - - [08/Oct/2026 07:09:40] "POST /json/2/stock.move/read HTTP/1.1" 200 - 7 0.004 0.008
2026-10-08 07:09:40,325 54 INFO bench werkzeug: 127.0.0.1 - - [08/Oct/2026 07:09:40] "POST /json/2/stock.move/read HTTP/1.1" 200 - 7 0.003 0.008
2026-10-08 07:09:40,351 54 INFO bench werkzeug: 127.0.0.1 - - [08/Oct/2026 07:09:40] "POST /json/2/stock.move/read HTTP/1.1" 200 - 7 0.003 0.008
2026-10-08 07:09:40,379 54 INFO bench werkzeug: 127.0.0.1 - - [08/Oct/2026 07:09:40] "POST /json/2/stock.move/read HTTP/1.1" 200 - 7 0.003 0.008
2026-10-08 07:09:40,405 54 INFO bench werkzeug: 127.0.0.1 - - [08/Oct/2026 07:09:40] "POST /json/2/stock.move/read HTTP/1.1" 200 - 7 0.003 0.007
2026-10-08 07:09:40,432 54 INFO bench werkzeug: 127.0.0.1 - - [08/Oct/2026 07:09:40] "POST /json/2/stock.move/read HTTP/1.1" 200 - 7 0.003 0.008
2026-10-08 07:09:40,459 54 INFO bench werkzeug: 127.0.0.1 - - [08/Oct/2026 07:09:40] "POST /json/2/stock.move/read HTTP/1.1" 200 - 7 0.004 0.007
2026-10-08 07:09:40,485 54 INFO bench werkzeug: 127.0.0.1 - - [08/Oct/2026 07:09:40] "POST /json/2/stock.move/read HTTP/1.1" 200 - 7 0.004 0.008
2026-10-08 07:09:40,519 54 INFO bench werkzeug: 127.0.0.1 - - [08/Oct/2026 07:09:40] "POST /json/2/stock.move/read HTTP/1.1" 200 - 7 0.003 0.007
2026-10-08 07:09:40,544 54 INFO bench werkzeug: 127.0.0.1 - - [08/Oct/2026 07:09:40] "POST /json/2/stock.move/read HTTP/1.1" 200 - 7 0.003 0.007
2026-10-08 07:09:40,570 54 INFO bench werkzeug: 127.0.0.1 - - [08/Oct/2026 07:09:40] "POST /json/2/stock.move/read HTTP/1.1" 200 - 7 0.003 0.007
2026-10-08 07:09:40,597 54 INFO bench werkzeug: 127.0.0.1 - - [08/Oct/2026 07:09:40] "POST /json/2/stock.move/read HTTP/1.1" 200 - 7 0.003 0.007
2026-10-08 07:09:40,623 54 INFO bench werkzeug: 127.0.0.1 - - [08/Oct/2026 07:09:40] "POST /json/2/stock.move/read HTTP/1.1" 200 - 7 0.003 0.008
2026-10-08 07:09:40,648 54 INFO bench werkzeug: 127.0.0.1 - - [08/Oct/2026 07:09:40] "POST /json/2/stock.move/read HTTP/1.1" 200 - 7 0.003 0.007
2026-10-08 07:09:40,673 54 INFO bench werkzeug: 127.0.0.1 - - [08/Oct/2026 07:09:40] "POST /json/2/stock.move/read HTTP/1.1" 200 - 7 0.003 0.007
2026-10-08 07:09:40,701 54 INFO bench werkzeug: 127.0.0.1 - - [08/Oct/2026 07:09:40] "POST /json/2/stock.move/read HTTP/1.1" 200 - 7 0.003 0.007
2026-10-08 07:09:40,727 54 INFO bench werkzeug: 127.0.0.1 - - [08/Oct/2026 07:09:40] "POST /json/2/stock.move/read HTTP/1.1" 200 - 7 0.003 0.007
2026-10-08 07:09:40,753 54 INFO bench werkzeug: 127.0.0.1 - - [08/Oct/2026 07:09:40] "POST /json/2/stock.move/read HTTP/1.1" 200 - 7 0.003 0.007
2026-10-08 07:09:40,780 54 INFO bench werkzeug: 127.0.0.1 - - [08/Oct/2026 07:09:40] "POST /json/2/stock.move/read HTTP/1.1" 200 - 7 0.003 0.007
2026-10-08 07:09:40,808 54 INFO bench werkzeug: 127.0.0.1 - - [08/Oct/2026 07:09:40] "POST /json/2/stock.move/read HTTP/1.1" 200 - 7 0.003 0.007
2026-10-08 07:09:40,831 54 INFO bench werkzeug: 127.0.0.1 - - [08/Oct/2026 07:09:40] "POST /json/2/stock.move/search HTTP/1.1" 200 - 3 0.002 0.006
2026-10-08 07:09:40,984 54 INFO bench werkzeug: 127.0.0.1 - - [08/Oct/2026 07:09:40] "GET /doc-bearer/stock.move.json HTTP/1.1" 200 - 5 0.003 0.127
2026-10-08 07:09:41,014 54 INFO bench werkzeug: 127.0.0.1 - - [08/Oct/2026 07:09:41] "POST /json/2/stock.move/read HTTP/1.1" 200 - 7 0.004 0.008
2026-10-08 07:09:41,041 54 INFO bench werkzeug: 127.0.0.1 - - [08/Oct/2026 07:09:41] "POST /json/2/stock.move/read HTTP/1.1" 200 - 7 0.003 0.009
2026-10-08 07:09:41,069 54 INFO bench werkzeug: 127.0.0.1 - - [08/Oct/2026 07:09:41] "POST /json/2/stock.move/read HTTP/1.1" 200 - 7 0.003 0.007
2026-10-08 07:09:41,095 54 INFO bench werkzeug: 127.0.0.1 - - [08/Oct/2026 07:09:41] "POST /json/2/stock.move/read HTTP/1.1" 200 - 7 0.004 0.008
2026-10-08 07:09:41,123 54 INFO bench werkzeug: 127.0.0.1 - - [08/Oct/2026 07:09:41] "POST /json/2/stock.move/read HTTP/1.1" 200 - 7 0.003 0.009
2026-10-08 07:09:41,149 54 INFO bench werkzeug: 127.0.0.1 - - [08/Oct/2026 07:09:41] "POST /json/2/stock.move/read HTTP/1.1" 200 - 7 0.004 0.008
2026-10-08 07:09:41,176 54 INFO bench werkzeug: 127.0.0.1 - - [08/Oct/2026 07:09:41] "POST /json/2/stock.move/read HTTP/1.1" 200 - 7 0.003 0.009
2026-10-08 07:09:41,203 54 INFO bench werkzeug: 127.0.0.1 - - [08/Oct/2026 07:09:41] "POST /json/2/stock.move/read HTTP/1.1" 200 - 7 0.003 0.008
2026-10-08 07:09:41,232 54 INFO bench werkzeug: 127.0.0.1 - - [08/Oct/2026 07:09:41] "POST /json/2/stock.move/read HTTP/1.1" 200 - 7 0.003 0.011
2026-10-08 07:09:41,259 54 INFO bench werkzeug: 127.0.0.1 - - [08/Oct/2026 07:09:41] "POST /json/2/stock.move/read HTTP/1.1" 200 - 7 0.003 0.008
2026-10-08 07:09:41,286 54 INFO bench werkzeug: 127.0.0.1 - - [08/Oct/2026 07:09:41] "POST /json/2/stock.move/read HTTP/1.1" 200 - 7 0.003 0.008
2026-10-08 07:09:41,314 54 INFO bench werkzeug: 127.0.0.1 - - [08/Oct/2026 07:09:41] "POST /json/2/stock.move/read HTTP/1.1" 200 - 7 0.003 0.008
2026-10-08 07:09:41,348 54 INFO bench werkzeug: 127.0.0.1 - - [08/Oct/2026 07:09:41] "POST /json/2/stock.move/read HTTP/1.1" 200 - 7 0.003 0.007
2026-10-08 07:09:41,376 54 INFO bench werkzeug: 127.0.0.1 - - [08/Oct/2026 07:09:41] "POST /json/2/stock.move/read HTTP/1.1" 200 - 7 0.003 0.009
2026-10-08 07:09:41,403 54 INFO bench werkzeug: 127.0.0.1 - - [08/Oct/2026 07:09:41] "POST /json/2/stock.move/read HTTP/1.1" 200 - 7 0.003 0.007
2026-10-08 07:09:41,430 54 INFO bench werkzeug: 127.0.0.1 - - [08/Oct/2026 07:09:41] "POST /json/2/stock.move/read HTTP/1.1" 200 - 7 0.004 0.008
2026-10-08 07:09:41,458 54 INFO bench werkzeug: 127.0.0.1 - - [08/Oct/2026 07:09:41] "POST /json/2/stock.move/read HTTP/1.1" 200 - 7 0.003 0.008
2026-10-08 07:09:41,485 54 INFO bench werkzeug: 127.0.0.1 - - [08/Oct/2026 07:09:41] "POST /json/2/stock.move/read HTTP/1.1" 200 - 7 0.004 0.009
2026-10-08 07:09:41,513 54 INFO bench werkzeug: 127.0.0.1 - - [08/Oct/2026 07:09:41] "POST /json/2/stock.move/read HTTP/1.1" 200 - 7 0.004 0.008
2026-10-08 07:09:41,543 54 INFO bench werkzeug: 127.0.0.1 - - [08/Oct/2026 07:09:41] "POST /json/2/stock.move/read HTTP/1.1" 200 - 7 0.004 0.011
2026-10-08 07:09:41,569 54 INFO bench werkzeug: 127.0.0.1 - - [08/Oct/2026 07:09:41] "POST /json/2/stock.move/read HTTP/1.1" 200 - 7 0.003 0.008
2026-10-08 07:09:41,597 54 INFO bench werkzeug: 127.0.0.1 - - [08/Oct/2026 07:09:41] "POST /json/2/stock.move/read HTTP/1.1" 200 - 7 0.003 0.008
2026-10-08 07:09:41,623 54 INFO bench werkzeug: 127.0.0.1 - - [08/Oct/2026 07:09:41] "POST /json/2/stock.move/read HTTP/1.1" 200 - 7 0.003 0.008
2026-10-08 07:09:41,650 54 INFO bench werkzeug: 127.0.0.1 - - [08/Oct/2026 07:09:41] "POST /json/2/stock.move/read HTTP/1.1" 200 - 7 0.003 0.008
2026-10-08 07:09:41,676 54 INFO bench werkzeug: 127.0.0.1 - - [08/Oct/2026 07:09:41] "POST /json/2/stock.move/read HTTP/1.1" 200 - 7 0.003 0.008
2026-10-08 07:09:41,708 54 INFO bench werkzeug: 127.0.0.1 - - [08/Oct/2026 07:09:41] "POST /json/2/stock.move/search HTTP/1.1" 200 - 3 0.002 0.006
2026-10-08 07:09:41,850 54 INFO bench werkzeug: 127.0.0.1 - - [08/Oct/2026 07:09:41] "GET /doc-bearer/stock.move.json HTTP/1.1" 200 - 5 0.003 0.125
2026-10-08 07:09:41,877 54 INFO bench werkzeug: 127.0.0.1 - - [08/Oct/2026 07:09:41] "POST /json/2/stock.move/read HTTP/1.1" 200 - 7 0.003 0.008
2026-10-08 07:09:41,902 54 INFO bench werkzeug: 127.0.0.1 - - [08/Oct/2026 07:09:41] "POST /json/2/stock.move/read HTTP/1.1" 200 - 7 0.003 0.007
2026-10-08 07:09:41,928 54 INFO bench werkzeug: 127.0.0.1 - - [08/Oct/2026 07:09:41] "POST /json/2/stock.move/read HTTP/1.1" 200 - 7 0.003 0.007
2026-10-08 07:09:41,953 54 INFO bench werkzeug: 127.0.0.1 - - [08/Oct/2026 07:09:41] "POST /json/2/stock.move/read HTTP/1.1" 200 - 7 0.003 0.007
2026-10-08 07:09:41,980 54 INFO bench werkzeug: 127.0.0.1 - - [08/Oct/2026 07:09:41] "POST /json/2/stock.move/read HTTP/1.1" 200 - 7 0.003 0.008
2026-10-08 07:09:42,005 54 INFO bench werkzeug: 127.0.0.1 - - [08/Oct/2026 07:09:42] "POST /json/2/stock.move/read HTTP/1.1" 200 - 7 0.003 0.007
2026-10-08 07:09:42,032 54 INFO bench werkzeug: 127.0.0.1 - - [08/Oct/2026 07:09:42] "POST /json/2/stock.move/read HTTP/1.1" 200 - 7 0.003 0.009
2026-10-08 07:09:42,057 54 INFO bench werkzeug: 127.0.0.1 - - [08/Oct/2026 07:09:42] "POST /json/2/stock.move/read HTTP/1.1" 200 - 7 0.003 0.008
2026-10-08 07:09:42,086 54 INFO bench werkzeug: 127.0.0.1 - - [08/Oct/2026 07:09:42] "POST /json/2/stock.move/read HTTP/1.1" 200 - 7 0.004 0.008
2026-10-08 07:09:42,113 54 INFO bench werkzeug: 127.0.0.1 - - [08/Oct/2026 07:09:42] "POST /json/2/stock.move/read HTTP/1.1" 200 - 7 0.003 0.007
2026-10-08 07:09:42,140 54 INFO bench werkzeug: 127.0.0.1 - - [08/Oct/2026 07:09:42] "POST /json/2/stock.move/read HTTP/1.1" 200 - 7 0.003 0.008
2026-10-08 07:09:42,172 54 INFO bench werkzeug: 127.0.0.1 - - [08/Oct/2026 07:09:42] "POST /json/2/stock.move/read HTTP/1.1" 200 - 7 0.003 0.007
2026-10-08 07:09:42,201 54 INFO bench werkzeug: 127.0.0.1 - - [08/Oct/2026 07:09:42] "POST /json/2/stock.move/read HTTP/1.1" 200 - 7 0.003 0.009
2026-10-08 07:09:42,227 54 INFO bench werkzeug: 127.0.0.1 - - [08/Oct/2026 07:09:42] "POST /json/2/stock.move/read HTTP/1.1" 200 - 7 0.003 0.008
2026-10-08 07:09:42,252 54 INFO bench werkzeug: 127.0.0.1 - - [08/Oct/2026 07:09:42] "POST /json/2/stock.move/read HTTP/1.1" 200 - 7 0.003 0.008
2026-10-08 07:09:42,280 54 INFO bench werkzeug: 127.0.0.1 - - [08/Oct/2026 07:09:42] "POST /json/2/stock.move/read HTTP/1.1" 200 - 7 0.004 0.007
2026-10-08 07:09:42,307 54 INFO bench werkzeug: 127.0.0.1 - - [08/Oct/2026 07:09:42] "POST /json/2/stock.move/read HTTP/1.1" 200 - 7 0.004 0.008
2026-10-08 07:09:42,334 54 INFO bench werkzeug: 127.0.0.1 - - [08/Oct/2026 07:09:42] "POST /json/2/stock.move/read HTTP/1.1" 200 - 7 0.003 0.007
2026-10-08 07:09:42,360 54 INFO bench werkzeug: 127.0.0.1 - - [08/Oct/2026 07:09:42] "POST /json/2/stock.move/read HTTP/1.1" 200 - 7 0.003 0.008
2026-10-08 07:09:42,386 54 INFO bench werkzeug: 127.0.0.1 - - [08/Oct/2026 07:09:42] "POST /json/2/stock.move/read HTTP/1.1" 200 - 7 0.003 0.008
2026-10-08 07:09:42,412 54 INFO bench werkzeug: 127.0.0.1 - - [08/Oct/2026 07:09:42] "POST /json/2/stock.move/read HTTP/1.1" 200 - 7 0.003 0.007
2026-10-08 07:09:42,439 54 INFO bench werkzeug: 127.0.0.1 - - [08/Oct/2026 07:09:42] "POST /json/2/stock.move/read HTTP/1.1" 200 - 7 0.004 0.008
2026-10-08 07:09:42,467 54 INFO bench werkzeug: 127.0.0.1 - - [08/Oct/2026 07:09:42] "POST /json/2/stock.move/read HTTP/1.1" 200 - 7 0.004 0.008
2026-10-08 07:09:42,499 54 INFO bench werkzeug: 127.0.0.1 - - [08/Oct/2026 07:09:42] "POST /json/2/stock.move/read HTTP/1.1" 200 - 7 0.003 0.008
2026-10-08 07:09:42,527 54 INFO bench werkzeug: 127.0.0.1 - - [08/Oct/2026 07:09:42] "POST /json/2/stock.move/read HTTP/1.1" 200 - 7 0.003 0.007
2026-10-08 07:09:42,551 54 INFO bench werkzeug: 127.0.0.1 - - [08/Oct/2026 07:09:42] "POST /json/2/stock.move/search HTTP/1.1" 200 - 3 0.002 0.005
2026-10-08 07:09:42,703 54 INFO bench werkzeug: 127.0.0.1 - - [08/Oct/2026 07:09:42] "GET /doc-bearer/stock.move.json HTTP/1.1" 200 - 5 0.003 0.134
2026-10-08 07:09:42,731 54 INFO bench werkzeug: 127.0.0.1 - - [08/Oct/2026 07:09:42] "POST /json/2/stock.move/read HTTP/1.1" 200 - 7 0.004 0.008
2026-10-08 07:09:42,758 54 INFO bench werkzeug: 127.0.0.1 - - [08/Oct/2026 07:09:42] "POST /json/2/stock.move/read HTTP/1.1" 200 - 7 0.003 0.007
2026-10-08 07:09:42,786 54 INFO bench werkzeug: 127.0.0.1 - - [08/Oct/2026 07:09:42] "POST /json/2/stock.move/read HTTP/1.1" 200 - 7 0.003 0.008
2026-10-08 07:09:42,813 54 INFO bench werkzeug: 127.0.0.1 - - [08/Oct/2026 07:09:42] "POST /json/2/stock.move/read HTTP/1.1" 200 - 7 0.003 0.007
2026-10-08 07:09:42,837 54 INFO bench werkzeug: 127.0.0.1 - - [08/Oct/2026 07:09:42] "POST /json/2/stock.move/read HTTP/1.1" 200 - 7 0.003 0.007
2026-10-08 07:09:42,865 54 INFO bench werkzeug: 127.0.0.1 - - [08/Oct/2026 07:09:42] "POST /json/2/stock.move/read HTTP/1.1" 200 - 7 0.003 0.008
2026-10-08 07:09:42,892 54 INFO bench werkzeug: 127.0.0.1 - - [08/Oct/2026 07:09:42] "POST /json/2/stock.move/read HTTP/1.1" 200 - 7 0.003 0.008
2026-10-08 07:09:42,921 54 INFO bench werkzeug: 127.0.0.1 - - [08/Oct/2026 07:09:42] "POST /json/2/stock.move/read HTTP/1.1" 200 - 7 0.004 0.009
2026-10-08 07:09:42,947 54 INFO bench werkzeug: 127.0.0.1 - - [08/Oct/2026 07:09:42] "POST /json/2/stock.move/read HTTP/1.1" 200 - 7 0.003 0.008
2026-10-08 07:09:42,974 54 INFO bench werkzeug: 127.0.0.1 - - [08/Oct/2026 07:09:42] "POST /json/2/stock.move/read HTTP/1.1" 200 - 7 0.003 0.008
2026-10-08 07:09:43,011 54 INFO bench werkzeug: 127.0.0.1 - - [08/Oct/2026 07:09:43] "POST /json/2/stock.move/read HTTP/1.1" 200 - 7 0.004 0.009
2026-10-08 07:09:43,039 54 INFO bench werkzeug: 127.0.0.1 - - [08/Oct/2026 07:09:43] "POST /json/2/stock.move/read HTTP/1.1" 200 - 7 0.004 0.009
2026-10-08 07:09:43,066 54 INFO bench werkzeug: 127.0.0.1 - - [08/Oct/2026 07:09:43] "POST /json/2/stock.move/read HTTP/1.1" 200 - 7 0.003 0.008
2026-10-08 07:09:43,091 54 INFO bench werkzeug: 127.0.0.1 - - [08/Oct/2026 07:09:43] "POST /json/2/stock.move/read HTTP/1.1" 200 - 7 0.003 0.007
2026-10-08 07:09:43,119 54 INFO bench werkzeug: 127.0.0.1 - - [08/Oct/2026 07:09:43] "POST /json/2/stock.move/read HTTP/1.1" 200 - 7 0.003 0.008
2026-10-08 07:09:43,145 54 INFO bench werkzeug: 127.0.0.1 - - [08/Oct/2026 07:09:43] "POST /json/2/stock.move/read HTTP/1.1" 200 - 7 0.003 0.007
2026-10-08 07:09:43,173 54 INFO bench werkzeug: 127.0.0.1 - - [08/Oct/2026 07:09:43] "POST /json/2/stock.move/read HTTP/1.1" 200 - 7 0.003 0.008
2026-10-08 07:09:43,202 54 INFO bench werkzeug: 127.0.0.1 - - [08/Oct/2026 07:09:43] "POST /json/2/stock.move/read HTTP/1.1" 200 - 7 0.004 0.008
2026-10-08 07:09:43,228 54 INFO bench werkzeug: 127.0.0.1 - - [08/Oct/2026 07:09:43] "POST /json/2/stock.move/read HTTP/1.1" 200 - 7 0.003 0.008
2026-10-08 07:09:43,255 54 INFO bench werkzeug: 127.0.0.1 - - [08/Oct/2026 07:09:43] "POST /json/2/stock.move/read HTTP/1.1" 200 - 7 0.003 0.007
2026-10-08 07:09:43,283 54 INFO bench werkzeug: 127.0.0.1 - - [08/Oct/2026 07:09:43] "POST /json/2/stock.move/read HTTP/1.1" 200 - 7 0.003 0.009
2026-10-08 07:09:43,309 54 INFO bench werkzeug: 127.0.0.1 - - [08/Oct/2026 07:09:43] "POST /json/2/stock.move/read HTTP/1.1" 200 - 7 0.003 0.008
2026-10-08 07:09:43,336 54 INFO bench werkzeug: 127.0.0.1 - - [08/Oct/2026 07:09:43] "POST /json/2/stock.move/read HTTP/1.1" 200 - 7 0.003 0.007
2026-10-08 07:09:43,373 54 INFO bench werkzeug: 127.0.0.1 - - [08/Oct/2026 07:09:43] "POST /json/2/stock.move/read HTTP/1.1" 200 - 7 0.003 0.007
2026-10-08 07:09:43,401 54 INFO bench werkzeug: 127.0.0.1 - - [08/Oct/2026 07:09:43] "POST /json/2/stock.move/read HTTP/1.1" 200 - 7 0.003 0.007
2026-10-08 07:09:43,423 54 INFO bench werkzeug: 127.0.0.1 - - [08/Oct/2026 07:09:43] "POST /json/2/stock.move/search HTTP/1.1" 200 - 3 0.002 0.005
2026-10-08 07:09:43,573 54 INFO bench werkzeug: 127.0.0.1 - - [08/Oct/2026 07:09:43] "GET /doc-bearer/stock.move.json HTTP/1.1" 200 - 5 0.002 0.132
2026-10-08 07:09:43,601 54 INFO bench werkzeug: 127.0.0.1 - - [08/Oct/2026 07:09:43] "POST /json/2/stock.move/read HTTP/1.1" 200 - 7 0.003 0.008
2026-10-08 07:09:43,627 54 INFO bench werkzeug: 127.0.0.1 - - [08/Oct/2026 07:09:43] "POST /json/2/stock.move/read HTTP/1.1" 200 - 7 0.003 0.008
2026-10-08 07:09:43,655 54 INFO bench werkzeug: 127.0.0.1 - - [08/Oct/2026 07:09:43] "POST /json/2/stock.move/read HTTP/1.1" 200 - 7 0.003 0.007
2026-10-08 07:09:43,678 54 INFO bench werkzeug: 127.0.0.1 - - [08/Oct/2026 07:09:43] "POST /json/2/stock.move/read HTTP/1.1" 200 - 7 0.003 0.007
2026-10-08 07:09:43,705 54 INFO bench werkzeug: 127.0.0.1 - - [08/Oct/2026 07:09:43] "POST /json/2/stock.move/read HTTP/1.1" 200 - 7 0.003 0.007
2026-10-08 07:09:43,731 54 INFO bench werkzeug: 127.0.0.1 - - [08/Oct/2026 07:09:43] "POST /json/2/stock.move/read HTTP/1.1" 200 - 7 0.003 0.007
2026-10-08 07:09:43,756 54 INFO bench werkzeug: 127.0.0.1 - - [08/Oct/2026 07:09:43] "POST /json/2/stock.move/read HTTP/1.1" 200 - 7 0.003 0.007
2026-10-08 07:09:43,782 54 INFO bench werkzeug: 127.0.0.1 - - [08/Oct/2026 07:09:43] "POST /json/2/stock.move/read HTTP/1.1" 200 - 7 0.003 0.007
2026-10-08 07:09:43,807 54 INFO bench werkzeug: 127.0.0.1 - - [08/Oct/2026 07:09:43] "POST /json/2/stock.move/read HTTP/1.1" 200 - 7 0.003 0.007
2026-10-08 07:09:43,830 54 INFO bench werkzeug: 127.0.0.1 - - [08/Oct/2026 07:09:43] "POST /json/2/stock.move/read HTTP/1.1" 200 - 7 0.002 0.006
2026-10-08 07:09:43,857 54 INFO bench werkzeug: 127.0.0.1 - - [08/Oct/2026 07:09:43] "POST /json/2/stock.move/read HTTP/1.1" 200 - 7 0.003 0.007
2026-10-08 07:09:43,885 54 INFO bench werkzeug: 127.0.0.1 - - [08/Oct/2026 07:09:43] "POST /json/2/stock.move/read HTTP/1.1" 200 - 7 0.003 0.008
2026-10-08 07:09:43,923 54 INFO bench werkzeug: 127.0.0.1 - - [08/Oct/2026 07:09:43] "POST /json/2/stock.move/read HTTP/1.1" 200 - 7 0.004 0.008
2026-10-08 07:09:43,951 54 INFO bench werkzeug: 127.0.0.1 - - [08/Oct/2026 07:09:43] "POST /json/2/stock.move/read HTTP/1.1" 200 - 7 0.004 0.008
2026-10-08 07:09:43,978 54 INFO bench werkzeug: 127.0.0.1 - - [08/Oct/2026 07:09:43] "POST /json/2/stock.move/read HTTP/1.1" 200 - 7 0.003 0.008
2026-10-08 07:09:44,005 54 INFO bench werkzeug: 127.0.0.1 - - [08/Oct/2026 07:09:44] "POST /json/2/stock.move/read HTTP/1.1" 200 - 7 0.004 0.008
2026-10-08 07:09:44,033 54 INFO bench werkzeug: 127.0.0.1 - - [08/Oct/2026 07:09:44] "POST /json/2/stock.move/read HTTP/1.1" 200 - 7 0.004 0.008
2026-10-08 07:09:44,061 54 INFO bench werkzeug: 127.0.0.1 - - [08/Oct/2026 07:09:44] "POST /json/2/stock.move/read HTTP/1.1" 200 - 7 0.003 0.008
2026-10-08 07:09:44,090 54 INFO bench werkzeug: 127.0.0.1 - - [08/Oct/2026 07:09:44] "POST /json/2/stock.move/read HTTP/1.1" 200 - 7 0.004 0.008
2026-10-08 07:09:44,117 54 INFO bench werkzeug: 127.0.0.1 - - [08/Oct/2026 07:09:44] "POST /json/2/stock.move/read HTTP/1.1" 200 - 7 0.004 0.008
2026-10-08 07:09:44,145 54 INFO bench werkzeug: 127.0.0.1 - - [08/Oct/2026 07:09:44] "POST /json/2/stock.move/read HTTP/1.1" 200 - 7 0.003 0.008
2026-10-08 07:09:44,172 54 INFO bench werkzeug: 127.0.0.1 - - [08/Oct/2026 07:09:44] "POST /json/2/stock.move/read HTTP/1.1" 200 - 7 0.003 0.007
2026-10-08 07:09:44,197 54 INFO bench werkzeug: 127.0.0.1 - - [08/Oct/2026 07:09:44] "POST /json/2/stock.move/read HTTP/1.1" 200 - 7 0.003 0.007
2026-10-08 07:09:44,223 54 INFO bench werkzeug: 127.0.0.1 - - [08/Oct/2026 07:09:44] "POST /json/2/stock.move/read HTTP/1.1" 200 - 7 0.004 0.008
2026-10-08 07:09:44,248 54 INFO bench werkzeug: 127.0.0.1 - - [08/Oct/2026 07:09:44] "POST /json/2/stock.move/read HTTP/1.1" 200 - 7 0.003 0.008
2026-10-08 07:09:44,272 54 INFO bench werkzeug: 127.0.0.1 - - [08/Oct/2026 07:09:44] "POST /json/2/mrp.production/search HTTP/1.1" 200 - 3 0.001 0.005
2026-10-08 07:09:44,531 54 INFO bench werkzeug: 127.0.0.1 - - [08/Oct/2026 07:09:44] "GET /doc-bearer/mrp.production.json HTTP/1.1" 200 - 6 0.003 0.240
2026-10-08 07:09:44,562 54 INFO bench werkzeug: 127.0.0.1 - - [08/Oct/2026 07:09:44] "POST /json/2/mrp.production/read HTTP/1.1" 200 - 3 0.002 0.006
2026-10-08 07:09:44,586 54 INFO bench werkzeug: 127.0.0.1 - - [08/Oct/2026 07:09:44] "POST /json/2/mrp.workorder/search HTTP/1.1" 200 - 3 0.002 0.006
2026-10-08 07:09:44,731 54 INFO bench werkzeug: 127.0.0.1 - - [08/Oct/2026 07:09:44] "GET /doc-bearer/mrp.workorder.json HTTP/1.1" 200 - 5 0.003 0.126
2026-10-08 07:09:44,756 54 INFO bench werkzeug: 127.0.0.1 - - [08/Oct/2026 07:09:44] "POST /json/2/mrp.workorder/read HTTP/1.1" 200 - 4 0.002 0.006
2026-10-08 07:09:44,778 54 INFO bench werkzeug: 127.0.0.1 - - [08/Oct/2026 07:09:44] "POST /json/2/mrp.production/read HTTP/1.1" 200 - 3 0.002 0.006
2026-10-08 07:09:44,801 54 INFO bench werkzeug: 127.0.0.1 - - [08/Oct/2026 07:09:44] "POST /json/2/mrp.workorder/search HTTP/1.1" 200 - 3 0.002 0.006
2026-10-08 07:09:44,946 54 INFO bench werkzeug: 127.0.0.1 - - [08/Oct/2026 07:09:44] "GET /doc-bearer/mrp.workorder.json HTTP/1.1" 200 - 5 0.003 0.125
2026-10-08 07:09:44,973 54 INFO bench werkzeug: 127.0.0.1 - - [08/Oct/2026 07:09:44] "POST /json/2/mrp.workorder/read HTTP/1.1" 200 - 4 0.002 0.006
2026-10-08 07:09:44,995 54 INFO bench werkzeug: 127.0.0.1 - - [08/Oct/2026 07:09:44] "POST /json/2/mrp.production/read HTTP/1.1" 200 - 3 0.001 0.005
2026-10-08 07:09:45,016 54 INFO bench werkzeug: 127.0.0.1 - - [08/Oct/2026 07:09:45] "POST /json/2/mrp.workorder/search HTTP/1.1" 200 - 3 0.001 0.005
2026-10-08 07:09:45,140 54 INFO bench werkzeug: 127.0.0.1 - - [08/Oct/2026 07:09:45] "GET /doc-bearer/mrp.workorder.json HTTP/1.1" 200 - 5 0.002 0.108
2026-10-08 07:09:45,163 54 INFO bench werkzeug: 127.0.0.1 - - [08/Oct/2026 07:09:45] "POST /json/2/mrp.workorder/read HTTP/1.1" 200 - 4 0.002 0.006
2026-10-08 07:09:45,185 54 INFO bench werkzeug: 127.0.0.1 - - [08/Oct/2026 07:09:45] "POST /json/2/mrp.production/read HTTP/1.1" 200 - 3 0.002 0.006
2026-10-08 07:09:45,206 54 INFO bench werkzeug: 127.0.0.1 - - [08/Oct/2026 07:09:45] "POST /json/2/mrp.workorder/search HTTP/1.1" 200 - 3 0.001 0.005
2026-10-08 07:09:45,384 54 INFO bench werkzeug: 127.0.0.1 - - [08/Oct/2026 07:09:45] "GET /doc-bearer/mrp.workorder.json HTTP/1.1" 200 - 5 0.002 0.161
2026-10-08 07:09:45,410 54 INFO bench werkzeug: 127.0.0.1 - - [08/Oct/2026 07:09:45] "POST /json/2/mrp.workorder/read HTTP/1.1" 200 - 4 0.002 0.006
2026-10-08 07:09:45,432 54 INFO bench werkzeug: 127.0.0.1 - - [08/Oct/2026 07:09:45] "POST /json/2/mrp.production/read HTTP/1.1" 200 - 3 0.002 0.006
2026-10-08 07:09:45,455 54 INFO bench werkzeug: 127.0.0.1 - - [08/Oct/2026 07:09:45] "POST /json/2/mrp.workorder/search HTTP/1.1" 200 - 3 0.002 0.006
2026-10-08 07:09:45,586 54 INFO bench werkzeug: 127.0.0.1 - - [08/Oct/2026 07:09:45] "GET /doc-bearer/mrp.workorder.json HTTP/1.1" 200 - 5 0.002 0.114
2026-10-08 07:09:45,612 54 INFO bench werkzeug: 127.0.0.1 - - [08/Oct/2026 07:09:45] "POST /json/2/mrp.workorder/read HTTP/1.1" 200 - 4 0.002 0.006
2026-10-08 07:09:45,635 54 INFO bench werkzeug: 127.0.0.1 - - [08/Oct/2026 07:09:45] "POST /json/2/mrp.production/search HTTP/1.1" 200 - 3 0.002 0.006
2026-10-08 07:09:45,657 54 INFO bench werkzeug: 127.0.0.1 - - [08/Oct/2026 07:09:45] "POST /json/2/mrp.production/search HTTP/1.1" 200 - 3 0.001 0.006
2026-10-08 07:09:45,681 54 INFO bench werkzeug: 127.0.0.1 - - [08/Oct/2026 07:09:45] "POST /json/2/mrp.production/search HTTP/1.1" 200 - 3 0.002 0.006
2026-10-08 07:09:45,703 54 INFO bench werkzeug: 127.0.0.1 - - [08/Oct/2026 07:09:45] "POST /json/2/mrp.production/search HTTP/1.1" 200 - 3 0.001 0.005
2026-10-08 07:09:45,727 54 INFO bench werkzeug: 127.0.0.1 - - [08/Oct/2026 07:09:45] "POST /json/2/mrp.production/search HTTP/1.1" 200 - 3 0.002 0.006
2026-10-08 07:09:45,750 54 INFO bench werkzeug: 127.0.0.1 - - [08/Oct/2026 07:09:45] "POST /json/2/mrp.production/search HTTP/1.1" 200 - 3 0.001 0.006
2026-10-08 07:09:45,771 54 INFO bench werkzeug: 127.0.0.1 - - [08/Oct/2026 07:09:45] "POST /json/2/mrp.production/search HTTP/1.1" 200 - 3 0.002 0.006
2026-10-08 07:09:45,794 54 INFO bench werkzeug: 127.0.0.1 - - [08/Oct/2026 07:09:45] "POST /json/2/mrp.production/search HTTP/1.1" 200 - 3 0.002 0.006
2026-10-08 07:09:45,824 54 INFO bench werkzeug: 127.0.0.1 - - [08/Oct/2026 07:09:45] "POST /json/2/mrp.production/search HTTP/1.1" 200 - 3 0.002 0.006
2026-10-08 07:09:45,847 54 INFO bench werkzeug: 127.0.0.1 - - [08/Oct/2026 07:09:45] "POST /json/2/mrp.production/search HTTP/1.1" 200 - 3 0.001 0.006
2026-10-08 07:09:45,871 54 INFO bench werkzeug: 127.0.0.1 - - [08/Oct/2026 07:09:45] "POST /json/2/mrp.production/search HTTP/1.1" 200 - 3 0.002 0.006
2026-10-08 07:09:46,069 54 INFO bench werkzeug: 127.0.0.1 - - [08/Oct/2026 07:09:46] "GET /doc-bearer/mrp.production.json HTTP/1.1" 200 - 6 0.003 0.178
2026-10-08 07:09:46,093 54 INFO bench werkzeug: 127.0.0.1 - - [08/Oct/2026 07:09:46] "POST /json/2/mrp.production/read HTTP/1.1" 200 - 3 0.001 0.006
2026-10-08 07:09:46,113 54 INFO bench werkzeug: 127.0.0.1 - - [08/Oct/2026 07:09:46] "POST /json/2/mrp.workorder/search HTTP/1.1" 200 - 3 0.001 0.005
2026-10-08 07:09:46,252 54 INFO bench werkzeug: 127.0.0.1 - - [08/Oct/2026 07:09:46] "GET /doc-bearer/mrp.workorder.json HTTP/1.1" 200 - 5 0.002 0.124
2026-10-08 07:09:46,276 54 INFO bench werkzeug: 127.0.0.1 - - [08/Oct/2026 07:09:46] "POST /json/2/mrp.workorder/read HTTP/1.1" 200 - 4 0.002 0.006
2026-10-08 07:09:46,299 54 INFO bench werkzeug: 127.0.0.1 - - [08/Oct/2026 07:09:46] "POST /json/2/mrp.production/read HTTP/1.1" 200 - 3 0.002 0.005
2026-10-08 07:09:46,321 54 INFO bench werkzeug: 127.0.0.1 - - [08/Oct/2026 07:09:46] "POST /json/2/mrp.workorder/search HTTP/1.1" 200 - 3 0.002 0.005
2026-10-08 07:09:46,522 54 INFO bench werkzeug: 127.0.0.1 - - [08/Oct/2026 07:09:46] "GET /doc-bearer/mrp.workorder.json HTTP/1.1" 200 - 5 0.002 0.184
2026-10-08 07:09:46,550 54 INFO bench werkzeug: 127.0.0.1 - - [08/Oct/2026 07:09:46] "POST /json/2/mrp.workorder/read HTTP/1.1" 200 - 4 0.002 0.006
2026-10-08 07:09:46,570 54 INFO bench werkzeug: 127.0.0.1 - - [08/Oct/2026 07:09:46] "POST /json/2/mrp.production/read HTTP/1.1" 200 - 3 0.001 0.005
2026-10-08 07:09:46,593 54 INFO bench werkzeug: 127.0.0.1 - - [08/Oct/2026 07:09:46] "POST /json/2/mrp.workorder/search HTTP/1.1" 200 - 3 0.002 0.006
2026-10-08 07:09:46,732 54 INFO bench werkzeug: 127.0.0.1 - - [08/Oct/2026 07:09:46] "GET /doc-bearer/mrp.workorder.json HTTP/1.1" 200 - 5 0.002 0.121
2026-10-08 07:09:46,757 54 INFO bench werkzeug: 127.0.0.1 - - [08/Oct/2026 07:09:46] "POST /json/2/mrp.workorder/read HTTP/1.1" 200 - 4 0.002 0.006
2026-10-08 07:09:46,781 54 INFO bench werkzeug: 127.0.0.1 - - [08/Oct/2026 07:09:46] "POST /json/2/mrp.production/read HTTP/1.1" 200 - 3 0.002 0.006
2026-10-08 07:09:46,807 54 INFO bench werkzeug: 127.0.0.1 - - [08/Oct/2026 07:09:46] "POST /json/2/mrp.workorder/search HTTP/1.1" 200 - 3 0.002 0.006
2026-10-08 07:09:46,949 54 INFO bench werkzeug: 127.0.0.1 - - [08/Oct/2026 07:09:46] "GET /doc-bearer/mrp.workorder.json HTTP/1.1" 200 - 5 0.002 0.124
2026-10-08 07:09:46,977 54 INFO bench werkzeug: 127.0.0.1 - - [08/Oct/2026 07:09:46] "POST /json/2/mrp.workorder/read HTTP/1.1" 200 - 4 0.002 0.006
2026-10-08 07:09:47,001 54 INFO bench werkzeug: 127.0.0.1 - - [08/Oct/2026 07:09:47] "POST /json/2/mrp.production/read HTTP/1.1" 200 - 3 0.001 0.006
2026-10-08 07:09:47,024 54 INFO bench werkzeug: 127.0.0.1 - - [08/Oct/2026 07:09:47] "POST /json/2/mrp.workorder/search HTTP/1.1" 200 - 3 0.001 0.006
2026-10-08 07:09:47,185 54 INFO bench werkzeug: 127.0.0.1 - - [08/Oct/2026 07:09:47] "GET /doc-bearer/mrp.workorder.json HTTP/1.1" 200 - 5 0.002 0.140
2026-10-08 07:09:47,212 54 INFO bench werkzeug: 127.0.0.1 - - [08/Oct/2026 07:09:47] "POST /json/2/mrp.workorder/read HTTP/1.1" 200 - 4 0.002 0.007
2026-10-08 07:09:47,236 54 INFO bench werkzeug: 127.0.0.1 - - [08/Oct/2026 07:09:47] "POST /json/2/mrp.production/search HTTP/1.1" 200 - 3 0.002 0.006
2026-10-08 07:09:47,260 54 INFO bench werkzeug: 127.0.0.1 - - [08/Oct/2026 07:09:47] "POST /json/2/mrp.production/search HTTP/1.1" 200 - 3 0.002 0.006
2026-10-08 07:09:47,285 54 INFO bench werkzeug: 127.0.0.1 - - [08/Oct/2026 07:09:47] "POST /json/2/mrp.production/search HTTP/1.1" 200 - 3 0.002 0.006
2026-10-08 07:09:47,310 54 INFO bench werkzeug: 127.0.0.1 - - [08/Oct/2026 07:09:47] "POST /json/2/mrp.production/search HTTP/1.1" 200 - 3 0.002 0.006
2026-10-08 07:09:47,336 54 INFO bench werkzeug: 127.0.0.1 - - [08/Oct/2026 07:09:47] "POST /json/2/mrp.production/search HTTP/1.1" 200 - 3 0.002 0.006
2026-10-08 07:09:47,361 54 INFO bench werkzeug: 127.0.0.1 - - [08/Oct/2026 07:09:47] "POST /json/2/mrp.production/search HTTP/1.1" 200 - 3 0.002 0.006
2026-10-08 07:09:47,386 54 INFO bench werkzeug: 127.0.0.1 - - [08/Oct/2026 07:09:47] "POST /json/2/mrp.production/search HTTP/1.1" 200 - 3 0.001 0.006
2026-10-08 07:09:47,410 54 INFO bench werkzeug: 127.0.0.1 - - [08/Oct/2026 07:09:47] "POST /json/2/mrp.production/search HTTP/1.1" 200 - 3 0.002 0.006
2026-10-08 07:09:47,444 54 INFO bench werkzeug: 127.0.0.1 - - [08/Oct/2026 07:09:47] "POST /json/2/mrp.production/search HTTP/1.1" 200 - 3 0.002 0.006
2026-10-08 07:09:47,470 54 INFO bench werkzeug: 127.0.0.1 - - [08/Oct/2026 07:09:47] "POST /json/2/mrp.production/search HTTP/1.1" 200 - 3 0.002 0.006
2026-10-08 07:09:47,498 54 INFO bench werkzeug: 127.0.0.1 - - [08/Oct/2026 07:09:47] "POST /json/2/purchase.order/search HTTP/1.1" 200 - 3 0.002 0.006
2026-10-08 07:09:47,731 54 INFO bench werkzeug: 127.0.0.1 - - [08/Oct/2026 07:09:47] "GET /doc-bearer/purchase.order.json HTTP/1.1" 200 - 5 0.002 0.213
2026-10-08 07:09:47,763 54 INFO bench werkzeug: 127.0.0.1 - - [08/Oct/2026 07:09:47] "POST /json/2/purchase.order/read HTTP/1.1" 200 - 4 0.003 0.007
2026-10-08 07:09:47,788 54 INFO bench werkzeug: 127.0.0.1 - - [08/Oct/2026 07:09:47] "POST /json/2/purchase.order.line/search HTTP/1.1" 200 - 3 0.002 0.006
2026-10-08 07:09:47,999 54 INFO bench werkzeug: 127.0.0.1 - - [08/Oct/2026 07:09:47] "GET /doc-bearer/purchase.order.line.json HTTP/1.1" 200 - 6 0.003 0.191
2026-10-08 07:09:48,030 54 INFO bench werkzeug: 127.0.0.1 - - [08/Oct/2026 07:09:48] "POST /json/2/purchase.order.line/read HTTP/1.1" 200 - 6 0.003 0.008
2026-10-08 07:09:48,058 54 INFO bench werkzeug: 127.0.0.1 - - [08/Oct/2026 07:09:48] "POST /json/2/purchase.order/read HTTP/1.1" 200 - 4 0.002 0.007
2026-10-08 07:09:48,082 54 INFO bench werkzeug: 127.0.0.1 - - [08/Oct/2026 07:09:48] "POST /json/2/purchase.order.line/search HTTP/1.1" 200 - 3 0.002 0.006
2026-10-08 07:09:48,115 54 INFO bench werkzeug: 127.0.0.1 - - [08/Oct/2026 07:09:48] "POST /json/2/purchase.order.line/read HTTP/1.1" 200 - 6 0.003 0.012
2026-10-08 07:09:48,142 54 INFO bench werkzeug: 127.0.0.1 - - [08/Oct/2026 07:09:48] "POST /json/2/purchase.order/read HTTP/1.1" 200 - 4 0.002 0.007
2026-10-08 07:09:48,167 54 INFO bench werkzeug: 127.0.0.1 - - [08/Oct/2026 07:09:48] "POST /json/2/purchase.order.line/search HTTP/1.1" 200 - 3 0.002 0.006
2026-10-08 07:09:48,196 54 INFO bench werkzeug: 127.0.0.1 - - [08/Oct/2026 07:09:48] "POST /json/2/purchase.order.line/read HTTP/1.1" 200 - 6 0.004 0.008
2026-10-08 07:09:48,226 54 INFO bench werkzeug: 127.0.0.1 - - [08/Oct/2026 07:09:48] "POST /json/2/purchase.order/read HTTP/1.1" 200 - 4 0.002 0.007
2026-10-08 07:09:48,252 54 INFO bench werkzeug: 127.0.0.1 - - [08/Oct/2026 07:09:48] "POST /json/2/purchase.order.line/search HTTP/1.1" 200 - 3 0.002 0.006
2026-10-08 07:09:48,292 54 INFO bench werkzeug: 127.0.0.1 - - [08/Oct/2026 07:09:48] "POST /json/2/purchase.order.line/read HTTP/1.1" 200 - 6 0.004 0.009
2026-10-08 07:09:48,322 54 INFO bench werkzeug: 127.0.0.1 - - [08/Oct/2026 07:09:48] "POST /json/2/purchase.order/read HTTP/1.1" 200 - 4 0.002 0.007
2026-10-08 07:09:48,349 54 INFO bench werkzeug: 127.0.0.1 - - [08/Oct/2026 07:09:48] "POST /json/2/purchase.order.line/search HTTP/1.1" 200 - 3 0.002 0.007
2026-10-08 07:09:48,377 54 INFO bench werkzeug: 127.0.0.1 - - [08/Oct/2026 07:09:48] "POST /json/2/purchase.order.line/read HTTP/1.1" 200 - 6 0.003 0.007
2026-10-08 07:09:48,403 54 INFO bench werkzeug: 127.0.0.1 - - [08/Oct/2026 07:09:48] "POST /json/2/purchase.order/read HTTP/1.1" 200 - 4 0.002 0.007
2026-10-08 07:09:48,428 54 INFO bench werkzeug: 127.0.0.1 - - [08/Oct/2026 07:09:48] "POST /json/2/purchase.order.line/search HTTP/1.1" 200 - 3 0.002 0.006
2026-10-08 07:09:48,456 54 INFO bench werkzeug: 127.0.0.1 - - [08/Oct/2026 07:09:48] "POST /json/2/purchase.order.line/read HTTP/1.1" 200 - 6 0.003 0.007
2026-10-08 07:09:48,482 54 INFO bench werkzeug: 127.0.0.1 - - [08/Oct/2026 07:09:48] "POST /json/2/purchase.order/read HTTP/1.1" 200 - 4 0.003 0.007
2026-10-08 07:09:48,507 54 INFO bench werkzeug: 127.0.0.1 - - [08/Oct/2026 07:09:48] "POST /json/2/purchase.order.line/search HTTP/1.1" 200 - 3 0.002 0.006
2026-10-08 07:09:48,536 54 INFO bench werkzeug: 127.0.0.1 - - [08/Oct/2026 07:09:48] "POST /json/2/purchase.order.line/read HTTP/1.1" 200 - 6 0.003 0.008
2026-10-08 07:09:48,563 54 INFO bench werkzeug: 127.0.0.1 - - [08/Oct/2026 07:09:48] "POST /json/2/purchase.order/read HTTP/1.1" 200 - 4 0.002 0.007
2026-10-08 07:09:48,587 54 INFO bench werkzeug: 127.0.0.1 - - [08/Oct/2026 07:09:48] "POST /json/2/purchase.order.line/search HTTP/1.1" 200 - 3 0.002 0.006
2026-10-08 07:09:48,615 54 INFO bench werkzeug: 127.0.0.1 - - [08/Oct/2026 07:09:48] "POST /json/2/purchase.order.line/read HTTP/1.1" 200 - 6 0.003 0.007
2026-10-08 07:09:48,649 54 INFO bench werkzeug: 127.0.0.1 - - [08/Oct/2026 07:09:48] "POST /json/2/purchase.order/read HTTP/1.1" 200 - 4 0.002 0.007
2026-10-08 07:09:48,675 54 INFO bench werkzeug: 127.0.0.1 - - [08/Oct/2026 07:09:48] "POST /json/2/purchase.order.line/search HTTP/1.1" 200 - 3 0.002 0.006
2026-10-08 07:09:48,703 54 INFO bench werkzeug: 127.0.0.1 - - [08/Oct/2026 07:09:48] "POST /json/2/purchase.order.line/read HTTP/1.1" 200 - 6 0.003 0.008
2026-10-08 07:09:48,728 54 INFO bench werkzeug: 127.0.0.1 - - [08/Oct/2026 07:09:48] "POST /json/2/purchase.order/read HTTP/1.1" 200 - 4 0.003 0.007
2026-10-08 07:09:48,753 54 INFO bench werkzeug: 127.0.0.1 - - [08/Oct/2026 07:09:48] "POST /json/2/purchase.order.line/search HTTP/1.1" 200 - 3 0.002 0.006
2026-10-08 07:09:48,781 54 INFO bench werkzeug: 127.0.0.1 - - [08/Oct/2026 07:09:48] "POST /json/2/purchase.order.line/read HTTP/1.1" 200 - 6 0.003 0.008
2026-10-08 07:09:48,806 54 INFO bench werkzeug: 127.0.0.1 - - [08/Oct/2026 07:09:48] "POST /json/2/purchase.order/read HTTP/1.1" 200 - 4 0.002 0.007
2026-10-08 07:09:48,832 54 INFO bench werkzeug: 127.0.0.1 - - [08/Oct/2026 07:09:48] "POST /json/2/purchase.order.line/search HTTP/1.1" 200 - 3 0.002 0.006
2026-10-08 07:09:48,861 54 INFO bench werkzeug: 127.0.0.1 - - [08/Oct/2026 07:09:48] "POST /json/2/purchase.order.line/read HTTP/1.1" 200 - 6 0.003 0.008
2026-10-08 07:09:48,888 54 INFO bench werkzeug: 127.0.0.1 - - [08/Oct/2026 07:09:48] "POST /json/2/purchase.order/read HTTP/1.1" 200 - 4 0.002 0.007
2026-10-08 07:09:48,913 54 INFO bench werkzeug: 127.0.0.1 - - [08/Oct/2026 07:09:48] "POST /json/2/purchase.order.line/search HTTP/1.1" 200 - 3 0.002 0.006
2026-10-08 07:09:48,941 54 INFO bench werkzeug: 127.0.0.1 - - [08/Oct/2026 07:09:48] "POST /json/2/purchase.order.line/read HTTP/1.1" 200 - 6 0.003 0.008
2026-10-08 07:09:48,967 54 INFO bench werkzeug: 127.0.0.1 - - [08/Oct/2026 07:09:48] "POST /json/2/purchase.order/read HTTP/1.1" 200 - 4 0.002 0.007
2026-10-08 07:09:48,991 54 INFO bench werkzeug: 127.0.0.1 - - [08/Oct/2026 07:09:48] "POST /json/2/purchase.order.line/search HTTP/1.1" 200 - 3 0.002 0.006
2026-10-08 07:09:49,032 54 INFO bench werkzeug: 127.0.0.1 - - [08/Oct/2026 07:09:49] "POST /json/2/purchase.order.line/read HTTP/1.1" 200 - 6 0.003 0.008
2026-10-08 07:09:49,058 54 INFO bench werkzeug: 127.0.0.1 - - [08/Oct/2026 07:09:49] "POST /json/2/purchase.order/read HTTP/1.1" 200 - 4 0.002 0.007
2026-10-08 07:09:49,083 54 INFO bench werkzeug: 127.0.0.1 - - [08/Oct/2026 07:09:49] "POST /json/2/purchase.order.line/search HTTP/1.1" 200 - 3 0.002 0.006
2026-10-08 07:09:49,110 54 INFO bench werkzeug: 127.0.0.1 - - [08/Oct/2026 07:09:49] "POST /json/2/purchase.order.line/read HTTP/1.1" 200 - 6 0.003 0.008
2026-10-08 07:09:49,136 54 INFO bench werkzeug: 127.0.0.1 - - [08/Oct/2026 07:09:49] "POST /json/2/purchase.order/read HTTP/1.1" 200 - 4 0.002 0.007
2026-10-08 07:09:49,163 54 INFO bench werkzeug: 127.0.0.1 - - [08/Oct/2026 07:09:49] "POST /json/2/purchase.order.line/search HTTP/1.1" 200 - 3 0.002 0.006
2026-10-08 07:09:49,191 54 INFO bench werkzeug: 127.0.0.1 - - [08/Oct/2026 07:09:49] "POST /json/2/purchase.order.line/read HTTP/1.1" 200 - 6 0.003 0.008
2026-10-08 07:09:49,219 54 INFO bench werkzeug: 127.0.0.1 - - [08/Oct/2026 07:09:49] "POST /json/2/purchase.order/read HTTP/1.1" 200 - 4 0.003 0.007
2026-10-08 07:09:49,244 54 INFO bench werkzeug: 127.0.0.1 - - [08/Oct/2026 07:09:49] "POST /json/2/purchase.order.line/search HTTP/1.1" 200 - 3 0.002 0.006
2026-10-08 07:09:49,274 54 INFO bench werkzeug: 127.0.0.1 - - [08/Oct/2026 07:09:49] "POST /json/2/purchase.order.line/read HTTP/1.1" 200 - 6 0.003 0.008
2026-10-08 07:09:49,301 54 INFO bench werkzeug: 127.0.0.1 - - [08/Oct/2026 07:09:49] "POST /json/2/purchase.order/read HTTP/1.1" 200 - 4 0.002 0.007
2026-10-08 07:09:49,326 54 INFO bench werkzeug: 127.0.0.1 - - [08/Oct/2026 07:09:49] "POST /json/2/purchase.order.line/search HTTP/1.1" 200 - 3 0.002 0.006
2026-10-08 07:09:49,354 54 INFO bench werkzeug: 127.0.0.1 - - [08/Oct/2026 07:09:49] "POST /json/2/purchase.order.line/read HTTP/1.1" 200 - 6 0.003 0.008
2026-10-08 07:09:49,388 54 INFO bench werkzeug: 127.0.0.1 - - [08/Oct/2026 07:09:49] "POST /json/2/purchase.order/read HTTP/1.1" 200 - 4 0.002 0.007
2026-10-08 07:09:49,412 54 INFO bench werkzeug: 127.0.0.1 - - [08/Oct/2026 07:09:49] "POST /json/2/purchase.order.line/search HTTP/1.1" 200 - 3 0.001 0.006
2026-10-08 07:09:49,442 54 INFO bench werkzeug: 127.0.0.1 - - [08/Oct/2026 07:09:49] "POST /json/2/purchase.order.line/read HTTP/1.1" 200 - 6 0.003 0.008
2026-10-08 07:09:49,468 54 INFO bench werkzeug: 127.0.0.1 - - [08/Oct/2026 07:09:49] "POST /json/2/purchase.order/read HTTP/1.1" 200 - 4 0.002 0.006
2026-10-08 07:09:49,492 54 INFO bench werkzeug: 127.0.0.1 - - [08/Oct/2026 07:09:49] "POST /json/2/purchase.order.line/search HTTP/1.1" 200 - 3 0.002 0.006
2026-10-08 07:09:49,521 54 INFO bench werkzeug: 127.0.0.1 - - [08/Oct/2026 07:09:49] "POST /json/2/purchase.order.line/read HTTP/1.1" 200 - 6 0.004 0.008
2026-10-08 07:09:49,546 54 INFO bench werkzeug: 127.0.0.1 - - [08/Oct/2026 07:09:49] "POST /json/2/purchase.order/read HTTP/1.1" 200 - 4 0.002 0.007
2026-10-08 07:09:49,571 54 INFO bench werkzeug: 127.0.0.1 - - [08/Oct/2026 07:09:49] "POST /json/2/purchase.order.line/search HTTP/1.1" 200 - 3 0.002 0.006
2026-10-08 07:09:49,598 54 INFO bench werkzeug: 127.0.0.1 - - [08/Oct/2026 07:09:49] "POST /json/2/purchase.order.line/read HTTP/1.1" 200 - 6 0.003 0.008
2026-10-08 07:09:49,625 54 INFO bench werkzeug: 127.0.0.1 - - [08/Oct/2026 07:09:49] "POST /json/2/purchase.order/read HTTP/1.1" 200 - 4 0.002 0.008
2026-10-08 07:09:49,651 54 INFO bench werkzeug: 127.0.0.1 - - [08/Oct/2026 07:09:49] "POST /json/2/purchase.order.line/search HTTP/1.1" 200 - 3 0.002 0.006
2026-10-08 07:09:49,679 54 INFO bench werkzeug: 127.0.0.1 - - [08/Oct/2026 07:09:49] "POST /json/2/purchase.order.line/read HTTP/1.1" 200 - 6 0.004 0.008
2026-10-08 07:09:49,711 54 INFO bench werkzeug: 127.0.0.1 - - [08/Oct/2026 07:09:49] "POST /json/2/purchase.order/read HTTP/1.1" 200 - 4 0.003 0.008
2026-10-08 07:09:49,746 54 INFO bench werkzeug: 127.0.0.1 - - [08/Oct/2026 07:09:49] "POST /json/2/purchase.order.line/search HTTP/1.1" 200 - 3 0.002 0.006
2026-10-08 07:09:49,777 54 INFO bench werkzeug: 127.0.0.1 - - [08/Oct/2026 07:09:49] "POST /json/2/purchase.order.line/read HTTP/1.1" 200 - 6 0.004 0.009
2026-10-08 07:09:49,804 54 INFO bench werkzeug: 127.0.0.1 - - [08/Oct/2026 07:09:49] "POST /json/2/purchase.order/search HTTP/1.1" 200 - 3 0.001 0.006
2026-10-08 07:09:50,021 54 INFO bench werkzeug: 127.0.0.1 - - [08/Oct/2026 07:09:50] "GET /doc-bearer/purchase.order.json HTTP/1.1" 200 - 5 0.003 0.195
2026-10-08 07:09:50,053 54 INFO bench werkzeug: 127.0.0.1 - - [08/Oct/2026 07:09:50] "POST /json/2/purchase.order/read HTTP/1.1" 200 - 4 0.002 0.007
2026-10-08 07:09:50,076 54 INFO bench werkzeug: 127.0.0.1 - - [08/Oct/2026 07:09:50] "POST /json/2/purchase.order.line/search HTTP/1.1" 200 - 3 0.002 0.006
2026-10-08 07:09:50,232 54 INFO bench werkzeug: 127.0.0.1 - - [08/Oct/2026 07:09:50] "GET /doc-bearer/purchase.order.line.json HTTP/1.1" 200 - 6 0.003 0.135
2026-10-08 07:09:50,259 54 INFO bench werkzeug: 127.0.0.1 - - [08/Oct/2026 07:09:50] "POST /json/2/purchase.order.line/read HTTP/1.1" 200 - 6 0.003 0.008
2026-10-08 07:09:50,284 54 INFO bench werkzeug: 127.0.0.1 - - [08/Oct/2026 07:09:50] "POST /json/2/purchase.order/read HTTP/1.1" 200 - 4 0.002 0.007
2026-10-08 07:09:50,307 54 INFO bench werkzeug: 127.0.0.1 - - [08/Oct/2026 07:09:50] "POST /json/2/purchase.order.line/search HTTP/1.1" 200 - 3 0.001 0.006
2026-10-08 07:09:50,333 54 INFO bench werkzeug: 127.0.0.1 - - [08/Oct/2026 07:09:50] "POST /json/2/purchase.order.line/read HTTP/1.1" 200 - 6 0.003 0.007
2026-10-08 07:09:50,356 54 INFO bench werkzeug: 127.0.0.1 - - [08/Oct/2026 07:09:50] "POST /json/2/purchase.order/read HTTP/1.1" 200 - 4 0.002 0.006
2026-10-08 07:09:50,381 54 INFO bench werkzeug: 127.0.0.1 - - [08/Oct/2026 07:09:50] "POST /json/2/purchase.order.line/search HTTP/1.1" 200 - 3 0.002 0.006
2026-10-08 07:09:50,407 54 INFO bench werkzeug: 127.0.0.1 - - [08/Oct/2026 07:09:50] "POST /json/2/purchase.order.line/read HTTP/1.1" 200 - 6 0.003 0.007
2026-10-08 07:09:50,434 54 INFO bench werkzeug: 127.0.0.1 - - [08/Oct/2026 07:09:50] "POST /json/2/purchase.order/read HTTP/1.1" 200 - 4 0.002 0.011
2026-10-08 07:09:50,459 54 INFO bench werkzeug: 127.0.0.1 - - [08/Oct/2026 07:09:50] "POST /json/2/purchase.order.line/search HTTP/1.1" 200 - 3 0.002 0.006
2026-10-08 07:09:50,487 54 INFO bench werkzeug: 127.0.0.1 - - [08/Oct/2026 07:09:50] "POST /json/2/purchase.order.line/read HTTP/1.1" 200 - 6 0.004 0.008
2026-10-08 07:09:50,520 54 INFO bench werkzeug: 127.0.0.1 - - [08/Oct/2026 07:09:50] "POST /json/2/purchase.order/read HTTP/1.1" 200 - 4 0.002 0.007
2026-10-08 07:09:50,543 54 INFO bench werkzeug: 127.0.0.1 - - [08/Oct/2026 07:09:50] "POST /json/2/purchase.order.line/search HTTP/1.1" 200 - 3 0.002 0.006
2026-10-08 07:09:50,568 54 INFO bench werkzeug: 127.0.0.1 - - [08/Oct/2026 07:09:50] "POST /json/2/purchase.order.line/read HTTP/1.1" 200 - 6 0.003 0.007
2026-10-08 07:09:50,594 54 INFO bench werkzeug: 127.0.0.1 - - [08/Oct/2026 07:09:50] "POST /json/2/purchase.order/read HTTP/1.1" 200 - 4 0.002 0.007
2026-10-08 07:09:50,620 54 INFO bench werkzeug: 127.0.0.1 - - [08/Oct/2026 07:09:50] "POST /json/2/purchase.order.line/search HTTP/1.1" 200 - 3 0.002 0.006
2026-10-08 07:09:50,647 54 INFO bench werkzeug: 127.0.0.1 - - [08/Oct/2026 07:09:50] "POST /json/2/purchase.order.line/read HTTP/1.1" 200 - 6 0.003 0.008
2026-10-08 07:09:50,673 54 INFO bench werkzeug: 127.0.0.1 - - [08/Oct/2026 07:09:50] "POST /json/2/purchase.order/read HTTP/1.1" 200 - 4 0.003 0.007
2026-10-08 07:09:50,701 54 INFO bench werkzeug: 127.0.0.1 - - [08/Oct/2026 07:09:50] "POST /json/2/purchase.order.line/search HTTP/1.1" 200 - 3 0.002 0.006
2026-10-08 07:09:50,727 54 INFO bench werkzeug: 127.0.0.1 - - [08/Oct/2026 07:09:50] "POST /json/2/purchase.order.line/read HTTP/1.1" 200 - 6 0.003 0.007
2026-10-08 07:09:50,754 54 INFO bench werkzeug: 127.0.0.1 - - [08/Oct/2026 07:09:50] "POST /json/2/purchase.order/read HTTP/1.1" 200 - 4 0.002 0.007
2026-10-08 07:09:50,781 54 INFO bench werkzeug: 127.0.0.1 - - [08/Oct/2026 07:09:50] "POST /json/2/purchase.order.line/search HTTP/1.1" 200 - 3 0.002 0.006
2026-10-08 07:09:50,809 54 INFO bench werkzeug: 127.0.0.1 - - [08/Oct/2026 07:09:50] "POST /json/2/purchase.order.line/read HTTP/1.1" 200 - 6 0.003 0.008
2026-10-08 07:09:50,836 54 INFO bench werkzeug: 127.0.0.1 - - [08/Oct/2026 07:09:50] "POST /json/2/purchase.order/read HTTP/1.1" 200 - 4 0.002 0.008
2026-10-08 07:09:50,871 54 INFO bench werkzeug: 127.0.0.1 - - [08/Oct/2026 07:09:50] "POST /json/2/purchase.order.line/search HTTP/1.1" 200 - 3 0.003 0.006
2026-10-08 07:09:50,898 54 INFO bench werkzeug: 127.0.0.1 - - [08/Oct/2026 07:09:50] "POST /json/2/purchase.order.line/read HTTP/1.1" 200 - 6 0.003 0.008
2026-10-08 07:09:50,926 54 INFO bench werkzeug: 127.0.0.1 - - [08/Oct/2026 07:09:50] "POST /json/2/purchase.order/read HTTP/1.1" 200 - 4 0.002 0.007
2026-10-08 07:09:50,952 54 INFO bench werkzeug: 127.0.0.1 - - [08/Oct/2026 07:09:50] "POST /json/2/purchase.order.line/search HTTP/1.1" 200 - 3 0.002 0.007
2026-10-08 07:09:50,982 54 INFO bench werkzeug: 127.0.0.1 - - [08/Oct/2026 07:09:50] "POST /json/2/purchase.order.line/read HTTP/1.1" 200 - 6 0.003 0.008
2026-10-08 07:09:51,009 54 INFO bench werkzeug: 127.0.0.1 - - [08/Oct/2026 07:09:51] "POST /json/2/purchase.order/read HTTP/1.1" 200 - 4 0.002 0.007
2026-10-08 07:09:51,033 54 INFO bench werkzeug: 127.0.0.1 - - [08/Oct/2026 07:09:51] "POST /json/2/purchase.order.line/search HTTP/1.1" 200 - 3 0.002 0.006
2026-10-08 07:09:51,064 54 INFO bench werkzeug: 127.0.0.1 - - [08/Oct/2026 07:09:51] "POST /json/2/purchase.order.line/read HTTP/1.1" 200 - 6 0.003 0.008
2026-10-08 07:09:51,092 54 INFO bench werkzeug: 127.0.0.1 - - [08/Oct/2026 07:09:51] "POST /json/2/purchase.order/read HTTP/1.1" 200 - 4 0.002 0.007
2026-10-08 07:09:51,117 54 INFO bench werkzeug: 127.0.0.1 - - [08/Oct/2026 07:09:51] "POST /json/2/purchase.order.line/search HTTP/1.1" 200 - 3 0.002 0.006
2026-10-08 07:09:51,145 54 INFO bench werkzeug: 127.0.0.1 - - [08/Oct/2026 07:09:51] "POST /json/2/purchase.order.line/read HTTP/1.1" 200 - 6 0.004 0.008
2026-10-08 07:09:51,174 54 INFO bench werkzeug: 127.0.0.1 - - [08/Oct/2026 07:09:51] "POST /json/2/purchase.order/read HTTP/1.1" 200 - 4 0.002 0.007
2026-10-08 07:09:51,199 54 INFO bench werkzeug: 127.0.0.1 - - [08/Oct/2026 07:09:51] "POST /json/2/purchase.order.line/search HTTP/1.1" 200 - 3 0.002 0.007
2026-10-08 07:09:51,236 54 INFO bench werkzeug: 127.0.0.1 - - [08/Oct/2026 07:09:51] "POST /json/2/purchase.order.line/read HTTP/1.1" 200 - 6 0.003 0.007
2026-10-08 07:09:51,265 54 INFO bench werkzeug: 127.0.0.1 - - [08/Oct/2026 07:09:51] "POST /json/2/purchase.order/read HTTP/1.1" 200 - 4 0.003 0.007
2026-10-08 07:09:51,291 54 INFO bench werkzeug: 127.0.0.1 - - [08/Oct/2026 07:09:51] "POST /json/2/purchase.order.line/search HTTP/1.1" 200 - 3 0.002 0.007
2026-10-08 07:09:51,321 54 INFO bench werkzeug: 127.0.0.1 - - [08/Oct/2026 07:09:51] "POST /json/2/purchase.order.line/read HTTP/1.1" 200 - 6 0.003 0.008
2026-10-08 07:09:51,349 54 INFO bench werkzeug: 127.0.0.1 - - [08/Oct/2026 07:09:51] "POST /json/2/purchase.order/read HTTP/1.1" 200 - 4 0.002 0.007
2026-10-08 07:09:51,374 54 INFO bench werkzeug: 127.0.0.1 - - [08/Oct/2026 07:09:51] "POST /json/2/purchase.order.line/search HTTP/1.1" 200 - 3 0.002 0.006
2026-10-08 07:09:51,401 54 INFO bench werkzeug: 127.0.0.1 - - [08/Oct/2026 07:09:51] "POST /json/2/purchase.order.line/read HTTP/1.1" 200 - 6 0.003 0.007
2026-10-08 07:09:51,427 54 INFO bench werkzeug: 127.0.0.1 - - [08/Oct/2026 07:09:51] "POST /json/2/purchase.order/read HTTP/1.1" 200 - 4 0.002 0.007
2026-10-08 07:09:51,451 54 INFO bench werkzeug: 127.0.0.1 - - [08/Oct/2026 07:09:51] "POST /json/2/purchase.order.line/search HTTP/1.1" 200 - 3 0.002 0.006
2026-10-08 07:09:51,481 54 INFO bench werkzeug: 127.0.0.1 - - [08/Oct/2026 07:09:51] "POST /json/2/purchase.order.line/read HTTP/1.1" 200 - 6 0.004 0.009
2026-10-08 07:09:51,509 54 INFO bench werkzeug: 127.0.0.1 - - [08/Oct/2026 07:09:51] "POST /json/2/purchase.order/read HTTP/1.1" 200 - 4 0.002 0.007
2026-10-08 07:09:51,538 54 INFO bench werkzeug: 127.0.0.1 - - [08/Oct/2026 07:09:51] "POST /json/2/purchase.order.line/search HTTP/1.1" 200 - 3 0.002 0.007
2026-10-08 07:09:51,568 54 INFO bench werkzeug: 127.0.0.1 - - [08/Oct/2026 07:09:51] "POST /json/2/purchase.order.line/read HTTP/1.1" 200 - 6 0.004 0.009
2026-10-08 07:09:51,604 54 INFO bench werkzeug: 127.0.0.1 - - [08/Oct/2026 07:09:51] "POST /json/2/purchase.order/read HTTP/1.1" 200 - 4 0.002 0.007
2026-10-08 07:09:54,154 54 INFO bench werkzeug: 127.0.0.1 - - [08/Oct/2026 07:09:54] "POST /json/2/purchase.order.line/search HTTP/1.1" 200 - 3 0.002 0.006
2026-10-08 07:09:54,182 54 INFO bench werkzeug: 127.0.0.1 - - [08/Oct/2026 07:09:54] "POST /json/2/purchase.order.line/read HTTP/1.1" 200 - 6 0.003 0.008
2026-10-08 07:09:54,208 54 INFO bench werkzeug: 127.0.0.1 - - [08/Oct/2026 07:09:54] "POST /json/2/purchase.order/read HTTP/1.1" 200 - 4 0.002 0.007
2026-10-08 07:09:54,232 54 INFO bench werkzeug: 127.0.0.1 - - [08/Oct/2026 07:09:54] "POST /json/2/purchase.order.line/search HTTP/1.1" 200 - 3 0.002 0.006
2026-10-08 07:09:54,261 54 INFO bench werkzeug: 127.0.0.1 - - [08/Oct/2026 07:09:54] "POST /json/2/purchase.order.line/read HTTP/1.1" 200 - 6 0.003 0.008
2026-10-08 07:09:54,288 54 INFO bench werkzeug: 127.0.0.1 - - [08/Oct/2026 07:09:54] "POST /json/2/purchase.order/read HTTP/1.1" 200 - 4 0.002 0.007
2026-10-08 07:09:54,313 54 INFO bench werkzeug: 127.0.0.1 - - [08/Oct/2026 07:09:54] "POST /json/2/purchase.order.line/search HTTP/1.1" 200 - 3 0.002 0.006
2026-10-08 07:09:54,343 54 INFO bench werkzeug: 127.0.0.1 - - [08/Oct/2026 07:09:54] "POST /json/2/purchase.order.line/read HTTP/1.1" 200 - 6 0.003 0.007
2026-10-08 07:09:54,369 54 INFO bench werkzeug: 127.0.0.1 - - [08/Oct/2026 07:09:54] "POST /json/2/purchase.order/read HTTP/1.1" 200 - 4 0.002 0.007
2026-10-08 07:09:54,392 54 INFO bench werkzeug: 127.0.0.1 - - [08/Oct/2026 07:09:54] "POST /json/2/purchase.order.line/search HTTP/1.1" 200 - 3 0.002 0.006
2026-10-08 07:09:54,419 54 INFO bench werkzeug: 127.0.0.1 - - [08/Oct/2026 07:09:54] "POST /json/2/purchase.order.line/read HTTP/1.1" 200 - 6 0.003 0.008
2026-10-08 07:09:54,443 54 INFO bench werkzeug: 127.0.0.1 - - [08/Oct/2026 07:09:54] "POST /json/2/purchase.order/read HTTP/1.1" 200 - 4 0.002 0.006
2026-10-08 07:09:54,478 54 INFO bench werkzeug: 127.0.0.1 - - [08/Oct/2026 07:09:54] "POST /json/2/purchase.order.line/search HTTP/1.1" 200 - 3 0.002 0.006
2026-10-08 07:09:54,507 54 INFO bench werkzeug: 127.0.0.1 - - [08/Oct/2026 07:09:54] "POST /json/2/purchase.order.line/read HTTP/1.1" 200 - 6 0.003 0.007
2026-10-08 07:09:54,534 54 INFO bench werkzeug: 127.0.0.1 - - [08/Oct/2026 07:09:54] "POST /json/2/purchase.order/search HTTP/1.1" 200 - 3 0.001 0.006
2026-10-08 07:09:54,817 54 INFO bench werkzeug: 127.0.0.1 - - [08/Oct/2026 07:09:54] "GET /doc-bearer/purchase.order.json HTTP/1.1" 200 - 5 0.003 0.263
2026-10-08 07:09:54,847 54 INFO bench werkzeug: 127.0.0.1 - - [08/Oct/2026 07:09:54] "POST /json/2/purchase.order/read HTTP/1.1" 200 - 4 0.002 0.007
2026-10-08 07:09:54,872 54 INFO bench werkzeug: 127.0.0.1 - - [08/Oct/2026 07:09:54] "POST /json/2/purchase.order.line/search HTTP/1.1" 200 - 3 0.002 0.006
2026-10-08 07:09:55,027 54 INFO bench werkzeug: 127.0.0.1 - - [08/Oct/2026 07:09:55] "GET /doc-bearer/purchase.order.line.json HTTP/1.1" 200 - 6 0.003 0.132
2026-10-08 07:09:55,055 54 INFO bench werkzeug: 127.0.0.1 - - [08/Oct/2026 07:09:55] "POST /json/2/purchase.order.line/read HTTP/1.1" 200 - 6 0.003 0.008
2026-10-08 07:09:55,081 54 INFO bench werkzeug: 127.0.0.1 - - [08/Oct/2026 07:09:55] "POST /json/2/purchase.order/read HTTP/1.1" 200 - 4 0.002 0.007
2026-10-08 07:09:55,105 54 INFO bench werkzeug: 127.0.0.1 - - [08/Oct/2026 07:09:55] "POST /json/2/purchase.order.line/search HTTP/1.1" 200 - 3 0.002 0.006
2026-10-08 07:09:55,132 54 INFO bench werkzeug: 127.0.0.1 - - [08/Oct/2026 07:09:55] "POST /json/2/purchase.order.line/read HTTP/1.1" 200 - 6 0.003 0.008
2026-10-08 07:09:55,158 54 INFO bench werkzeug: 127.0.0.1 - - [08/Oct/2026 07:09:55] "POST /json/2/purchase.order/read HTTP/1.1" 200 - 4 0.003 0.007
2026-10-08 07:09:55,184 54 INFO bench werkzeug: 127.0.0.1 - - [08/Oct/2026 07:09:55] "POST /json/2/purchase.order.line/search HTTP/1.1" 200 - 3 0.002 0.006
2026-10-08 07:09:55,212 54 INFO bench werkzeug: 127.0.0.1 - - [08/Oct/2026 07:09:55] "POST /json/2/purchase.order.line/read HTTP/1.1" 200 - 6 0.003 0.008
2026-10-08 07:09:55,241 54 INFO bench werkzeug: 127.0.0.1 - - [08/Oct/2026 07:09:55] "POST /json/2/purchase.order/read HTTP/1.1" 200 - 4 0.002 0.007
2026-10-08 07:09:55,265 54 INFO bench werkzeug: 127.0.0.1 - - [08/Oct/2026 07:09:55] "POST /json/2/purchase.order.line/search HTTP/1.1" 200 - 3 0.002 0.006
2026-10-08 07:09:55,295 54 INFO bench werkzeug: 127.0.0.1 - - [08/Oct/2026 07:09:55] "POST /json/2/purchase.order.line/read HTTP/1.1" 200 - 6 0.003 0.008
2026-10-08 07:09:55,336 54 INFO bench werkzeug: 127.0.0.1 - - [08/Oct/2026 07:09:55] "POST /json/2/purchase.order/read HTTP/1.1" 200 - 4 0.002 0.011
2026-10-08 07:09:55,364 54 INFO bench werkzeug: 127.0.0.1 - - [08/Oct/2026 07:09:55] "POST /json/2/purchase.order.line/search HTTP/1.1" 200 - 3 0.002 0.006
2026-10-08 07:09:55,393 54 INFO bench werkzeug: 127.0.0.1 - - [08/Oct/2026 07:09:55] "POST /json/2/purchase.order.line/read HTTP/1.1" 200 - 6 0.004 0.008
2026-10-08 07:09:55,420 54 INFO bench werkzeug: 127.0.0.1 - - [08/Oct/2026 07:09:55] "POST /json/2/purchase.order/read HTTP/1.1" 200 - 4 0.002 0.007
2026-10-08 07:09:55,448 54 INFO bench werkzeug: 127.0.0.1 - - [08/Oct/2026 07:09:55] "POST /json/2/purchase.order.line/search HTTP/1.1" 200 - 3 0.002 0.006
2026-10-08 07:09:55,476 54 INFO bench werkzeug: 127.0.0.1 - - [08/Oct/2026 07:09:55] "POST /json/2/purchase.order.line/read HTTP/1.1" 200 - 6 0.003 0.008
2026-10-08 07:09:55,504 54 INFO bench werkzeug: 127.0.0.1 - - [08/Oct/2026 07:09:55] "POST /json/2/purchase.order/read HTTP/1.1" 200 - 4 0.002 0.007
2026-10-08 07:09:55,535 54 INFO bench werkzeug: 127.0.0.1 - - [08/Oct/2026 07:09:55] "POST /json/2/purchase.order.line/search HTTP/1.1" 200 - 3 0.002 0.008
2026-10-08 07:09:55,568 54 INFO bench werkzeug: 127.0.0.1 - - [08/Oct/2026 07:09:55] "POST /json/2/purchase.order.line/read HTTP/1.1" 200 - 6 0.004 0.009
2026-10-08 07:09:55,598 54 INFO bench werkzeug: 127.0.0.1 - - [08/Oct/2026 07:09:55] "POST /json/2/purchase.order/read HTTP/1.1" 200 - 4 0.002 0.008
2026-10-08 07:09:55,626 54 INFO bench werkzeug: 127.0.0.1 - - [08/Oct/2026 07:09:55] "POST /json/2/purchase.order.line/search HTTP/1.1" 200 - 3 0.002 0.006
2026-10-08 07:09:55,655 54 INFO bench werkzeug: 127.0.0.1 - - [08/Oct/2026 07:09:55] "POST /json/2/purchase.order.line/read HTTP/1.1" 200 - 6 0.003 0.008
2026-10-08 07:09:55,682 54 INFO bench werkzeug: 127.0.0.1 - - [08/Oct/2026 07:09:55] "POST /json/2/purchase.order/read HTTP/1.1" 200 - 4 0.003 0.007
2026-10-08 07:09:55,717 54 INFO bench werkzeug: 127.0.0.1 - - [08/Oct/2026 07:09:55] "POST /json/2/purchase.order.line/search HTTP/1.1" 200 - 3 0.002 0.006
2026-10-08 07:09:55,748 54 INFO bench werkzeug: 127.0.0.1 - - [08/Oct/2026 07:09:55] "POST /json/2/purchase.order.line/read HTTP/1.1" 200 - 6 0.003 0.008
2026-10-08 07:09:55,773 54 INFO bench werkzeug: 127.0.0.1 - - [08/Oct/2026 07:09:55] "POST /json/2/purchase.order/read HTTP/1.1" 200 - 4 0.002 0.007
2026-10-08 07:09:55,798 54 INFO bench werkzeug: 127.0.0.1 - - [08/Oct/2026 07:09:55] "POST /json/2/purchase.order.line/search HTTP/1.1" 200 - 3 0.002 0.006
2026-10-08 07:09:55,827 54 INFO bench werkzeug: 127.0.0.1 - - [08/Oct/2026 07:09:55] "POST /json/2/purchase.order.line/read HTTP/1.1" 200 - 6 0.003 0.008
2026-10-08 07:09:55,853 54 INFO bench werkzeug: 127.0.0.1 - - [08/Oct/2026 07:09:55] "POST /json/2/purchase.order/read HTTP/1.1" 200 - 4 0.002 0.007
2026-10-08 07:09:55,879 54 INFO bench werkzeug: 127.0.0.1 - - [08/Oct/2026 07:09:55] "POST /json/2/purchase.order.line/search HTTP/1.1" 200 - 3 0.002 0.006
2026-10-08 07:09:55,905 54 INFO bench werkzeug: 127.0.0.1 - - [08/Oct/2026 07:09:55] "POST /json/2/purchase.order.line/read HTTP/1.1" 200 - 6 0.003 0.007
2026-10-08 07:09:55,930 54 INFO bench werkzeug: 127.0.0.1 - - [08/Oct/2026 07:09:55] "POST /json/2/purchase.order/read HTTP/1.1" 200 - 4 0.002 0.006
2026-10-08 07:09:55,953 54 INFO bench werkzeug: 127.0.0.1 - - [08/Oct/2026 07:09:55] "POST /json/2/purchase.order.line/search HTTP/1.1" 200 - 3 0.002 0.006
2026-10-08 07:09:55,981 54 INFO bench werkzeug: 127.0.0.1 - - [08/Oct/2026 07:09:55] "POST /json/2/purchase.order.line/read HTTP/1.1" 200 - 6 0.003 0.007
2026-10-08 07:09:56,006 54 INFO bench werkzeug: 127.0.0.1 - - [08/Oct/2026 07:09:56] "POST /json/2/purchase.order/read HTTP/1.1" 200 - 4 0.002 0.007
2026-10-08 07:09:56,043 54 INFO bench werkzeug: 127.0.0.1 - - [08/Oct/2026 07:09:56] "POST /json/2/purchase.order.line/search HTTP/1.1" 200 - 3 0.002 0.006
2026-10-08 07:09:56,072 54 INFO bench werkzeug: 127.0.0.1 - - [08/Oct/2026 07:09:56] "POST /json/2/purchase.order.line/read HTTP/1.1" 200 - 6 0.003 0.007
2026-10-08 07:09:56,099 54 INFO bench werkzeug: 127.0.0.1 - - [08/Oct/2026 07:09:56] "POST /json/2/purchase.order/read HTTP/1.1" 200 - 4 0.002 0.007
2026-10-08 07:09:56,124 54 INFO bench werkzeug: 127.0.0.1 - - [08/Oct/2026 07:09:56] "POST /json/2/purchase.order.line/search HTTP/1.1" 200 - 3 0.002 0.007
2026-10-08 07:09:56,154 54 INFO bench werkzeug: 127.0.0.1 - - [08/Oct/2026 07:09:56] "POST /json/2/purchase.order.line/read HTTP/1.1" 200 - 6 0.003 0.008
2026-10-08 07:09:56,180 54 INFO bench werkzeug: 127.0.0.1 - - [08/Oct/2026 07:09:56] "POST /json/2/purchase.order/read HTTP/1.1" 200 - 4 0.002 0.007
2026-10-08 07:09:56,206 54 INFO bench werkzeug: 127.0.0.1 - - [08/Oct/2026 07:09:56] "POST /json/2/purchase.order.line/search HTTP/1.1" 200 - 3 0.002 0.006
2026-10-08 07:09:56,235 54 INFO bench werkzeug: 127.0.0.1 - - [08/Oct/2026 07:09:56] "POST /json/2/purchase.order.line/read HTTP/1.1" 200 - 6 0.003 0.008
2026-10-08 07:09:56,264 54 INFO bench werkzeug: 127.0.0.1 - - [08/Oct/2026 07:09:56] "POST /json/2/purchase.order/read HTTP/1.1" 200 - 4 0.003 0.007
2026-10-08 07:09:56,291 54 INFO bench werkzeug: 127.0.0.1 - - [08/Oct/2026 07:09:56] "POST /json/2/purchase.order.line/search HTTP/1.1" 200 - 3 0.002 0.006
2026-10-08 07:09:56,320 54 INFO bench werkzeug: 127.0.0.1 - - [08/Oct/2026 07:09:56] "POST /json/2/purchase.order.line/read HTTP/1.1" 200 - 6 0.003 0.008
2026-10-08 07:09:56,345 54 INFO bench werkzeug: 127.0.0.1 - - [08/Oct/2026 07:09:56] "POST /json/2/purchase.order/read HTTP/1.1" 200 - 4 0.002 0.007
2026-10-08 07:09:56,372 54 INFO bench werkzeug: 127.0.0.1 - - [08/Oct/2026 07:09:56] "POST /json/2/purchase.order.line/search HTTP/1.1" 200 - 3 0.002 0.006
2026-10-08 07:09:56,400 54 INFO bench werkzeug: 127.0.0.1 - - [08/Oct/2026 07:09:56] "POST /json/2/purchase.order.line/read HTTP/1.1" 200 - 6 0.003 0.009
2026-10-08 07:09:56,435 54 INFO bench werkzeug: 127.0.0.1 - - [08/Oct/2026 07:09:56] "POST /json/2/purchase.order/read HTTP/1.1" 200 - 4 0.002 0.007
2026-10-08 07:09:56,462 54 INFO bench werkzeug: 127.0.0.1 - - [08/Oct/2026 07:09:56] "POST /json/2/purchase.order.line/search HTTP/1.1" 200 - 3 0.002 0.006
2026-10-08 07:09:56,491 54 INFO bench werkzeug: 127.0.0.1 - - [08/Oct/2026 07:09:56] "POST /json/2/purchase.order.line/read HTTP/1.1" 200 - 6 0.003 0.008
2026-10-08 07:09:56,519 54 INFO bench werkzeug: 127.0.0.1 - - [08/Oct/2026 07:09:56] "POST /json/2/purchase.order/read HTTP/1.1" 200 - 4 0.002 0.008
2026-10-08 07:09:56,546 54 INFO bench werkzeug: 127.0.0.1 - - [08/Oct/2026 07:09:56] "POST /json/2/purchase.order.line/search HTTP/1.1" 200 - 3 0.002 0.006
2026-10-08 07:09:56,578 54 INFO bench werkzeug: 127.0.0.1 - - [08/Oct/2026 07:09:56] "POST /json/2/purchase.order.line/read HTTP/1.1" 200 - 6 0.004 0.009
2026-10-08 07:09:56,606 54 INFO bench werkzeug: 127.0.0.1 - - [08/Oct/2026 07:09:56] "POST /json/2/purchase.order/read HTTP/1.1" 200 - 4 0.003 0.007
2026-10-08 07:09:56,631 54 INFO bench werkzeug: 127.0.0.1 - - [08/Oct/2026 07:09:56] "POST /json/2/purchase.order.line/search HTTP/1.1" 200 - 3 0.002 0.006
2026-10-08 07:09:56,660 54 INFO bench werkzeug: 127.0.0.1 - - [08/Oct/2026 07:09:56] "POST /json/2/purchase.order.line/read HTTP/1.1" 200 - 6 0.003 0.008
2026-10-08 07:09:56,686 54 INFO bench werkzeug: 127.0.0.1 - - [08/Oct/2026 07:09:56] "POST /json/2/purchase.order/read HTTP/1.1" 200 - 4 0.002 0.007
2026-10-08 07:09:56,710 54 INFO bench werkzeug: 127.0.0.1 - - [08/Oct/2026 07:09:56] "POST /json/2/purchase.order.line/search HTTP/1.1" 200 - 3 0.002 0.006
2026-10-08 07:09:56,740 54 INFO bench werkzeug: 127.0.0.1 - - [08/Oct/2026 07:09:56] "POST /json/2/purchase.order.line/read HTTP/1.1" 200 - 6 0.003 0.008
2026-10-08 07:09:56,768 54 INFO bench werkzeug: 127.0.0.1 - - [08/Oct/2026 07:09:56] "POST /json/2/purchase.order/read HTTP/1.1" 200 - 4 0.002 0.007
2026-10-08 07:09:56,802 54 INFO bench werkzeug: 127.0.0.1 - - [08/Oct/2026 07:09:56] "POST /json/2/purchase.order.line/search HTTP/1.1" 200 - 3 0.002 0.006
2026-10-08 07:09:56,831 54 INFO bench werkzeug: 127.0.0.1 - - [08/Oct/2026 07:09:56] "POST /json/2/purchase.order.line/read HTTP/1.1" 200 - 6 0.003 0.008
2026-10-08 07:09:56,856 54 INFO bench werkzeug: 127.0.0.1 - - [08/Oct/2026 07:09:56] "POST /json/2/purchase.order/search HTTP/1.1" 200 - 3 0.002 0.006
2026-10-08 07:09:57,097 54 INFO bench werkzeug: 127.0.0.1 - - [08/Oct/2026 07:09:57] "GET /doc-bearer/purchase.order.json HTTP/1.1" 200 - 5 0.002 0.221
2026-10-08 07:09:57,125 54 INFO bench werkzeug: 127.0.0.1 - - [08/Oct/2026 07:09:57] "POST /json/2/purchase.order/read HTTP/1.1" 200 - 4 0.002 0.006
2026-10-08 07:09:57,147 54 INFO bench werkzeug: 127.0.0.1 - - [08/Oct/2026 07:09:57] "POST /json/2/purchase.order.line/search HTTP/1.1" 200 - 3 0.002 0.005
2026-10-08 07:09:57,289 54 INFO bench werkzeug: 127.0.0.1 - - [08/Oct/2026 07:09:57] "GET /doc-bearer/purchase.order.line.json HTTP/1.1" 200 - 6 0.004 0.124
2026-10-08 07:09:57,318 54 INFO bench werkzeug: 127.0.0.1 - - [08/Oct/2026 07:09:57] "POST /json/2/purchase.order.line/read HTTP/1.1" 200 - 6 0.004 0.008
2026-10-08 07:09:57,343 54 INFO bench werkzeug: 127.0.0.1 - - [08/Oct/2026 07:09:57] "POST /json/2/purchase.order/read HTTP/1.1" 200 - 4 0.002 0.006
2026-10-08 07:09:57,365 54 INFO bench werkzeug: 127.0.0.1 - - [08/Oct/2026 07:09:57] "POST /json/2/purchase.order.line/search HTTP/1.1" 200 - 3 0.002 0.006
2026-10-08 07:09:57,391 54 INFO bench werkzeug: 127.0.0.1 - - [08/Oct/2026 07:09:57] "POST /json/2/purchase.order.line/read HTTP/1.1" 200 - 6 0.003 0.007
2026-10-08 07:09:57,416 54 INFO bench werkzeug: 127.0.0.1 - - [08/Oct/2026 07:09:57] "POST /json/2/purchase.order/read HTTP/1.1" 200 - 4 0.002 0.006
2026-10-08 07:09:57,438 54 INFO bench werkzeug: 127.0.0.1 - - [08/Oct/2026 07:09:57] "POST /json/2/purchase.order.line/search HTTP/1.1" 200 - 3 0.001 0.005
2026-10-08 07:09:57,463 54 INFO bench werkzeug: 127.0.0.1 - - [08/Oct/2026 07:09:57] "POST /json/2/purchase.order.line/read HTTP/1.1" 200 - 6 0.003 0.007
2026-10-08 07:09:57,487 54 INFO bench werkzeug: 127.0.0.1 - - [08/Oct/2026 07:09:57] "POST /json/2/purchase.order/read HTTP/1.1" 200 - 4 0.002 0.006
2026-10-08 07:09:57,509 54 INFO bench werkzeug: 127.0.0.1 - - [08/Oct/2026 07:09:57] "POST /json/2/purchase.order.line/search HTTP/1.1" 200 - 3 0.002 0.006
2026-10-08 07:09:57,532 54 INFO bench werkzeug: 127.0.0.1 - - [08/Oct/2026 07:09:57] "POST /json/2/purchase.order.line/read HTTP/1.1" 200 - 6 0.003 0.007
2026-10-08 07:09:57,560 54 INFO bench werkzeug: 127.0.0.1 - - [08/Oct/2026 07:09:57] "POST /json/2/purchase.order/read HTTP/1.1" 200 - 4 0.002 0.006
2026-10-08 07:09:57,582 54 INFO bench werkzeug: 127.0.0.1 - - [08/Oct/2026 07:09:57] "POST /json/2/purchase.order.line/search HTTP/1.1" 200 - 3 0.001 0.005
2026-10-08 07:09:57,607 54 INFO bench werkzeug: 127.0.0.1 - - [08/Oct/2026 07:09:57] "POST /json/2/purchase.order.line/read HTTP/1.1" 200 - 6 0.004 0.007
2026-10-08 07:09:57,632 54 INFO bench werkzeug: 127.0.0.1 - - [08/Oct/2026 07:09:57] "POST /json/2/purchase.order/read HTTP/1.1" 200 - 4 0.002 0.006
2026-10-08 07:09:57,656 54 INFO bench werkzeug: 127.0.0.1 - - [08/Oct/2026 07:09:57] "POST /json/2/purchase.order.line/search HTTP/1.1" 200 - 3 0.002 0.005
2026-10-08 07:09:57,687 54 INFO bench werkzeug: 127.0.0.1 - - [08/Oct/2026 07:09:57] "POST /json/2/purchase.order.line/read HTTP/1.1" 200 - 6 0.003 0.012
2026-10-08 07:09:57,711 54 INFO bench werkzeug: 127.0.0.1 - - [08/Oct/2026 07:09:57] "POST /json/2/purchase.order/read HTTP/1.1" 200 - 4 0.002 0.006
2026-10-08 07:09:57,736 54 INFO bench werkzeug: 127.0.0.1 - - [08/Oct/2026 07:09:57] "POST /json/2/purchase.order.line/search HTTP/1.1" 200 - 3 0.002 0.006
2026-10-08 07:09:57,762 54 INFO bench werkzeug: 127.0.0.1 - - [08/Oct/2026 07:09:57] "POST /json/2/purchase.order.line/read HTTP/1.1" 200 - 6 0.003 0.007
2026-10-08 07:09:57,789 54 INFO bench werkzeug: 127.0.0.1 - - [08/Oct/2026 07:09:57] "POST /json/2/purchase.order/read HTTP/1.1" 200 - 4 0.002 0.007
2026-10-08 07:09:57,812 54 INFO bench werkzeug: 127.0.0.1 - - [08/Oct/2026 07:09:57] "POST /json/2/purchase.order.line/search HTTP/1.1" 200 - 3 0.002 0.006
2026-10-08 07:09:57,837 54 INFO bench werkzeug: 127.0.0.1 - - [08/Oct/2026 07:09:57] "POST /json/2/purchase.order.line/read HTTP/1.1" 200 - 6 0.003 0.007
2026-10-08 07:09:57,863 54 INFO bench werkzeug: 127.0.0.1 - - [08/Oct/2026 07:09:57] "POST /json/2/purchase.order/read HTTP/1.1" 200 - 4 0.002 0.007
2026-10-08 07:09:57,894 54 INFO bench werkzeug: 127.0.0.1 - - [08/Oct/2026 07:09:57] "POST /json/2/purchase.order.line/search HTTP/1.1" 200 - 3 0.002 0.005
2026-10-08 07:09:57,921 54 INFO bench werkzeug: 127.0.0.1 - - [08/Oct/2026 07:09:57] "POST /json/2/purchase.order.line/read HTTP/1.1" 200 - 6 0.003 0.008
2026-10-08 07:09:57,945 54 INFO bench werkzeug: 127.0.0.1 - - [08/Oct/2026 07:09:57] "POST /json/2/purchase.order/read HTTP/1.1" 200 - 4 0.002 0.006
2026-10-08 07:09:57,969 54 INFO bench werkzeug: 127.0.0.1 - - [08/Oct/2026 07:09:57] "POST /json/2/purchase.order.line/search HTTP/1.1" 200 - 3 0.002 0.006
2026-10-08 07:09:57,996 54 INFO bench werkzeug: 127.0.0.1 - - [08/Oct/2026 07:09:57] "POST /json/2/purchase.order.line/read HTTP/1.1" 200 - 6 0.003 0.008
2026-10-08 07:09:58,022 54 INFO bench werkzeug: 127.0.0.1 - - [08/Oct/2026 07:09:58] "POST /json/2/purchase.order/read HTTP/1.1" 200 - 4 0.002 0.007
2026-10-08 07:09:58,045 54 INFO bench werkzeug: 127.0.0.1 - - [08/Oct/2026 07:09:58] "POST /json/2/purchase.order.line/search HTTP/1.1" 200 - 3 0.001 0.005
2026-10-08 07:09:58,071 54 INFO bench werkzeug: 127.0.0.1 - - [08/Oct/2026 07:09:58] "POST /json/2/purchase.order.line/read HTTP/1.1" 200 - 6 0.003 0.008
2026-10-08 07:09:58,096 54 INFO bench werkzeug: 127.0.0.1 - - [08/Oct/2026 07:09:58] "POST /json/2/purchase.order/read HTTP/1.1" 200 - 4 0.002 0.007
2026-10-08 07:09:58,120 54 INFO bench werkzeug: 127.0.0.1 - - [08/Oct/2026 07:09:58] "POST /json/2/purchase.order.line/search HTTP/1.1" 200 - 3 0.002 0.006
2026-10-08 07:09:58,146 54 INFO bench werkzeug: 127.0.0.1 - - [08/Oct/2026 07:09:58] "POST /json/2/purchase.order.line/read HTTP/1.1" 200 - 6 0.003 0.007
2026-10-08 07:09:58,170 54 INFO bench werkzeug: 127.0.0.1 - - [08/Oct/2026 07:09:58] "POST /json/2/purchase.order/read HTTP/1.1" 200 - 4 0.002 0.006
2026-10-08 07:09:58,194 54 INFO bench werkzeug: 127.0.0.1 - - [08/Oct/2026 07:09:58] "POST /json/2/purchase.order.line/search HTTP/1.1" 200 - 3 0.002 0.006
2026-10-08 07:09:58,231 54 INFO bench werkzeug: 127.0.0.1 - - [08/Oct/2026 07:09:58] "POST /json/2/purchase.order.line/read HTTP/1.1" 200 - 6 0.003 0.008
2026-10-08 07:09:58,259 54 INFO bench werkzeug: 127.0.0.1 - - [08/Oct/2026 07:09:58] "POST /json/2/purchase.order/read HTTP/1.1" 200 - 4 0.002 0.007
2026-10-08 07:09:58,283 54 INFO bench werkzeug: 127.0.0.1 - - [08/Oct/2026 07:09:58] "POST /json/2/purchase.order.line/search HTTP/1.1" 200 - 3 0.002 0.005
2026-10-08 07:09:58,310 54 INFO bench werkzeug: 127.0.0.1 - - [08/Oct/2026 07:09:58] "POST /json/2/purchase.order.line/read HTTP/1.1" 200 - 6 0.004 0.007
2026-10-08 07:09:58,336 54 INFO bench werkzeug: 127.0.0.1 - - [08/Oct/2026 07:09:58] "POST /json/2/purchase.order/read HTTP/1.1" 200 - 4 0.002 0.007
2026-10-08 07:09:58,361 54 INFO bench werkzeug: 127.0.0.1 - - [08/Oct/2026 07:09:58] "POST /json/2/purchase.order.line/search HTTP/1.1" 200 - 3 0.002 0.006
2026-10-08 07:09:58,388 54 INFO bench werkzeug: 127.0.0.1 - - [08/Oct/2026 07:09:58] "POST /json/2/purchase.order.line/read HTTP/1.1" 200 - 6 0.003 0.007
2026-10-08 07:09:58,416 54 INFO bench werkzeug: 127.0.0.1 - - [08/Oct/2026 07:09:58] "POST /json/2/purchase.order/read HTTP/1.1" 200 - 4 0.003 0.008
2026-10-08 07:09:58,439 54 INFO bench werkzeug: 127.0.0.1 - - [08/Oct/2026 07:09:58] "POST /json/2/purchase.order.line/search HTTP/1.1" 200 - 3 0.002 0.006
2026-10-08 07:09:58,466 54 INFO bench werkzeug: 127.0.0.1 - - [08/Oct/2026 07:09:58] "POST /json/2/purchase.order.line/read HTTP/1.1" 200 - 6 0.003 0.008
2026-10-08 07:09:58,492 54 INFO bench werkzeug: 127.0.0.1 - - [08/Oct/2026 07:09:58] "POST /json/2/purchase.order/read HTTP/1.1" 200 - 4 0.002 0.007
2026-10-08 07:09:58,514 54 INFO bench werkzeug: 127.0.0.1 - - [08/Oct/2026 07:09:58] "POST /json/2/purchase.order.line/search HTTP/1.1" 200 - 3 0.002 0.006
2026-10-08 07:09:58,541 54 INFO bench werkzeug: 127.0.0.1 - - [08/Oct/2026 07:09:58] "POST /json/2/purchase.order.line/read HTTP/1.1" 200 - 6 0.003 0.007
2026-10-08 07:09:58,575 54 INFO bench werkzeug: 127.0.0.1 - - [08/Oct/2026 07:09:58] "POST /json/2/purchase.order/read HTTP/1.1" 200 - 4 0.002 0.006
2026-10-08 07:09:58,600 54 INFO bench werkzeug: 127.0.0.1 - - [08/Oct/2026 07:09:58] "POST /json/2/purchase.order.line/search HTTP/1.1" 200 - 3 0.001 0.005
2026-10-08 07:09:58,628 54 INFO bench werkzeug: 127.0.0.1 - - [08/Oct/2026 07:09:58] "POST /json/2/purchase.order.line/read HTTP/1.1" 200 - 6 0.003 0.008
2026-10-08 07:09:58,655 54 INFO bench werkzeug: 127.0.0.1 - - [08/Oct/2026 07:09:58] "POST /json/2/purchase.order/read HTTP/1.1" 200 - 4 0.002 0.007
2026-10-08 07:09:58,678 54 INFO bench werkzeug: 127.0.0.1 - - [08/Oct/2026 07:09:58] "POST /json/2/purchase.order.line/search HTTP/1.1" 200 - 3 0.002 0.006
2026-10-08 07:09:58,705 54 INFO bench werkzeug: 127.0.0.1 - - [08/Oct/2026 07:09:58] "POST /json/2/purchase.order.line/read HTTP/1.1" 200 - 6 0.003 0.007
2026-10-08 07:09:58,730 54 INFO bench werkzeug: 127.0.0.1 - - [08/Oct/2026 07:09:58] "POST /json/2/purchase.order/read HTTP/1.1" 200 - 4 0.002 0.007
2026-10-08 07:09:58,755 54 INFO bench werkzeug: 127.0.0.1 - - [08/Oct/2026 07:09:58] "POST /json/2/purchase.order.line/search HTTP/1.1" 200 - 3 0.002 0.006
2026-10-08 07:09:58,780 54 INFO bench werkzeug: 127.0.0.1 - - [08/Oct/2026 07:09:58] "POST /json/2/purchase.order.line/read HTTP/1.1" 200 - 6 0.003 0.007
2026-10-08 07:09:58,805 54 INFO bench werkzeug: 127.0.0.1 - - [08/Oct/2026 07:09:58] "POST /json/2/purchase.order/read HTTP/1.1" 200 - 4 0.002 0.007
2026-10-08 07:09:58,829 54 INFO bench werkzeug: 127.0.0.1 - - [08/Oct/2026 07:09:58] "POST /json/2/purchase.order.line/search HTTP/1.1" 200 - 3 0.002 0.006
2026-10-08 07:09:58,858 54 INFO bench werkzeug: 127.0.0.1 - - [08/Oct/2026 07:09:58] "POST /json/2/purchase.order.line/read HTTP/1.1" 200 - 6 0.003 0.008
2026-10-08 07:09:58,883 54 INFO bench werkzeug: 127.0.0.1 - - [08/Oct/2026 07:09:58] "POST /json/2/purchase.order/read HTTP/1.1" 200 - 4 0.002 0.007
2026-10-08 07:09:58,916 54 INFO bench werkzeug: 127.0.0.1 - - [08/Oct/2026 07:09:58] "POST /json/2/purchase.order.line/search HTTP/1.1" 200 - 3 0.002 0.006
2026-10-08 07:09:58,943 54 INFO bench werkzeug: 127.0.0.1 - - [08/Oct/2026 07:09:58] "POST /json/2/purchase.order.line/read HTTP/1.1" 200 - 6 0.003 0.008
2026-10-08 07:09:58,970 54 INFO bench werkzeug: 127.0.0.1 - - [08/Oct/2026 07:09:58] "POST /json/2/mrp.production/search HTTP/1.1" 200 - 3 0.002 0.007
2026-10-08 07:09:59,245 54 INFO bench werkzeug: 127.0.0.1 - - [08/Oct/2026 07:09:59] "GET /doc-bearer/mrp.production.json HTTP/1.1" 200 - 6 0.003 0.254
2026-10-08 07:09:59,273 54 INFO bench werkzeug: 127.0.0.1 - - [08/Oct/2026 07:09:59] "POST /json/2/mrp.production/read HTTP/1.1" 200 - 3 0.002 0.007
2026-10-08 07:09:59,298 54 INFO bench werkzeug: 127.0.0.1 - - [08/Oct/2026 07:09:59] "POST /json/2/mrp.workorder/search HTTP/1.1" 200 - 3 0.002 0.006
2026-10-08 07:09:59,449 54 INFO bench werkzeug: 127.0.0.1 - - [08/Oct/2026 07:09:59] "GET /doc-bearer/mrp.workorder.json HTTP/1.1" 200 - 5 0.003 0.131
2026-10-08 07:09:59,475 54 INFO bench werkzeug: 127.0.0.1 - - [08/Oct/2026 07:09:59] "POST /json/2/mrp.workorder/read HTTP/1.1" 200 - 4 0.002 0.006
2026-10-08 07:09:59,498 54 INFO bench werkzeug: 127.0.0.1 - - [08/Oct/2026 07:09:59] "POST /json/2/mrp.production/read HTTP/1.1" 200 - 3 0.001 0.006
2026-10-08 07:09:59,524 54 INFO bench werkzeug: 127.0.0.1 - - [08/Oct/2026 07:09:59] "POST /json/2/mrp.workorder/search HTTP/1.1" 200 - 3 0.002 0.006
2026-10-08 07:09:59,679 54 INFO bench werkzeug: 127.0.0.1 - - [08/Oct/2026 07:09:59] "GET /doc-bearer/mrp.workorder.json HTTP/1.1" 200 - 5 0.003 0.136
2026-10-08 07:09:59,708 54 INFO bench werkzeug: 127.0.0.1 - - [08/Oct/2026 07:09:59] "POST /json/2/mrp.workorder/read HTTP/1.1" 200 - 4 0.002 0.006
2026-10-08 07:09:59,733 54 INFO bench werkzeug: 127.0.0.1 - - [08/Oct/2026 07:09:59] "POST /json/2/mrp.production/read HTTP/1.1" 200 - 3 0.002 0.007
2026-10-08 07:09:59,758 54 INFO bench werkzeug: 127.0.0.1 - - [08/Oct/2026 07:09:59] "POST /json/2/mrp.workorder/search HTTP/1.1" 200 - 3 0.002 0.006
2026-10-08 07:09:59,905 54 INFO bench werkzeug: 127.0.0.1 - - [08/Oct/2026 07:09:59] "GET /doc-bearer/mrp.workorder.json HTTP/1.1" 200 - 5 0.003 0.129
2026-10-08 07:09:59,930 54 INFO bench werkzeug: 127.0.0.1 - - [08/Oct/2026 07:09:59] "POST /json/2/mrp.workorder/read HTTP/1.1" 200 - 4 0.002 0.006
2026-10-08 07:09:59,953 54 INFO bench werkzeug: 127.0.0.1 - - [08/Oct/2026 07:09:59] "POST /json/2/mrp.production/read HTTP/1.1" 200 - 3 0.002 0.006
2026-10-08 07:09:59,975 54 INFO bench werkzeug: 127.0.0.1 - - [08/Oct/2026 07:09:59] "POST /json/2/mrp.workorder/search HTTP/1.1" 200 - 3 0.001 0.006
2026-10-08 07:10:00,130 54 INFO bench werkzeug: 127.0.0.1 - - [08/Oct/2026 07:10:00] "GET /doc-bearer/mrp.workorder.json HTTP/1.1" 200 - 5 0.002 0.136
2026-10-08 07:10:00,164 54 INFO bench werkzeug: 127.0.0.1 - - [08/Oct/2026 07:10:00] "POST /json/2/mrp.workorder/read HTTP/1.1" 200 - 4 0.002 0.008
2026-10-08 07:10:00,190 54 INFO bench werkzeug: 127.0.0.1 - - [08/Oct/2026 07:10:00] "POST /json/2/mrp.production/read HTTP/1.1" 200 - 3 0.001 0.006
2026-10-08 07:10:00,216 54 INFO bench werkzeug: 127.0.0.1 - - [08/Oct/2026 07:10:00] "POST /json/2/mrp.workorder/search HTTP/1.1" 200 - 3 0.002 0.006
2026-10-08 07:10:00,415 54 INFO bench werkzeug: 127.0.0.1 - - [08/Oct/2026 07:10:00] "GET /doc-bearer/mrp.workorder.json HTTP/1.1" 200 - 5 0.003 0.179
2026-10-08 07:10:00,439 54 INFO bench werkzeug: 127.0.0.1 - - [08/Oct/2026 07:10:00] "POST /json/2/mrp.workorder/read HTTP/1.1" 200 - 4 0.002 0.006
2026-10-08 07:10:00,462 54 INFO bench werkzeug: 127.0.0.1 - - [08/Oct/2026 07:10:00] "POST /json/2/mrp.production/search HTTP/1.1" 200 - 3 0.002 0.005
2026-10-08 07:10:00,483 54 INFO bench werkzeug: 127.0.0.1 - - [08/Oct/2026 07:10:00] "POST /json/2/mrp.production/search HTTP/1.1" 200 - 3 0.001 0.005
2026-10-08 07:10:00,506 54 INFO bench werkzeug: 127.0.0.1 - - [08/Oct/2026 07:10:00] "POST /json/2/mrp.production/search HTTP/1.1" 200 - 3 0.002 0.006
2026-10-08 07:10:00,527 54 INFO bench werkzeug: 127.0.0.1 - - [08/Oct/2026 07:10:00] "POST /json/2/mrp.production/search HTTP/1.1" 200 - 3 0.001 0.005
2026-10-08 07:10:00,551 54 INFO bench werkzeug: 127.0.0.1 - - [08/Oct/2026 07:10:00] "POST /json/2/mrp.production/search HTTP/1.1" 200 - 3 0.002 0.006
2026-10-08 07:10:00,574 54 INFO bench werkzeug: 127.0.0.1 - - [08/Oct/2026 07:10:00] "POST /json/2/mrp.production/search HTTP/1.1" 200 - 3 0.002 0.005
2026-10-08 07:10:00,596 54 INFO bench werkzeug: 127.0.0.1 - - [08/Oct/2026 07:10:00] "POST /json/2/mrp.production/search HTTP/1.1" 200 - 3 0.001 0.005
2026-10-08 07:10:00,619 54 INFO bench werkzeug: 127.0.0.1 - - [08/Oct/2026 07:10:00] "POST /json/2/mrp.production/search HTTP/1.1" 200 - 3 0.002 0.006
2026-10-08 07:10:00,655 54 INFO bench werkzeug: 127.0.0.1 - - [08/Oct/2026 07:10:00] "POST /json/2/mrp.production/search HTTP/1.1" 200 - 3 0.002 0.006
2026-10-08 07:10:00,679 54 INFO bench werkzeug: 127.0.0.1 - - [08/Oct/2026 07:10:00] "POST /json/2/mrp.production/search HTTP/1.1" 200 - 3 0.002 0.005
2026-10-08 07:10:00,703 54 INFO bench werkzeug: 127.0.0.1 - - [08/Oct/2026 07:10:00] "POST /json/2/purchase.order/search HTTP/1.1" 200 - 3 0.002 0.006
2026-10-08 07:10:00,920 54 INFO bench werkzeug: 127.0.0.1 - - [08/Oct/2026 07:10:00] "GET /doc-bearer/purchase.order.json HTTP/1.1" 200 - 5 0.003 0.199
2026-10-08 07:10:00,948 54 INFO bench werkzeug: 127.0.0.1 - - [08/Oct/2026 07:10:00] "POST /json/2/purchase.order/read HTTP/1.1" 200 - 4 0.002 0.007
2026-10-08 07:10:00,972 54 INFO bench werkzeug: 127.0.0.1 - - [08/Oct/2026 07:10:00] "POST /json/2/purchase.order.line/search HTTP/1.1" 200 - 3 0.002 0.006
2026-10-08 07:10:01,117 54 INFO bench werkzeug: 127.0.0.1 - - [08/Oct/2026 07:10:01] "GET /doc-bearer/purchase.order.line.json HTTP/1.1" 200 - 6 0.003 0.125
2026-10-08 07:10:01,144 54 INFO bench werkzeug: 127.0.0.1 - - [08/Oct/2026 07:10:01] "POST /json/2/purchase.order.line/read HTTP/1.1" 200 - 6 0.003 0.007
2026-10-08 07:10:01,170 54 INFO bench werkzeug: 127.0.0.1 - - [08/Oct/2026 07:10:01] "POST /json/2/purchase.order/read HTTP/1.1" 200 - 4 0.002 0.007
2026-10-08 07:10:01,195 54 INFO bench werkzeug: 127.0.0.1 - - [08/Oct/2026 07:10:01] "POST /json/2/purchase.order.line/search HTTP/1.1" 200 - 3 0.002 0.006
2026-10-08 07:10:01,221 54 INFO bench werkzeug: 127.0.0.1 - - [08/Oct/2026 07:10:01] "POST /json/2/purchase.order.line/read HTTP/1.1" 200 - 6 0.003 0.007
2026-10-08 07:10:01,246 54 INFO bench werkzeug: 127.0.0.1 - - [08/Oct/2026 07:10:01] "POST /json/2/purchase.order/read HTTP/1.1" 200 - 4 0.002 0.006
2026-10-08 07:10:01,270 54 INFO bench werkzeug: 127.0.0.1 - - [08/Oct/2026 07:10:01] "POST /json/2/purchase.order.line/search HTTP/1.1" 200 - 3 0.002 0.006
2026-10-08 07:10:01,298 54 INFO bench werkzeug: 127.0.0.1 - - [08/Oct/2026 07:10:01] "POST /json/2/purchase.order.line/read HTTP/1.1" 200 - 6 0.003 0.008
2026-10-08 07:10:01,324 54 INFO bench werkzeug: 127.0.0.1 - - [08/Oct/2026 07:10:01] "POST /json/2/purchase.order/read HTTP/1.1" 200 - 4 0.003 0.007
2026-10-08 07:10:01,348 54 INFO bench werkzeug: 127.0.0.1 - - [08/Oct/2026 07:10:01] "POST /json/2/purchase.order.line/search HTTP/1.1" 200 - 3 0.002 0.006
2026-10-08 07:10:01,376 54 INFO bench werkzeug: 127.0.0.1 - - [08/Oct/2026 07:10:01] "POST /json/2/purchase.order.line/read HTTP/1.1" 200 - 6 0.004 0.008
2026-10-08 07:10:01,409 54 INFO bench werkzeug: 127.0.0.1 - - [08/Oct/2026 07:10:01] "POST /json/2/purchase.order/read HTTP/1.1" 200 - 4 0.003 0.007
2026-10-08 07:10:01,434 54 INFO bench werkzeug: 127.0.0.1 - - [08/Oct/2026 07:10:01] "POST /json/2/purchase.order.line/search HTTP/1.1" 200 - 3 0.002 0.006
2026-10-08 07:10:01,462 54 INFO bench werkzeug: 127.0.0.1 - - [08/Oct/2026 07:10:01] "POST /json/2/purchase.order.line/read HTTP/1.1" 200 - 6 0.003 0.008
2026-10-08 07:10:01,488 54 INFO bench werkzeug: 127.0.0.1 - - [08/Oct/2026 07:10:01] "POST /json/2/purchase.order/read HTTP/1.1" 200 - 4 0.002 0.007
2026-10-08 07:10:01,513 54 INFO bench werkzeug: 127.0.0.1 - - [08/Oct/2026 07:10:01] "POST /json/2/purchase.order.line/search HTTP/1.1" 200 - 3 0.002 0.006
2026-10-08 07:10:01,542 54 INFO bench werkzeug: 127.0.0.1 - - [08/Oct/2026 07:10:01] "POST /json/2/purchase.order.line/read HTTP/1.1" 200 - 6 0.003 0.008
2026-10-08 07:10:01,571 54 INFO bench werkzeug: 127.0.0.1 - - [08/Oct/2026 07:10:01] "POST /json/2/purchase.order/read HTTP/1.1" 200 - 4 0.002 0.007
2026-10-08 07:10:01,597 54 INFO bench werkzeug: 127.0.0.1 - - [08/Oct/2026 07:10:01] "POST /json/2/purchase.order.line/search HTTP/1.1" 200 - 3 0.002 0.006
2026-10-08 07:10:01,626 54 INFO bench werkzeug: 127.0.0.1 - - [08/Oct/2026 07:10:01] "POST /json/2/purchase.order.line/read HTTP/1.1" 200 - 6 0.004 0.008
2026-10-08 07:10:01,651 54 INFO bench werkzeug: 127.0.0.1 - - [08/Oct/2026 07:10:01] "POST /json/2/purchase.order/read HTTP/1.1" 200 - 4 0.002 0.006
2026-10-08 07:10:01,675 54 INFO bench werkzeug: 127.0.0.1 - - [08/Oct/2026 07:10:01] "POST /json/2/purchase.order.line/search HTTP/1.1" 200 - 3 0.002 0.006
2026-10-08 07:10:01,699 54 INFO bench werkzeug: 127.0.0.1 - - [08/Oct/2026 07:10:01] "POST /json/2/purchase.order.line/read HTTP/1.1" 200 - 6 0.002 0.006
2026-10-08 07:10:01,722 54 INFO bench werkzeug: 127.0.0.1 - - [08/Oct/2026 07:10:01] "POST /json/2/purchase.order/read HTTP/1.1" 200 - 4 0.002 0.006
2026-10-08 07:10:01,753 54 INFO bench werkzeug: 127.0.0.1 - - [08/Oct/2026 07:10:01] "POST /json/2/purchase.order.line/search HTTP/1.1" 200 - 3 0.002 0.006
2026-10-08 07:10:01,779 54 INFO bench werkzeug: 127.0.0.1 - - [08/Oct/2026 07:10:01] "POST /json/2/purchase.order.line/read HTTP/1.1" 200 - 6 0.003 0.007
2026-10-08 07:10:01,802 54 INFO bench werkzeug: 127.0.0.1 - - [08/Oct/2026 07:10:01] "POST /json/2/purchase.order/read HTTP/1.1" 200 - 4 0.002 0.006
2026-10-08 07:10:01,824 54 INFO bench werkzeug: 127.0.0.1 - - [08/Oct/2026 07:10:01] "POST /json/2/purchase.order.line/search HTTP/1.1" 200 - 3 0.002 0.006
2026-10-08 07:10:01,849 54 INFO bench werkzeug: 127.0.0.1 - - [08/Oct/2026 07:10:01] "POST /json/2/purchase.order.line/read HTTP/1.1" 200 - 6 0.003 0.007
2026-10-08 07:10:01,873 54 INFO bench werkzeug: 127.0.0.1 - - [08/Oct/2026 07:10:01] "POST /json/2/purchase.order/read HTTP/1.1" 200 - 4 0.002 0.006
2026-10-08 07:10:01,895 54 INFO bench werkzeug: 127.0.0.1 - - [08/Oct/2026 07:10:01] "POST /json/2/purchase.order.line/search HTTP/1.1" 200 - 3 0.001 0.005
2026-10-08 07:10:01,920 54 INFO bench werkzeug: 127.0.0.1 - - [08/Oct/2026 07:10:01] "POST /json/2/purchase.order.line/read HTTP/1.1" 200 - 6 0.003 0.007
2026-10-08 07:10:01,942 54 INFO bench werkzeug: 127.0.0.1 - - [08/Oct/2026 07:10:01] "POST /json/2/purchase.order/read HTTP/1.1" 200 - 4 0.002 0.006
2026-10-08 07:10:01,964 54 INFO bench werkzeug: 127.0.0.1 - - [08/Oct/2026 07:10:01] "POST /json/2/purchase.order.line/search HTTP/1.1" 200 - 3 0.001 0.005
2026-10-08 07:10:01,989 54 INFO bench werkzeug: 127.0.0.1 - - [08/Oct/2026 07:10:01] "POST /json/2/purchase.order.line/read HTTP/1.1" 200 - 6 0.003 0.007
2026-10-08 07:10:02,014 54 INFO bench werkzeug: 127.0.0.1 - - [08/Oct/2026 07:10:02] "POST /json/2/purchase.order/read HTTP/1.1" 200 - 4 0.002 0.006
2026-10-08 07:10:02,036 54 INFO bench werkzeug: 127.0.0.1 - - [08/Oct/2026 07:10:02] "POST /json/2/purchase.order.line/search HTTP/1.1" 200 - 3 0.001 0.005
2026-10-08 07:10:02,070 54 INFO bench werkzeug: 127.0.0.1 - - [08/Oct/2026 07:10:02] "POST /json/2/purchase.order.line/read HTTP/1.1" 200 - 6 0.003 0.007
2026-10-08 07:10:02,095 54 INFO bench werkzeug: 127.0.0.1 - - [08/Oct/2026 07:10:02] "POST /json/2/purchase.order/read HTTP/1.1" 200 - 4 0.002 0.007
2026-10-08 07:10:02,120 54 INFO bench werkzeug: 127.0.0.1 - - [08/Oct/2026 07:10:02] "POST /json/2/purchase.order.line/search HTTP/1.1" 200 - 3 0.002 0.005
2026-10-08 07:10:02,147 54 INFO bench werkzeug: 127.0.0.1 - - [08/Oct/2026 07:10:02] "POST /json/2/purchase.order.line/read HTTP/1.1" 200 - 6 0.003 0.007
2026-10-08 07:10:02,172 54 INFO bench werkzeug: 127.0.0.1 - - [08/Oct/2026 07:10:02] "POST /json/2/purchase.order/read HTTP/1.1" 200 - 4 0.002 0.006
2026-10-08 07:10:02,195 54 INFO bench werkzeug: 127.0.0.1 - - [08/Oct/2026 07:10:02] "POST /json/2/purchase.order.line/search HTTP/1.1" 200 - 3 0.002 0.005
2026-10-08 07:10:02,221 54 INFO bench werkzeug: 127.0.0.1 - - [08/Oct/2026 07:10:02] "POST /json/2/purchase.order.line/read HTTP/1.1" 200 - 6 0.003 0.007
2026-10-08 07:10:02,245 54 INFO bench werkzeug: 127.0.0.1 - - [08/Oct/2026 07:10:02] "POST /json/2/purchase.order/read HTTP/1.1" 200 - 4 0.002 0.006
2026-10-08 07:10:02,271 54 INFO bench werkzeug: 127.0.0.1 - - [08/Oct/2026 07:10:02] "POST /json/2/purchase.order.line/search HTTP/1.1" 200 - 3 0.002 0.006
2026-10-08 07:10:02,301 54 INFO bench werkzeug: 127.0.0.1 - - [08/Oct/2026 07:10:02] "POST /json/2/purchase.order.line/read HTTP/1.1" 200 - 6 0.004 0.007
2026-10-08 07:10:02,325 54 INFO bench werkzeug: 127.0.0.1 - - [08/Oct/2026 07:10:02] "POST /json/2/purchase.order/read HTTP/1.1" 200 - 4 0.002 0.006
2026-10-08 07:10:02,348 54 INFO bench werkzeug: 127.0.0.1 - - [08/Oct/2026 07:10:02] "POST /json/2/purchase.order.line/search HTTP/1.1" 200 - 3 0.002 0.006
2026-10-08 07:10:02,374 54 INFO bench werkzeug: 127.0.0.1 - - [08/Oct/2026 07:10:02] "POST /json/2/purchase.order.line/read HTTP/1.1" 200 - 6 0.003 0.007
2026-10-08 07:10:02,407 54 INFO bench werkzeug: 127.0.0.1 - - [08/Oct/2026 07:10:02] "POST /json/2/purchase.order/read HTTP/1.1" 200 - 4 0.002 0.006
2026-10-08 07:10:02,430 54 INFO bench werkzeug: 127.0.0.1 - - [08/Oct/2026 07:10:02] "POST /json/2/purchase.order.line/search HTTP/1.1" 200 - 3 0.002 0.006
2026-10-08 07:10:02,457 54 INFO bench werkzeug: 127.0.0.1 - - [08/Oct/2026 07:10:02] "POST /json/2/purchase.order.line/read HTTP/1.1" 200 - 6 0.003 0.007
2026-10-08 07:10:02,483 54 INFO bench werkzeug: 127.0.0.1 - - [08/Oct/2026 07:10:02] "POST /json/2/purchase.order/read HTTP/1.1" 200 - 4 0.002 0.007
2026-10-08 07:10:02,507 54 INFO bench werkzeug: 127.0.0.1 - - [08/Oct/2026 07:10:02] "POST /json/2/purchase.order.line/search HTTP/1.1" 200 - 3 0.002 0.006
2026-10-08 07:10:02,534 54 INFO bench werkzeug: 127.0.0.1 - - [08/Oct/2026 07:10:02] "POST /json/2/purchase.order.line/read HTTP/1.1" 200 - 6 0.004 0.008
2026-10-08 07:10:02,561 54 INFO bench werkzeug: 127.0.0.1 - - [08/Oct/2026 07:10:02] "POST /json/2/purchase.order/read HTTP/1.1" 200 - 4 0.002 0.008
2026-10-08 07:10:02,584 54 INFO bench werkzeug: 127.0.0.1 - - [08/Oct/2026 07:10:02] "POST /json/2/purchase.order.line/search HTTP/1.1" 200 - 3 0.002 0.006
2026-10-08 07:10:02,611 54 INFO bench werkzeug: 127.0.0.1 - - [08/Oct/2026 07:10:02] "POST /json/2/purchase.order.line/read HTTP/1.1" 200 - 6 0.003 0.008
2026-10-08 07:10:02,635 54 INFO bench werkzeug: 127.0.0.1 - - [08/Oct/2026 07:10:02] "POST /json/2/purchase.order/read HTTP/1.1" 200 - 4 0.002 0.007
2026-10-08 07:10:02,659 54 INFO bench werkzeug: 127.0.0.1 - - [08/Oct/2026 07:10:02] "POST /json/2/purchase.order.line/search HTTP/1.1" 200 - 3 0.002 0.006
2026-10-08 07:10:02,686 54 INFO bench werkzeug: 127.0.0.1 - - [08/Oct/2026 07:10:02] "POST /json/2/purchase.order.line/read HTTP/1.1" 200 - 6 0.003 0.008
2026-10-08 07:10:02,709 54 INFO bench werkzeug: 127.0.0.1 - - [08/Oct/2026 07:10:02] "POST /json/2/purchase.order/read HTTP/1.1" 200 - 4 0.002 0.007
2026-10-08 07:10:02,743 54 INFO bench werkzeug: 127.0.0.1 - - [08/Oct/2026 07:10:02] "POST /json/2/purchase.order.line/search HTTP/1.1" 200 - 3 0.002 0.006
2026-10-08 07:10:02,771 54 INFO bench werkzeug: 127.0.0.1 - - [08/Oct/2026 07:10:02] "POST /json/2/purchase.order.line/read HTTP/1.1" 200 - 6 0.003 0.007
2026-10-08 07:10:02,794 54 INFO bench werkzeug: 127.0.0.1 - - [08/Oct/2026 07:10:02] "POST /json/2/mrp.production/search HTTP/1.1" 200 - 3 0.001 0.006
2026-10-08 07:10:03,054 54 INFO bench werkzeug: 127.0.0.1 - - [08/Oct/2026 07:10:03] "GET /doc-bearer/mrp.production.json HTTP/1.1" 200 - 6 0.003 0.243
2026-10-08 07:10:03,081 54 INFO bench werkzeug: 127.0.0.1 - - [08/Oct/2026 07:10:03] "POST /json/2/mrp.production/read HTTP/1.1" 200 - 3 0.002 0.006
2026-10-08 07:10:03,105 54 INFO bench werkzeug: 127.0.0.1 - - [08/Oct/2026 07:10:03] "POST /json/2/mrp.workorder/search HTTP/1.1" 200 - 3 0.002 0.006
2026-10-08 07:10:03,268 54 INFO bench werkzeug: 127.0.0.1 - - [08/Oct/2026 07:10:03] "GET /doc-bearer/mrp.workorder.json HTTP/1.1" 200 - 5 0.003 0.143
2026-10-08 07:10:03,295 54 INFO bench werkzeug: 127.0.0.1 - - [08/Oct/2026 07:10:03] "POST /json/2/mrp.workorder/read HTTP/1.1" 200 - 4 0.002 0.007
2026-10-08 07:10:03,320 54 INFO bench werkzeug: 127.0.0.1 - - [08/Oct/2026 07:10:03] "POST /json/2/mrp.production/read HTTP/1.1" 200 - 3 0.002 0.006
2026-10-08 07:10:03,345 54 INFO bench werkzeug: 127.0.0.1 - - [08/Oct/2026 07:10:03] "POST /json/2/mrp.workorder/search HTTP/1.1" 200 - 3 0.002 0.006
2026-10-08 07:10:03,495 54 INFO bench werkzeug: 127.0.0.1 - - [08/Oct/2026 07:10:03] "GET /doc-bearer/mrp.workorder.json HTTP/1.1" 200 - 5 0.003 0.130
2026-10-08 07:10:03,524 54 INFO bench werkzeug: 127.0.0.1 - - [08/Oct/2026 07:10:03] "POST /json/2/mrp.workorder/read HTTP/1.1" 200 - 4 0.002 0.007
2026-10-08 07:10:03,546 54 INFO bench werkzeug: 127.0.0.1 - - [08/Oct/2026 07:10:03] "POST /json/2/mrp.production/read HTTP/1.1" 200 - 3 0.001 0.005
2026-10-08 07:10:03,570 54 INFO bench werkzeug: 127.0.0.1 - - [08/Oct/2026 07:10:03] "POST /json/2/mrp.workorder/search HTTP/1.1" 200 - 3 0.002 0.005
2026-10-08 07:10:03,722 54 INFO bench werkzeug: 127.0.0.1 - - [08/Oct/2026 07:10:03] "GET /doc-bearer/mrp.workorder.json HTTP/1.1" 200 - 5 0.003 0.132
2026-10-08 07:10:03,747 54 INFO bench werkzeug: 127.0.0.1 - - [08/Oct/2026 07:10:03] "POST /json/2/mrp.workorder/read HTTP/1.1" 200 - 4 0.002 0.006
2026-10-08 07:10:03,771 54 INFO bench werkzeug: 127.0.0.1 - - [08/Oct/2026 07:10:03] "POST /json/2/mrp.production/read HTTP/1.1" 200 - 3 0.002 0.006
2026-10-08 07:10:03,794 54 INFO bench werkzeug: 127.0.0.1 - - [08/Oct/2026 07:10:03] "POST /json/2/mrp.workorder/search HTTP/1.1" 200 - 3 0.002 0.006
2026-10-08 07:10:03,940 54 INFO bench werkzeug: 127.0.0.1 - - [08/Oct/2026 07:10:03] "GET /doc-bearer/mrp.workorder.json HTTP/1.1" 200 - 5 0.003 0.126
2026-10-08 07:10:03,970 54 INFO bench werkzeug: 127.0.0.1 - - [08/Oct/2026 07:10:03] "POST /json/2/mrp.workorder/read HTTP/1.1" 200 - 4 0.002 0.006
2026-10-08 07:10:03,994 54 INFO bench werkzeug: 127.0.0.1 - - [08/Oct/2026 07:10:03] "POST /json/2/mrp.production/read HTTP/1.1" 200 - 3 0.002 0.006
2026-10-08 07:10:04,018 54 INFO bench werkzeug: 127.0.0.1 - - [08/Oct/2026 07:10:04] "POST /json/2/mrp.workorder/search HTTP/1.1" 200 - 3 0.002 0.006
2026-10-08 07:10:04,230 54 INFO bench werkzeug: 127.0.0.1 - - [08/Oct/2026 07:10:04] "GET /doc-bearer/mrp.workorder.json HTTP/1.1" 200 - 5 0.003 0.193
2026-10-08 07:10:04,255 54 INFO bench werkzeug: 127.0.0.1 - - [08/Oct/2026 07:10:04] "POST /json/2/mrp.workorder/read HTTP/1.1" 200 - 4 0.002 0.007
2026-10-08 07:10:04,279 54 INFO bench werkzeug: 127.0.0.1 - - [08/Oct/2026 07:10:04] "POST /json/2/mrp.production/search HTTP/1.1" 200 - 3 0.002 0.006
2026-10-08 07:10:04,481 54 INFO bench werkzeug: 127.0.0.1 - - [08/Oct/2026 07:10:04] "GET /doc-bearer/mrp.production.json HTTP/1.1" 200 - 6 0.003 0.182
2026-10-08 07:10:04,510 54 INFO bench werkzeug: 127.0.0.1 - - [08/Oct/2026 07:10:04] "POST /json/2/mrp.production/read HTTP/1.1" 200 - 3 0.002 0.006
2026-10-08 07:10:04,534 54 INFO bench werkzeug: 127.0.0.1 - - [08/Oct/2026 07:10:04] "POST /json/2/mrp.workorder/search HTTP/1.1" 200 - 3 0.001 0.006
2026-10-08 07:10:04,678 54 INFO bench werkzeug: 127.0.0.1 - - [08/Oct/2026 07:10:04] "GET /doc-bearer/mrp.workorder.json HTTP/1.1" 200 - 5 0.003 0.126
2026-10-08 07:10:04,703 54 INFO bench werkzeug: 127.0.0.1 - - [08/Oct/2026 07:10:04] "POST /json/2/mrp.workorder/read HTTP/1.1" 200 - 4 0.002 0.006
2026-10-08 07:10:04,726 54 INFO bench werkzeug: 127.0.0.1 - - [08/Oct/2026 07:10:04] "POST /json/2/mrp.production/read HTTP/1.1" 200 - 3 0.002 0.006
2026-10-08 07:10:04,751 54 INFO bench werkzeug: 127.0.0.1 - - [08/Oct/2026 07:10:04] "POST /json/2/mrp.workorder/search HTTP/1.1" 200 - 3 0.002 0.006
2026-10-08 07:10:04,896 54 INFO bench werkzeug: 127.0.0.1 - - [08/Oct/2026 07:10:04] "GET /doc-bearer/mrp.workorder.json HTTP/1.1" 200 - 5 0.003 0.128
2026-10-08 07:10:04,927 54 INFO bench werkzeug: 127.0.0.1 - - [08/Oct/2026 07:10:04] "POST /json/2/mrp.workorder/read HTTP/1.1" 200 - 4 0.002 0.006
2026-10-08 07:10:04,952 54 INFO bench werkzeug: 127.0.0.1 - - [08/Oct/2026 07:10:04] "POST /json/2/mrp.production/read HTTP/1.1" 200 - 3 0.002 0.006
2026-10-08 07:10:04,976 54 INFO bench werkzeug: 127.0.0.1 - - [08/Oct/2026 07:10:04] "POST /json/2/mrp.workorder/search HTTP/1.1" 200 - 3 0.002 0.006
2026-10-08 07:10:05,124 54 INFO bench werkzeug: 127.0.0.1 - - [08/Oct/2026 07:10:05] "GET /doc-bearer/mrp.workorder.json HTTP/1.1" 200 - 5 0.003 0.129
2026-10-08 07:10:05,149 54 INFO bench werkzeug: 127.0.0.1 - - [08/Oct/2026 07:10:05] "POST /json/2/mrp.workorder/read HTTP/1.1" 200 - 4 0.002 0.007
2026-10-08 07:10:05,174 54 INFO bench werkzeug: 127.0.0.1 - - [08/Oct/2026 07:10:05] "POST /json/2/mrp.production/read HTTP/1.1" 200 - 3 0.002 0.006
2026-10-08 07:10:05,199 54 INFO bench werkzeug: 127.0.0.1 - - [08/Oct/2026 07:10:05] "POST /json/2/mrp.workorder/search HTTP/1.1" 200 - 3 0.002 0.006
2026-10-08 07:10:05,382 54 INFO bench werkzeug: 127.0.0.1 - - [08/Oct/2026 07:10:05] "GET /doc-bearer/mrp.workorder.json HTTP/1.1" 200 - 5 0.003 0.164
2026-10-08 07:10:05,417 54 INFO bench werkzeug: 127.0.0.1 - - [08/Oct/2026 07:10:05] "POST /json/2/mrp.workorder/read HTTP/1.1" 200 - 4 0.002 0.006
2026-10-08 07:10:05,442 54 INFO bench werkzeug: 127.0.0.1 - - [08/Oct/2026 07:10:05] "POST /json/2/mrp.production/read HTTP/1.1" 200 - 3 0.002 0.006
2026-10-08 07:10:05,468 54 INFO bench werkzeug: 127.0.0.1 - - [08/Oct/2026 07:10:05] "POST /json/2/mrp.workorder/search HTTP/1.1" 200 - 3 0.002 0.007
2026-10-08 07:10:05,625 54 INFO bench werkzeug: 127.0.0.1 - - [08/Oct/2026 07:10:05] "GET /doc-bearer/mrp.workorder.json HTTP/1.1" 200 - 5 0.003 0.136
2026-10-08 07:10:05,652 54 INFO bench werkzeug: 127.0.0.1 - - [08/Oct/2026 07:10:05] "POST /json/2/mrp.workorder/read HTTP/1.1" 200 - 4 0.002 0.007
2026-10-08 07:10:05,675 54 INFO bench werkzeug: 127.0.0.1 - - [08/Oct/2026 07:10:05] "POST /json/2/mrp.production/search HTTP/1.1" 200 - 3 0.002 0.006
2026-10-08 07:10:05,698 54 INFO bench werkzeug: 127.0.0.1 - - [08/Oct/2026 07:10:05] "POST /json/2/mrp.production/search HTTP/1.1" 200 - 3 0.002 0.006
2026-10-08 07:10:05,720 54 INFO bench werkzeug: 127.0.0.1 - - [08/Oct/2026 07:10:05] "POST /json/2/mrp.production/search HTTP/1.1" 200 - 3 0.001 0.005
2026-10-08 07:10:05,741 54 INFO bench werkzeug: 127.0.0.1 - - [08/Oct/2026 07:10:05] "POST /json/2/mrp.production/search HTTP/1.1" 200 - 3 0.001 0.005
2026-10-08 07:10:05,763 54 INFO bench werkzeug: 127.0.0.1 - - [08/Oct/2026 07:10:05] "POST /json/2/mrp.production/search HTTP/1.1" 200 - 3 0.001 0.005
2026-10-08 07:10:05,784 54 INFO bench werkzeug: 127.0.0.1 - - [08/Oct/2026 07:10:05] "POST /json/2/mrp.production/search HTTP/1.1" 200 - 3 0.001 0.005
2026-10-08 07:10:05,807 54 INFO bench werkzeug: 127.0.0.1 - - [08/Oct/2026 07:10:05] "POST /json/2/mrp.production/search HTTP/1.1" 200 - 3 0.002 0.006
2026-10-08 07:10:05,829 54 INFO bench werkzeug: 127.0.0.1 - - [08/Oct/2026 07:10:05] "POST /json/2/mrp.production/search HTTP/1.1" 200 - 3 0.002 0.006
2026-10-08 07:10:05,859 54 INFO bench werkzeug: 127.0.0.1 - - [08/Oct/2026 07:10:05] "POST /json/2/mrp.production/search HTTP/1.1" 200 - 3 0.002 0.006
2026-10-08 07:10:05,882 54 INFO bench werkzeug: 127.0.0.1 - - [08/Oct/2026 07:10:05] "POST /json/2/mrp.production/search HTTP/1.1" 200 - 3 0.002 0.006
2026-10-08 07:10:05,908 54 INFO bench werkzeug: 127.0.0.1 - - [08/Oct/2026 07:10:05] "POST /json/2/purchase.order/search HTTP/1.1" 200 - 3 0.001 0.006
2026-10-08 07:10:06,123 54 INFO bench werkzeug: 127.0.0.1 - - [08/Oct/2026 07:10:06] "GET /doc-bearer/purchase.order.json HTTP/1.1" 200 - 5 0.003 0.197
2026-10-08 07:10:06,155 54 INFO bench werkzeug: 127.0.0.1 - - [08/Oct/2026 07:10:06] "POST /json/2/purchase.order/read HTTP/1.1" 200 - 4 0.003 0.008
2026-10-08 07:10:06,178 54 INFO bench werkzeug: 127.0.0.1 - - [08/Oct/2026 07:10:06] "POST /json/2/purchase.order.line/search HTTP/1.1" 200 - 3 0.002 0.006
2026-10-08 07:10:06,325 54 INFO bench werkzeug: 127.0.0.1 - - [08/Oct/2026 07:10:06] "GET /doc-bearer/purchase.order.line.json HTTP/1.1" 200 - 6 0.004 0.126
2026-10-08 07:10:06,354 54 INFO bench werkzeug: 127.0.0.1 - - [08/Oct/2026 07:10:06] "POST /json/2/purchase.order.line/read HTTP/1.1" 200 - 6 0.003 0.008
2026-10-08 07:10:06,378 54 INFO bench werkzeug: 127.0.0.1 - - [08/Oct/2026 07:10:06] "POST /json/2/purchase.order/read HTTP/1.1" 200 - 4 0.002 0.006
2026-10-08 07:10:06,402 54 INFO bench werkzeug: 127.0.0.1 - - [08/Oct/2026 07:10:06] "POST /json/2/purchase.order.line/search HTTP/1.1" 200 - 3 0.002 0.006
2026-10-08 07:10:06,429 54 INFO bench werkzeug: 127.0.0.1 - - [08/Oct/2026 07:10:06] "POST /json/2/purchase.order.line/read HTTP/1.1" 200 - 6 0.003 0.007
2026-10-08 07:10:06,452 54 INFO bench werkzeug: 127.0.0.1 - - [08/Oct/2026 07:10:06] "POST /json/2/purchase.order/read HTTP/1.1" 200 - 4 0.002 0.006
2026-10-08 07:10:06,476 54 INFO bench werkzeug: 127.0.0.1 - - [08/Oct/2026 07:10:06] "POST /json/2/purchase.order.line/search HTTP/1.1" 200 - 3 0.002 0.006
2026-10-08 07:10:06,503 54 INFO bench werkzeug: 127.0.0.1 - - [08/Oct/2026 07:10:06] "POST /json/2/purchase.order.line/read HTTP/1.1" 200 - 6 0.003 0.007
2026-10-08 07:10:06,528 54 INFO bench werkzeug: 127.0.0.1 - - [08/Oct/2026 07:10:06] "POST /json/2/purchase.order/read HTTP/1.1" 200 - 4 0.002 0.007
2026-10-08 07:10:06,551 54 INFO bench werkzeug: 127.0.0.1 - - [08/Oct/2026 07:10:06] "POST /json/2/purchase.order.line/search HTTP/1.1" 200 - 3 0.002 0.006
2026-10-08 07:10:06,579 54 INFO bench werkzeug: 127.0.0.1 - - [08/Oct/2026 07:10:06] "POST /json/2/purchase.order.line/read HTTP/1.1" 200 - 6 0.003 0.007
2026-10-08 07:10:06,615 54 INFO bench werkzeug: 127.0.0.1 - - [08/Oct/2026 07:10:06] "POST /json/2/purchase.order/read HTTP/1.1" 200 - 4 0.002 0.007
2026-10-08 07:10:06,640 54 INFO bench werkzeug: 127.0.0.1 - - [08/Oct/2026 07:10:06] "POST /json/2/purchase.order.line/search HTTP/1.1" 200 - 3 0.002 0.006
2026-10-08 07:10:06,667 54 INFO bench werkzeug: 127.0.0.1 - - [08/Oct/2026 07:10:06] "POST /json/2/purchase.order.line/read HTTP/1.1" 200 - 6 0.003 0.008
2026-10-08 07:10:06,691 54 INFO bench werkzeug: 127.0.0.1 - - [08/Oct/2026 07:10:06] "POST /json/2/purchase.order/read HTTP/1.1" 200 - 4 0.002 0.007
2026-10-08 07:10:06,717 54 INFO bench werkzeug: 127.0.0.1 - - [08/Oct/2026 07:10:06] "POST /json/2/purchase.order.line/search HTTP/1.1" 200 - 3 0.002 0.006
2026-10-08 07:10:06,744 54 INFO bench werkzeug: 127.0.0.1 - - [08/Oct/2026 07:10:06] "POST /json/2/purchase.order.line/read HTTP/1.1" 200 - 6 0.003 0.008
2026-10-08 07:10:06,770 54 INFO bench werkzeug: 127.0.0.1 - - [08/Oct/2026 07:10:06] "POST /json/2/purchase.order/read HTTP/1.1" 200 - 4 0.002 0.007
2026-10-08 07:10:06,794 54 INFO bench werkzeug: 127.0.0.1 - - [08/Oct/2026 07:10:06] "POST /json/2/purchase.order.line/search HTTP/1.1" 200 - 3 0.002 0.006
2026-10-08 07:10:06,823 54 INFO bench werkzeug: 127.0.0.1 - - [08/Oct/2026 07:10:06] "POST /json/2/purchase.order.line/read HTTP/1.1" 200 - 6 0.004 0.008
2026-10-08 07:10:06,847 54 INFO bench werkzeug: 127.0.0.1 - - [08/Oct/2026 07:10:06] "POST /json/2/purchase.order/read HTTP/1.1" 200 - 4 0.002 0.007
2026-10-08 07:10:06,873 54 INFO bench werkzeug: 127.0.0.1 - - [08/Oct/2026 07:10:06] "POST /json/2/purchase.order.line/search HTTP/1.1" 200 - 3 0.002 0.007
2026-10-08 07:10:06,900 54 INFO bench werkzeug: 127.0.0.1 - - [08/Oct/2026 07:10:06] "POST /json/2/purchase.order.line/read HTTP/1.1" 200 - 6 0.004 0.008
2026-10-08 07:10:06,926 54 INFO bench werkzeug: 127.0.0.1 - - [08/Oct/2026 07:10:06] "POST /json/2/purchase.order/read HTTP/1.1" 200 - 4 0.002 0.007
2026-10-08 07:10:06,961 54 INFO bench werkzeug: 127.0.0.1 - - [08/Oct/2026 07:10:06] "POST /json/2/purchase.order.line/search HTTP/1.1" 200 - 3 0.002 0.006
2026-10-08 07:10:06,988 54 INFO bench werkzeug: 127.0.0.1 - - [08/Oct/2026 07:10:06] "POST /json/2/purchase.order.line/read HTTP/1.1" 200 - 6 0.003 0.007
2026-10-08 07:10:07,013 54 INFO bench werkzeug: 127.0.0.1 - - [08/Oct/2026 07:10:07] "POST /json/2/purchase.order/read HTTP/1.1" 200 - 4 0.002 0.006
2026-10-08 07:10:07,038 54 INFO bench werkzeug: 127.0.0.1 - - [08/Oct/2026 07:10:07] "POST /json/2/purchase.order.line/search HTTP/1.1" 200 - 3 0.002 0.006
2026-10-08 07:10:07,066 54 INFO bench werkzeug: 127.0.0.1 - - [08/Oct/2026 07:10:07] "POST /json/2/purchase.order.line/read HTTP/1.1" 200 - 6 0.003 0.008
2026-10-08 07:10:07,094 54 INFO bench werkzeug: 127.0.0.1 - - [08/Oct/2026 07:10:07] "POST /json/2/purchase.order/read HTTP/1.1" 200 - 4 0.002 0.007
2026-10-08 07:10:07,119 54 INFO bench werkzeug: 127.0.0.1 - - [08/Oct/2026 07:10:07] "POST /json/2/purchase.order.line/search HTTP/1.1" 200 - 3 0.002 0.006
2026-10-08 07:10:07,146 54 INFO bench werkzeug: 127.0.0.1 - - [08/Oct/2026 07:10:07] "POST /json/2/purchase.order.line/read HTTP/1.1" 200 - 6 0.003 0.007
2026-10-08 07:10:07,171 54 INFO bench werkzeug: 127.0.0.1 - - [08/Oct/2026 07:10:07] "POST /json/2/purchase.order/read HTTP/1.1" 200 - 4 0.002 0.006
2026-10-08 07:10:07,194 54 INFO bench werkzeug: 127.0.0.1 - - [08/Oct/2026 07:10:07] "POST /json/2/purchase.order.line/search HTTP/1.1" 200 - 3 0.002 0.006
2026-10-08 07:10:07,220 54 INFO bench werkzeug: 127.0.0.1 - - [08/Oct/2026 07:10:07] "POST /json/2/purchase.order.line/read HTTP/1.1" 200 - 6 0.003 0.007
2026-10-08 07:10:07,246 54 INFO bench werkzeug: 127.0.0.1 - - [08/Oct/2026 07:10:07] "POST /json/2/purchase.order/read HTTP/1.1" 200 - 4 0.002 0.007
2026-10-08 07:10:07,271 54 INFO bench werkzeug: 127.0.0.1 - - [08/Oct/2026 07:10:07] "POST /json/2/purchase.order.line/search HTTP/1.1" 200 - 3 0.002 0.007
2026-10-08 07:10:07,307 54 INFO bench werkzeug: 127.0.0.1 - - [08/Oct/2026 07:10:07] "POST /json/2/purchase.order.line/read HTTP/1.1" 200 - 6 0.003 0.008
2026-10-08 07:10:07,333 54 INFO bench werkzeug: 127.0.0.1 - - [08/Oct/2026 07:10:07] "POST /json/2/purchase.order/read HTTP/1.1" 200 - 4 0.002 0.007
2026-10-08 07:10:07,357 54 INFO bench werkzeug: 127.0.0.1 - - [08/Oct/2026 07:10:07] "POST /json/2/purchase.order.line/search HTTP/1.1" 200 - 3 0.002 0.006
2026-10-08 07:10:07,386 54 INFO bench werkzeug: 127.0.0.1 - - [08/Oct/2026 07:10:07] "POST /json/2/purchase.order.line/read HTTP/1.1" 200 - 6 0.004 0.008
2026-10-08 07:10:07,413 54 INFO bench werkzeug: 127.0.0.1 - - [08/Oct/2026 07:10:07] "POST /json/2/purchase.order/read HTTP/1.1" 200 - 4 0.003 0.007
2026-10-08 07:10:07,436 54 INFO bench werkzeug: 127.0.0.1 - - [08/Oct/2026 07:10:07] "POST /json/2/purchase.order.line/search HTTP/1.1" 200 - 3 0.002 0.006
2026-10-08 07:10:07,463 54 INFO bench werkzeug: 127.0.0.1 - - [08/Oct/2026 07:10:07] "POST /json/2/purchase.order.line/read HTTP/1.1" 200 - 6 0.003 0.007
2026-10-08 07:10:07,490 54 INFO bench werkzeug: 127.0.0.1 - - [08/Oct/2026 07:10:07] "POST /json/2/purchase.order/read HTTP/1.1" 200 - 4 0.002 0.007
2026-10-08 07:10:07,512 54 INFO bench werkzeug: 127.0.0.1 - - [08/Oct/2026 07:10:07] "POST /json/2/purchase.order.line/search HTTP/1.1" 200 - 3 0.001 0.005
2026-10-08 07:10:07,540 54 INFO bench werkzeug: 127.0.0.1 - - [08/Oct/2026 07:10:07] "POST /json/2/purchase.order.line/read HTTP/1.1" 200 - 6 0.003 0.007
2026-10-08 07:10:07,566 54 INFO bench werkzeug: 127.0.0.1 - - [08/Oct/2026 07:10:07] "POST /json/2/purchase.order/read HTTP/1.1" 200 - 4 0.002 0.007
2026-10-08 07:10:07,590 54 INFO bench werkzeug: 127.0.0.1 - - [08/Oct/2026 07:10:07] "POST /json/2/purchase.order.line/search HTTP/1.1" 200 - 3 0.002 0.006
2026-10-08 07:10:07,617 54 INFO bench werkzeug: 127.0.0.1 - - [08/Oct/2026 07:10:07] "POST /json/2/purchase.order.line/read HTTP/1.1" 200 - 6 0.003 0.007
2026-10-08 07:10:07,650 54 INFO bench werkzeug: 127.0.0.1 - - [08/Oct/2026 07:10:07] "POST /json/2/purchase.order/read HTTP/1.1" 200 - 4 0.002 0.007
2026-10-08 07:10:07,675 54 INFO bench werkzeug: 127.0.0.1 - - [08/Oct/2026 07:10:07] "POST /json/2/purchase.order.line/search HTTP/1.1" 200 - 3 0.001 0.006
2026-10-08 07:10:07,702 54 INFO bench werkzeug: 127.0.0.1 - - [08/Oct/2026 07:10:07] "POST /json/2/purchase.order.line/read HTTP/1.1" 200 - 6 0.003 0.007
2026-10-08 07:10:07,727 54 INFO bench werkzeug: 127.0.0.1 - - [08/Oct/2026 07:10:07] "POST /json/2/purchase.order/read HTTP/1.1" 200 - 4 0.003 0.007
2026-10-08 07:10:07,751 54 INFO bench werkzeug: 127.0.0.1 - - [08/Oct/2026 07:10:07] "POST /json/2/purchase.order.line/search HTTP/1.1" 200 - 3 0.002 0.006
2026-10-08 07:10:07,777 54 INFO bench werkzeug: 127.0.0.1 - - [08/Oct/2026 07:10:07] "POST /json/2/purchase.order.line/read HTTP/1.1" 200 - 6 0.003 0.007
2026-10-08 07:10:07,804 54 INFO bench werkzeug: 127.0.0.1 - - [08/Oct/2026 07:10:07] "POST /json/2/purchase.order/read HTTP/1.1" 200 - 4 0.002 0.007
2026-10-08 07:10:07,829 54 INFO bench werkzeug: 127.0.0.1 - - [08/Oct/2026 07:10:07] "POST /json/2/purchase.order.line/search HTTP/1.1" 200 - 3 0.002 0.007
2026-10-08 07:10:07,856 54 INFO bench werkzeug: 127.0.0.1 - - [08/Oct/2026 07:10:07] "POST /json/2/purchase.order.line/read HTTP/1.1" 200 - 6 0.003 0.008
2026-10-08 07:10:07,881 54 INFO bench werkzeug: 127.0.0.1 - - [08/Oct/2026 07:10:07] "POST /json/2/purchase.order/read HTTP/1.1" 200 - 4 0.002 0.007
2026-10-08 07:10:07,905 54 INFO bench werkzeug: 127.0.0.1 - - [08/Oct/2026 07:10:07] "POST /json/2/purchase.order.line/search HTTP/1.1" 200 - 3 0.002 0.006
2026-10-08 07:10:07,930 54 INFO bench werkzeug: 127.0.0.1 - - [08/Oct/2026 07:10:07] "POST /json/2/purchase.order.line/read HTTP/1.1" 200 - 6 0.003 0.007
2026-10-08 07:10:07,954 54 INFO bench werkzeug: 127.0.0.1 - - [08/Oct/2026 07:10:07] "POST /json/2/purchase.order/read HTTP/1.1" 200 - 4 0.002 0.006
2026-10-08 07:10:07,987 54 INFO bench werkzeug: 127.0.0.1 - - [08/Oct/2026 07:10:07] "POST /json/2/purchase.order.line/search HTTP/1.1" 200 - 3 0.002 0.006
2026-10-08 07:10:08,015 54 INFO bench werkzeug: 127.0.0.1 - - [08/Oct/2026 07:10:08] "POST /json/2/purchase.order.line/read HTTP/1.1" 200 - 6 0.003 0.008
2026-10-08 07:10:08,041 54 INFO bench werkzeug: 127.0.0.1 - - [08/Oct/2026 07:10:08] "POST /json/2/purchase.order/search HTTP/1.1" 200 - 3 0.002 0.005
2026-10-08 07:10:08,324 54 INFO bench werkzeug: 127.0.0.1 - - [08/Oct/2026 07:10:08] "GET /doc-bearer/purchase.order.json HTTP/1.1" 200 - 5 0.003 0.263
2026-10-08 07:10:08,353 54 INFO bench werkzeug: 127.0.0.1 - - [08/Oct/2026 07:10:08] "POST /json/2/purchase.order/read HTTP/1.1" 200 - 4 0.002 0.006
2026-10-08 07:10:08,378 54 INFO bench werkzeug: 127.0.0.1 - - [08/Oct/2026 07:10:08] "POST /json/2/purchase.order.line/search HTTP/1.1" 200 - 3 0.002 0.006
2026-10-08 07:10:08,521 54 INFO bench werkzeug: 127.0.0.1 - - [08/Oct/2026 07:10:08] "GET /doc-bearer/purchase.order.line.json HTTP/1.1" 200 - 6 0.003 0.124
2026-10-08 07:10:08,548 54 INFO bench werkzeug: 127.0.0.1 - - [08/Oct/2026 07:10:08] "POST /json/2/purchase.order.line/read HTTP/1.1" 200 - 6 0.003 0.007
2026-10-08 07:10:08,574 54 INFO bench werkzeug: 127.0.0.1 - - [08/Oct/2026 07:10:08] "POST /json/2/purchase.order/read HTTP/1.1" 200 - 4 0.002 0.007
2026-10-08 07:10:08,596 54 INFO bench werkzeug: 127.0.0.1 - - [08/Oct/2026 07:10:08] "POST /json/2/purchase.order.line/search HTTP/1.1" 200 - 3 0.002 0.005
2026-10-08 07:10:08,623 54 INFO bench werkzeug: 127.0.0.1 - - [08/Oct/2026 07:10:08] "POST /json/2/purchase.order.line/read HTTP/1.1" 200 - 6 0.003 0.007
2026-10-08 07:10:08,647 54 INFO bench werkzeug: 127.0.0.1 - - [08/Oct/2026 07:10:08] "POST /json/2/purchase.order/read HTTP/1.1" 200 - 4 0.002 0.007
2026-10-08 07:10:08,671 54 INFO bench werkzeug: 127.0.0.1 - - [08/Oct/2026 07:10:08] "POST /json/2/purchase.order.line/search HTTP/1.1" 200 - 3 0.001 0.006
2026-10-08 07:10:08,698 54 INFO bench werkzeug: 127.0.0.1 - - [08/Oct/2026 07:10:08] "POST /json/2/purchase.order.line/read HTTP/1.1" 200 - 6 0.003 0.008
2026-10-08 07:10:08,723 54 INFO bench werkzeug: 127.0.0.1 - - [08/Oct/2026 07:10:08] "POST /json/2/purchase.order/read HTTP/1.1" 200 - 4 0.002 0.007
2026-10-08 07:10:08,748 54 INFO bench werkzeug: 127.0.0.1 - - [08/Oct/2026 07:10:08] "POST /json/2/purchase.order.line/search HTTP/1.1" 200 - 3 0.002 0.006
2026-10-08 07:10:08,776 54 INFO bench werkzeug: 127.0.0.1 - - [08/Oct/2026 07:10:08] "POST /json/2/purchase.order.line/read HTTP/1.1" 200 - 6 0.004 0.008
2026-10-08 07:10:08,809 54 INFO bench werkzeug: 127.0.0.1 - - [08/Oct/2026 07:10:08] "POST /json/2/purchase.order/read HTTP/1.1" 200 - 4 0.002 0.006
2026-10-08 07:10:08,832 54 INFO bench werkzeug: 127.0.0.1 - - [08/Oct/2026 07:10:08] "POST /json/2/purchase.order.line/search HTTP/1.1" 200 - 3 0.002 0.006
2026-10-08 07:10:08,861 54 INFO bench werkzeug: 127.0.0.1 - - [08/Oct/2026 07:10:08] "POST /json/2/purchase.order.line/read HTTP/1.1" 200 - 6 0.003 0.007
2026-10-08 07:10:08,887 54 INFO bench werkzeug: 127.0.0.1 - - [08/Oct/2026 07:10:08] "POST /json/2/purchase.order/read HTTP/1.1" 200 - 4 0.002 0.006
2026-10-08 07:10:08,910 54 INFO bench werkzeug: 127.0.0.1 - - [08/Oct/2026 07:10:08] "POST /json/2/purchase.order.line/search HTTP/1.1" 200 - 3 0.002 0.006
2026-10-08 07:10:08,938 54 INFO bench werkzeug: 127.0.0.1 - - [08/Oct/2026 07:10:08] "POST /json/2/purchase.order.line/read HTTP/1.1" 200 - 6 0.003 0.007
2026-10-08 07:10:08,963 54 INFO bench werkzeug: 127.0.0.1 - - [08/Oct/2026 07:10:08] "POST /json/2/purchase.order/read HTTP/1.1" 200 - 4 0.002 0.006
2026-10-08 07:10:08,987 54 INFO bench werkzeug: 127.0.0.1 - - [08/Oct/2026 07:10:08] "POST /json/2/purchase.order.line/search HTTP/1.1" 200 - 3 0.002 0.006
2026-10-08 07:10:09,015 54 INFO bench werkzeug: 127.0.0.1 - - [08/Oct/2026 07:10:09] "POST /json/2/purchase.order.line/read HTTP/1.1" 200 - 6 0.003 0.008
2026-10-08 07:10:09,040 54 INFO bench werkzeug: 127.0.0.1 - - [08/Oct/2026 07:10:09] "POST /json/2/purchase.order/read HTTP/1.1" 200 - 4 0.002 0.006
2026-10-08 07:10:09,066 54 INFO bench werkzeug: 127.0.0.1 - - [08/Oct/2026 07:10:09] "POST /json/2/purchase.order.line/search HTTP/1.1" 200 - 3 0.002 0.006
2026-10-08 07:10:09,094 54 INFO bench werkzeug: 127.0.0.1 - - [08/Oct/2026 07:10:09] "POST /json/2/purchase.order.line/read HTTP/1.1" 200 - 6 0.004 0.008
2026-10-08 07:10:09,118 54 INFO bench werkzeug: 127.0.0.1 - - [08/Oct/2026 07:10:09] "POST /json/2/purchase.order/read HTTP/1.1" 200 - 4 0.003 0.007
2026-10-08 07:10:09,151 54 INFO bench werkzeug: 127.0.0.1 - - [08/Oct/2026 07:10:09] "POST /json/2/purchase.order.line/search HTTP/1.1" 200 - 3 0.002 0.006
2026-10-08 07:10:09,177 54 INFO bench werkzeug: 127.0.0.1 - - [08/Oct/2026 07:10:09] "POST /json/2/purchase.order.line/read HTTP/1.1" 200 - 6 0.003 0.007
2026-10-08 07:10:09,202 54 INFO bench werkzeug: 127.0.0.1 - - [08/Oct/2026 07:10:09] "POST /json/2/purchase.order/read HTTP/1.1" 200 - 4 0.002 0.006
2026-10-08 07:10:09,226 54 INFO bench werkzeug: 127.0.0.1 - - [08/Oct/2026 07:10:09] "POST /json/2/purchase.order.line/search HTTP/1.1" 200 - 3 0.001 0.005
2026-10-08 07:10:09,253 54 INFO bench werkzeug: 127.0.0.1 - - [08/Oct/2026 07:10:09] "POST /json/2/purchase.order.line/read HTTP/1.1" 200 - 6 0.003 0.007
2026-10-08 07:10:09,277 54 INFO bench werkzeug: 127.0.0.1 - - [08/Oct/2026 07:10:09] "POST /json/2/purchase.order/read HTTP/1.1" 200 - 4 0.002 0.006
2026-10-08 07:10:09,301 54 INFO bench werkzeug: 127.0.0.1 - - [08/Oct/2026 07:10:09] "POST /json/2/purchase.order.line/search HTTP/1.1" 200 - 3 0.002 0.005
2026-10-08 07:10:09,329 54 INFO bench werkzeug: 127.0.0.1 - - [08/Oct/2026 07:10:09] "POST /json/2/purchase.order.line/read HTTP/1.1" 200 - 6 0.003 0.008
2026-10-08 07:10:09,358 54 INFO bench werkzeug: 127.0.0.1 - - [08/Oct/2026 07:10:09] "POST /json/2/purchase.order/read HTTP/1.1" 200 - 4 0.002 0.007
2026-10-08 07:10:09,384 54 INFO bench werkzeug: 127.0.0.1 - - [08/Oct/2026 07:10:09] "POST /json/2/purchase.order.line/search HTTP/1.1" 200 - 3 0.002 0.006
2026-10-08 07:10:09,412 54 INFO bench werkzeug: 127.0.0.1 - - [08/Oct/2026 07:10:09] "POST /json/2/purchase.order.line/read HTTP/1.1" 200 - 6 0.004 0.008
2026-10-08 07:10:09,438 54 INFO bench werkzeug: 127.0.0.1 - - [08/Oct/2026 07:10:09] "POST /json/2/purchase.order/read HTTP/1.1" 200 - 4 0.002 0.006
2026-10-08 07:10:09,469 54 INFO bench werkzeug: 127.0.0.1 - - [08/Oct/2026 07:10:09] "POST /json/2/purchase.order.line/search HTTP/1.1" 200 - 3 0.002 0.006
2026-10-08 07:10:09,498 54 INFO bench werkzeug: 127.0.0.1 - - [08/Oct/2026 07:10:09] "POST /json/2/purchase.order.line/read HTTP/1.1" 200 - 6 0.003 0.008
2026-10-08 07:10:09,524 54 INFO bench werkzeug: 127.0.0.1 - - [08/Oct/2026 07:10:09] "POST /json/2/purchase.order/read HTTP/1.1" 200 - 4 0.002 0.007
2026-10-08 07:10:09,546 54 INFO bench werkzeug: 127.0.0.1 - - [08/Oct/2026 07:10:09] "POST /json/2/purchase.order.line/search HTTP/1.1" 200 - 3 0.002 0.006
2026-10-08 07:10:09,572 54 INFO bench werkzeug: 127.0.0.1 - - [08/Oct/2026 07:10:09] "POST /json/2/purchase.order.line/read HTTP/1.1" 200 - 6 0.003 0.008
2026-10-08 07:10:09,596 54 INFO bench werkzeug: 127.0.0.1 - - [08/Oct/2026 07:10:09] "POST /json/2/purchase.order/read HTTP/1.1" 200 - 4 0.002 0.007
2026-10-08 07:10:09,620 54 INFO bench werkzeug: 127.0.0.1 - - [08/Oct/2026 07:10:09] "POST /json/2/purchase.order.line/search HTTP/1.1" 200 - 3 0.002 0.006
2026-10-08 07:10:09,645 54 INFO bench werkzeug: 127.0.0.1 - - [08/Oct/2026 07:10:09] "POST /json/2/purchase.order.line/read HTTP/1.1" 200 - 6 0.003 0.007
2026-10-08 07:10:09,669 54 INFO bench werkzeug: 127.0.0.1 - - [08/Oct/2026 07:10:09] "POST /json/2/purchase.order/read HTTP/1.1" 200 - 4 0.002 0.007
2026-10-08 07:10:09,690 54 INFO bench werkzeug: 127.0.0.1 - - [08/Oct/2026 07:10:09] "POST /json/2/purchase.order.line/search HTTP/1.1" 200 - 3 0.001 0.005
2026-10-08 07:10:09,716 54 INFO bench werkzeug: 127.0.0.1 - - [08/Oct/2026 07:10:09] "POST /json/2/purchase.order.line/read HTTP/1.1" 200 - 6 0.003 0.007
2026-10-08 07:10:09,741 54 INFO bench werkzeug: 127.0.0.1 - - [08/Oct/2026 07:10:09] "POST /json/2/purchase.order/read HTTP/1.1" 200 - 4 0.002 0.007
2026-10-08 07:10:09,764 54 INFO bench werkzeug: 127.0.0.1 - - [08/Oct/2026 07:10:09] "POST /json/2/purchase.order.line/search HTTP/1.1" 200 - 3 0.001 0.005
2026-10-08 07:10:09,802 54 INFO bench werkzeug: 127.0.0.1 - - [08/Oct/2026 07:10:09] "POST /json/2/purchase.order.line/read HTTP/1.1" 200 - 6 0.003 0.007
2026-10-08 07:10:09,826 54 INFO bench werkzeug: 127.0.0.1 - - [08/Oct/2026 07:10:09] "POST /json/2/purchase.order/read HTTP/1.1" 200 - 4 0.002 0.006
2026-10-08 07:10:09,850 54 INFO bench werkzeug: 127.0.0.1 - - [08/Oct/2026 07:10:09] "POST /json/2/purchase.order.line/search HTTP/1.1" 200 - 3 0.002 0.006
2026-10-08 07:10:09,877 54 INFO bench werkzeug: 127.0.0.1 - - [08/Oct/2026 07:10:09] "POST /json/2/purchase.order.line/read HTTP/1.1" 200 - 6 0.003 0.008
2026-10-08 07:10:09,902 54 INFO bench werkzeug: 127.0.0.1 - - [08/Oct/2026 07:10:09] "POST /json/2/purchase.order/read HTTP/1.1" 200 - 4 0.002 0.007
2026-10-08 07:10:09,926 54 INFO bench werkzeug: 127.0.0.1 - - [08/Oct/2026 07:10:09] "POST /json/2/purchase.order.line/search HTTP/1.1" 200 - 3 0.001 0.006
2026-10-08 07:10:09,953 54 INFO bench werkzeug: 127.0.0.1 - - [08/Oct/2026 07:10:09] "POST /json/2/purchase.order.line/read HTTP/1.1" 200 - 6 0.003 0.007
2026-10-08 07:10:09,977 54 INFO bench werkzeug: 127.0.0.1 - - [08/Oct/2026 07:10:09] "POST /json/2/purchase.order/read HTTP/1.1" 200 - 4 0.002 0.006
2026-10-08 07:10:10,001 54 INFO bench werkzeug: 127.0.0.1 - - [08/Oct/2026 07:10:10] "POST /json/2/purchase.order.line/search HTTP/1.1" 200 - 3 0.002 0.006
2026-10-08 07:10:10,028 54 INFO bench werkzeug: 127.0.0.1 - - [08/Oct/2026 07:10:10] "POST /json/2/purchase.order.line/read HTTP/1.1" 200 - 6 0.003 0.008
2026-10-08 07:10:10,056 54 INFO bench werkzeug: 127.0.0.1 - - [08/Oct/2026 07:10:10] "POST /json/2/purchase.order/read HTTP/1.1" 200 - 4 0.002 0.007
2026-10-08 07:10:10,079 54 INFO bench werkzeug: 127.0.0.1 - - [08/Oct/2026 07:10:10] "POST /json/2/purchase.order.line/search HTTP/1.1" 200 - 3 0.002 0.006
2026-10-08 07:10:10,106 54 INFO bench werkzeug: 127.0.0.1 - - [08/Oct/2026 07:10:10] "POST /json/2/purchase.order.line/read HTTP/1.1" 200 - 6 0.003 0.007
2026-10-08 07:10:10,132 54 INFO bench werkzeug: 127.0.0.1 - - [08/Oct/2026 07:10:10] "POST /json/2/purchase.order/read HTTP/1.1" 200 - 4 0.003 0.007
2026-10-08 07:10:10,167 54 INFO bench werkzeug: 127.0.0.1 - - [08/Oct/2026 07:10:10] "POST /json/2/purchase.order.line/search HTTP/1.1" 200 - 3 0.002 0.007
2026-10-08 07:10:10,196 54 INFO bench werkzeug: 127.0.0.1 - - [08/Oct/2026 07:10:10] "POST /json/2/purchase.order.line/read HTTP/1.1" 200 - 6 0.003 0.008
2026-10-08 07:10:10,222 54 INFO bench werkzeug: 127.0.0.1 - - [08/Oct/2026 07:10:10] "POST /json/2/mrp.production/search HTTP/1.1" 200 - 3 0.002 0.006
2026-10-08 07:10:10,452 54 INFO bench werkzeug: 127.0.0.1 - - [08/Oct/2026 07:10:10] "GET /doc-bearer/mrp.production.json HTTP/1.1" 200 - 6 0.003 0.209
2026-10-08 07:10:10,482 54 INFO bench werkzeug: 127.0.0.1 - - [08/Oct/2026 07:10:10] "POST /json/2/mrp.production/read HTTP/1.1" 200 - 3 0.002 0.007
2026-10-08 07:10:10,508 54 INFO bench werkzeug: 127.0.0.1 - - [08/Oct/2026 07:10:10] "POST /json/2/mrp.workorder/search HTTP/1.1" 200 - 3 0.002 0.006
2026-10-08 07:10:10,730 54 INFO bench werkzeug: 127.0.0.1 - - [08/Oct/2026 07:10:10] "GET /doc-bearer/mrp.workorder.json HTTP/1.1" 200 - 5 0.003 0.202
2026-10-08 07:10:10,760 54 INFO bench werkzeug: 127.0.0.1 - - [08/Oct/2026 07:10:10] "POST /json/2/mrp.workorder/read HTTP/1.1" 200 - 4 0.002 0.008
2026-10-08 07:10:10,786 54 INFO bench werkzeug: 127.0.0.1 - - [08/Oct/2026 07:10:10] "POST /json/2/mrp.production/read HTTP/1.1" 200 - 3 0.002 0.006
2026-10-08 07:10:10,814 54 INFO bench werkzeug: 127.0.0.1 - - [08/Oct/2026 07:10:10] "POST /json/2/mrp.workorder/search HTTP/1.1" 200 - 3 0.002 0.006
2026-10-08 07:10:10,961 54 INFO bench werkzeug: 127.0.0.1 - - [08/Oct/2026 07:10:10] "GET /doc-bearer/mrp.workorder.json HTTP/1.1" 200 - 5 0.003 0.126
2026-10-08 07:10:10,990 54 INFO bench werkzeug: 127.0.0.1 - - [08/Oct/2026 07:10:10] "POST /json/2/mrp.workorder/read HTTP/1.1" 200 - 4 0.002 0.006
2026-10-08 07:10:11,012 54 INFO bench werkzeug: 127.0.0.1 - - [08/Oct/2026 07:10:11] "POST /json/2/mrp.production/read HTTP/1.1" 200 - 3 0.002 0.005
2026-10-08 07:10:11,037 54 INFO bench werkzeug: 127.0.0.1 - - [08/Oct/2026 07:10:11] "POST /json/2/mrp.workorder/search HTTP/1.1" 200 - 3 0.001 0.006
2026-10-08 07:10:11,179 54 INFO bench werkzeug: 127.0.0.1 - - [08/Oct/2026 07:10:11] "GET /doc-bearer/mrp.workorder.json HTTP/1.1" 200 - 5 0.003 0.123
2026-10-08 07:10:11,203 54 INFO bench werkzeug: 127.0.0.1 - - [08/Oct/2026 07:10:11] "POST /json/2/mrp.workorder/read HTTP/1.1" 200 - 4 0.002 0.006
2026-10-08 07:10:11,226 54 INFO bench werkzeug: 127.0.0.1 - - [08/Oct/2026 07:10:11] "POST /json/2/mrp.production/read HTTP/1.1" 200 - 3 0.001 0.005
2026-10-08 07:10:11,251 54 INFO bench werkzeug: 127.0.0.1 - - [08/Oct/2026 07:10:11] "POST /json/2/mrp.workorder/search HTTP/1.1" 200 - 3 0.001 0.006
2026-10-08 07:10:11,398 54 INFO bench werkzeug: 127.0.0.1 - - [08/Oct/2026 07:10:11] "GET /doc-bearer/mrp.workorder.json HTTP/1.1" 200 - 5 0.003 0.128
2026-10-08 07:10:11,428 54 INFO bench werkzeug: 127.0.0.1 - - [08/Oct/2026 07:10:11] "POST /json/2/mrp.workorder/read HTTP/1.1" 200 - 4 0.002 0.007
2026-10-08 07:10:11,454 54 INFO bench werkzeug: 127.0.0.1 - - [08/Oct/2026 07:10:11] "POST /json/2/mrp.production/read HTTP/1.1" 200 - 3 0.002 0.006
2026-10-08 07:10:11,477 54 INFO bench werkzeug: 127.0.0.1 - - [08/Oct/2026 07:10:11] "POST /json/2/mrp.workorder/search HTTP/1.1" 200 - 3 0.001 0.006
2026-10-08 07:10:11,629 54 INFO bench werkzeug: 127.0.0.1 - - [08/Oct/2026 07:10:11] "GET /doc-bearer/mrp.workorder.json HTTP/1.1" 200 - 5 0.002 0.134
2026-10-08 07:10:11,654 54 INFO bench werkzeug: 127.0.0.1 - - [08/Oct/2026 07:10:11] "POST /json/2/mrp.workorder/read HTTP/1.1" 200 - 4 0.002 0.006
2026-10-08 07:10:11,679 54 INFO bench werkzeug: 127.0.0.1 - - [08/Oct/2026 07:10:11] "POST /json/2/mrp.production/search HTTP/1.1" 200 - 3 0.002 0.006
2026-10-08 07:10:11,702 54 INFO bench werkzeug: 127.0.0.1 - - [08/Oct/2026 07:10:11] "POST /json/2/mrp.production/search HTTP/1.1" 200 - 3 0.002 0.006
2026-10-08 07:10:11,727 54 INFO bench werkzeug: 127.0.0.1 - - [08/Oct/2026 07:10:11] "POST /json/2/mrp.production/search HTTP/1.1" 200 - 3 0.002 0.006
2026-10-08 07:10:11,751 54 INFO bench werkzeug: 127.0.0.1 - - [08/Oct/2026 07:10:11] "POST /json/2/mrp.production/search HTTP/1.1" 200 - 3 0.002 0.006
2026-10-08 07:10:11,775 54 INFO bench werkzeug: 127.0.0.1 - - [08/Oct/2026 07:10:11] "POST /json/2/mrp.production/search HTTP/1.1" 200 - 3 0.002 0.005
2026-10-08 07:10:11,799 54 INFO bench werkzeug: 127.0.0.1 - - [08/Oct/2026 07:10:11] "POST /json/2/mrp.production/search HTTP/1.1" 200 - 3 0.002 0.006
2026-10-08 07:10:11,823 54 INFO bench werkzeug: 127.0.0.1 - - [08/Oct/2026 07:10:11] "POST /json/2/mrp.production/search HTTP/1.1" 200 - 3 0.002 0.006
2026-10-08 07:10:11,846 54 INFO bench werkzeug: 127.0.0.1 - - [08/Oct/2026 07:10:11] "POST /json/2/mrp.production/search HTTP/1.1" 200 - 3 0.001 0.006
2026-10-08 07:10:11,877 54 INFO bench werkzeug: 127.0.0.1 - - [08/Oct/2026 07:10:11] "POST /json/2/mrp.production/search HTTP/1.1" 200 - 3 0.001 0.005
2026-10-08 07:10:11,900 54 INFO bench werkzeug: 127.0.0.1 - - [08/Oct/2026 07:10:11] "POST /json/2/mrp.production/search HTTP/1.1" 200 - 3 0.002 0.006
2026-10-08 07:10:11,923 54 INFO bench werkzeug: 127.0.0.1 - - [08/Oct/2026 07:10:11] "POST /json/2/purchase.order/search HTTP/1.1" 200 - 3 0.002 0.006
2026-10-08 07:10:12,189 54 INFO bench werkzeug: 127.0.0.1 - - [08/Oct/2026 07:10:12] "GET /doc-bearer/purchase.order.json HTTP/1.1" 200 - 5 0.003 0.246
2026-10-08 07:10:12,217 54 INFO bench werkzeug: 127.0.0.1 - - [08/Oct/2026 07:10:12] "POST /json/2/purchase.order/read HTTP/1.1" 200 - 4 0.002 0.007
2026-10-08 07:10:12,239 54 INFO bench werkzeug: 127.0.0.1 - - [08/Oct/2026 07:10:12] "POST /json/2/purchase.order.line/search HTTP/1.1" 200 - 3 0.001 0.005
2026-10-08 07:10:12,384 54 INFO bench werkzeug: 127.0.0.1 - - [08/Oct/2026 07:10:12] "GET /doc-bearer/purchase.order.line.json HTTP/1.1" 200 - 6 0.003 0.123
2026-10-08 07:10:12,412 54 INFO bench werkzeug: 127.0.0.1 - - [08/Oct/2026 07:10:12] "POST /json/2/purchase.order.line/read HTTP/1.1" 200 - 6 0.003 0.007
2026-10-08 07:10:12,437 54 INFO bench werkzeug: 127.0.0.1 - - [08/Oct/2026 07:10:12] "POST /json/2/purchase.order/read HTTP/1.1" 200 - 4 0.002 0.006
2026-10-08 07:10:12,461 54 INFO bench werkzeug: 127.0.0.1 - - [08/Oct/2026 07:10:12] "POST /json/2/purchase.order.line/search HTTP/1.1" 200 - 3 0.001 0.005
2026-10-08 07:10:12,487 54 INFO bench werkzeug: 127.0.0.1 - - [08/Oct/2026 07:10:12] "POST /json/2/purchase.order.line/read HTTP/1.1" 200 - 6 0.003 0.008
2026-10-08 07:10:12,512 54 INFO bench werkzeug: 127.0.0.1 - - [08/Oct/2026 07:10:12] "POST /json/2/purchase.order/read HTTP/1.1" 200 - 4 0.002 0.006
2026-10-08 07:10:12,536 54 INFO bench werkzeug: 127.0.0.1 - - [08/Oct/2026 07:10:12] "POST /json/2/purchase.order.line/search HTTP/1.1" 200 - 3 0.002 0.006
2026-10-08 07:10:12,563 54 INFO bench werkzeug: 127.0.0.1 - - [08/Oct/2026 07:10:12] "POST /json/2/purchase.order.line/read HTTP/1.1" 200 - 6 0.003 0.008
2026-10-08 07:10:12,586 54 INFO bench werkzeug: 127.0.0.1 - - [08/Oct/2026 07:10:12] "POST /json/2/purchase.order/read HTTP/1.1" 200 - 4 0.002 0.006
2026-10-08 07:10:12,609 54 INFO bench werkzeug: 127.0.0.1 - - [08/Oct/2026 07:10:12] "POST /json/2/purchase.order.line/search HTTP/1.1" 200 - 3 0.002 0.006
2026-10-08 07:10:12,635 54 INFO bench werkzeug: 127.0.0.1 - - [08/Oct/2026 07:10:12] "POST /json/2/purchase.order.line/read HTTP/1.1" 200 - 6 0.003 0.007
2026-10-08 07:10:12,669 54 INFO bench werkzeug: 127.0.0.1 - - [08/Oct/2026 07:10:12] "POST /json/2/purchase.order/read HTTP/1.1" 200 - 4 0.002 0.007
2026-10-08 07:10:12,693 54 INFO bench werkzeug: 127.0.0.1 - - [08/Oct/2026 07:10:12] "POST /json/2/purchase.order.line/search HTTP/1.1" 200 - 3 0.002 0.005
2026-10-08 07:10:12,724 54 INFO bench werkzeug: 127.0.0.1 - - [08/Oct/2026 07:10:12] "POST /json/2/purchase.order.line/read HTTP/1.1" 200 - 6 0.003 0.013
2026-10-08 07:10:12,749 54 INFO bench werkzeug: 127.0.0.1 - - [08/Oct/2026 07:10:12] "POST /json/2/purchase.order/read HTTP/1.1" 200 - 4 0.002 0.007
2026-10-08 07:10:12,775 54 INFO bench werkzeug: 127.0.0.1 - - [08/Oct/2026 07:10:12] "POST /json/2/purchase.order.line/search HTTP/1.1" 200 - 3 0.001 0.005
2026-10-08 07:10:12,802 54 INFO bench werkzeug: 127.0.0.1 - - [08/Oct/2026 07:10:12] "POST /json/2/purchase.order.line/read HTTP/1.1" 200 - 6 0.004 0.007
2026-10-08 07:10:12,826 54 INFO bench werkzeug: 127.0.0.1 - - [08/Oct/2026 07:10:12] "POST /json/2/purchase.order/read HTTP/1.1" 200 - 4 0.003 0.006
2026-10-08 07:10:12,848 54 INFO bench werkzeug: 127.0.0.1 - - [08/Oct/2026 07:10:12] "POST /json/2/purchase.order.line/search HTTP/1.1" 200 - 3 0.002 0.006
2026-10-08 07:10:12,876 54 INFO bench werkzeug: 127.0.0.1 - - [08/Oct/2026 07:10:12] "POST /json/2/purchase.order.line/read HTTP/1.1" 200 - 6 0.003 0.007
2026-10-08 07:10:12,902 54 INFO bench werkzeug: 127.0.0.1 - - [08/Oct/2026 07:10:12] "POST /json/2/purchase.order/read HTTP/1.1" 200 - 4 0.002 0.007
2026-10-08 07:10:12,926 54 INFO bench werkzeug: 127.0.0.1 - - [08/Oct/2026 07:10:12] "POST /json/2/purchase.order.line/search HTTP/1.1" 200 - 3 0.002 0.006
2026-10-08 07:10:12,952 54 INFO bench werkzeug: 127.0.0.1 - - [08/Oct/2026 07:10:12] "POST /json/2/purchase.order.line/read HTTP/1.1" 200 - 6 0.003 0.007
2026-10-08 07:10:12,976 54 INFO bench werkzeug: 127.0.0.1 - - [08/Oct/2026 07:10:12] "POST /json/2/purchase.order/read HTTP/1.1" 200 - 4 0.002 0.006
2026-10-08 07:10:13,008 54 INFO bench werkzeug: 127.0.0.1 - - [08/Oct/2026 07:10:13] "POST /json/2/purchase.order.line/search HTTP/1.1" 200 - 3 0.001 0.006
2026-10-08 07:10:13,035 54 INFO bench werkzeug: 127.0.0.1 - - [08/Oct/2026 07:10:13] "POST /json/2/purchase.order.line/read HTTP/1.1" 200 - 6 0.003 0.007
2026-10-08 07:10:13,059 54 INFO bench werkzeug: 127.0.0.1 - - [08/Oct/2026 07:10:13] "POST /json/2/purchase.order/read HTTP/1.1" 200 - 4 0.002 0.006
2026-10-08 07:10:13,084 54 INFO bench werkzeug: 127.0.0.1 - - [08/Oct/2026 07:10:13] "POST /json/2/purchase.order.line/search HTTP/1.1" 200 - 3 0.002 0.006
2026-10-08 07:10:13,111 54 INFO bench werkzeug: 127.0.0.1 - - [08/Oct/2026 07:10:13] "POST /json/2/purchase.order.line/read HTTP/1.1" 200 - 6 0.003 0.007
2026-10-08 07:10:13,136 54 INFO bench werkzeug: 127.0.0.1 - - [08/Oct/2026 07:10:13] "POST /json/2/purchase.order/read HTTP/1.1" 200 - 4 0.002 0.007
2026-10-08 07:10:13,161 54 INFO bench werkzeug: 127.0.0.1 - - [08/Oct/2026 07:10:13] "POST /json/2/purchase.order.line/search HTTP/1.1" 200 - 3 0.002 0.006
2026-10-08 07:10:13,188 54 INFO bench werkzeug: 127.0.0.1 - - [08/Oct/2026 07:10:13] "POST /json/2/purchase.order.line/read HTTP/1.1" 200 - 6 0.003 0.007
2026-10-08 07:10:13,213 54 INFO bench werkzeug: 127.0.0.1 - - [08/Oct/2026 07:10:13] "POST /json/2/purchase.order/read HTTP/1.1" 200 - 4 0.002 0.007
2026-10-08 07:10:13,237 54 INFO bench werkzeug: 127.0.0.1 - - [08/Oct/2026 07:10:13] "POST /json/2/purchase.order.line/search HTTP/1.1" 200 - 3 0.002 0.006
2026-10-08 07:10:13,263 54 INFO bench werkzeug: 127.0.0.1 - - [08/Oct/2026 07:10:13] "POST /json/2/purchase.order.line/read HTTP/1.1" 200 - 6 0.003 0.007
2026-10-08 07:10:13,287 54 INFO bench werkzeug: 127.0.0.1 - - [08/Oct/2026 07:10:13] "POST /json/2/purchase.order/read HTTP/1.1" 200 - 4 0.002 0.006
2026-10-08 07:10:13,311 54 INFO bench werkzeug: 127.0.0.1 - - [08/Oct/2026 07:10:13] "POST /json/2/purchase.order.line/search HTTP/1.1" 200 - 3 0.001 0.005
2026-10-08 07:10:13,348 54 INFO bench werkzeug: 127.0.0.1 - - [08/Oct/2026 07:10:13] "POST /json/2/purchase.order.line/read HTTP/1.1" 200 - 6 0.004 0.007
2026-10-08 07:10:13,375 54 INFO bench werkzeug: 127.0.0.1 - - [08/Oct/2026 07:10:13] "POST /json/2/purchase.order/read HTTP/1.1" 200 - 4 0.002 0.007
2026-10-08 07:10:13,401 54 INFO bench werkzeug: 127.0.0.1 - - [08/Oct/2026 07:10:13] "POST /json/2/purchase.order.line/search HTTP/1.1" 200 - 3 0.002 0.006
2026-10-08 07:10:13,428 54 INFO bench werkzeug: 127.0.0.1 - - [08/Oct/2026 07:10:13] "POST /json/2/purchase.order.line/read HTTP/1.1" 200 - 6 0.003 0.007
2026-10-08 07:10:13,453 54 INFO bench werkzeug: 127.0.0.1 - - [08/Oct/2026 07:10:13] "POST /json/2/purchase.order/read HTTP/1.1" 200 - 4 0.002 0.006
2026-10-08 07:10:13,477 54 INFO bench werkzeug: 127.0.0.1 - - [08/Oct/2026 07:10:13] "POST /json/2/purchase.order.line/search HTTP/1.1" 200 - 3 0.002 0.006
2026-10-08 07:10:13,503 54 INFO bench werkzeug: 127.0.0.1 - - [08/Oct/2026 07:10:13] "POST /json/2/purchase.order.line/read HTTP/1.1" 200 - 6 0.003 0.007
2026-10-08 07:10:13,527 54 INFO bench werkzeug: 127.0.0.1 - - [08/Oct/2026 07:10:13] "POST /json/2/purchase.order/read HTTP/1.1" 200 - 4 0.002 0.006
2026-10-08 07:10:13,551 54 INFO bench werkzeug: 127.0.0.1 - - [08/Oct/2026 07:10:13] "POST /json/2/purchase.order.line/search HTTP/1.1" 200 - 3 0.001 0.006
2026-10-08 07:10:13,576 54 INFO bench werkzeug: 127.0.0.1 - - [08/Oct/2026 07:10:13] "POST /json/2/purchase.order.line/read HTTP/1.1" 200 - 6 0.003 0.007
2026-10-08 07:10:13,601 54 INFO bench werkzeug: 127.0.0.1 - - [08/Oct/2026 07:10:13] "POST /json/2/purchase.order/read HTTP/1.1" 200 - 4 0.002 0.007
2026-10-08 07:10:13,624 54 INFO bench werkzeug: 127.0.0.1 - - [08/Oct/2026 07:10:13] "POST /json/2/purchase.order.line/search HTTP/1.1" 200 - 3 0.002 0.006
2026-10-08 07:10:13,649 54 INFO bench werkzeug: 127.0.0.1 - - [08/Oct/2026 07:10:13] "POST /json/2/purchase.order.line/read HTTP/1.1" 200 - 6 0.003 0.007
2026-10-08 07:10:13,684 54 INFO bench werkzeug: 127.0.0.1 - - [08/Oct/2026 07:10:13] "POST /json/2/purchase.order/read HTTP/1.1" 200 - 4 0.002 0.007
2026-10-08 07:10:13,709 54 INFO bench werkzeug: 127.0.0.1 - - [08/Oct/2026 07:10:13] "POST /json/2/purchase.order.line/search HTTP/1.1" 200 - 3 0.002 0.006
2026-10-08 07:10:13,734 54 INFO bench werkzeug: 127.0.0.1 - - [08/Oct/2026 07:10:13] "POST /json/2/purchase.order.line/read HTTP/1.1" 200 - 6 0.003 0.007
2026-10-08 07:10:13,758 54 INFO bench werkzeug: 127.0.0.1 - - [08/Oct/2026 07:10:13] "POST /json/2/purchase.order/read HTTP/1.1" 200 - 4 0.002 0.006
2026-10-08 07:10:13,782 54 INFO bench werkzeug: 127.0.0.1 - - [08/Oct/2026 07:10:13] "POST /json/2/purchase.order.line/search HTTP/1.1" 200 - 3 0.002 0.006
2026-10-08 07:10:13,808 54 INFO bench werkzeug: 127.0.0.1 - - [08/Oct/2026 07:10:13] "POST /json/2/purchase.order.line/read HTTP/1.1" 200 - 6 0.003 0.007
2026-10-08 07:10:13,834 54 INFO bench werkzeug: 127.0.0.1 - - [08/Oct/2026 07:10:13] "POST /json/2/purchase.order/read HTTP/1.1" 200 - 4 0.002 0.007
2026-10-08 07:10:13,856 54 INFO bench werkzeug: 127.0.0.1 - - [08/Oct/2026 07:10:13] "POST /json/2/purchase.order.line/search HTTP/1.1" 200 - 3 0.002 0.006
2026-10-08 07:10:13,884 54 INFO bench werkzeug: 127.0.0.1 - - [08/Oct/2026 07:10:13] "POST /json/2/purchase.order.line/read HTTP/1.1" 200 - 6 0.003 0.008
2026-10-08 07:10:13,911 54 INFO bench werkzeug: 127.0.0.1 - - [08/Oct/2026 07:10:13] "POST /json/2/purchase.order/read HTTP/1.1" 200 - 4 0.003 0.007
2026-10-08 07:10:13,934 54 INFO bench werkzeug: 127.0.0.1 - - [08/Oct/2026 07:10:13] "POST /json/2/purchase.order.line/search HTTP/1.1" 200 - 3 0.002 0.005
2026-10-08 07:10:13,962 54 INFO bench werkzeug: 127.0.0.1 - - [08/Oct/2026 07:10:13] "POST /json/2/purchase.order.line/read HTTP/1.1" 200 - 6 0.003 0.007
2026-10-08 07:10:13,987 54 INFO bench werkzeug: 127.0.0.1 - - [08/Oct/2026 07:10:13] "POST /json/2/purchase.order/read HTTP/1.1" 200 - 4 0.003 0.007
2026-10-08 07:10:14,020 54 INFO bench werkzeug: 127.0.0.1 - - [08/Oct/2026 07:10:14] "POST /json/2/purchase.order.line/search HTTP/1.1" 200 - 3 0.002 0.006
2026-10-08 07:10:14,049 54 INFO bench werkzeug: 127.0.0.1 - - [08/Oct/2026 07:10:14] "POST /json/2/purchase.order.line/read HTTP/1.1" 200 - 6 0.003 0.008
2026-10-08 07:10:14,073 54 INFO bench werkzeug: 127.0.0.1 - - [08/Oct/2026 07:10:14] "POST /json/2/mrp.production/search HTTP/1.1" 200 - 3 0.002 0.006
2026-10-08 07:10:14,288 54 INFO bench werkzeug: 127.0.0.1 - - [08/Oct/2026 07:10:14] "GET /doc-bearer/mrp.production.json HTTP/1.1" 200 - 6 0.003 0.195
2026-10-08 07:10:14,322 54 INFO bench werkzeug: 127.0.0.1 - - [08/Oct/2026 07:10:14] "POST /json/2/mrp.production/read HTTP/1.1" 200 - 3 0.002 0.006
2026-10-08 07:10:14,346 54 INFO bench werkzeug: 127.0.0.1 - - [08/Oct/2026 07:10:14] "POST /json/2/mrp.workorder/search HTTP/1.1" 200 - 3 0.002 0.007
2026-10-08 07:10:14,498 54 INFO bench werkzeug: 127.0.0.1 - - [08/Oct/2026 07:10:14] "GET /doc-bearer/mrp.workorder.json HTTP/1.1" 200 - 5 0.003 0.132
2026-10-08 07:10:14,524 54 INFO bench werkzeug: 127.0.0.1 - - [08/Oct/2026 07:10:14] "POST /json/2/mrp.workorder/read HTTP/1.1" 200 - 4 0.002 0.006
2026-10-08 07:10:14,548 54 INFO bench werkzeug: 127.0.0.1 - - [08/Oct/2026 07:10:14] "POST /json/2/mrp.production/read HTTP/1.1" 200 - 3 0.002 0.006
2026-10-08 07:10:14,571 54 INFO bench werkzeug: 127.0.0.1 - - [08/Oct/2026 07:10:14] "POST /json/2/mrp.workorder/search HTTP/1.1" 200 - 3 0.002 0.006
2026-10-08 07:10:14,776 54 INFO bench werkzeug: 127.0.0.1 - - [08/Oct/2026 07:10:14] "GET /doc-bearer/mrp.workorder.json HTTP/1.1" 200 - 5 0.003 0.187
2026-10-08 07:10:14,805 54 INFO bench werkzeug: 127.0.0.1 - - [08/Oct/2026 07:10:14] "POST /json/2/mrp.workorder/read HTTP/1.1" 200 - 4 0.002 0.006
2026-10-08 07:10:14,830 54 INFO bench werkzeug: 127.0.0.1 - - [08/Oct/2026 07:10:14] "POST /json/2/mrp.production/read HTTP/1.1" 200 - 3 0.002 0.006
2026-10-08 07:10:14,855 54 INFO bench werkzeug: 127.0.0.1 - - [08/Oct/2026 07:10:14] "POST /json/2/mrp.workorder/search HTTP/1.1" 200 - 3 0.002 0.006
2026-10-08 07:10:15,000 54 INFO bench werkzeug: 127.0.0.1 - - [08/Oct/2026 07:10:15] "GET /doc-bearer/mrp.workorder.json HTTP/1.1" 200 - 5 0.003 0.127
2026-10-08 07:10:15,028 54 INFO bench werkzeug: 127.0.0.1 - - [08/Oct/2026 07:10:15] "POST /json/2/mrp.workorder/read HTTP/1.1" 200 - 4 0.002 0.008
2026-10-08 07:10:15,054 54 INFO bench werkzeug: 127.0.0.1 - - [08/Oct/2026 07:10:15] "POST /json/2/mrp.production/read HTTP/1.1" 200 - 3 0.002 0.006
2026-10-08 07:10:15,081 54 INFO bench werkzeug: 127.0.0.1 - - [08/Oct/2026 07:10:15] "POST /json/2/mrp.workorder/search HTTP/1.1" 200 - 3 0.002 0.006
2026-10-08 07:10:15,246 54 INFO bench werkzeug: 127.0.0.1 - - [08/Oct/2026 07:10:15] "GET /doc-bearer/mrp.workorder.json HTTP/1.1" 200 - 5 0.003 0.145
2026-10-08 07:10:15,278 54 INFO bench werkzeug: 127.0.0.1 - - [08/Oct/2026 07:10:15] "POST /json/2/mrp.workorder/read HTTP/1.1" 200 - 4 0.002 0.007
2026-10-08 07:10:15,304 54 INFO bench werkzeug: 127.0.0.1 - - [08/Oct/2026 07:10:15] "POST /json/2/mrp.production/read HTTP/1.1" 200 - 3 0.002 0.007
2026-10-08 07:10:15,330 54 INFO bench werkzeug: 127.0.0.1 - - [08/Oct/2026 07:10:15] "POST /json/2/mrp.workorder/search HTTP/1.1" 200 - 3 0.002 0.006
2026-10-08 07:10:15,491 54 INFO bench werkzeug: 127.0.0.1 - - [08/Oct/2026 07:10:15] "GET /doc-bearer/mrp.workorder.json HTTP/1.1" 200 - 5 0.003 0.142
2026-10-08 07:10:15,519 54 INFO bench werkzeug: 127.0.0.1 - - [08/Oct/2026 07:10:15] "POST /json/2/mrp.workorder/read HTTP/1.1" 200 - 4 0.002 0.007
2026-10-08 07:10:15,545 54 INFO bench werkzeug: 127.0.0.1 - - [08/Oct/2026 07:10:15] "POST /json/2/mrp.production/search HTTP/1.1" 200 - 3 0.002 0.006
2026-10-08 07:10:15,568 54 INFO bench werkzeug: 127.0.0.1 - - [08/Oct/2026 07:10:15] "POST /json/2/mrp.production/search HTTP/1.1" 200 - 3 0.002 0.006
2026-10-08 07:10:15,595 54 INFO bench werkzeug: 127.0.0.1 - - [08/Oct/2026 07:10:15] "POST /json/2/mrp.production/search HTTP/1.1" 200 - 3 0.002 0.006
2026-10-08 07:10:15,619 54 INFO bench werkzeug: 127.0.0.1 - - [08/Oct/2026 07:10:15] "POST /json/2/mrp.production/search HTTP/1.1" 200 - 3 0.002 0.006
2026-10-08 07:10:15,644 54 INFO bench werkzeug: 127.0.0.1 - - [08/Oct/2026 07:10:15] "POST /json/2/mrp.production/search HTTP/1.1" 200 - 3 0.002 0.006
2026-10-08 07:10:15,670 54 INFO bench werkzeug: 127.0.0.1 - - [08/Oct/2026 07:10:15] "POST /json/2/mrp.production/search HTTP/1.1" 200 - 3 0.002 0.006
2026-10-08 07:10:15,692 54 INFO bench werkzeug: 127.0.0.1 - - [08/Oct/2026 07:10:15] "POST /json/2/mrp.production/search HTTP/1.1" 200 - 3 0.001 0.006
2026-10-08 07:10:15,716 54 INFO bench werkzeug: 127.0.0.1 - - [08/Oct/2026 07:10:15] "POST /json/2/mrp.production/search HTTP/1.1" 200 - 3 0.002 0.006
2026-10-08 07:10:15,746 54 INFO bench werkzeug: 127.0.0.1 - - [08/Oct/2026 07:10:15] "POST /json/2/mrp.production/search HTTP/1.1" 200 - 3 0.002 0.006
2026-10-08 07:10:15,770 54 INFO bench werkzeug: 127.0.0.1 - - [08/Oct/2026 07:10:15] "POST /json/2/mrp.production/search HTTP/1.1" 200 - 3 0.002 0.006
2026-10-08 07:10:15,795 54 INFO bench werkzeug: 127.0.0.1 - - [08/Oct/2026 07:10:15] "POST /json/2/mrp.production/search HTTP/1.1" 200 - 3 0.002 0.006
2026-10-08 07:10:15,820 54 INFO bench werkzeug: 127.0.0.1 - - [08/Oct/2026 07:10:15] "POST /json/2/stock.move/search HTTP/1.1" 200 - 3 0.002 0.006
2026-10-08 07:10:15,975 54 INFO bench werkzeug: 127.0.0.1 - - [08/Oct/2026 07:10:15] "GET /doc-bearer/stock.move.json HTTP/1.1" 200 - 5 0.003 0.138
2026-10-08 07:10:16,005 54 INFO bench werkzeug: 127.0.0.1 - - [08/Oct/2026 07:10:16] "POST /json/2/stock.move/read HTTP/1.1" 200 - 6 0.003 0.007
2026-10-08 07:10:16,033 54 INFO bench werkzeug: 127.0.0.1 - - [08/Oct/2026 07:10:16] "POST /json/2/stock.move/read HTTP/1.1" 200 - 6 0.003 0.007
2026-10-08 07:10:16,060 54 INFO bench werkzeug: 127.0.0.1 - - [08/Oct/2026 07:10:16] "POST /json/2/stock.move/read HTTP/1.1" 200 - 6 0.003 0.008
2026-10-08 07:10:16,089 54 INFO bench werkzeug: 127.0.0.1 - - [08/Oct/2026 07:10:16] "POST /json/2/stock.move/read HTTP/1.1" 200 - 6 0.003 0.008
2026-10-08 07:10:16,117 54 INFO bench werkzeug: 127.0.0.1 - - [08/Oct/2026 07:10:16] "POST /json/2/stock.move/read HTTP/1.1" 200 - 6 0.003 0.008
2026-10-08 07:10:16,148 54 INFO bench werkzeug: 127.0.0.1 - - [08/Oct/2026 07:10:16] "POST /json/2/stock.move/read HTTP/1.1" 200 - 6 0.003 0.009
2026-10-08 07:10:16,174 54 INFO bench werkzeug: 127.0.0.1 - - [08/Oct/2026 07:10:16] "POST /json/2/stock.move/read HTTP/1.1" 200 - 6 0.003 0.007
2026-10-08 07:10:16,199 54 INFO bench werkzeug: 127.0.0.1 - - [08/Oct/2026 07:10:16] "POST /json/2/stock.move/read HTTP/1.1" 200 - 6 0.003 0.007
2026-10-08 07:10:16,226 54 INFO bench werkzeug: 127.0.0.1 - - [08/Oct/2026 07:10:16] "POST /json/2/stock.move/read HTTP/1.1" 200 - 6 0.003 0.008
2026-10-08 07:10:16,253 54 INFO bench werkzeug: 127.0.0.1 - - [08/Oct/2026 07:10:16] "POST /json/2/stock.move/read HTTP/1.1" 200 - 6 0.003 0.007
2026-10-08 07:10:16,279 54 INFO bench werkzeug: 127.0.0.1 - - [08/Oct/2026 07:10:16] "POST /json/2/stock.move/read HTTP/1.1" 200 - 6 0.003 0.007
2026-10-08 07:10:16,305 54 INFO bench werkzeug: 127.0.0.1 - - [08/Oct/2026 07:10:16] "POST /json/2/stock.move/read HTTP/1.1" 200 - 6 0.003 0.007
2026-10-08 07:10:16,330 54 INFO bench werkzeug: 127.0.0.1 - - [08/Oct/2026 07:10:16] "POST /json/2/stock.move/read HTTP/1.1" 200 - 6 0.003 0.007
2026-10-08 07:10:16,364 54 INFO bench werkzeug: 127.0.0.1 - - [08/Oct/2026 07:10:16] "POST /json/2/stock.move/read HTTP/1.1" 200 - 6 0.003 0.007
2026-10-08 07:10:16,390 54 INFO bench werkzeug: 127.0.0.1 - - [08/Oct/2026 07:10:16] "POST /json/2/stock.move/read HTTP/1.1" 200 - 6 0.003 0.007
2026-10-08 07:10:16,417 54 INFO bench werkzeug: 127.0.0.1 - - [08/Oct/2026 07:10:16] "POST /json/2/stock.move/read HTTP/1.1" 200 - 6 0.003 0.007
2026-10-08 07:10:16,443 54 INFO bench werkzeug: 127.0.0.1 - - [08/Oct/2026 07:10:16] "POST /json/2/stock.move/read HTTP/1.1" 200 - 6 0.003 0.007
2026-10-08 07:10:16,469 54 INFO bench werkzeug: 127.0.0.1 - - [08/Oct/2026 07:10:16] "POST /json/2/stock.move/read HTTP/1.1" 200 - 6 0.003 0.007
2026-10-08 07:10:16,495 54 INFO bench werkzeug: 127.0.0.1 - - [08/Oct/2026 07:10:16] "POST /json/2/stock.move/read HTTP/1.1" 200 - 6 0.003 0.007
2026-10-08 07:10:16,522 54 INFO bench werkzeug: 127.0.0.1 - - [08/Oct/2026 07:10:16] "POST /json/2/stock.move/read HTTP/1.1" 200 - 6 0.003 0.007
2026-10-08 07:10:16,548 54 INFO bench werkzeug: 127.0.0.1 - - [08/Oct/2026 07:10:16] "POST /json/2/stock.move/read HTTP/1.1" 200 - 6 0.003 0.007
2026-10-08 07:10:16,575 54 INFO bench werkzeug: 127.0.0.1 - - [08/Oct/2026 07:10:16] "POST /json/2/stock.move/read HTTP/1.1" 200 - 6 0.003 0.007
2026-10-08 07:10:16,603 54 INFO bench werkzeug: 127.0.0.1 - - [08/Oct/2026 07:10:16] "POST /json/2/stock.move/read HTTP/1.1" 200 - 6 0.003 0.007
2026-10-08 07:10:16,629 54 INFO bench werkzeug: 127.0.0.1 - - [08/Oct/2026 07:10:16] "POST /json/2/stock.move/read HTTP/1.1" 200 - 6 0.003 0.007
2026-10-08 07:10:16,656 54 INFO bench werkzeug: 127.0.0.1 - - [08/Oct/2026 07:10:16] "POST /json/2/stock.move/read HTTP/1.1" 200 - 6 0.003 0.007
2026-10-08 07:10:16,679 54 INFO bench werkzeug: 127.0.0.1 - - [08/Oct/2026 07:10:16] "POST /json/2/purchase.order/search HTTP/1.1" 200 - 3 0.002 0.006
2026-10-08 07:10:16,713 54 INFO bench werkzeug: 127.0.0.1 - - [08/Oct/2026 07:10:16] "POST /json/2/purchase.order.line/search HTTP/1.1" 200 - 3 0.002 0.006
2026-10-08 07:10:16,912 54 INFO bench werkzeug: 127.0.0.1 - - [08/Oct/2026 07:10:16] "GET /doc-bearer/purchase.order.line.json HTTP/1.1" 200 - 6 0.003 0.180
2026-10-08 07:10:16,939 54 INFO bench werkzeug: 127.0.0.1 - - [08/Oct/2026 07:10:16] "POST /json/2/purchase.order.line/read HTTP/1.1" 200 - 6 0.003 0.008
2026-10-08 07:10:16,963 54 INFO bench werkzeug: 127.0.0.1 - - [08/Oct/2026 07:10:16] "POST /json/2/purchase.order.line/search HTTP/1.1" 200 - 3 0.002 0.006
2026-10-08 07:10:16,991 54 INFO bench werkzeug: 127.0.0.1 - - [08/Oct/2026 07:10:16] "POST /json/2/purchase.order.line/read HTTP/1.1" 200 - 6 0.003 0.007
2026-10-08 07:10:17,017 54 INFO bench werkzeug: 127.0.0.1 - - [08/Oct/2026 07:10:17] "POST /json/2/purchase.order.line/search HTTP/1.1" 200 - 3 0.002 0.006
2026-10-08 07:10:17,042 54 INFO bench werkzeug: 127.0.0.1 - - [08/Oct/2026 07:10:17] "POST /json/2/purchase.order.line/read HTTP/1.1" 200 - 6 0.003 0.007
2026-10-08 07:10:17,067 54 INFO bench werkzeug: 127.0.0.1 - - [08/Oct/2026 07:10:17] "POST /json/2/purchase.order.line/search HTTP/1.1" 200 - 3 0.002 0.006
2026-10-08 07:10:17,094 54 INFO bench werkzeug: 127.0.0.1 - - [08/Oct/2026 07:10:17] "POST /json/2/purchase.order.line/read HTTP/1.1" 200 - 6 0.004 0.008
2026-10-08 07:10:17,118 54 INFO bench werkzeug: 127.0.0.1 - - [08/Oct/2026 07:10:17] "POST /json/2/purchase.order.line/search HTTP/1.1" 200 - 3 0.002 0.006
2026-10-08 07:10:17,151 54 INFO bench werkzeug: 127.0.0.1 - - [08/Oct/2026 07:10:17] "POST /json/2/purchase.order.line/read HTTP/1.1" 200 - 6 0.004 0.013
2026-10-08 07:10:17,175 54 INFO bench werkzeug: 127.0.0.1 - - [08/Oct/2026 07:10:17] "POST /json/2/purchase.order.line/search HTTP/1.1" 200 - 3 0.002 0.006
2026-10-08 07:10:17,201 54 INFO bench werkzeug: 127.0.0.1 - - [08/Oct/2026 07:10:17] "POST /json/2/purchase.order.line/read HTTP/1.1" 200 - 6 0.003 0.007
2026-10-08 07:10:17,234 54 INFO bench werkzeug: 127.0.0.1 - - [08/Oct/2026 07:10:17] "POST /json/2/purchase.order.line/search HTTP/1.1" 200 - 3 0.002 0.006
2026-10-08 07:10:17,263 54 INFO bench werkzeug: 127.0.0.1 - - [08/Oct/2026 07:10:17] "POST /json/2/purchase.order.line/read HTTP/1.1" 200 - 6 0.003 0.007
2026-10-08 07:10:17,288 54 INFO bench werkzeug: 127.0.0.1 - - [08/Oct/2026 07:10:17] "POST /json/2/purchase.order.line/search HTTP/1.1" 200 - 3 0.002 0.006
2026-10-08 07:10:17,315 54 INFO bench werkzeug: 127.0.0.1 - - [08/Oct/2026 07:10:17] "POST /json/2/purchase.order.line/read HTTP/1.1" 200 - 6 0.003 0.007
2026-10-08 07:10:17,340 54 INFO bench werkzeug: 127.0.0.1 - - [08/Oct/2026 07:10:17] "POST /json/2/purchase.order.line/search HTTP/1.1" 200 - 3 0.002 0.006
2026-10-08 07:10:17,367 54 INFO bench werkzeug: 127.0.0.1 - - [08/Oct/2026 07:10:17] "POST /json/2/purchase.order.line/read HTTP/1.1" 200 - 6 0.002 0.007
2026-10-08 07:10:17,389 54 INFO bench werkzeug: 127.0.0.1 - - [08/Oct/2026 07:10:17] "POST /json/2/purchase.order.line/search HTTP/1.1" 200 - 3 0.001 0.005
2026-10-08 07:10:17,412 54 INFO bench werkzeug: 127.0.0.1 - - [08/Oct/2026 07:10:17] "POST /json/2/purchase.order.line/read HTTP/1.1" 200 - 6 0.002 0.006
2026-10-08 07:10:17,432 54 INFO bench werkzeug: 127.0.0.1 - - [08/Oct/2026 07:10:17] "POST /json/2/purchase.order.line/search HTTP/1.1" 200 - 3 0.001 0.005
2026-10-08 07:10:17,458 54 INFO bench werkzeug: 127.0.0.1 - - [08/Oct/2026 07:10:17] "POST /json/2/purchase.order.line/read HTTP/1.1" 200 - 6 0.004 0.007
2026-10-08 07:10:17,482 54 INFO bench werkzeug: 127.0.0.1 - - [08/Oct/2026 07:10:17] "POST /json/2/purchase.order.line/search HTTP/1.1" 200 - 3 0.002 0.006
2026-10-08 07:10:17,508 54 INFO bench werkzeug: 127.0.0.1 - - [08/Oct/2026 07:10:17] "POST /json/2/purchase.order.line/read HTTP/1.1" 200 - 6 0.003 0.007
2026-10-08 07:10:17,530 54 INFO bench werkzeug: 127.0.0.1 - - [08/Oct/2026 07:10:17] "POST /json/2/purchase.order.line/search HTTP/1.1" 200 - 3 0.002 0.006
2026-10-08 07:10:17,568 54 INFO bench werkzeug: 127.0.0.1 - - [08/Oct/2026 07:10:17] "POST /json/2/purchase.order.line/read HTTP/1.1" 200 - 6 0.004 0.008
2026-10-08 07:10:17,592 54 INFO bench werkzeug: 127.0.0.1 - - [08/Oct/2026 07:10:17] "POST /json/2/purchase.order.line/search HTTP/1.1" 200 - 3 0.001 0.005
2026-10-08 07:10:17,619 54 INFO bench werkzeug: 127.0.0.1 - - [08/Oct/2026 07:10:17] "POST /json/2/purchase.order.line/read HTTP/1.1" 200 - 6 0.003 0.007
2026-10-08 07:10:17,641 54 INFO bench werkzeug: 127.0.0.1 - - [08/Oct/2026 07:10:17] "POST /json/2/purchase.order.line/search HTTP/1.1" 200 - 3 0.002 0.005
2026-10-08 07:10:17,666 54 INFO bench werkzeug: 127.0.0.1 - - [08/Oct/2026 07:10:17] "POST /json/2/purchase.order.line/read HTTP/1.1" 200 - 6 0.003 0.007
2026-10-08 07:10:17,690 54 INFO bench werkzeug: 127.0.0.1 - - [08/Oct/2026 07:10:17] "POST /json/2/purchase.order.line/search HTTP/1.1" 200 - 3 0.002 0.006
2026-10-08 07:10:17,718 54 INFO bench werkzeug: 127.0.0.1 - - [08/Oct/2026 07:10:17] "POST /json/2/purchase.order.line/read HTTP/1.1" 200 - 6 0.005 0.008
2026-10-08 07:10:17,742 54 INFO bench werkzeug: 127.0.0.1 - - [08/Oct/2026 07:10:17] "POST /json/2/purchase.order.line/search HTTP/1.1" 200 - 3 0.002 0.006
2026-10-08 07:10:17,769 54 INFO bench werkzeug: 127.0.0.1 - - [08/Oct/2026 07:10:17] "POST /json/2/purchase.order.line/read HTTP/1.1" 200 - 6 0.004 0.007
2026-10-08 07:10:17,793 54 INFO bench werkzeug: 127.0.0.1 - - [08/Oct/2026 07:10:17] "POST /json/2/purchase.order.line/search HTTP/1.1" 200 - 3 0.001 0.005
2026-10-08 07:10:17,823 54 INFO bench werkzeug: 127.0.0.1 - - [08/Oct/2026 07:10:17] "POST /json/2/purchase.order.line/read HTTP/1.1" 200 - 6 0.003 0.008
2026-10-08 07:10:17,849 54 INFO bench werkzeug: 127.0.0.1 - - [08/Oct/2026 07:10:17] "POST /json/2/purchase.order.line/search HTTP/1.1" 200 - 3 0.002 0.006
2026-10-08 07:10:17,874 54 INFO bench werkzeug: 127.0.0.1 - - [08/Oct/2026 07:10:17] "POST /json/2/purchase.order.line/read HTTP/1.1" 200 - 6 0.003 0.007
2026-10-08 07:10:17,906 54 INFO bench werkzeug: 127.0.0.1 - - [08/Oct/2026 07:10:17] "POST /json/2/purchase.order.line/search HTTP/1.1" 200 - 3 0.002 0.006
2026-10-08 07:10:17,932 54 INFO bench werkzeug: 127.0.0.1 - - [08/Oct/2026 07:10:17] "POST /json/2/purchase.order.line/read HTTP/1.1" 200 - 6 0.003 0.007
2026-10-08 07:10:17,957 54 INFO bench werkzeug: 127.0.0.1 - - [08/Oct/2026 07:10:17] "POST /json/2/purchase.order.line/search HTTP/1.1" 200 - 3 0.002 0.006
2026-10-08 07:10:17,984 54 INFO bench werkzeug: 127.0.0.1 - - [08/Oct/2026 07:10:17] "POST /json/2/purchase.order.line/read HTTP/1.1" 200 - 6 0.003 0.007
2026-10-08 07:10:18,008 54 INFO bench werkzeug: 127.0.0.1 - - [08/Oct/2026 07:10:18] "POST /json/2/purchase.order.line/search HTTP/1.1" 200 - 3 0.002 0.006
2026-10-08 07:10:18,035 54 INFO bench werkzeug: 127.0.0.1 - - [08/Oct/2026 07:10:18] "POST /json/2/purchase.order.line/read HTTP/1.1" 200 - 6 0.003 0.007
2026-10-08 07:10:18,060 54 INFO bench werkzeug: 127.0.0.1 - - [08/Oct/2026 07:10:18] "POST /json/2/purchase.order/search HTTP/1.1" 200 - 3 0.001 0.006
2026-10-08 07:10:18,085 54 INFO bench werkzeug: 127.0.0.1 - - [08/Oct/2026 07:10:18] "POST /json/2/purchase.order.line/search_read HTTP/1.1" 200 - 3 0.002 0.007
2026-10-08 07:10:18,110 54 INFO bench werkzeug: 127.0.0.1 - - [08/Oct/2026 07:10:18] "POST /json/2/purchase.order.line/search_read HTTP/1.1" 200 - 3 0.002 0.006
2026-10-08 07:10:18,135 54 INFO bench werkzeug: 127.0.0.1 - - [08/Oct/2026 07:10:18] "POST /json/2/purchase.order.line/search_read HTTP/1.1" 200 - 3 0.002 0.006
2026-10-08 07:10:18,159 54 INFO bench werkzeug: 127.0.0.1 - - [08/Oct/2026 07:10:18] "POST /json/2/purchase.order.line/search_read HTTP/1.1" 200 - 3 0.002 0.006
2026-10-08 07:10:18,185 54 INFO bench werkzeug: 127.0.0.1 - - [08/Oct/2026 07:10:18] "POST /json/2/purchase.order.line/search_read HTTP/1.1" 200 - 3 0.002 0.007
2026-10-08 07:10:18,211 54 INFO bench werkzeug: 127.0.0.1 - - [08/Oct/2026 07:10:18] "POST /json/2/purchase.order.line/search_read HTTP/1.1" 200 - 3 0.002 0.007
2026-10-08 07:10:18,245 54 INFO bench werkzeug: 127.0.0.1 - - [08/Oct/2026 07:10:18] "POST /json/2/purchase.order.line/search_read HTTP/1.1" 200 - 3 0.002 0.006
2026-10-08 07:10:18,270 54 INFO bench werkzeug: 127.0.0.1 - - [08/Oct/2026 07:10:18] "POST /json/2/purchase.order.line/search_read HTTP/1.1" 200 - 3 0.001 0.006
2026-10-08 07:10:18,296 54 INFO bench werkzeug: 127.0.0.1 - - [08/Oct/2026 07:10:18] "POST /json/2/purchase.order.line/search_read HTTP/1.1" 200 - 3 0.002 0.006
2026-10-08 07:10:18,320 54 INFO bench werkzeug: 127.0.0.1 - - [08/Oct/2026 07:10:18] "POST /json/2/purchase.order.line/search_read HTTP/1.1" 200 - 3 0.002 0.006
2026-10-08 07:10:18,343 54 INFO bench werkzeug: 127.0.0.1 - - [08/Oct/2026 07:10:18] "POST /json/2/purchase.order.line/search_read HTTP/1.1" 200 - 3 0.002 0.006
2026-10-08 07:10:18,371 54 INFO bench werkzeug: 127.0.0.1 - - [08/Oct/2026 07:10:18] "POST /json/2/purchase.order.line/search_read HTTP/1.1" 200 - 3 0.004 0.006
2026-10-08 07:10:18,396 54 INFO bench werkzeug: 127.0.0.1 - - [08/Oct/2026 07:10:18] "POST /json/2/purchase.order.line/search_read HTTP/1.1" 200 - 3 0.002 0.006
2026-10-08 07:10:18,420 54 INFO bench werkzeug: 127.0.0.1 - - [08/Oct/2026 07:10:18] "POST /json/2/purchase.order.line/search_read HTTP/1.1" 200 - 3 0.002 0.006
2026-10-08 07:10:18,446 54 INFO bench werkzeug: 127.0.0.1 - - [08/Oct/2026 07:10:18] "POST /json/2/purchase.order.line/search_read HTTP/1.1" 200 - 3 0.002 0.006
2026-10-08 07:10:18,471 54 INFO bench werkzeug: 127.0.0.1 - - [08/Oct/2026 07:10:18] "POST /json/2/purchase.order.line/search_read HTTP/1.1" 200 - 3 0.002 0.006
2026-10-08 07:10:18,494 54 INFO bench werkzeug: 127.0.0.1 - - [08/Oct/2026 07:10:18] "POST /json/2/purchase.order.line/search_read HTTP/1.1" 200 - 3 0.002 0.006
2026-10-08 07:10:18,518 54 INFO bench werkzeug: 127.0.0.1 - - [08/Oct/2026 07:10:18] "POST /json/2/purchase.order.line/search_read HTTP/1.1" 200 - 3 0.002 0.006
2026-10-08 07:10:18,541 54 INFO bench werkzeug: 127.0.0.1 - - [08/Oct/2026 07:10:18] "POST /json/2/purchase.order.line/search_read HTTP/1.1" 200 - 3 0.001 0.005
2026-10-08 07:10:18,566 54 INFO bench werkzeug: 127.0.0.1 - - [08/Oct/2026 07:10:18] "POST /json/2/purchase.order.line/search_read HTTP/1.1" 200 - 3 0.002 0.006
2026-10-08 07:10:18,600 54 INFO bench werkzeug: 127.0.0.1 - - [08/Oct/2026 07:10:18] "POST /json/2/purchase.order.line/search_read HTTP/1.1" 200 - 3 0.002 0.006
2026-10-08 07:10:18,625 54 INFO bench werkzeug: 127.0.0.1 - - [08/Oct/2026 07:10:18] "POST /json/2/purchase.order.line/search_read HTTP/1.1" 200 - 3 0.002 0.006
2026-10-08 07:10:18,650 54 INFO bench werkzeug: 127.0.0.1 - - [08/Oct/2026 07:10:18] "POST /json/2/mrp.production/search HTTP/1.1" 200 - 3 0.002 0.006
2026-10-08 07:10:18,863 54 INFO bench werkzeug: 127.0.0.1 - - [08/Oct/2026 07:10:18] "GET /doc-bearer/mrp.production.json HTTP/1.1" 200 - 6 0.004 0.193
2026-10-08 07:10:18,896 54 INFO bench werkzeug: 127.0.0.1 - - [08/Oct/2026 07:10:18] "POST /json/2/mrp.production/read HTTP/1.1" 200 - 3 0.002 0.006
2026-10-08 07:10:18,922 54 INFO bench werkzeug: 127.0.0.1 - - [08/Oct/2026 07:10:18] "POST /json/2/mrp.workorder/search HTTP/1.1" 200 - 3 0.002 0.007
2026-10-08 07:10:19,072 54 INFO bench werkzeug: 127.0.0.1 - - [08/Oct/2026 07:10:19] "GET /doc-bearer/mrp.workorder.json HTTP/1.1" 200 - 5 0.003 0.130
2026-10-08 07:10:19,097 54 INFO bench werkzeug: 127.0.0.1 - - [08/Oct/2026 07:10:19] "POST /json/2/mrp.workorder/read HTTP/1.1" 200 - 4 0.002 0.007
2026-10-08 07:10:19,121 54 INFO bench werkzeug: 127.0.0.1 - - [08/Oct/2026 07:10:19] "POST /json/2/mrp.production/read HTTP/1.1" 200 - 3 0.002 0.006
2026-10-08 07:10:19,150 54 INFO bench werkzeug: 127.0.0.1 - - [08/Oct/2026 07:10:19] "POST /json/2/mrp.workorder/search HTTP/1.1" 200 - 3 0.002 0.006
2026-10-08 07:10:19,306 54 INFO bench werkzeug: 127.0.0.1 - - [08/Oct/2026 07:10:19] "GET /doc-bearer/mrp.workorder.json HTTP/1.1" 200 - 5 0.003 0.134
2026-10-08 07:10:19,335 54 INFO bench werkzeug: 127.0.0.1 - - [08/Oct/2026 07:10:19] "POST /json/2/mrp.workorder/read HTTP/1.1" 200 - 4 0.002 0.006
2026-10-08 07:10:19,360 54 INFO bench werkzeug: 127.0.0.1 - - [08/Oct/2026 07:10:19] "POST /json/2/mrp.production/read HTTP/1.1" 200 - 3 0.002 0.006
2026-10-08 07:10:19,383 54 INFO bench werkzeug: 127.0.0.1 - - [08/Oct/2026 07:10:19] "POST /json/2/mrp.workorder/search HTTP/1.1" 200 - 3 0.002 0.006
2026-10-08 07:10:19,577 54 INFO bench werkzeug: 127.0.0.1 - - [08/Oct/2026 07:10:19] "GET /doc-bearer/mrp.workorder.json HTTP/1.1" 200 - 5 0.002 0.175
2026-10-08 07:10:19,602 54 INFO bench werkzeug: 127.0.0.1 - - [08/Oct/2026 07:10:19] "POST /json/2/mrp.workorder/read HTTP/1.1" 200 - 4 0.002 0.006
2026-10-08 07:10:19,626 54 INFO bench werkzeug: 127.0.0.1 - - [08/Oct/2026 07:10:19] "POST /json/2/mrp.production/read HTTP/1.1" 200 - 3 0.002 0.006
2026-10-08 07:10:19,650 54 INFO bench werkzeug: 127.0.0.1 - - [08/Oct/2026 07:10:19] "POST /json/2/mrp.workorder/search HTTP/1.1" 200 - 3 0.002 0.006
2026-10-08 07:10:19,804 54 INFO bench werkzeug: 127.0.0.1 - - [08/Oct/2026 07:10:19] "GET /doc-bearer/mrp.workorder.json HTTP/1.1" 200 - 5 0.003 0.136
2026-10-08 07:10:19,835 54 INFO bench werkzeug: 127.0.0.1 - - [08/Oct/2026 07:10:19] "POST /json/2/mrp.workorder/read HTTP/1.1" 200 - 4 0.002 0.007
2026-10-08 07:10:19,860 54 INFO bench werkzeug: 127.0.0.1 - - [08/Oct/2026 07:10:19] "POST /json/2/mrp.production/read HTTP/1.1" 200 - 3 0.002 0.006
2026-10-08 07:10:19,884 54 INFO bench werkzeug: 127.0.0.1 - - [08/Oct/2026 07:10:19] "POST /json/2/mrp.workorder/search HTTP/1.1" 200 - 3 0.002 0.006
2026-10-08 07:10:20,034 54 INFO bench werkzeug: 127.0.0.1 - - [08/Oct/2026 07:10:20] "GET /doc-bearer/mrp.workorder.json HTTP/1.1" 200 - 5 0.003 0.132
2026-10-08 07:10:20,060 54 INFO bench werkzeug: 127.0.0.1 - - [08/Oct/2026 07:10:20] "POST /json/2/mrp.workorder/read HTTP/1.1" 200 - 4 0.002 0.006
2026-10-08 07:10:20,085 54 INFO bench werkzeug: 127.0.0.1 - - [08/Oct/2026 07:10:20] "POST /json/2/sale.order/search HTTP/1.1" 200 - 3 0.003 0.006
2026-10-08 07:10:20,311 54 INFO bench werkzeug: 127.0.0.1 - - [08/Oct/2026 07:10:20] "GET /doc-bearer/sale.order.json HTTP/1.1" 200 - 7 0.003 0.207
2026-10-08 07:10:20,343 54 INFO bench werkzeug: 127.0.0.1 - - [08/Oct/2026 07:10:20] "POST /json/2/sale.order/read HTTP/1.1" 200 - 4 0.003 0.007
2026-10-08 07:10:20,368 54 INFO bench werkzeug: 127.0.0.1 - - [08/Oct/2026 07:10:20] "POST /json/2/sale.order.line/search_read HTTP/1.1" 200 - 3 0.002 0.006
2026-10-08 07:10:20,394 54 INFO bench werkzeug: 127.0.0.1 - - [08/Oct/2026 07:10:20] "POST /json/2/sale.order/search HTTP/1.1" 200 - 3 0.002 0.006
2026-10-08 07:10:20,416 54 INFO bench werkzeug: 127.0.0.1 - - [08/Oct/2026 07:10:20] "POST /json/2/sale.order.line/search_read HTTP/1.1" 200 - 3 0.001 0.006
2026-10-08 07:10:20,678 54 INFO bench werkzeug: 127.0.0.1 - - [08/Oct/2026 07:10:20] "GET /doc-bearer/sale.order.json HTTP/1.1" 200 - 7 0.004 0.244
2026-10-08 07:10:20,711 54 INFO bench werkzeug: 127.0.0.1 - - [08/Oct/2026 07:10:20] "POST /json/2/sale.order/read HTTP/1.1" 200 - 3 0.002 0.006
2026-10-08 07:10:20,736 54 INFO bench werkzeug: 127.0.0.1 - - [08/Oct/2026 07:10:20] "POST /json/2/sale.order/search HTTP/1.1" 200 - 3 0.002 0.006
2026-10-08 07:10:20,958 54 INFO bench werkzeug: 127.0.0.1 - - [08/Oct/2026 07:10:20] "GET /doc-bearer/sale.order.json HTTP/1.1" 200 - 7 0.004 0.201
2026-10-08 07:10:20,986 54 INFO bench werkzeug: 127.0.0.1 - - [08/Oct/2026 07:10:20] "POST /json/2/sale.order/read HTTP/1.1" 200 - 4 0.002 0.006
2026-10-08 07:10:21,008 54 INFO bench werkzeug: 127.0.0.1 - - [08/Oct/2026 07:10:21] "POST /json/2/sale.order.line/search_read HTTP/1.1" 200 - 3 0.002 0.005
2026-10-08 07:10:21,030 54 INFO bench werkzeug: 127.0.0.1 - - [08/Oct/2026 07:10:21] "POST /json/2/sale.order/search HTTP/1.1" 200 - 3 0.002 0.005
2026-10-08 07:10:21,053 54 INFO bench werkzeug: 127.0.0.1 - - [08/Oct/2026 07:10:21] "POST /json/2/sale.order.line/search_read HTTP/1.1" 200 - 3 0.002 0.006
2026-10-08 07:10:21,287 54 INFO bench werkzeug: 127.0.0.1 - - [08/Oct/2026 07:10:21] "GET /doc-bearer/sale.order.json HTTP/1.1" 200 - 7 0.004 0.215
2026-10-08 07:10:21,316 54 INFO bench werkzeug: 127.0.0.1 - - [08/Oct/2026 07:10:21] "POST /json/2/sale.order/read HTTP/1.1" 200 - 3 0.002 0.006
2026-10-08 07:10:21,340 54 INFO bench werkzeug: 127.0.0.1 - - [08/Oct/2026 07:10:21] "POST /json/2/sale.order/search HTTP/1.1" 200 - 3 0.002 0.006
2026-10-08 07:10:21,604 54 INFO bench werkzeug: 127.0.0.1 - - [08/Oct/2026 07:10:21] "GET /doc-bearer/sale.order.json HTTP/1.1" 200 - 7 0.004 0.246
2026-10-08 07:10:21,633 54 INFO bench werkzeug: 127.0.0.1 - - [08/Oct/2026 07:10:21] "POST /json/2/sale.order/read HTTP/1.1" 200 - 4 0.002 0.007
2026-10-08 07:10:21,657 54 INFO bench werkzeug: 127.0.0.1 - - [08/Oct/2026 07:10:21] "POST /json/2/sale.order.line/search_read HTTP/1.1" 200 - 3 0.002 0.006
2026-10-08 07:10:21,681 54 INFO bench werkzeug: 127.0.0.1 - - [08/Oct/2026 07:10:21] "POST /json/2/sale.order/search HTTP/1.1" 200 - 3 0.002 0.006
2026-10-08 07:10:21,707 54 INFO bench werkzeug: 127.0.0.1 - - [08/Oct/2026 07:10:21] "POST /json/2/sale.order.line/search_read HTTP/1.1" 200 - 3 0.002 0.006
2026-10-08 07:10:21,936 54 INFO bench werkzeug: 127.0.0.1 - - [08/Oct/2026 07:10:21] "GET /doc-bearer/sale.order.json HTTP/1.1" 200 - 7 0.004 0.208
2026-10-08 07:10:21,963 54 INFO bench werkzeug: 127.0.0.1 - - [08/Oct/2026 07:10:21] "POST /json/2/sale.order/read HTTP/1.1" 200 - 3 0.002 0.006
2026-10-08 07:10:21,986 54 INFO bench werkzeug: 127.0.0.1 - - [08/Oct/2026 07:10:21] "POST /json/2/sale.order/search HTTP/1.1" 200 - 3 0.001 0.006
2026-10-08 07:10:22,211 54 INFO bench werkzeug: 127.0.0.1 - - [08/Oct/2026 07:10:22] "GET /doc-bearer/sale.order.json HTTP/1.1" 200 - 7 0.003 0.206
2026-10-08 07:10:22,240 54 INFO bench werkzeug: 127.0.0.1 - - [08/Oct/2026 07:10:22] "POST /json/2/sale.order/read HTTP/1.1" 200 - 4 0.002 0.007
2026-10-08 07:10:22,266 54 INFO bench werkzeug: 127.0.0.1 - - [08/Oct/2026 07:10:22] "POST /json/2/sale.order.line/search_read HTTP/1.1" 200 - 3 0.002 0.006
2026-10-08 07:10:22,292 54 INFO bench werkzeug: 127.0.0.1 - - [08/Oct/2026 07:10:22] "POST /json/2/sale.order/search HTTP/1.1" 200 - 3 0.002 0.006
2026-10-08 07:10:22,316 54 INFO bench werkzeug: 127.0.0.1 - - [08/Oct/2026 07:10:22] "POST /json/2/sale.order.line/search_read HTTP/1.1" 200 - 3 0.002 0.007
2026-10-08 07:10:22,595 54 INFO bench werkzeug: 127.0.0.1 - - [08/Oct/2026 07:10:22] "GET /doc-bearer/sale.order.json HTTP/1.1" 200 - 7 0.004 0.260
2026-10-08 07:10:22,626 54 INFO bench werkzeug: 127.0.0.1 - - [08/Oct/2026 07:10:22] "POST /json/2/sale.order/read HTTP/1.1" 200 - 3 0.002 0.006
2026-10-08 07:10:22,651 54 INFO bench werkzeug: 127.0.0.1 - - [08/Oct/2026 07:10:22] "POST /json/2/sale.order/search HTTP/1.1" 200 - 3 0.002 0.006
2026-10-08 07:10:22,876 54 INFO bench werkzeug: 127.0.0.1 - - [08/Oct/2026 07:10:22] "GET /doc-bearer/sale.order.json HTTP/1.1" 200 - 7 0.004 0.203
2026-10-08 07:10:22,903 54 INFO bench werkzeug: 127.0.0.1 - - [08/Oct/2026 07:10:22] "POST /json/2/sale.order/read HTTP/1.1" 200 - 4 0.002 0.006
2026-10-08 07:10:22,926 54 INFO bench werkzeug: 127.0.0.1 - - [08/Oct/2026 07:10:22] "POST /json/2/sale.order.line/search_read HTTP/1.1" 200 - 3 0.002 0.006
2026-10-08 07:10:22,949 54 INFO bench werkzeug: 127.0.0.1 - - [08/Oct/2026 07:10:22] "POST /json/2/sale.order/search HTTP/1.1" 200 - 3 0.002 0.006
2026-10-08 07:10:22,973 54 INFO bench werkzeug: 127.0.0.1 - - [08/Oct/2026 07:10:22] "POST /json/2/sale.order.line/search_read HTTP/1.1" 200 - 3 0.002 0.006
2026-10-08 07:10:23,213 54 INFO bench werkzeug: 127.0.0.1 - - [08/Oct/2026 07:10:23] "GET /doc-bearer/sale.order.json HTTP/1.1" 200 - 7 0.004 0.220
2026-10-08 07:10:23,246 54 INFO bench werkzeug: 127.0.0.1 - - [08/Oct/2026 07:10:23] "POST /json/2/sale.order/read HTTP/1.1" 200 - 3 0.001 0.006
2026-10-08 07:10:23,269 54 INFO bench werkzeug: 127.0.0.1 - - [08/Oct/2026 07:10:23] "POST /json/2/sale.order/search HTTP/1.1" 200 - 3 0.002 0.006
2026-10-08 07:10:23,694 54 INFO bench werkzeug: 127.0.0.1 - - [08/Oct/2026 07:10:23] "GET /doc-bearer/sale.order.json HTTP/1.1" 200 - 7 0.003 0.406
2026-10-08 07:10:23,723 54 INFO bench werkzeug: 127.0.0.1 - - [08/Oct/2026 07:10:23] "POST /json/2/sale.order/read HTTP/1.1" 200 - 4 0.002 0.007
2026-10-08 07:10:23,748 54 INFO bench werkzeug: 127.0.0.1 - - [08/Oct/2026 07:10:23] "POST /json/2/sale.order.line/search_read HTTP/1.1" 200 - 3 0.002 0.006
2026-10-08 07:10:23,775 54 INFO bench werkzeug: 127.0.0.1 - - [08/Oct/2026 07:10:23] "POST /json/2/sale.order/search HTTP/1.1" 200 - 3 0.002 0.006
2026-10-08 07:10:23,799 54 INFO bench werkzeug: 127.0.0.1 - - [08/Oct/2026 07:10:23] "POST /json/2/sale.order.line/search_read HTTP/1.1" 200 - 3 0.002 0.006
2026-10-08 07:10:24,025 54 INFO bench werkzeug: 127.0.0.1 - - [08/Oct/2026 07:10:24] "GET /doc-bearer/sale.order.json HTTP/1.1" 200 - 7 0.004 0.205
2026-10-08 07:10:24,054 54 INFO bench werkzeug: 127.0.0.1 - - [08/Oct/2026 07:10:24] "POST /json/2/sale.order/read HTTP/1.1" 200 - 3 0.002 0.006
2026-10-08 07:10:24,079 54 INFO bench werkzeug: 127.0.0.1 - - [08/Oct/2026 07:10:24] "POST /json/2/sale.order/search HTTP/1.1" 200 - 3 0.002 0.006
2026-10-08 07:10:24,298 54 INFO bench werkzeug: 127.0.0.1 - - [08/Oct/2026 07:10:24] "GET /doc-bearer/sale.order.json HTTP/1.1" 200 - 7 0.003 0.199
2026-10-08 07:10:24,328 54 INFO bench werkzeug: 127.0.0.1 - - [08/Oct/2026 07:10:24] "POST /json/2/sale.order/read HTTP/1.1" 200 - 4 0.002 0.007
2026-10-08 07:10:24,351 54 INFO bench werkzeug: 127.0.0.1 - - [08/Oct/2026 07:10:24] "POST /json/2/sale.order.line/search_read HTTP/1.1" 200 - 3 0.002 0.006
2026-10-08 07:10:24,376 54 INFO bench werkzeug: 127.0.0.1 - - [08/Oct/2026 07:10:24] "POST /json/2/sale.order/search HTTP/1.1" 200 - 3 0.002 0.006
2026-10-08 07:10:24,402 54 INFO bench werkzeug: 127.0.0.1 - - [08/Oct/2026 07:10:24] "POST /json/2/sale.order.line/search_read HTTP/1.1" 200 - 3 0.002 0.006
2026-10-08 07:10:24,666 54 INFO bench werkzeug: 127.0.0.1 - - [08/Oct/2026 07:10:24] "GET /doc-bearer/sale.order.json HTTP/1.1" 200 - 7 0.004 0.244
2026-10-08 07:10:24,697 54 INFO bench werkzeug: 127.0.0.1 - - [08/Oct/2026 07:10:24] "POST /json/2/sale.order/read HTTP/1.1" 200 - 3 0.002 0.007
2026-10-08 07:10:24,724 54 INFO bench werkzeug: 127.0.0.1 - - [08/Oct/2026 07:10:24] "POST /json/2/sale.order/search HTTP/1.1" 200 - 3 0.001 0.006
2026-10-08 07:10:24,934 54 INFO bench werkzeug: 127.0.0.1 - - [08/Oct/2026 07:10:24] "GET /doc-bearer/sale.order.json HTTP/1.1" 200 - 7 0.004 0.189
2026-10-08 07:10:24,962 54 INFO bench werkzeug: 127.0.0.1 - - [08/Oct/2026 07:10:24] "POST /json/2/sale.order/read HTTP/1.1" 200 - 4 0.002 0.006
2026-10-08 07:10:24,985 54 INFO bench werkzeug: 127.0.0.1 - - [08/Oct/2026 07:10:24] "POST /json/2/sale.order.line/search_read HTTP/1.1" 200 - 3 0.002 0.006
2026-10-08 07:10:25,009 54 INFO bench werkzeug: 127.0.0.1 - - [08/Oct/2026 07:10:25] "POST /json/2/sale.order/search HTTP/1.1" 200 - 3 0.002 0.006
2026-10-08 07:10:25,031 54 INFO bench werkzeug: 127.0.0.1 - - [08/Oct/2026 07:10:25] "POST /json/2/sale.order.line/search_read HTTP/1.1" 200 - 3 0.001 0.006
2026-10-08 07:10:25,253 54 INFO bench werkzeug: 127.0.0.1 - - [08/Oct/2026 07:10:25] "GET /doc-bearer/sale.order.json HTTP/1.1" 200 - 7 0.004 0.201
2026-10-08 07:10:25,280 54 INFO bench werkzeug: 127.0.0.1 - - [08/Oct/2026 07:10:25] "POST /json/2/sale.order/read HTTP/1.1" 200 - 3 0.001 0.006
2026-10-08 07:10:25,303 54 INFO bench werkzeug: 127.0.0.1 - - [08/Oct/2026 07:10:25] "POST /json/2/sale.order/search HTTP/1.1" 200 - 3 0.002 0.006
2026-10-08 07:10:25,578 54 INFO bench werkzeug: 127.0.0.1 - - [08/Oct/2026 07:10:25] "GET /doc-bearer/sale.order.json HTTP/1.1" 200 - 7 0.004 0.254
2026-10-08 07:10:25,608 54 INFO bench werkzeug: 127.0.0.1 - - [08/Oct/2026 07:10:25] "POST /json/2/sale.order/read HTTP/1.1" 200 - 4 0.002 0.008
2026-10-08 07:10:25,633 54 INFO bench werkzeug: 127.0.0.1 - - [08/Oct/2026 07:10:25] "POST /json/2/sale.order.line/search_read HTTP/1.1" 200 - 3 0.002 0.006
2026-10-08 07:10:25,657 54 INFO bench werkzeug: 127.0.0.1 - - [08/Oct/2026 07:10:25] "POST /json/2/sale.order/search HTTP/1.1" 200 - 3 0.002 0.006
2026-10-08 07:10:25,682 54 INFO bench werkzeug: 127.0.0.1 - - [08/Oct/2026 07:10:25] "POST /json/2/sale.order.line/search_read HTTP/1.1" 200 - 3 0.002 0.006
2026-10-08 07:10:25,913 54 INFO bench werkzeug: 127.0.0.1 - - [08/Oct/2026 07:10:25] "GET /doc-bearer/sale.order.json HTTP/1.1" 200 - 7 0.004 0.212
2026-10-08 07:10:25,942 54 INFO bench werkzeug: 127.0.0.1 - - [08/Oct/2026 07:10:25] "POST /json/2/sale.order/read HTTP/1.1" 200 - 3 0.002 0.006
2026-10-08 07:10:25,967 54 INFO bench werkzeug: 127.0.0.1 - - [08/Oct/2026 07:10:25] "POST /json/2/sale.order/search HTTP/1.1" 200 - 3 0.002 0.006
2026-10-08 07:10:26,186 54 INFO bench werkzeug: 127.0.0.1 - - [08/Oct/2026 07:10:26] "GET /doc-bearer/sale.order.json HTTP/1.1" 200 - 7 0.003 0.199
2026-10-08 07:10:26,214 54 INFO bench werkzeug: 127.0.0.1 - - [08/Oct/2026 07:10:26] "POST /json/2/sale.order/read HTTP/1.1" 200 - 4 0.002 0.007
2026-10-08 07:10:26,238 54 INFO bench werkzeug: 127.0.0.1 - - [08/Oct/2026 07:10:26] "POST /json/2/sale.order.line/search_read HTTP/1.1" 200 - 3 0.002 0.006
2026-10-08 07:10:26,263 54 INFO bench werkzeug: 127.0.0.1 - - [08/Oct/2026 07:10:26] "POST /json/2/sale.order/search HTTP/1.1" 200 - 3 0.002 0.006
2026-10-08 07:10:26,286 54 INFO bench werkzeug: 127.0.0.1 - - [08/Oct/2026 07:10:26] "POST /json/2/sale.order.line/search_read HTTP/1.1" 200 - 3 0.002 0.006
2026-10-08 07:10:28,568 54 INFO bench werkzeug: 127.0.0.1 - - [08/Oct/2026 07:10:28] "GET /doc-bearer/sale.order.json HTTP/1.1" 200 - 7 0.003 2.263
2026-10-08 07:10:28,597 54 INFO bench werkzeug: 127.0.0.1 - - [08/Oct/2026 07:10:28] "POST /json/2/sale.order/read HTTP/1.1" 200 - 3 0.001 0.005
2026-10-08 07:10:28,622 54 INFO bench werkzeug: 127.0.0.1 - - [08/Oct/2026 07:10:28] "POST /json/2/sale.order/search HTTP/1.1" 200 - 3 0.002 0.006
2026-10-08 07:10:28,842 54 INFO bench werkzeug: 127.0.0.1 - - [08/Oct/2026 07:10:28] "GET /doc-bearer/sale.order.json HTTP/1.1" 200 - 7 0.004 0.199
2026-10-08 07:10:28,871 54 INFO bench werkzeug: 127.0.0.1 - - [08/Oct/2026 07:10:28] "POST /json/2/sale.order/read HTTP/1.1" 200 - 4 0.002 0.007
2026-10-08 07:10:28,895 54 INFO bench werkzeug: 127.0.0.1 - - [08/Oct/2026 07:10:28] "POST /json/2/sale.order.line/search_read HTTP/1.1" 200 - 3 0.002 0.006
2026-10-08 07:10:28,919 54 INFO bench werkzeug: 127.0.0.1 - - [08/Oct/2026 07:10:28] "POST /json/2/sale.order/search HTTP/1.1" 200 - 3 0.002 0.006
2026-10-08 07:10:28,942 54 INFO bench werkzeug: 127.0.0.1 - - [08/Oct/2026 07:10:28] "POST /json/2/sale.order.line/search_read HTTP/1.1" 200 - 3 0.001 0.006
2026-10-08 07:10:29,171 54 INFO bench werkzeug: 127.0.0.1 - - [08/Oct/2026 07:10:29] "GET /doc-bearer/sale.order.json HTTP/1.1" 200 - 7 0.004 0.209
2026-10-08 07:10:29,204 54 INFO bench werkzeug: 127.0.0.1 - - [08/Oct/2026 07:10:29] "POST /json/2/sale.order/read HTTP/1.1" 200 - 3 0.001 0.006
2026-10-08 07:10:29,227 54 INFO bench werkzeug: 127.0.0.1 - - [08/Oct/2026 07:10:29] "POST /json/2/sale.order/search HTTP/1.1" 200 - 3 0.001 0.006
2026-10-08 07:10:29,503 54 INFO bench werkzeug: 127.0.0.1 - - [08/Oct/2026 07:10:29] "GET /doc-bearer/sale.order.json HTTP/1.1" 200 - 7 0.004 0.255
2026-10-08 07:10:29,531 54 INFO bench werkzeug: 127.0.0.1 - - [08/Oct/2026 07:10:29] "POST /json/2/sale.order/read HTTP/1.1" 200 - 4 0.002 0.007
2026-10-08 07:10:29,555 54 INFO bench werkzeug: 127.0.0.1 - - [08/Oct/2026 07:10:29] "POST /json/2/sale.order.line/search_read HTTP/1.1" 200 - 3 0.002 0.006
2026-10-08 07:10:29,578 54 INFO bench werkzeug: 127.0.0.1 - - [08/Oct/2026 07:10:29] "POST /json/2/sale.order/search HTTP/1.1" 200 - 3 0.002 0.006
2026-10-08 07:10:29,601 54 INFO bench werkzeug: 127.0.0.1 - - [08/Oct/2026 07:10:29] "POST /json/2/sale.order.line/search_read HTTP/1.1" 200 - 3 0.002 0.006
2026-10-08 07:10:29,822 54 INFO bench werkzeug: 127.0.0.1 - - [08/Oct/2026 07:10:29] "GET /doc-bearer/sale.order.json HTTP/1.1" 200 - 7 0.004 0.201
2026-10-08 07:10:29,851 54 INFO bench werkzeug: 127.0.0.1 - - [08/Oct/2026 07:10:29] "POST /json/2/sale.order/read HTTP/1.1" 200 - 3 0.002 0.006
2026-10-08 07:10:30,061 54 INFO bench werkzeug: 127.0.0.1 - - [08/Oct/2026 07:10:30] "GET /doc-bearer/mrp.production.json HTTP/1.1" 200 - 6 0.003 0.191
2026-10-08 07:10:30,087 54 INFO bench werkzeug: 127.0.0.1 - - [08/Oct/2026 07:10:30] "POST /json/2/mrp.production/read HTTP/1.1" 200 - 3 0.002 0.006
2026-10-08 07:10:30,109 54 INFO bench werkzeug: 127.0.0.1 - - [08/Oct/2026 07:10:30] "POST /json/2/mrp.production/read HTTP/1.1" 200 - 3 0.001 0.005
2026-10-08 07:10:30,129 54 INFO bench werkzeug: 127.0.0.1 - - [08/Oct/2026 07:10:30] "POST /json/2/mrp.production/read HTTP/1.1" 200 - 3 0.001 0.005
2026-10-08 07:10:30,151 54 INFO bench werkzeug: 127.0.0.1 - - [08/Oct/2026 07:10:30] "POST /json/2/mrp.production/search HTTP/1.1" 200 - 3 0.001 0.005
2026-10-08 07:10:30,364 54 INFO bench werkzeug: 127.0.0.1 - - [08/Oct/2026 07:10:30] "GET /doc-bearer/mrp.production.json HTTP/1.1" 200 - 6 0.003 0.194
2026-10-08 07:10:30,392 54 INFO bench werkzeug: 127.0.0.1 - - [08/Oct/2026 07:10:30] "POST /json/2/mrp.production/read HTTP/1.1" 200 - 3 0.002 0.006
2026-10-08 07:10:30,419 54 INFO bench werkzeug: 127.0.0.1 - - [08/Oct/2026 07:10:30] "POST /json/2/mrp.workorder/search HTTP/1.1" 200 - 3 0.002 0.006
2026-10-08 07:10:30,621 54 INFO bench werkzeug: 127.0.0.1 - - [08/Oct/2026 07:10:30] "GET /doc-bearer/mrp.workorder.json HTTP/1.1" 200 - 5 0.003 0.182
2026-10-08 07:10:30,646 54 INFO bench werkzeug: 127.0.0.1 - - [08/Oct/2026 07:10:30] "POST /json/2/mrp.workorder/read HTTP/1.1" 200 - 4 0.002 0.006
2026-10-08 07:10:30,672 54 INFO bench werkzeug: 127.0.0.1 - - [08/Oct/2026 07:10:30] "POST /json/2/mrp.production/read HTTP/1.1" 200 - 3 0.002 0.007
2026-10-08 07:10:30,696 54 INFO bench werkzeug: 127.0.0.1 - - [08/Oct/2026 07:10:30] "POST /json/2/mrp.workorder/search HTTP/1.1" 200 - 3 0.001 0.006
2026-10-08 07:10:30,846 54 INFO bench werkzeug: 127.0.0.1 - - [08/Oct/2026 07:10:30] "GET /doc-bearer/mrp.workorder.json HTTP/1.1" 200 - 5 0.002 0.131
2026-10-08 07:10:30,876 54 INFO bench werkzeug: 127.0.0.1 - - [08/Oct/2026 07:10:30] "POST /json/2/mrp.workorder/read HTTP/1.1" 200 - 4 0.002 0.007
2026-10-08 07:10:30,899 54 INFO bench werkzeug: 127.0.0.1 - - [08/Oct/2026 07:10:30] "POST /json/2/mrp.production/read HTTP/1.1" 200 - 3 0.001 0.006
2026-10-08 07:10:30,923 54 INFO bench werkzeug: 127.0.0.1 - - [08/Oct/2026 07:10:30] "POST /json/2/mrp.workorder/search HTTP/1.1" 200 - 3 0.002 0.006
2026-10-08 07:10:31,062 54 INFO bench werkzeug: 127.0.0.1 - - [08/Oct/2026 07:10:31] "GET /doc-bearer/mrp.workorder.json HTTP/1.1" 200 - 5 0.003 0.121
2026-10-08 07:10:31,088 54 INFO bench werkzeug: 127.0.0.1 - - [08/Oct/2026 07:10:31] "POST /json/2/mrp.workorder/read HTTP/1.1" 200 - 4 0.002 0.006
2026-10-08 07:10:31,112 54 INFO bench werkzeug: 127.0.0.1 - - [08/Oct/2026 07:10:31] "POST /json/2/mrp.production/read HTTP/1.1" 200 - 3 0.001 0.006
2026-10-08 07:10:31,136 54 INFO bench werkzeug: 127.0.0.1 - - [08/Oct/2026 07:10:31] "POST /json/2/mrp.workorder/search HTTP/1.1" 200 - 3 0.001 0.005
2026-10-08 07:10:31,291 54 INFO bench werkzeug: 127.0.0.1 - - [08/Oct/2026 07:10:31] "GET /doc-bearer/mrp.workorder.json HTTP/1.1" 200 - 5 0.002 0.137
2026-10-08 07:10:31,322 54 INFO bench werkzeug: 127.0.0.1 - - [08/Oct/2026 07:10:31] "POST /json/2/mrp.workorder/read HTTP/1.1" 200 - 4 0.002 0.006
2026-10-08 07:10:31,345 54 INFO bench werkzeug: 127.0.0.1 - - [08/Oct/2026 07:10:31] "POST /json/2/mrp.production/read HTTP/1.1" 200 - 3 0.002 0.006
2026-10-08 07:10:31,369 54 INFO bench werkzeug: 127.0.0.1 - - [08/Oct/2026 07:10:31] "POST /json/2/mrp.workorder/search HTTP/1.1" 200 - 3 0.002 0.006
2026-10-08 07:10:31,520 54 INFO bench werkzeug: 127.0.0.1 - - [08/Oct/2026 07:10:31] "GET /doc-bearer/mrp.workorder.json HTTP/1.1" 200 - 5 0.002 0.132
2026-10-08 07:10:31,545 54 INFO bench werkzeug: 127.0.0.1 - - [08/Oct/2026 07:10:31] "POST /json/2/mrp.workorder/read HTTP/1.1" 200 - 4 0.002 0.006
2026-10-08 07:10:31,569 54 INFO bench werkzeug: 127.0.0.1 - - [08/Oct/2026 07:10:31] "POST /json/2/mrp.production/search HTTP/1.1" 200 - 3 0.002 0.006
2026-10-08 07:10:31,595 54 INFO bench werkzeug: 127.0.0.1 - - [08/Oct/2026 07:10:31] "POST /json/2/mrp.production/search HTTP/1.1" 200 - 3 0.002 0.006
2026-10-08 07:10:31,619 54 INFO bench werkzeug: 127.0.0.1 - - [08/Oct/2026 07:10:31] "POST /json/2/mrp.production/search HTTP/1.1" 200 - 3 0.002 0.005
2026-10-08 07:10:31,643 54 INFO bench werkzeug: 127.0.0.1 - - [08/Oct/2026 07:10:31] "POST /json/2/mrp.production/search HTTP/1.1" 200 - 3 0.002 0.006
2026-10-08 07:10:31,665 54 INFO bench werkzeug: 127.0.0.1 - - [08/Oct/2026 07:10:31] "POST /json/2/mrp.production/search HTTP/1.1" 200 - 3 0.002 0.006
2026-10-08 07:10:31,688 54 INFO bench werkzeug: 127.0.0.1 - - [08/Oct/2026 07:10:31] "POST /json/2/mrp.production/search HTTP/1.1" 200 - 3 0.002 0.005
2026-10-08 07:10:31,712 54 INFO bench werkzeug: 127.0.0.1 - - [08/Oct/2026 07:10:31] "POST /json/2/mrp.production/search HTTP/1.1" 200 - 3 0.001 0.006
2026-10-08 07:10:31,734 54 INFO bench werkzeug: 127.0.0.1 - - [08/Oct/2026 07:10:31] "POST /json/2/mrp.production/search HTTP/1.1" 200 - 3 0.001 0.005
2026-10-08 07:10:31,766 54 INFO bench werkzeug: 127.0.0.1 - - [08/Oct/2026 07:10:31] "POST /json/2/mrp.production/search HTTP/1.1" 200 - 3 0.001 0.006
2026-10-08 07:10:31,788 54 INFO bench werkzeug: 127.0.0.1 - - [08/Oct/2026 07:10:31] "POST /json/2/mrp.production/search HTTP/1.1" 200 - 3 0.002 0.006
2026-10-08 07:10:31,813 54 INFO bench werkzeug: 127.0.0.1 - - [08/Oct/2026 07:10:31] "POST /json/2/sale.order/search HTTP/1.1" 200 - 3 0.001 0.005
2026-10-08 07:10:32,079 54 INFO bench werkzeug: 127.0.0.1 - - [08/Oct/2026 07:10:32] "GET /doc-bearer/sale.order.json HTTP/1.1" 200 - 7 0.004 0.246
2026-10-08 07:10:32,108 54 INFO bench werkzeug: 127.0.0.1 - - [08/Oct/2026 07:10:32] "POST /json/2/sale.order/read HTTP/1.1" 200 - 4 0.002 0.006
2026-10-08 07:10:32,132 54 INFO bench werkzeug: 127.0.0.1 - - [08/Oct/2026 07:10:32] "POST /json/2/sale.order.line/search_read HTTP/1.1" 200 - 3 0.001 0.006
2026-10-08 07:10:32,156 54 INFO bench werkzeug: 127.0.0.1 - - [08/Oct/2026 07:10:32] "POST /json/2/sale.order/search HTTP/1.1" 200 - 3 0.002 0.006
2026-10-08 07:10:32,368 54 INFO bench werkzeug: 127.0.0.1 - - [08/Oct/2026 07:10:32] "GET /doc-bearer/sale.order.json HTTP/1.1" 200 - 7 0.004 0.191
2026-10-08 07:10:32,396 54 INFO bench werkzeug: 127.0.0.1 - - [08/Oct/2026 07:10:32] "POST /json/2/sale.order/read HTTP/1.1" 200 - 4 0.002 0.006
2026-10-08 07:10:32,418 54 INFO bench werkzeug: 127.0.0.1 - - [08/Oct/2026 07:10:32] "POST /json/2/sale.order.line/search_read HTTP/1.1" 200 - 3 0.002 0.006
2026-10-08 07:10:32,441 54 INFO bench werkzeug: 127.0.0.1 - - [08/Oct/2026 07:10:32] "POST /json/2/sale.order/search HTTP/1.1" 200 - 3 0.001 0.005
2026-10-08 07:10:32,646 54 INFO bench werkzeug: 127.0.0.1 - - [08/Oct/2026 07:10:32] "GET /doc-bearer/sale.order.json HTTP/1.1" 200 - 7 0.003 0.186
2026-10-08 07:10:32,676 54 INFO bench werkzeug: 127.0.0.1 - - [08/Oct/2026 07:10:32] "POST /json/2/sale.order/read HTTP/1.1" 200 - 4 0.002 0.006
2026-10-08 07:10:32,698 54 INFO bench werkzeug: 127.0.0.1 - - [08/Oct/2026 07:10:32] "POST /json/2/sale.order.line/search_read HTTP/1.1" 200 - 3 0.002 0.006
2026-10-08 07:10:32,721 54 INFO bench werkzeug: 127.0.0.1 - - [08/Oct/2026 07:10:32] "POST /json/2/sale.order/search HTTP/1.1" 200 - 3 0.002 0.005
2026-10-08 07:10:32,967 54 INFO bench werkzeug: 127.0.0.1 - - [08/Oct/2026 07:10:32] "GET /doc-bearer/sale.order.json HTTP/1.1" 200 - 7 0.003 0.226
2026-10-08 07:10:32,995 54 INFO bench werkzeug: 127.0.0.1 - - [08/Oct/2026 07:10:32] "POST /json/2/sale.order/read HTTP/1.1" 200 - 4 0.002 0.006
2026-10-08 07:10:33,018 54 INFO bench werkzeug: 127.0.0.1 - - [08/Oct/2026 07:10:33] "POST /json/2/sale.order.line/search_read HTTP/1.1" 200 - 3 0.001 0.006
2026-10-08 07:10:33,042 54 INFO bench werkzeug: 127.0.0.1 - - [08/Oct/2026 07:10:33] "POST /json/2/sale.order/search HTTP/1.1" 200 - 3 0.002 0.006
2026-10-08 07:10:33,271 54 INFO bench werkzeug: 127.0.0.1 - - [08/Oct/2026 07:10:33] "GET /doc-bearer/sale.order.json HTTP/1.1" 200 - 7 0.004 0.209
2026-10-08 07:10:33,304 54 INFO bench werkzeug: 127.0.0.1 - - [08/Oct/2026 07:10:33] "POST /json/2/sale.order/read HTTP/1.1" 200 - 4 0.002 0.007
2026-10-08 07:10:33,328 54 INFO bench werkzeug: 127.0.0.1 - - [08/Oct/2026 07:10:33] "POST /json/2/sale.order.line/search_read HTTP/1.1" 200 - 3 0.002 0.006
2026-10-08 07:10:33,350 54 INFO bench werkzeug: 127.0.0.1 - - [08/Oct/2026 07:10:33] "POST /json/2/sale.order/search HTTP/1.1" 200 - 3 0.001 0.005
2026-10-08 07:10:33,558 54 INFO bench werkzeug: 127.0.0.1 - - [08/Oct/2026 07:10:33] "GET /doc-bearer/sale.order.json HTTP/1.1" 200 - 7 0.004 0.188
2026-10-08 07:10:33,585 54 INFO bench werkzeug: 127.0.0.1 - - [08/Oct/2026 07:10:33] "POST /json/2/sale.order/read HTTP/1.1" 200 - 4 0.002 0.006
2026-10-08 07:10:33,608 54 INFO bench werkzeug: 127.0.0.1 - - [08/Oct/2026 07:10:33] "POST /json/2/sale.order.line/search_read HTTP/1.1" 200 - 3 0.002 0.006
2026-10-08 07:10:33,632 54 INFO bench werkzeug: 127.0.0.1 - - [08/Oct/2026 07:10:33] "POST /json/2/sale.order/search HTTP/1.1" 200 - 3 0.001 0.005
2026-10-08 07:10:33,879 54 INFO bench werkzeug: 127.0.0.1 - - [08/Oct/2026 07:10:33] "GET /doc-bearer/sale.order.json HTTP/1.1" 200 - 7 0.003 0.228
2026-10-08 07:10:33,909 54 INFO bench werkzeug: 127.0.0.1 - - [08/Oct/2026 07:10:33] "POST /json/2/sale.order/read HTTP/1.1" 200 - 4 0.002 0.007
2026-10-08 07:10:33,932 54 INFO bench werkzeug: 127.0.0.1 - - [08/Oct/2026 07:10:33] "POST /json/2/sale.order.line/search_read HTTP/1.1" 200 - 3 0.002 0.006
2026-10-08 07:10:33,956 54 INFO bench werkzeug: 127.0.0.1 - - [08/Oct/2026 07:10:33] "POST /json/2/sale.order/search HTTP/1.1" 200 - 3 0.002 0.006
2026-10-08 07:10:34,184 54 INFO bench werkzeug: 127.0.0.1 - - [08/Oct/2026 07:10:34] "GET /doc-bearer/sale.order.json HTTP/1.1" 200 - 7 0.003 0.207
2026-10-08 07:10:34,215 54 INFO bench werkzeug: 127.0.0.1 - - [08/Oct/2026 07:10:34] "POST /json/2/sale.order/read HTTP/1.1" 200 - 4 0.002 0.008
2026-10-08 07:10:34,240 54 INFO bench werkzeug: 127.0.0.1 - - [08/Oct/2026 07:10:34] "POST /json/2/sale.order.line/search_read HTTP/1.1" 200 - 3 0.002 0.006
2026-10-08 07:10:34,264 54 INFO bench werkzeug: 127.0.0.1 - - [08/Oct/2026 07:10:34] "POST /json/2/sale.order/search HTTP/1.1" 200 - 3 0.002 0.006
2026-10-08 07:10:34,479 54 INFO bench werkzeug: 127.0.0.1 - - [08/Oct/2026 07:10:34] "GET /doc-bearer/sale.order.json HTTP/1.1" 200 - 7 0.003 0.195
2026-10-08 07:10:34,507 54 INFO bench werkzeug: 127.0.0.1 - - [08/Oct/2026 07:10:34] "POST /json/2/sale.order/read HTTP/1.1" 200 - 4 0.002 0.006
2026-10-08 07:10:34,530 54 INFO bench werkzeug: 127.0.0.1 - - [08/Oct/2026 07:10:34] "POST /json/2/sale.order.line/search_read HTTP/1.1" 200 - 3 0.001 0.005
2026-10-08 07:10:34,554 54 INFO bench werkzeug: 127.0.0.1 - - [08/Oct/2026 07:10:34] "POST /json/2/sale.order/search HTTP/1.1" 200 - 3 0.001 0.005
2026-10-08 07:10:34,816 54 INFO bench werkzeug: 127.0.0.1 - - [08/Oct/2026 07:10:34] "GET /doc-bearer/sale.order.json HTTP/1.1" 200 - 7 0.004 0.243
2026-10-08 07:10:34,846 54 INFO bench werkzeug: 127.0.0.1 - - [08/Oct/2026 07:10:34] "POST /json/2/sale.order/read HTTP/1.1" 200 - 4 0.002 0.007
2026-10-08 07:10:34,872 54 INFO bench werkzeug: 127.0.0.1 - - [08/Oct/2026 07:10:34] "POST /json/2/sale.order.line/search_read HTTP/1.1" 200 - 3 0.002 0.006
2026-10-08 07:10:34,898 54 INFO bench werkzeug: 127.0.0.1 - - [08/Oct/2026 07:10:34] "POST /json/2/sale.order/search HTTP/1.1" 200 - 3 0.002 0.006
2026-10-08 07:10:35,115 54 INFO bench werkzeug: 127.0.0.1 - - [08/Oct/2026 07:10:35] "GET /doc-bearer/sale.order.json HTTP/1.1" 200 - 7 0.003 0.198
2026-10-08 07:10:35,140 54 INFO bench werkzeug: 127.0.0.1 - - [08/Oct/2026 07:10:35] "POST /json/2/sale.order/read HTTP/1.1" 200 - 4 0.002 0.006
2026-10-08 07:10:35,162 54 INFO bench werkzeug: 127.0.0.1 - - [08/Oct/2026 07:10:35] "POST /json/2/sale.order.line/search_read HTTP/1.1" 200 - 3 0.001 0.005
2026-10-08 07:10:35,185 54 INFO bench werkzeug: 127.0.0.1 - - [08/Oct/2026 07:10:35] "POST /json/2/sale.order/search HTTP/1.1" 200 - 3 0.001 0.006
2026-10-08 07:10:35,406 54 INFO bench werkzeug: 127.0.0.1 - - [08/Oct/2026 07:10:35] "GET /doc-bearer/sale.order.json HTTP/1.1" 200 - 7 0.004 0.200
2026-10-08 07:10:35,436 54 INFO bench werkzeug: 127.0.0.1 - - [08/Oct/2026 07:10:35] "POST /json/2/sale.order/read HTTP/1.1" 200 - 4 0.002 0.007
2026-10-08 07:10:35,460 54 INFO bench werkzeug: 127.0.0.1 - - [08/Oct/2026 07:10:35] "POST /json/2/sale.order.line/search_read HTTP/1.1" 200 - 3 0.001 0.006
2026-10-08 07:10:35,486 54 INFO bench werkzeug: 127.0.0.1 - - [08/Oct/2026 07:10:35] "POST /json/2/purchase.order/search HTTP/1.1" 200 - 3 0.002 0.006
2026-10-08 07:10:35,765 54 INFO bench werkzeug: 127.0.0.1 - - [08/Oct/2026 07:10:35] "GET /doc-bearer/purchase.order.json HTTP/1.1" 200 - 5 0.003 0.258
2026-10-08 07:10:35,797 54 INFO bench werkzeug: 127.0.0.1 - - [08/Oct/2026 07:10:35] "POST /json/2/purchase.order/read HTTP/1.1" 200 - 4 0.002 0.007
2026-10-08 07:10:35,821 54 INFO bench werkzeug: 127.0.0.1 - - [08/Oct/2026 07:10:35] "POST /json/2/purchase.order.line/search HTTP/1.1" 200 - 3 0.001 0.006
2026-10-08 07:10:35,973 54 INFO bench werkzeug: 127.0.0.1 - - [08/Oct/2026 07:10:35] "GET /doc-bearer/purchase.order.line.json HTTP/1.1" 200 - 6 0.003 0.133
2026-10-08 07:10:35,999 54 INFO bench werkzeug: 127.0.0.1 - - [08/Oct/2026 07:10:35] "POST /json/2/purchase.order.line/read HTTP/1.1" 200 - 6 0.003 0.007
2026-10-08 07:10:36,023 54 INFO bench werkzeug: 127.0.0.1 - - [08/Oct/2026 07:10:36] "POST /json/2/purchase.order/read HTTP/1.1" 200 - 4 0.002 0.006
2026-10-08 07:10:36,046 54 INFO bench werkzeug: 127.0.0.1 - - [08/Oct/2026 07:10:36] "POST /json/2/purchase.order.line/search HTTP/1.1" 200 - 3 0.002 0.005
2026-10-08 07:10:36,073 54 INFO bench werkzeug: 127.0.0.1 - - [08/Oct/2026 07:10:36] "POST /json/2/purchase.order.line/read HTTP/1.1" 200 - 6 0.004 0.008
2026-10-08 07:10:36,100 54 INFO bench werkzeug: 127.0.0.1 - - [08/Oct/2026 07:10:36] "POST /json/2/purchase.order/read HTTP/1.1" 200 - 4 0.002 0.007
2026-10-08 07:10:36,123 54 INFO bench werkzeug: 127.0.0.1 - - [08/Oct/2026 07:10:36] "POST /json/2/purchase.order.line/search HTTP/1.1" 200 - 3 0.001 0.006
2026-10-08 07:10:36,151 54 INFO bench werkzeug: 127.0.0.1 - - [08/Oct/2026 07:10:36] "POST /json/2/purchase.order.line/read HTTP/1.1" 200 - 6 0.003 0.007
2026-10-08 07:10:36,178 54 INFO bench werkzeug: 127.0.0.1 - - [08/Oct/2026 07:10:36] "POST /json/2/purchase.order/read HTTP/1.1" 200 - 4 0.002 0.006
2026-10-08 07:10:36,202 54 INFO bench werkzeug: 127.0.0.1 - - [08/Oct/2026 07:10:36] "POST /json/2/purchase.order.line/search HTTP/1.1" 200 - 3 0.001 0.006
2026-10-08 07:10:36,236 54 INFO bench werkzeug: 127.0.0.1 - - [08/Oct/2026 07:10:36] "POST /json/2/purchase.order.line/read HTTP/1.1" 200 - 6 0.003 0.007
2026-10-08 07:10:36,260 54 INFO bench werkzeug: 127.0.0.1 - - [08/Oct/2026 07:10:36] "POST /json/2/purchase.order/read HTTP/1.1" 200 - 4 0.002 0.006
2026-10-08 07:10:36,284 54 INFO bench werkzeug: 127.0.0.1 - - [08/Oct/2026 07:10:36] "POST /json/2/purchase.order.line/search HTTP/1.1" 200 - 3 0.002 0.006
2026-10-08 07:10:36,311 54 INFO bench werkzeug: 127.0.0.1 - - [08/Oct/2026 07:10:36] "POST /json/2/purchase.order.line/read HTTP/1.1" 200 - 6 0.003 0.007
2026-10-08 07:10:36,337 54 INFO bench werkzeug: 127.0.0.1 - - [08/Oct/2026 07:10:36] "POST /json/2/purchase.order/read HTTP/1.1" 200 - 4 0.003 0.007
2026-10-08 07:10:36,359 54 INFO bench werkzeug: 127.0.0.1 - - [08/Oct/2026 07:10:36] "POST /json/2/purchase.order.line/search HTTP/1.1" 200 - 3 0.002 0.006
2026-10-08 07:10:36,388 54 INFO bench werkzeug: 127.0.0.1 - - [08/Oct/2026 07:10:36] "POST /json/2/purchase.order.line/read HTTP/1.1" 200 - 6 0.003 0.007
2026-10-08 07:10:36,411 54 INFO bench werkzeug: 127.0.0.1 - - [08/Oct/2026 07:10:36] "POST /json/2/purchase.order/read HTTP/1.1" 200 - 4 0.002 0.006
2026-10-08 07:10:36,434 54 INFO bench werkzeug: 127.0.0.1 - - [08/Oct/2026 07:10:36] "POST /json/2/purchase.order.line/search HTTP/1.1" 200 - 3 0.002 0.005
2026-10-08 07:10:36,461 54 INFO bench werkzeug: 127.0.0.1 - - [08/Oct/2026 07:10:36] "POST /json/2/purchase.order.line/read HTTP/1.1" 200 - 6 0.003 0.007
2026-10-08 07:10:36,487 54 INFO bench werkzeug: 127.0.0.1 - - [08/Oct/2026 07:10:36] "POST /json/2/purchase.order/read HTTP/1.1" 200 - 4 0.002 0.006
2026-10-08 07:10:36,510 54 INFO bench werkzeug: 127.0.0.1 - - [08/Oct/2026 07:10:36] "POST /json/2/purchase.order.line/search HTTP/1.1" 200 - 3 0.001 0.006
2026-10-08 07:10:36,544 54 INFO bench werkzeug: 127.0.0.1 - - [08/Oct/2026 07:10:36] "POST /json/2/purchase.order.line/read HTTP/1.1" 200 - 6 0.003 0.007
2026-10-08 07:10:36,570 54 INFO bench werkzeug: 127.0.0.1 - - [08/Oct/2026 07:10:36] "POST /json/2/purchase.order/read HTTP/1.1" 200 - 4 0.002 0.007
2026-10-08 07:10:36,592 54 INFO bench werkzeug: 127.0.0.1 - - [08/Oct/2026 07:10:36] "POST /json/2/purchase.order.line/search HTTP/1.1" 200 - 3 0.002 0.006
2026-10-08 07:10:36,616 54 INFO bench werkzeug: 127.0.0.1 - - [08/Oct/2026 07:10:36] "POST /json/2/purchase.order.line/read HTTP/1.1" 200 - 6 0.002 0.007
2026-10-08 07:10:36,641 54 INFO bench werkzeug: 127.0.0.1 - - [08/Oct/2026 07:10:36] "POST /json/2/purchase.order/read HTTP/1.1" 200 - 4 0.002 0.007
2026-10-08 07:10:36,664 54 INFO bench werkzeug: 127.0.0.1 - - [08/Oct/2026 07:10:36] "POST /json/2/purchase.order.line/search HTTP/1.1" 200 - 3 0.002 0.005
2026-10-08 07:10:36,690 54 INFO bench werkzeug: 127.0.0.1 - - [08/Oct/2026 07:10:36] "POST /json/2/purchase.order.line/read HTTP/1.1" 200 - 6 0.003 0.008
2026-10-08 07:10:36,715 54 INFO bench werkzeug: 127.0.0.1 - - [08/Oct/2026 07:10:36] "POST /json/2/purchase.order/read HTTP/1.1" 200 - 4 0.002 0.006
2026-10-08 07:10:36,737 54 INFO bench werkzeug: 127.0.0.1 - - [08/Oct/2026 07:10:36] "POST /json/2/purchase.order.line/search HTTP/1.1" 200 - 3 0.002 0.006
2026-10-08 07:10:36,766 54 INFO bench werkzeug: 127.0.0.1 - - [08/Oct/2026 07:10:36] "POST /json/2/purchase.order.line/read HTTP/1.1" 200 - 6 0.003 0.008
2026-10-08 07:10:36,790 54 INFO bench werkzeug: 127.0.0.1 - - [08/Oct/2026 07:10:36] "POST /json/2/purchase.order/read HTTP/1.1" 200 - 4 0.002 0.006
2026-10-08 07:10:36,814 54 INFO bench werkzeug: 127.0.0.1 - - [08/Oct/2026 07:10:36] "POST /json/2/purchase.order.line/search HTTP/1.1" 200 - 3 0.002 0.006
2026-10-08 07:10:36,839 54 INFO bench werkzeug: 127.0.0.1 - - [08/Oct/2026 07:10:36] "POST /json/2/purchase.order.line/read HTTP/1.1" 200 - 6 0.003 0.007
2026-10-08 07:10:36,875 54 INFO bench werkzeug: 127.0.0.1 - - [08/Oct/2026 07:10:36] "POST /json/2/purchase.order/read HTTP/1.1" 200 - 4 0.003 0.007
2026-10-08 07:10:36,899 54 INFO bench werkzeug: 127.0.0.1 - - [08/Oct/2026 07:10:36] "POST /json/2/purchase.order.line/search HTTP/1.1" 200 - 3 0.002 0.006
2026-10-08 07:10:36,925 54 INFO bench werkzeug: 127.0.0.1 - - [08/Oct/2026 07:10:36] "POST /json/2/purchase.order.line/read HTTP/1.1" 200 - 6 0.003 0.007
2026-10-08 07:10:36,952 54 INFO bench werkzeug: 127.0.0.1 - - [08/Oct/2026 07:10:36] "POST /json/2/purchase.order/read HTTP/1.1" 200 - 4 0.002 0.007
2026-10-08 07:10:36,977 54 INFO bench werkzeug: 127.0.0.1 - - [08/Oct/2026 07:10:36] "POST /json/2/purchase.order.line/search HTTP/1.1" 200 - 3 0.002 0.005
2026-10-08 07:10:37,003 54 INFO bench werkzeug: 127.0.0.1 - - [08/Oct/2026 07:10:37] "POST /json/2/purchase.order.line/read HTTP/1.1" 200 - 6 0.003 0.007
2026-10-08 07:10:37,029 54 INFO bench werkzeug: 127.0.0.1 - - [08/Oct/2026 07:10:37] "POST /json/2/purchase.order/read HTTP/1.1" 200 - 4 0.002 0.007
2026-10-08 07:10:37,053 54 INFO bench werkzeug: 127.0.0.1 - - [08/Oct/2026 07:10:37] "POST /json/2/purchase.order.line/search HTTP/1.1" 200 - 3 0.002 0.006
2026-10-08 07:10:37,078 54 INFO bench werkzeug: 127.0.0.1 - - [08/Oct/2026 07:10:37] "POST /json/2/purchase.order.line/read HTTP/1.1" 200 - 6 0.003 0.007
2026-10-08 07:10:37,101 54 INFO bench werkzeug: 127.0.0.1 - - [08/Oct/2026 07:10:37] "POST /json/2/purchase.order/read HTTP/1.1" 200 - 4 0.002 0.006
2026-10-08 07:10:37,124 54 INFO bench werkzeug: 127.0.0.1 - - [08/Oct/2026 07:10:37] "POST /json/2/purchase.order.line/search HTTP/1.1" 200 - 3 0.001 0.006
2026-10-08 07:10:37,150 54 INFO bench werkzeug: 127.0.0.1 - - [08/Oct/2026 07:10:37] "POST /json/2/purchase.order.line/read HTTP/1.1" 200 - 6 0.003 0.007
2026-10-08 07:10:37,173 54 INFO bench werkzeug: 127.0.0.1 - - [08/Oct/2026 07:10:37] "POST /json/2/purchase.order/read HTTP/1.1" 200 - 4 0.002 0.006
2026-10-08 07:10:37,196 54 INFO bench werkzeug: 127.0.0.1 - - [08/Oct/2026 07:10:37] "POST /json/2/purchase.order.line/search HTTP/1.1" 200 - 3 0.002 0.005
2026-10-08 07:10:37,234 54 INFO bench werkzeug: 127.0.0.1 - - [08/Oct/2026 07:10:37] "POST /json/2/purchase.order.line/read HTTP/1.1" 200 - 6 0.003 0.007
2026-10-08 07:10:37,258 54 INFO bench werkzeug: 127.0.0.1 - - [08/Oct/2026 07:10:37] "POST /json/2/purchase.order/read HTTP/1.1" 200 - 4 0.002 0.007
2026-10-08 07:10:37,281 54 INFO bench werkzeug: 127.0.0.1 - - [08/Oct/2026 07:10:37] "POST /json/2/purchase.order.line/search HTTP/1.1" 200 - 3 0.002 0.005
2026-10-08 07:10:37,307 54 INFO bench werkzeug: 127.0.0.1 - - [08/Oct/2026 07:10:37] "POST /json/2/purchase.order.line/read HTTP/1.1" 200 - 6 0.003 0.007
2026-10-08 07:10:37,331 54 INFO bench werkzeug: 127.0.0.1 - - [08/Oct/2026 07:10:37] "POST /json/2/purchase.order/read HTTP/1.1" 200 - 4 0.002 0.007
2026-10-08 07:10:37,355 54 INFO bench werkzeug: 127.0.0.1 - - [08/Oct/2026 07:10:37] "POST /json/2/purchase.order.line/search HTTP/1.1" 200 - 3 0.002 0.005
2026-10-08 07:10:37,381 54 INFO bench werkzeug: 127.0.0.1 - - [08/Oct/2026 07:10:37] "POST /json/2/purchase.order.line/read HTTP/1.1" 200 - 6 0.003 0.007
2026-10-08 07:10:37,405 54 INFO bench werkzeug: 127.0.0.1 - - [08/Oct/2026 07:10:37] "POST /json/2/purchase.order/read HTTP/1.1" 200 - 4 0.002 0.006
2026-10-08 07:10:37,428 54 INFO bench werkzeug: 127.0.0.1 - - [08/Oct/2026 07:10:37] "POST /json/2/purchase.order.line/search HTTP/1.1" 200 - 3 0.002 0.006
2026-10-08 07:10:37,455 54 INFO bench werkzeug: 127.0.0.1 - - [08/Oct/2026 07:10:37] "POST /json/2/purchase.order.line/read HTTP/1.1" 200 - 6 0.003 0.007
2026-10-08 07:10:37,485 54 INFO bench werkzeug: 127.0.0.1 - - [08/Oct/2026 07:10:37] "POST /json/2/purchase.order/read HTTP/1.1" 200 - 4 0.002 0.012
2026-10-08 07:10:37,507 54 INFO bench werkzeug: 127.0.0.1 - - [08/Oct/2026 07:10:37] "POST /json/2/purchase.order.line/search HTTP/1.1" 200 - 3 0.002 0.005
2026-10-08 07:10:37,533 54 INFO bench werkzeug: 127.0.0.1 - - [08/Oct/2026 07:10:37] "POST /json/2/purchase.order.line/read HTTP/1.1" 200 - 6 0.003 0.007
2026-10-08 07:10:37,566 54 INFO bench werkzeug: 127.0.0.1 - - [08/Oct/2026 07:10:37] "POST /json/2/purchase.order/read HTTP/1.1" 200 - 4 0.002 0.006
2026-10-08 07:10:37,589 54 INFO bench werkzeug: 127.0.0.1 - - [08/Oct/2026 07:10:37] "POST /json/2/purchase.order.line/search HTTP/1.1" 200 - 3 0.002 0.006
2026-10-08 07:10:37,617 54 INFO bench werkzeug: 127.0.0.1 - - [08/Oct/2026 07:10:37] "POST /json/2/purchase.order.line/read HTTP/1.1" 200 - 6 0.003 0.007
2026-10-08 07:10:37,640 54 INFO bench werkzeug: 127.0.0.1 - - [08/Oct/2026 07:10:37] "POST /json/2/sale.order/search HTTP/1.1" 200 - 3 0.001 0.006
2026-10-08 07:10:37,860 54 INFO bench werkzeug: 127.0.0.1 - - [08/Oct/2026 07:10:37] "GET /doc-bearer/sale.order.json HTTP/1.1" 200 - 7 0.004 0.199
2026-10-08 07:10:37,890 54 INFO bench werkzeug: 127.0.0.1 - - [08/Oct/2026 07:10:37] "POST /json/2/sale.order/read HTTP/1.1" 200 - 4 0.003 0.007
2026-10-08 07:10:37,912 54 INFO bench werkzeug: 127.0.0.1 - - [08/Oct/2026 07:10:37] "POST /json/2/sale.order.line/search_read HTTP/1.1" 200 - 3 0.001 0.005
2026-10-08 07:10:37,935 54 INFO bench werkzeug: 127.0.0.1 - - [08/Oct/2026 07:10:37] "POST /json/2/sale.order/read HTTP/1.1" 200 - 4 0.002 0.006
2026-10-08 07:10:37,958 54 INFO bench werkzeug: 127.0.0.1 - - [08/Oct/2026 07:10:37] "POST /json/2/sale.order.line/search_read HTTP/1.1" 200 - 3 0.001 0.006
2026-10-08 07:10:37,983 54 INFO bench werkzeug: 127.0.0.1 - - [08/Oct/2026 07:10:37] "POST /json/2/sale.order/read HTTP/1.1" 200 - 4 0.002 0.006
2026-10-08 07:10:38,007 54 INFO bench werkzeug: 127.0.0.1 - - [08/Oct/2026 07:10:38] "POST /json/2/sale.order.line/search_read HTTP/1.1" 200 - 3 0.001 0.006
2026-10-08 07:10:38,031 54 INFO bench werkzeug: 127.0.0.1 - - [08/Oct/2026 07:10:38] "POST /json/2/sale.order/read HTTP/1.1" 200 - 4 0.002 0.006
2026-10-08 07:10:38,055 54 INFO bench werkzeug: 127.0.0.1 - - [08/Oct/2026 07:10:38] "POST /json/2/sale.order.line/search_read HTTP/1.1" 200 - 3 0.002 0.006
2026-10-08 07:10:38,078 54 INFO bench werkzeug: 127.0.0.1 - - [08/Oct/2026 07:10:38] "POST /json/2/sale.order/read HTTP/1.1" 200 - 4 0.002 0.006
2026-10-08 07:10:38,099 54 INFO bench werkzeug: 127.0.0.1 - - [08/Oct/2026 07:10:38] "POST /json/2/sale.order.line/search_read HTTP/1.1" 200 - 3 0.002 0.006
2026-10-08 07:10:38,124 54 INFO bench werkzeug: 127.0.0.1 - - [08/Oct/2026 07:10:38] "POST /json/2/sale.order/read HTTP/1.1" 200 - 4 0.002 0.006
2026-10-08 07:10:38,147 54 INFO bench werkzeug: 127.0.0.1 - - [08/Oct/2026 07:10:38] "POST /json/2/sale.order.line/search_read HTTP/1.1" 200 - 3 0.001 0.005
2026-10-08 07:10:38,171 54 INFO bench werkzeug: 127.0.0.1 - - [08/Oct/2026 07:10:38] "POST /json/2/sale.order/read HTTP/1.1" 200 - 4 0.002 0.006
2026-10-08 07:10:38,201 54 INFO bench werkzeug: 127.0.0.1 - - [08/Oct/2026 07:10:38] "POST /json/2/sale.order.line/search_read HTTP/1.1" 200 - 3 0.002 0.006
2026-10-08 07:10:38,224 54 INFO bench werkzeug: 127.0.0.1 - - [08/Oct/2026 07:10:38] "POST /json/2/sale.order/read HTTP/1.1" 200 - 4 0.002 0.007
2026-10-08 07:10:38,248 54 INFO bench werkzeug: 127.0.0.1 - - [08/Oct/2026 07:10:38] "POST /json/2/sale.order.line/search_read HTTP/1.1" 200 - 3 0.002 0.006
2026-10-08 07:10:38,272 54 INFO bench werkzeug: 127.0.0.1 - - [08/Oct/2026 07:10:38] "POST /json/2/sale.order/read HTTP/1.1" 200 - 4 0.002 0.006
2026-10-08 07:10:38,295 54 INFO bench werkzeug: 127.0.0.1 - - [08/Oct/2026 07:10:38] "POST /json/2/sale.order.line/search_read HTTP/1.1" 200 - 3 0.001 0.006
2026-10-08 07:10:38,323 54 INFO bench werkzeug: 127.0.0.1 - - [08/Oct/2026 07:10:38] "POST /json/2/sale.order/read HTTP/1.1" 200 - 4 0.002 0.007
2026-10-08 07:10:38,347 54 INFO bench werkzeug: 127.0.0.1 - - [08/Oct/2026 07:10:38] "POST /json/2/sale.order.line/search_read HTTP/1.1" 200 - 3 0.002 0.006
2026-10-08 07:10:38,371 54 INFO bench werkzeug: 127.0.0.1 - - [08/Oct/2026 07:10:38] "POST /json/2/sale.order/read HTTP/1.1" 200 - 4 0.002 0.007
2026-10-08 07:10:38,395 54 INFO bench werkzeug: 127.0.0.1 - - [08/Oct/2026 07:10:38] "POST /json/2/sale.order.line/search_read HTTP/1.1" 200 - 3 0.002 0.006
2026-10-08 07:10:38,424 54 INFO bench werkzeug: 127.0.0.1 - - [08/Oct/2026 07:10:38] "POST /json/2/sale.order/read HTTP/1.1" 200 - 4 0.002 0.011
2026-10-08 07:10:38,449 54 INFO bench werkzeug: 127.0.0.1 - - [08/Oct/2026 07:10:38] "POST /json/2/sale.order.line/search_read HTTP/1.1" 200 - 3 0.002 0.005
2026-10-08 07:10:38,713 54 INFO bench werkzeug: 127.0.0.1 - - [08/Oct/2026 07:10:38] "GET /doc-bearer/purchase.order.json HTTP/1.1" 200 - 5 0.003 0.245
2026-10-08 07:10:38,748 54 INFO bench werkzeug: 127.0.0.1 - - [08/Oct/2026 07:10:38] "POST /json/2/purchase.order/read HTTP/1.1" 200 - 4 0.002 0.006
2026-10-08 07:10:38,773 54 INFO bench werkzeug: 127.0.0.1 - - [08/Oct/2026 07:10:38] "POST /json/2/purchase.order/read HTTP/1.1" 200 - 4 0.002 0.007
2026-10-08 07:10:38,798 54 INFO bench werkzeug: 127.0.0.1 - - [08/Oct/2026 07:10:38] "POST /json/2/purchase.order/read HTTP/1.1" 200 - 4 0.002 0.007
2026-10-08 07:10:38,825 54 INFO bench werkzeug: 127.0.0.1 - - [08/Oct/2026 07:10:38] "POST /json/2/purchase.order/read HTTP/1.1" 200 - 4 0.002 0.006
2026-10-08 07:10:38,848 54 INFO bench werkzeug: 127.0.0.1 - - [08/Oct/2026 07:10:38] "POST /json/2/purchase.order/search HTTP/1.1" 200 - 3 0.001 0.006
2026-10-08 07:10:39,064 54 INFO bench werkzeug: 127.0.0.1 - - [08/Oct/2026 07:10:39] "GET /doc-bearer/purchase.order.json HTTP/1.1" 200 - 5 0.003 0.196
2026-10-08 07:10:39,093 54 INFO bench werkzeug: 127.0.0.1 - - [08/Oct/2026 07:10:39] "POST /json/2/purchase.order/read HTTP/1.1" 200 - 4 0.002 0.006
2026-10-08 07:10:39,116 54 INFO bench werkzeug: 127.0.0.1 - - [08/Oct/2026 07:10:39] "POST /json/2/purchase.order.line/search HTTP/1.1" 200 - 3 0.002 0.006
2026-10-08 07:10:39,265 54 INFO bench werkzeug: 127.0.0.1 - - [08/Oct/2026 07:10:39] "GET /doc-bearer/purchase.order.line.json HTTP/1.1" 200 - 6 0.003 0.130
2026-10-08 07:10:39,292 54 INFO bench werkzeug: 127.0.0.1 - - [08/Oct/2026 07:10:39] "POST /json/2/purchase.order.line/read HTTP/1.1" 200 - 6 0.003 0.007
2026-10-08 07:10:39,316 54 INFO bench werkzeug: 127.0.0.1 - - [08/Oct/2026 07:10:39] "POST /json/2/purchase.order/read HTTP/1.1" 200 - 4 0.002 0.006
2026-10-08 07:10:39,338 54 INFO bench werkzeug: 127.0.0.1 - - [08/Oct/2026 07:10:39] "POST /json/2/purchase.order.line/search HTTP/1.1" 200 - 3 0.002 0.005
2026-10-08 07:10:39,365 54 INFO bench werkzeug: 127.0.0.1 - - [08/Oct/2026 07:10:39] "POST /json/2/purchase.order.line/read HTTP/1.1" 200 - 6 0.003 0.007
2026-10-08 07:10:39,390 54 INFO bench werkzeug: 127.0.0.1 - - [08/Oct/2026 07:10:39] "POST /json/2/purchase.order/read HTTP/1.1" 200 - 4 0.002 0.007
2026-10-08 07:10:39,412 54 INFO bench werkzeug: 127.0.0.1 - - [08/Oct/2026 07:10:39] "POST /json/2/purchase.order.line/search HTTP/1.1" 200 - 3 0.001 0.005
2026-10-08 07:10:39,439 54 INFO bench werkzeug: 127.0.0.1 - - [08/Oct/2026 07:10:39] "POST /json/2/purchase.order.line/read HTTP/1.1" 200 - 6 0.003 0.007
2026-10-08 07:10:39,464 54 INFO bench werkzeug: 127.0.0.1 - - [08/Oct/2026 07:10:39] "POST /json/2/purchase.order/read HTTP/1.1" 200 - 4 0.003 0.006
2026-10-08 07:10:39,486 54 INFO bench werkzeug: 127.0.0.1 - - [08/Oct/2026 07:10:39] "POST /json/2/purchase.order.line/search HTTP/1.1" 200 - 3 0.002 0.006
2026-10-08 07:10:39,513 54 INFO bench werkzeug: 127.0.0.1 - - [08/Oct/2026 07:10:39] "POST /json/2/purchase.order.line/read HTTP/1.1" 200 - 6 0.003 0.007
2026-10-08 07:10:39,546 54 INFO bench werkzeug: 127.0.0.1 - - [08/Oct/2026 07:10:39] "POST /json/2/purchase.order/read HTTP/1.1" 200 - 4 0.002 0.006
2026-10-08 07:10:39,572 54 INFO bench werkzeug: 127.0.0.1 - - [08/Oct/2026 07:10:39] "POST /json/2/purchase.order.line/search HTTP/1.1" 200 - 3 0.001 0.006
2026-10-08 07:10:39,597 54 INFO bench werkzeug: 127.0.0.1 - - [08/Oct/2026 07:10:39] "POST /json/2/purchase.order.line/read HTTP/1.1" 200 - 6 0.003 0.007
2026-10-08 07:10:39,623 54 INFO bench werkzeug: 127.0.0.1 - - [08/Oct/2026 07:10:39] "POST /json/2/purchase.order/read HTTP/1.1" 200 - 4 0.002 0.007
2026-10-08 07:10:39,647 54 INFO bench werkzeug: 127.0.0.1 - - [08/Oct/2026 07:10:39] "POST /json/2/purchase.order.line/search HTTP/1.1" 200 - 3 0.002 0.006
2026-10-08 07:10:39,674 54 INFO bench werkzeug: 127.0.0.1 - - [08/Oct/2026 07:10:39] "POST /json/2/purchase.order.line/read HTTP/1.1" 200 - 6 0.003 0.007
2026-10-08 07:10:39,700 54 INFO bench werkzeug: 127.0.0.1 - - [08/Oct/2026 07:10:39] "POST /json/2/purchase.order/read HTTP/1.1" 200 - 4 0.002 0.006
2026-10-08 07:10:39,725 54 INFO bench werkzeug: 127.0.0.1 - - [08/Oct/2026 07:10:39] "POST /json/2/purchase.order.line/search HTTP/1.1" 200 - 3 0.002 0.006
2026-10-08 07:10:39,751 54 INFO bench werkzeug: 127.0.0.1 - - [08/Oct/2026 07:10:39] "POST /json/2/purchase.order.line/read HTTP/1.1" 200 - 6 0.003 0.007
2026-10-08 07:10:39,775 54 INFO bench werkzeug: 127.0.0.1 - - [08/Oct/2026 07:10:39] "POST /json/2/purchase.order/read HTTP/1.1" 200 - 4 0.002 0.006
2026-10-08 07:10:39,797 54 INFO bench werkzeug: 127.0.0.1 - - [08/Oct/2026 07:10:39] "POST /json/2/purchase.order.line/search HTTP/1.1" 200 - 3 0.001 0.005
2026-10-08 07:10:39,823 54 INFO bench werkzeug: 127.0.0.1 - - [08/Oct/2026 07:10:39] "POST /json/2/purchase.order.line/read HTTP/1.1" 200 - 6 0.003 0.007
2026-10-08 07:10:39,848 54 INFO bench werkzeug: 127.0.0.1 - - [08/Oct/2026 07:10:39] "POST /json/2/purchase.order/read HTTP/1.1" 200 - 4 0.002 0.007
2026-10-08 07:10:39,883 54 INFO bench werkzeug: 127.0.0.1 - - [08/Oct/2026 07:10:39] "POST /json/2/purchase.order.line/search HTTP/1.1" 200 - 3 0.002 0.005
2026-10-08 07:10:39,908 54 INFO bench werkzeug: 127.0.0.1 - - [08/Oct/2026 07:10:39] "POST /json/2/purchase.order.line/read HTTP/1.1" 200 - 6 0.003 0.007
2026-10-08 07:10:39,933 54 INFO bench werkzeug: 127.0.0.1 - - [08/Oct/2026 07:10:39] "POST /json/2/purchase.order/read HTTP/1.1" 200 - 4 0.002 0.006
2026-10-08 07:10:39,956 54 INFO bench werkzeug: 127.0.0.1 - - [08/Oct/2026 07:10:39] "POST /json/2/purchase.order.line/search HTTP/1.1" 200 - 3 0.001 0.005
2026-10-08 07:10:39,982 54 INFO bench werkzeug: 127.0.0.1 - - [08/Oct/2026 07:10:39] "POST /json/2/purchase.order.line/read HTTP/1.1" 200 - 6 0.003 0.007
2026-10-08 07:10:40,006 54 INFO bench werkzeug: 127.0.0.1 - - [08/Oct/2026 07:10:40] "POST /json/2/purchase.order/read HTTP/1.1" 200 - 4 0.002 0.006
2026-10-08 07:10:40,030 54 INFO bench werkzeug: 127.0.0.1 - - [08/Oct/2026 07:10:40] "POST /json/2/purchase.order.line/search HTTP/1.1" 200 - 3 0.002 0.006
2026-10-08 07:10:40,056 54 INFO bench werkzeug: 127.0.0.1 - - [08/Oct/2026 07:10:40] "POST /json/2/purchase.order.line/read HTTP/1.1" 200 - 6 0.003 0.007
2026-10-08 07:10:40,088 54 INFO bench werkzeug: 127.0.0.1 - - [08/Oct/2026 07:10:40] "POST /json/2/purchase.order/read HTTP/1.1" 200 - 4 0.003 0.012
2026-10-08 07:10:40,112 54 INFO bench werkzeug: 127.0.0.1 - - [08/Oct/2026 07:10:40] "POST /json/2/purchase.order.line/search HTTP/1.1" 200 - 3 0.002 0.006
2026-10-08 07:10:40,139 54 INFO bench werkzeug: 127.0.0.1 - - [08/Oct/2026 07:10:40] "POST /json/2/purchase.order.line/read HTTP/1.1" 200 - 6 0.003 0.007
2026-10-08 07:10:40,165 54 INFO bench werkzeug: 127.0.0.1 - - [08/Oct/2026 07:10:40] "POST /json/2/purchase.order/read HTTP/1.1" 200 - 4 0.002 0.006
2026-10-08 07:10:40,189 54 INFO bench werkzeug: 127.0.0.1 - - [08/Oct/2026 07:10:40] "POST /json/2/purchase.order.line/search HTTP/1.1" 200 - 3 0.002 0.006
2026-10-08 07:10:40,226 54 INFO bench werkzeug: 127.0.0.1 - - [08/Oct/2026 07:10:40] "POST /json/2/purchase.order.line/read HTTP/1.1" 200 - 6 0.002 0.006
2026-10-08 07:10:40,252 54 INFO bench werkzeug: 127.0.0.1 - - [08/Oct/2026 07:10:40] "POST /json/2/purchase.order/read HTTP/1.1" 200 - 4 0.002 0.007
2026-10-08 07:10:40,276 54 INFO bench werkzeug: 127.0.0.1 - - [08/Oct/2026 07:10:40] "POST /json/2/purchase.order.line/search HTTP/1.1" 200 - 3 0.002 0.006
2026-10-08 07:10:40,305 54 INFO bench werkzeug: 127.0.0.1 - - [08/Oct/2026 07:10:40] "POST /json/2/purchase.order.line/read HTTP/1.1" 200 - 6 0.003 0.008
2026-10-08 07:10:40,331 54 INFO bench werkzeug: 127.0.0.1 - - [08/Oct/2026 07:10:40] "POST /json/2/purchase.order/read HTTP/1.1" 200 - 4 0.002 0.006
2026-10-08 07:10:40,356 54 INFO bench werkzeug: 127.0.0.1 - - [08/Oct/2026 07:10:40] "POST /json/2/purchase.order.line/search HTTP/1.1" 200 - 3 0.002 0.006
2026-10-08 07:10:40,381 54 INFO bench werkzeug: 127.0.0.1 - - [08/Oct/2026 07:10:40] "POST /json/2/purchase.order.line/read HTTP/1.1" 200 - 6 0.003 0.007
2026-10-08 07:10:40,407 54 INFO bench werkzeug: 127.0.0.1 - - [08/Oct/2026 07:10:40] "POST /json/2/purchase.order/read HTTP/1.1" 200 - 4 0.002 0.006
2026-10-08 07:10:40,430 54 INFO bench werkzeug: 127.0.0.1 - - [08/Oct/2026 07:10:40] "POST /json/2/purchase.order.line/search HTTP/1.1" 200 - 3 0.002 0.005
2026-10-08 07:10:40,458 54 INFO bench werkzeug: 127.0.0.1 - - [08/Oct/2026 07:10:40] "POST /json/2/purchase.order.line/read HTTP/1.1" 200 - 6 0.003 0.007
2026-10-08 07:10:40,483 54 INFO bench werkzeug: 127.0.0.1 - - [08/Oct/2026 07:10:40] "POST /json/2/purchase.order/read HTTP/1.1" 200 - 4 0.002 0.006
2026-10-08 07:10:40,508 54 INFO bench werkzeug: 127.0.0.1 - - [08/Oct/2026 07:10:40] "POST /json/2/purchase.order.line/search HTTP/1.1" 200 - 3 0.002 0.006
2026-10-08 07:10:40,534 54 INFO bench werkzeug: 127.0.0.1 - - [08/Oct/2026 07:10:40] "POST /json/2/purchase.order.line/read HTTP/1.1" 200 - 6 0.003 0.007
2026-10-08 07:10:40,569 54 INFO bench werkzeug: 127.0.0.1 - - [08/Oct/2026 07:10:40] "POST /json/2/purchase.order/read HTTP/1.1" 200 - 4 0.002 0.006
2026-10-08 07:10:40,594 54 INFO bench werkzeug: 127.0.0.1 - - [08/Oct/2026 07:10:40] "POST /json/2/purchase.order.line/search HTTP/1.1" 200 - 3 0.001 0.005
2026-10-08 07:10:40,623 54 INFO bench werkzeug: 127.0.0.1 - - [08/Oct/2026 07:10:40] "POST /json/2/purchase.order.line/read HTTP/1.1" 200 - 6 0.003 0.007
2026-10-08 07:10:40,648 54 INFO bench werkzeug: 127.0.0.1 - - [08/Oct/2026 07:10:40] "POST /json/2/purchase.order/read HTTP/1.1" 200 - 4 0.002 0.007
2026-10-08 07:10:40,673 54 INFO bench werkzeug: 127.0.0.1 - - [08/Oct/2026 07:10:40] "POST /json/2/purchase.order.line/search HTTP/1.1" 200 - 3 0.002 0.006
2026-10-08 07:10:40,699 54 INFO bench werkzeug: 127.0.0.1 - - [08/Oct/2026 07:10:40] "POST /json/2/purchase.order.line/read HTTP/1.1" 200 - 6 0.003 0.007
2026-10-08 07:10:40,724 54 INFO bench werkzeug: 127.0.0.1 - - [08/Oct/2026 07:10:40] "POST /json/2/purchase.order/read HTTP/1.1" 200 - 4 0.002 0.007
2026-10-08 07:10:40,744 54 INFO bench werkzeug: 127.0.0.1 - - [08/Oct/2026 07:10:40] "POST /json/2/purchase.order.line/search HTTP/1.1" 200 - 3 0.001 0.005
2026-10-08 07:10:40,772 54 INFO bench werkzeug: 127.0.0.1 - - [08/Oct/2026 07:10:40] "POST /json/2/purchase.order.line/read HTTP/1.1" 200 - 6 0.003 0.007
2026-10-08 07:10:40,797 54 INFO bench werkzeug: 127.0.0.1 - - [08/Oct/2026 07:10:40] "POST /json/2/purchase.order/read HTTP/1.1" 200 - 4 0.002 0.007
2026-10-08 07:10:40,820 54 INFO bench werkzeug: 127.0.0.1 - - [08/Oct/2026 07:10:40] "POST /json/2/purchase.order.line/search HTTP/1.1" 200 - 3 0.002 0.006
2026-10-08 07:10:40,845 54 INFO bench werkzeug: 127.0.0.1 - - [08/Oct/2026 07:10:40] "POST /json/2/purchase.order.line/read HTTP/1.1" 200 - 6 0.003 0.007
2026-10-08 07:10:40,868 54 INFO bench werkzeug: 127.0.0.1 - - [08/Oct/2026 07:10:40] "POST /json/2/purchase.order/read HTTP/1.1" 200 - 4 0.002 0.006
2026-10-08 07:10:40,900 54 INFO bench werkzeug: 127.0.0.1 - - [08/Oct/2026 07:10:40] "POST /json/2/purchase.order.line/search HTTP/1.1" 200 - 3 0.002 0.006
2026-10-08 07:10:40,927 54 INFO bench werkzeug: 127.0.0.1 - - [08/Oct/2026 07:10:40] "POST /json/2/purchase.order.line/read HTTP/1.1" 200 - 6 0.003 0.007
2026-10-08 07:10:41,197 54 INFO bench werkzeug: 127.0.0.1 - - [08/Oct/2026 07:10:41] "GET /doc-bearer/purchase.order.json HTTP/1.1" 200 - 5 0.002 0.252
2026-10-08 07:10:41,224 54 INFO bench werkzeug: 127.0.0.1 - - [08/Oct/2026 07:10:41] "POST /json/2/purchase.order/read HTTP/1.1" 200 - 4 0.002 0.006
2026-10-08 07:10:41,248 54 INFO bench werkzeug: 127.0.0.1 - - [08/Oct/2026 07:10:41] "POST /json/2/purchase.order/read HTTP/1.1" 200 - 4 0.002 0.006
2026-10-08 07:10:41,275 54 INFO bench werkzeug: 127.0.0.1 - - [08/Oct/2026 07:10:41] "POST /json/2/purchase.order/read HTTP/1.1" 200 - 4 0.003 0.007
2026-10-08 07:10:41,301 54 INFO bench werkzeug: 127.0.0.1 - - [08/Oct/2026 07:10:41] "POST /json/2/purchase.order/read HTTP/1.1" 200 - 4 0.002 0.006
2026-10-08 07:10:41,327 54 INFO bench werkzeug: 127.0.0.1 - - [08/Oct/2026 07:10:41] "POST /json/2/purchase.order/search HTTP/1.1" 200 - 3 0.001 0.005
2026-10-08 07:10:41,541 54 INFO bench werkzeug: 127.0.0.1 - - [08/Oct/2026 07:10:41] "GET /doc-bearer/purchase.order.json HTTP/1.1" 200 - 5 0.003 0.195
2026-10-08 07:10:41,576 54 INFO bench werkzeug: 127.0.0.1 - - [08/Oct/2026 07:10:41] "POST /json/2/purchase.order/read HTTP/1.1" 200 - 4 0.002 0.007
2026-10-08 07:10:41,600 54 INFO bench werkzeug: 127.0.0.1 - - [08/Oct/2026 07:10:41] "POST /json/2/purchase.order.line/search HTTP/1.1" 200 - 3 0.001 0.006
2026-10-08 07:10:41,748 54 INFO bench werkzeug: 127.0.0.1 - - [08/Oct/2026 07:10:41] "GET /doc-bearer/purchase.order.line.json HTTP/1.1" 200 - 6 0.004 0.130
2026-10-08 07:10:41,772 54 INFO bench werkzeug: 127.0.0.1 - - [08/Oct/2026 07:10:41] "POST /json/2/purchase.order.line/read HTTP/1.1" 200 - 6 0.002 0.007
2026-10-08 07:10:41,794 54 INFO bench werkzeug: 127.0.0.1 - - [08/Oct/2026 07:10:41] "POST /json/2/purchase.order/read HTTP/1.1" 200 - 4 0.002 0.006
2026-10-08 07:10:41,816 54 INFO bench werkzeug: 127.0.0.1 - - [08/Oct/2026 07:10:41] "POST /json/2/purchase.order.line/search HTTP/1.1" 200 - 3 0.001 0.005
2026-10-08 07:10:41,841 54 INFO bench werkzeug: 127.0.0.1 - - [08/Oct/2026 07:10:41] "POST /json/2/purchase.order.line/read HTTP/1.1" 200 - 6 0.003 0.008
2026-10-08 07:10:41,869 54 INFO bench werkzeug: 127.0.0.1 - - [08/Oct/2026 07:10:41] "POST /json/2/purchase.order/read HTTP/1.1" 200 - 4 0.002 0.010
2026-10-08 07:10:41,892 54 INFO bench werkzeug: 127.0.0.1 - - [08/Oct/2026 07:10:41] "POST /json/2/purchase.order.line/search HTTP/1.1" 200 - 3 0.002 0.005
2026-10-08 07:10:41,918 54 INFO bench werkzeug: 127.0.0.1 - - [08/Oct/2026 07:10:41] "POST /json/2/purchase.order.line/read HTTP/1.1" 200 - 6 0.003 0.007
2026-10-08 07:10:41,941 54 INFO bench werkzeug: 127.0.0.1 - - [08/Oct/2026 07:10:41] "POST /json/2/purchase.order/read HTTP/1.1" 200 - 4 0.002 0.006
2026-10-08 07:10:41,965 54 INFO bench werkzeug: 127.0.0.1 - - [08/Oct/2026 07:10:41] "POST /json/2/purchase.order.line/search HTTP/1.1" 200 - 3 0.002 0.006
2026-10-08 07:10:41,993 54 INFO bench werkzeug: 127.0.0.1 - - [08/Oct/2026 07:10:41] "POST /json/2/purchase.order.line/read HTTP/1.1" 200 - 6 0.003 0.007
2026-10-08 07:10:42,025 54 INFO bench werkzeug: 127.0.0.1 - - [08/Oct/2026 07:10:42] "POST /json/2/purchase.order/read HTTP/1.1" 200 - 4 0.002 0.006
2026-10-08 07:10:42,046 54 INFO bench werkzeug: 127.0.0.1 - - [08/Oct/2026 07:10:42] "POST /json/2/purchase.order.line/search HTTP/1.1" 200 - 3 0.001 0.005
2026-10-08 07:10:42,073 54 INFO bench werkzeug: 127.0.0.1 - - [08/Oct/2026 07:10:42] "POST /json/2/purchase.order.line/read HTTP/1.1" 200 - 6 0.003 0.007
2026-10-08 07:10:42,099 54 INFO bench werkzeug: 127.0.0.1 - - [08/Oct/2026 07:10:42] "POST /json/2/purchase.order/read HTTP/1.1" 200 - 4 0.002 0.006
2026-10-08 07:10:42,123 54 INFO bench werkzeug: 127.0.0.1 - - [08/Oct/2026 07:10:42] "POST /json/2/purchase.order.line/search HTTP/1.1" 200 - 3 0.001 0.005
2026-10-08 07:10:42,148 54 INFO bench werkzeug: 127.0.0.1 - - [08/Oct/2026 07:10:42] "POST /json/2/purchase.order.line/read HTTP/1.1" 200 - 6 0.003 0.008
2026-10-08 07:10:42,173 54 INFO bench werkzeug: 127.0.0.1 - - [08/Oct/2026 07:10:42] "POST /json/2/purchase.order/read HTTP/1.1" 200 - 4 0.002 0.007
2026-10-08 07:10:42,197 54 INFO bench werkzeug: 127.0.0.1 - - [08/Oct/2026 07:10:42] "POST /json/2/purchase.order.line/search HTTP/1.1" 200 - 3 0.002 0.005
2026-10-08 07:10:42,223 54 INFO bench werkzeug: 127.0.0.1 - - [08/Oct/2026 07:10:42] "POST /json/2/purchase.order.line/read HTTP/1.1" 200 - 6 0.003 0.008
2026-10-08 07:10:42,247 54 INFO bench werkzeug: 127.0.0.1 - - [08/Oct/2026 07:10:42] "POST /json/2/purchase.order/read HTTP/1.1" 200 - 4 0.002 0.007
2026-10-08 07:10:42,270 54 INFO bench werkzeug: 127.0.0.1 - - [08/Oct/2026 07:10:42] "POST /json/2/purchase.order.line/search HTTP/1.1" 200 - 3 0.002 0.006
2026-10-08 07:10:42,297 54 INFO bench werkzeug: 127.0.0.1 - - [08/Oct/2026 07:10:42] "POST /json/2/purchase.order.line/read HTTP/1.1" 200 - 6 0.003 0.007
2026-10-08 07:10:42,321 54 INFO bench werkzeug: 127.0.0.1 - - [08/Oct/2026 07:10:42] "POST /json/2/purchase.order/read HTTP/1.1" 200 - 4 0.003 0.006
2026-10-08 07:10:42,351 54 INFO bench werkzeug: 127.0.0.1 - - [08/Oct/2026 07:10:42] "POST /json/2/purchase.order.line/search HTTP/1.1" 200 - 3 0.002 0.005
2026-10-08 07:10:42,378 54 INFO bench werkzeug: 127.0.0.1 - - [08/Oct/2026 07:10:42] "POST /json/2/purchase.order.line/read HTTP/1.1" 200 - 6 0.003 0.007
2026-10-08 07:10:42,401 54 INFO bench werkzeug: 127.0.0.1 - - [08/Oct/2026 07:10:42] "POST /json/2/purchase.order/read HTTP/1.1" 200 - 4 0.002 0.006
2026-10-08 07:10:42,426 54 INFO bench werkzeug: 127.0.0.1 - - [08/Oct/2026 07:10:42] "POST /json/2/purchase.order.line/search HTTP/1.1" 200 - 3 0.002 0.005
2026-10-08 07:10:42,453 54 INFO bench werkzeug: 127.0.0.1 - - [08/Oct/2026 07:10:42] "POST /json/2/purchase.order.line/read HTTP/1.1" 200 - 6 0.003 0.007
2026-10-08 07:10:42,477 54 INFO bench werkzeug: 127.0.0.1 - - [08/Oct/2026 07:10:42] "POST /json/2/purchase.order/read HTTP/1.1" 200 - 4 0.002 0.006
2026-10-08 07:10:42,500 54 INFO bench werkzeug: 127.0.0.1 - - [08/Oct/2026 07:10:42] "POST /json/2/purchase.order.line/search HTTP/1.1" 200 - 3 0.002 0.006
2026-10-08 07:10:42,528 54 INFO bench werkzeug: 127.0.0.1 - - [08/Oct/2026 07:10:42] "POST /json/2/purchase.order.line/read HTTP/1.1" 200 - 6 0.003 0.008
2026-10-08 07:10:42,553 54 INFO bench werkzeug: 127.0.0.1 - - [08/Oct/2026 07:10:42] "POST /json/2/purchase.order/read HTTP/1.1" 200 - 4 0.002 0.006
2026-10-08 07:10:42,576 54 INFO bench werkzeug: 127.0.0.1 - - [08/Oct/2026 07:10:42] "POST /json/2/purchase.order.line/search HTTP/1.1" 200 - 3 0.001 0.006
2026-10-08 07:10:42,601 54 INFO bench werkzeug: 127.0.0.1 - - [08/Oct/2026 07:10:42] "POST /json/2/purchase.order.line/read HTTP/1.1" 200 - 6 0.003 0.007
2026-10-08 07:10:42,628 54 INFO bench werkzeug: 127.0.0.1 - - [08/Oct/2026 07:10:42] "POST /json/2/purchase.order/read HTTP/1.1" 200 - 4 0.002 0.007
2026-10-08 07:10:42,652 54 INFO bench werkzeug: 127.0.0.1 - - [08/Oct/2026 07:10:42] "POST /json/2/purchase.order.line/search HTTP/1.1" 200 - 3 0.002 0.005
2026-10-08 07:10:42,688 54 INFO bench werkzeug: 127.0.0.1 - - [08/Oct/2026 07:10:42] "POST /json/2/purchase.order.line/read HTTP/1.1" 200 - 6 0.003 0.007
2026-10-08 07:10:42,714 54 INFO bench werkzeug: 127.0.0.1 - - [08/Oct/2026 07:10:42] "POST /json/2/purchase.order/read HTTP/1.1" 200 - 4 0.002 0.007
2026-10-08 07:10:42,738 54 INFO bench werkzeug: 127.0.0.1 - - [08/Oct/2026 07:10:42] "POST /json/2/purchase.order.line/search HTTP/1.1" 200 - 3 0.002 0.006
2026-10-08 07:10:42,769 54 INFO bench werkzeug: 127.0.0.1 - - [08/Oct/2026 07:10:42] "POST /json/2/purchase.order.line/read HTTP/1.1" 200 - 6 0.004 0.007
2026-10-08 07:10:42,793 54 INFO bench werkzeug: 127.0.0.1 - - [08/Oct/2026 07:10:42] "POST /json/2/purchase.order/read HTTP/1.1" 200 - 4 0.002 0.006
2026-10-08 07:10:42,818 54 INFO bench werkzeug: 127.0.0.1 - - [08/Oct/2026 07:10:42] "POST /json/2/purchase.order.line/search HTTP/1.1" 200 - 3 0.002 0.006
2026-10-08 07:10:42,844 54 INFO bench werkzeug: 127.0.0.1 - - [08/Oct/2026 07:10:42] "POST /json/2/purchase.order.line/read HTTP/1.1" 200 - 6 0.003 0.007
2026-10-08 07:10:42,869 54 INFO bench werkzeug: 127.0.0.1 - - [08/Oct/2026 07:10:42] "POST /json/2/purchase.order/read HTTP/1.1" 200 - 4 0.002 0.007
2026-10-08 07:10:42,892 54 INFO bench werkzeug: 127.0.0.1 - - [08/Oct/2026 07:10:42] "POST /json/2/purchase.order.line/search HTTP/1.1" 200 - 3 0.002 0.006
2026-10-08 07:10:42,921 54 INFO bench werkzeug: 127.0.0.1 - - [08/Oct/2026 07:10:42] "POST /json/2/purchase.order.line/read HTTP/1.1" 200 - 6 0.003 0.007
2026-10-08 07:10:42,947 54 INFO bench werkzeug: 127.0.0.1 - - [08/Oct/2026 07:10:42] "POST /json/2/purchase.order/read HTTP/1.1" 200 - 4 0.002 0.007
2026-10-08 07:10:42,972 54 INFO bench werkzeug: 127.0.0.1 - - [08/Oct/2026 07:10:42] "POST /json/2/purchase.order.line/search HTTP/1.1" 200 - 3 0.002 0.006
2026-10-08 07:10:43,000 54 INFO bench werkzeug: 127.0.0.1 - - [08/Oct/2026 07:10:43] "POST /json/2/purchase.order.line/read HTTP/1.1" 200 - 6 0.003 0.008
2026-10-08 07:10:43,034 54 INFO bench werkzeug: 127.0.0.1 - - [08/Oct/2026 07:10:43] "POST /json/2/purchase.order/read HTTP/1.1" 200 - 4 0.002 0.006
2026-10-08 07:10:43,058 54 INFO bench werkzeug: 127.0.0.1 - - [08/Oct/2026 07:10:43] "POST /json/2/purchase.order.line/search HTTP/1.1" 200 - 3 0.002 0.006
2026-10-08 07:10:43,086 54 INFO bench werkzeug: 127.0.0.1 - - [08/Oct/2026 07:10:43] "POST /json/2/purchase.order.line/read HTTP/1.1" 200 - 6 0.003 0.007
2026-10-08 07:10:43,111 54 INFO bench werkzeug: 127.0.0.1 - - [08/Oct/2026 07:10:43] "POST /json/2/purchase.order/read HTTP/1.1" 200 - 4 0.002 0.006
2026-10-08 07:10:43,134 54 INFO bench werkzeug: 127.0.0.1 - - [08/Oct/2026 07:10:43] "POST /json/2/purchase.order.line/search HTTP/1.1" 200 - 3 0.001 0.005
2026-10-08 07:10:43,159 54 INFO bench werkzeug: 127.0.0.1 - - [08/Oct/2026 07:10:43] "POST /json/2/purchase.order.line/read HTTP/1.1" 200 - 6 0.003 0.007
2026-10-08 07:10:43,183 54 INFO bench werkzeug: 127.0.0.1 - - [08/Oct/2026 07:10:43] "POST /json/2/purchase.order/read HTTP/1.1" 200 - 4 0.002 0.006
2026-10-08 07:10:43,208 54 INFO bench werkzeug: 127.0.0.1 - - [08/Oct/2026 07:10:43] "POST /json/2/purchase.order.line/search HTTP/1.1" 200 - 3 0.002 0.006
2026-10-08 07:10:43,234 54 INFO bench werkzeug: 127.0.0.1 - - [08/Oct/2026 07:10:43] "POST /json/2/purchase.order.line/read HTTP/1.1" 200 - 6 0.003 0.008
2026-10-08 07:10:43,259 54 INFO bench werkzeug: 127.0.0.1 - - [08/Oct/2026 07:10:43] "POST /json/2/purchase.order/read HTTP/1.1" 200 - 4 0.002 0.007
2026-10-08 07:10:43,282 54 INFO bench werkzeug: 127.0.0.1 - - [08/Oct/2026 07:10:43] "POST /json/2/purchase.order.line/search HTTP/1.1" 200 - 3 0.001 0.006
2026-10-08 07:10:43,308 54 INFO bench werkzeug: 127.0.0.1 - - [08/Oct/2026 07:10:43] "POST /json/2/purchase.order.line/read HTTP/1.1" 200 - 6 0.003 0.008
2026-10-08 07:10:43,334 54 INFO bench werkzeug: 127.0.0.1 - - [08/Oct/2026 07:10:43] "POST /json/2/purchase.order/read HTTP/1.1" 200 - 4 0.002 0.007
2026-10-08 07:10:43,367 54 INFO bench werkzeug: 127.0.0.1 - - [08/Oct/2026 07:10:43] "POST /json/2/purchase.order.line/search HTTP/1.1" 200 - 3 0.002 0.006
2026-10-08 07:10:43,396 54 INFO bench werkzeug: 127.0.0.1 - - [08/Oct/2026 07:10:43] "POST /json/2/purchase.order.line/read HTTP/1.1" 200 - 6 0.003 0.007
2026-10-08 07:10:43,602 54 INFO bench werkzeug: 127.0.0.1 - - [08/Oct/2026 07:10:43] "GET /doc-bearer/purchase.order.json HTTP/1.1" 200 - 5 0.002 0.187
2026-10-08 07:10:43,626 54 INFO bench werkzeug: 127.0.0.1 - - [08/Oct/2026 07:10:43] "POST /json/2/purchase.order/read HTTP/1.1" 200 - 4 0.002 0.006
2026-10-08 07:10:43,650 54 INFO bench werkzeug: 127.0.0.1 - - [08/Oct/2026 07:10:43] "POST /json/2/purchase.order/read HTTP/1.1" 200 - 4 0.002 0.006
2026-10-08 07:10:43,671 54 INFO bench werkzeug: 127.0.0.1 - - [08/Oct/2026 07:10:43] "POST /json/2/purchase.order/read HTTP/1.1" 200 - 4 0.002 0.006
2026-10-08 07:10:43,690 54 INFO bench werkzeug: 127.0.0.1 - - [08/Oct/2026 07:10:43] "POST /json/2/purchase.order/read HTTP/1.1" 200 - 4 0.001 0.005
2026-10-08 07:10:43,710 54 INFO bench werkzeug: 127.0.0.1 - - [08/Oct/2026 07:10:43] "POST /json/2/purchase.order/search HTTP/1.1" 200 - 3 0.001 0.005
2026-10-08 07:10:43,963 54 INFO bench werkzeug: 127.0.0.1 - - [08/Oct/2026 07:10:43] "GET /doc-bearer/purchase.order.json HTTP/1.1" 200 - 5 0.003 0.237
2026-10-08 07:10:43,994 54 INFO bench werkzeug: 127.0.0.1 - - [08/Oct/2026 07:10:43] "POST /json/2/purchase.order/read HTTP/1.1" 200 - 4 0.002 0.006
2026-10-08 07:10:44,018 54 INFO bench werkzeug: 127.0.0.1 - - [08/Oct/2026 07:10:44] "POST /json/2/purchase.order.line/search HTTP/1.1" 200 - 3 0.001 0.005
2026-10-08 07:10:44,177 54 INFO bench werkzeug: 127.0.0.1 - - [08/Oct/2026 07:10:44] "GET /doc-bearer/purchase.order.line.json HTTP/1.1" 200 - 6 0.003 0.141
2026-10-08 07:10:44,205 54 INFO bench werkzeug: 127.0.0.1 - - [08/Oct/2026 07:10:44] "POST /json/2/purchase.order.line/read HTTP/1.1" 200 - 6 0.003 0.007
2026-10-08 07:10:44,229 54 INFO bench werkzeug: 127.0.0.1 - - [08/Oct/2026 07:10:44] "POST /json/2/purchase.order/read HTTP/1.1" 200 - 4 0.002 0.007
2026-10-08 07:10:44,252 54 INFO bench werkzeug: 127.0.0.1 - - [08/Oct/2026 07:10:44] "POST /json/2/purchase.order.line/search HTTP/1.1" 200 - 3 0.002 0.006
2026-10-08 07:10:44,280 54 INFO bench werkzeug: 127.0.0.1 - - [08/Oct/2026 07:10:44] "POST /json/2/purchase.order.line/read HTTP/1.1" 200 - 6 0.003 0.007
2026-10-08 07:10:44,306 54 INFO bench werkzeug: 127.0.0.1 - - [08/Oct/2026 07:10:44] "POST /json/2/purchase.order/read HTTP/1.1" 200 - 4 0.002 0.007
2026-10-08 07:10:44,331 54 INFO bench werkzeug: 127.0.0.1 - - [08/Oct/2026 07:10:44] "POST /json/2/purchase.order.line/search HTTP/1.1" 200 - 3 0.002 0.006
2026-10-08 07:10:44,362 54 INFO bench werkzeug: 127.0.0.1 - - [08/Oct/2026 07:10:44] "POST /json/2/purchase.order.line/read HTTP/1.1" 200 - 6 0.005 0.009
2026-10-08 07:10:44,386 54 INFO bench werkzeug: 127.0.0.1 - - [08/Oct/2026 07:10:44] "POST /json/2/purchase.order/read HTTP/1.1" 200 - 4 0.002 0.007
2026-10-08 07:10:44,411 54 INFO bench werkzeug: 127.0.0.1 - - [08/Oct/2026 07:10:44] "POST /json/2/purchase.order.line/search HTTP/1.1" 200 - 3 0.002 0.006
2026-10-08 07:10:44,436 54 INFO bench werkzeug: 127.0.0.1 - - [08/Oct/2026 07:10:44] "POST /json/2/purchase.order.line/read HTTP/1.1" 200 - 6 0.003 0.007
2026-10-08 07:10:44,472 54 INFO bench werkzeug: 127.0.0.1 - - [08/Oct/2026 07:10:44] "POST /json/2/purchase.order/read HTTP/1.1" 200 - 4 0.003 0.007
2026-10-08 07:10:44,496 54 INFO bench werkzeug: 127.0.0.1 - - [08/Oct/2026 07:10:44] "POST /json/2/purchase.order.line/search HTTP/1.1" 200 - 3 0.002 0.006
2026-10-08 07:10:44,524 54 INFO bench werkzeug: 127.0.0.1 - - [08/Oct/2026 07:10:44] "POST /json/2/purchase.order.line/read HTTP/1.1" 200 - 6 0.003 0.007
2026-10-08 07:10:44,549 54 INFO bench werkzeug: 127.0.0.1 - - [08/Oct/2026 07:10:44] "POST /json/2/purchase.order/read HTTP/1.1" 200 - 4 0.002 0.007
2026-10-08 07:10:44,575 54 INFO bench werkzeug: 127.0.0.1 - - [08/Oct/2026 07:10:44] "POST /json/2/purchase.order.line/search HTTP/1.1" 200 - 3 0.002 0.006
2026-10-08 07:10:44,604 54 INFO bench werkzeug: 127.0.0.1 - - [08/Oct/2026 07:10:44] "POST /json/2/purchase.order.line/read HTTP/1.1" 200 - 6 0.004 0.008
2026-10-08 07:10:44,632 54 INFO bench werkzeug: 127.0.0.1 - - [08/Oct/2026 07:10:44] "POST /json/2/purchase.order/read HTTP/1.1" 200 - 4 0.002 0.007
2026-10-08 07:10:44,655 54 INFO bench werkzeug: 127.0.0.1 - - [08/Oct/2026 07:10:44] "POST /json/2/purchase.order.line/search HTTP/1.1" 200 - 3 0.001 0.006
2026-10-08 07:10:44,683 54 INFO bench werkzeug: 127.0.0.1 - - [08/Oct/2026 07:10:44] "POST /json/2/purchase.order.line/read HTTP/1.1" 200 - 6 0.003 0.008
2026-10-08 07:10:44,708 54 INFO bench werkzeug: 127.0.0.1 - - [08/Oct/2026 07:10:44] "POST /json/2/purchase.order/read HTTP/1.1" 200 - 4 0.002 0.007
2026-10-08 07:10:44,731 54 INFO bench werkzeug: 127.0.0.1 - - [08/Oct/2026 07:10:44] "POST /json/2/purchase.order.line/search HTTP/1.1" 200 - 3 0.002 0.006
2026-10-08 07:10:44,758 54 INFO bench werkzeug: 127.0.0.1 - - [08/Oct/2026 07:10:44] "POST /json/2/purchase.order.line/read HTTP/1.1" 200 - 6 0.003 0.007
2026-10-08 07:10:44,784 54 INFO bench werkzeug: 127.0.0.1 - - [08/Oct/2026 07:10:44] "POST /json/2/purchase.order/read HTTP/1.1" 200 - 4 0.002 0.007
2026-10-08 07:10:44,819 54 INFO bench werkzeug: 127.0.0.1 - - [08/Oct/2026 07:10:44] "POST /json/2/purchase.order.line/search HTTP/1.1" 200 - 3 0.002 0.006
2026-10-08 07:10:44,843 54 INFO bench werkzeug: 127.0.0.1 - - [08/Oct/2026 07:10:44] "POST /json/2/purchase.order.line/read HTTP/1.1" 200 - 6 0.003 0.007
2026-10-08 07:10:44,868 54 INFO bench werkzeug: 127.0.0.1 - - [08/Oct/2026 07:10:44] "POST /json/2/purchase.order/read HTTP/1.1" 200 - 4 0.002 0.006
2026-10-08 07:10:44,894 54 INFO bench werkzeug: 127.0.0.1 - - [08/Oct/2026 07:10:44] "POST /json/2/purchase.order.line/search HTTP/1.1" 200 - 3 0.002 0.006
2026-10-08 07:10:44,918 54 INFO bench werkzeug: 127.0.0.1 - - [08/Oct/2026 07:10:44] "POST /json/2/purchase.order.line/read HTTP/1.1" 200 - 6 0.003 0.007
2026-10-08 07:10:44,941 54 INFO bench werkzeug: 127.0.0.1 - - [08/Oct/2026 07:10:44] "POST /json/2/purchase.order/read HTTP/1.1" 200 - 4 0.002 0.006
2026-10-08 07:10:44,965 54 INFO bench werkzeug: 127.0.0.1 - - [08/Oct/2026 07:10:44] "POST /json/2/purchase.order.line/search HTTP/1.1" 200 - 3 0.002 0.005
2026-10-08 07:10:44,990 54 INFO bench werkzeug: 127.0.0.1 - - [08/Oct/2026 07:10:44] "POST /json/2/purchase.order.line/read HTTP/1.1" 200 - 6 0.003 0.007
2026-10-08 07:10:45,015 54 INFO bench werkzeug: 127.0.0.1 - - [08/Oct/2026 07:10:45] "POST /json/2/purchase.order/read HTTP/1.1" 200 - 4 0.002 0.006
2026-10-08 07:10:45,036 54 INFO bench werkzeug: 127.0.0.1 - - [08/Oct/2026 07:10:45] "POST /json/2/purchase.order.line/search HTTP/1.1" 200 - 3 0.001 0.005
2026-10-08 07:10:45,063 54 INFO bench werkzeug: 127.0.0.1 - - [08/Oct/2026 07:10:45] "POST /json/2/purchase.order.line/read HTTP/1.1" 200 - 6 0.003 0.007
2026-10-08 07:10:45,085 54 INFO bench werkzeug: 127.0.0.1 - - [08/Oct/2026 07:10:45] "POST /json/2/purchase.order/read HTTP/1.1" 200 - 4 0.002 0.006
2026-10-08 07:10:45,111 54 INFO bench werkzeug: 127.0.0.1 - - [08/Oct/2026 07:10:45] "POST /json/2/purchase.order.line/search HTTP/1.1" 200 - 3 0.002 0.006
2026-10-08 07:10:45,150 54 INFO bench werkzeug: 127.0.0.1 - - [08/Oct/2026 07:10:45] "POST /json/2/purchase.order.line/read HTTP/1.1" 200 - 6 0.003 0.007
2026-10-08 07:10:45,179 54 INFO bench werkzeug: 127.0.0.1 - - [08/Oct/2026 07:10:45] "POST /json/2/purchase.order/read HTTP/1.1" 200 - 4 0.002 0.007
2026-10-08 07:10:45,204 54 INFO bench werkzeug: 127.0.0.1 - - [08/Oct/2026 07:10:45] "POST /json/2/purchase.order.line/search HTTP/1.1" 200 - 3 0.002 0.006
2026-10-08 07:10:45,232 54 INFO bench werkzeug: 127.0.0.1 - - [08/Oct/2026 07:10:45] "POST /json/2/purchase.order.line/read HTTP/1.1" 200 - 6 0.003 0.007
2026-10-08 07:10:45,256 54 INFO bench werkzeug: 127.0.0.1 - - [08/Oct/2026 07:10:45] "POST /json/2/purchase.order/read HTTP/1.1" 200 - 4 0.002 0.006
2026-10-08 07:10:45,282 54 INFO bench werkzeug: 127.0.0.1 - - [08/Oct/2026 07:10:45] "POST /json/2/purchase.order.line/search HTTP/1.1" 200 - 3 0.002 0.006
2026-10-08 07:10:45,309 54 INFO bench werkzeug: 127.0.0.1 - - [08/Oct/2026 07:10:45] "POST /json/2/purchase.order.line/read HTTP/1.1" 200 - 6 0.003 0.007
2026-10-08 07:10:45,332 54 INFO bench werkzeug: 127.0.0.1 - - [08/Oct/2026 07:10:45] "POST /json/2/purchase.order/read HTTP/1.1" 200 - 4 0.002 0.006
2026-10-08 07:10:45,356 54 INFO bench werkzeug: 127.0.0.1 - - [08/Oct/2026 07:10:45] "POST /json/2/purchase.order.line/search HTTP/1.1" 200 - 3 0.002 0.006
2026-10-08 07:10:45,383 54 INFO bench werkzeug: 127.0.0.1 - - [08/Oct/2026 07:10:45] "POST /json/2/purchase.order.line/read HTTP/1.1" 200 - 6 0.003 0.007
2026-10-08 07:10:45,409 54 INFO bench werkzeug: 127.0.0.1 - - [08/Oct/2026 07:10:45] "POST /json/2/purchase.order/read HTTP/1.1" 200 - 4 0.002 0.007
2026-10-08 07:10:45,434 54 INFO bench werkzeug: 127.0.0.1 - - [08/Oct/2026 07:10:45] "POST /json/2/purchase.order.line/search HTTP/1.1" 200 - 3 0.002 0.005
2026-10-08 07:10:45,458 54 INFO bench werkzeug: 127.0.0.1 - - [08/Oct/2026 07:10:45] "POST /json/2/purchase.order.line/read HTTP/1.1" 200 - 6 0.003 0.007
2026-10-08 07:10:45,493 54 INFO bench werkzeug: 127.0.0.1 - - [08/Oct/2026 07:10:45] "POST /json/2/purchase.order/read HTTP/1.1" 200 - 4 0.002 0.006
2026-10-08 07:10:45,516 54 INFO bench werkzeug: 127.0.0.1 - - [08/Oct/2026 07:10:45] "POST /json/2/purchase.order.line/search HTTP/1.1" 200 - 3 0.002 0.005
2026-10-08 07:10:45,541 54 INFO bench werkzeug: 127.0.0.1 - - [08/Oct/2026 07:10:45] "POST /json/2/purchase.order.line/read HTTP/1.1" 200 - 6 0.003 0.007
2026-10-08 07:10:45,568 54 INFO bench werkzeug: 127.0.0.1 - - [08/Oct/2026 07:10:45] "POST /json/2/purchase.order/read HTTP/1.1" 200 - 4 0.002 0.007
2026-10-08 07:10:45,592 54 INFO bench werkzeug: 127.0.0.1 - - [08/Oct/2026 07:10:45] "POST /json/2/purchase.order.line/search HTTP/1.1" 200 - 3 0.001 0.006
2026-10-08 07:10:45,618 54 INFO bench werkzeug: 127.0.0.1 - - [08/Oct/2026 07:10:45] "POST /json/2/purchase.order.line/read HTTP/1.1" 200 - 6 0.003 0.007
2026-10-08 07:10:45,645 54 INFO bench werkzeug: 127.0.0.1 - - [08/Oct/2026 07:10:45] "POST /json/2/purchase.order/read HTTP/1.1" 200 - 4 0.003 0.007
2026-10-08 07:10:45,671 54 INFO bench werkzeug: 127.0.0.1 - - [08/Oct/2026 07:10:45] "POST /json/2/purchase.order.line/search HTTP/1.1" 200 - 3 0.002 0.006
2026-10-08 07:10:45,699 54 INFO bench werkzeug: 127.0.0.1 - - [08/Oct/2026 07:10:45] "POST /json/2/purchase.order.line/read HTTP/1.1" 200 - 6 0.003 0.008
2026-10-08 07:10:45,725 54 INFO bench werkzeug: 127.0.0.1 - - [08/Oct/2026 07:10:45] "POST /json/2/purchase.order/read HTTP/1.1" 200 - 4 0.002 0.007
2026-10-08 07:10:45,749 54 INFO bench werkzeug: 127.0.0.1 - - [08/Oct/2026 07:10:45] "POST /json/2/purchase.order.line/search HTTP/1.1" 200 - 3 0.001 0.005
2026-10-08 07:10:45,775 54 INFO bench werkzeug: 127.0.0.1 - - [08/Oct/2026 07:10:45] "POST /json/2/purchase.order.line/read HTTP/1.1" 200 - 6 0.003 0.007
2026-10-08 07:10:45,816 54 INFO bench werkzeug: 127.0.0.1 - - [08/Oct/2026 07:10:45] "POST /json/2/purchase.order/read HTTP/1.1" 200 - 4 0.002 0.006
2026-10-08 07:10:45,840 54 INFO bench werkzeug: 127.0.0.1 - - [08/Oct/2026 07:10:45] "POST /json/2/purchase.order.line/search HTTP/1.1" 200 - 3 0.002 0.006
2026-10-08 07:10:45,867 54 INFO bench werkzeug: 127.0.0.1 - - [08/Oct/2026 07:10:45] "POST /json/2/purchase.order.line/read HTTP/1.1" 200 - 6 0.003 0.007
2026-10-08 07:10:46,090 54 INFO bench werkzeug: 127.0.0.1 - - [08/Oct/2026 07:10:46] "GET /doc-bearer/purchase.order.json HTTP/1.1" 200 - 5 0.003 0.203
2026-10-08 07:10:46,120 54 INFO bench werkzeug: 127.0.0.1 - - [08/Oct/2026 07:10:46] "POST /json/2/purchase.order/read HTTP/1.1" 200 - 4 0.002 0.007
2026-10-08 07:10:46,147 54 INFO bench werkzeug: 127.0.0.1 - - [08/Oct/2026 07:10:46] "POST /json/2/purchase.order/read HTTP/1.1" 200 - 4 0.002 0.007
2026-10-08 07:10:46,172 54 INFO bench werkzeug: 127.0.0.1 - - [08/Oct/2026 07:10:46] "POST /json/2/purchase.order/read HTTP/1.1" 200 - 4 0.002 0.007
2026-10-08 07:10:46,196 54 INFO bench werkzeug: 127.0.0.1 - - [08/Oct/2026 07:10:46] "POST /json/2/purchase.order/search HTTP/1.1" 200 - 3 0.001 0.005
2026-10-08 07:10:46,456 54 INFO bench werkzeug: 127.0.0.1 - - [08/Oct/2026 07:10:46] "GET /doc-bearer/purchase.order.json HTTP/1.1" 200 - 5 0.002 0.240
2026-10-08 07:10:46,486 54 INFO bench werkzeug: 127.0.0.1 - - [08/Oct/2026 07:10:46] "POST /json/2/purchase.order/read HTTP/1.1" 200 - 4 0.002 0.007
2026-10-08 07:10:46,511 54 INFO bench werkzeug: 127.0.0.1 - - [08/Oct/2026 07:10:46] "POST /json/2/purchase.order.line/search HTTP/1.1" 200 - 3 0.002 0.006
2026-10-08 07:10:46,663 54 INFO bench werkzeug: 127.0.0.1 - - [08/Oct/2026 07:10:46] "GET /doc-bearer/purchase.order.line.json HTTP/1.1" 200 - 6 0.003 0.131
2026-10-08 07:10:46,689 54 INFO bench werkzeug: 127.0.0.1 - - [08/Oct/2026 07:10:46] "POST /json/2/purchase.order.line/read HTTP/1.1" 200 - 6 0.003 0.007
2026-10-08 07:10:46,715 54 INFO bench werkzeug: 127.0.0.1 - - [08/Oct/2026 07:10:46] "POST /json/2/purchase.order/read HTTP/1.1" 200 - 4 0.002 0.007
2026-10-08 07:10:46,738 54 INFO bench werkzeug: 127.0.0.1 - - [08/Oct/2026 07:10:46] "POST /json/2/purchase.order.line/search HTTP/1.1" 200 - 3 0.001 0.005
2026-10-08 07:10:46,764 54 INFO bench werkzeug: 127.0.0.1 - - [08/Oct/2026 07:10:46] "POST /json/2/purchase.order.line/read HTTP/1.1" 200 - 6 0.003 0.007
2026-10-08 07:10:46,788 54 INFO bench werkzeug: 127.0.0.1 - - [08/Oct/2026 07:10:46] "POST /json/2/purchase.order/read HTTP/1.1" 200 - 4 0.002 0.006
2026-10-08 07:10:46,810 54 INFO bench werkzeug: 127.0.0.1 - - [08/Oct/2026 07:10:46] "POST /json/2/purchase.order.line/search HTTP/1.1" 200 - 3 0.002 0.005
2026-10-08 07:10:46,837 54 INFO bench werkzeug: 127.0.0.1 - - [08/Oct/2026 07:10:46] "POST /json/2/purchase.order.line/read HTTP/1.1" 200 - 6 0.003 0.007
2026-10-08 07:10:46,861 54 INFO bench werkzeug: 127.0.0.1 - - [08/Oct/2026 07:10:46] "POST /json/2/purchase.order/read HTTP/1.1" 200 - 4 0.002 0.006
2026-10-08 07:10:46,884 54 INFO bench werkzeug: 127.0.0.1 - - [08/Oct/2026 07:10:46] "POST /json/2/purchase.order.line/search HTTP/1.1" 200 - 3 0.002 0.006
2026-10-08 07:10:46,909 54 INFO bench werkzeug: 127.0.0.1 - - [08/Oct/2026 07:10:46] "POST /json/2/purchase.order.line/read HTTP/1.1" 200 - 6 0.003 0.007
2026-10-08 07:10:46,941 54 INFO bench werkzeug: 127.0.0.1 - - [08/Oct/2026 07:10:46] "POST /json/2/purchase.order/read HTTP/1.1" 200 - 4 0.002 0.006
2026-10-08 07:10:46,965 54 INFO bench werkzeug: 127.0.0.1 - - [08/Oct/2026 07:10:46] "POST /json/2/purchase.order.line/search HTTP/1.1" 200 - 3 0.001 0.005
2026-10-08 07:10:46,992 54 INFO bench werkzeug: 127.0.0.1 - - [08/Oct/2026 07:10:46] "POST /json/2/purchase.order.line/read HTTP/1.1" 200 - 6 0.003 0.007
2026-10-08 07:10:47,016 54 INFO bench werkzeug: 127.0.0.1 - - [08/Oct/2026 07:10:47] "POST /json/2/purchase.order/read HTTP/1.1" 200 - 4 0.002 0.006
2026-10-08 07:10:47,040 54 INFO bench werkzeug: 127.0.0.1 - - [08/Oct/2026 07:10:47] "POST /json/2/purchase.order.line/search HTTP/1.1" 200 - 3 0.002 0.005
2026-10-08 07:10:47,068 54 INFO bench werkzeug: 127.0.0.1 - - [08/Oct/2026 07:10:47] "POST /json/2/purchase.order.line/read HTTP/1.1" 200 - 6 0.003 0.008
2026-10-08 07:10:47,093 54 INFO bench werkzeug: 127.0.0.1 - - [08/Oct/2026 07:10:47] "POST /json/2/purchase.order/read HTTP/1.1" 200 - 4 0.002 0.006
2026-10-08 07:10:47,117 54 INFO bench werkzeug: 127.0.0.1 - - [08/Oct/2026 07:10:47] "POST /json/2/purchase.order.line/search HTTP/1.1" 200 - 3 0.002 0.006
2026-10-08 07:10:47,144 54 INFO bench werkzeug: 127.0.0.1 - - [08/Oct/2026 07:10:47] "POST /json/2/purchase.order.line/read HTTP/1.1" 200 - 6 0.003 0.007
2026-10-08 07:10:47,169 54 INFO bench werkzeug: 127.0.0.1 - - [08/Oct/2026 07:10:47] "POST /json/2/purchase.order/read HTTP/1.1" 200 - 4 0.002 0.007
2026-10-08 07:10:47,194 54 INFO bench werkzeug: 127.0.0.1 - - [08/Oct/2026 07:10:47] "POST /json/2/purchase.order.line/search HTTP/1.1" 200 - 3 0.002 0.006
2026-10-08 07:10:47,221 54 INFO bench werkzeug: 127.0.0.1 - - [08/Oct/2026 07:10:47] "POST /json/2/purchase.order.line/read HTTP/1.1" 200 - 6 0.003 0.007
2026-10-08 07:10:47,245 54 INFO bench werkzeug: 127.0.0.1 - - [08/Oct/2026 07:10:47] "POST /json/2/purchase.order/read HTTP/1.1" 200 - 4 0.002 0.006
2026-10-08 07:10:47,278 54 INFO bench werkzeug: 127.0.0.1 - - [08/Oct/2026 07:10:47] "POST /json/2/purchase.order.line/search HTTP/1.1" 200 - 3 0.002 0.006
2026-10-08 07:10:47,305 54 INFO bench werkzeug: 127.0.0.1 - - [08/Oct/2026 07:10:47] "POST /json/2/purchase.order.line/read HTTP/1.1" 200 - 6 0.003 0.008
2026-10-08 07:10:47,330 54 INFO bench werkzeug: 127.0.0.1 - - [08/Oct/2026 07:10:47] "POST /json/2/purchase.order/read HTTP/1.1" 200 - 4 0.002 0.006
2026-10-08 07:10:47,354 54 INFO bench werkzeug: 127.0.0.1 - - [08/Oct/2026 07:10:47] "POST /json/2/purchase.order.line/search HTTP/1.1" 200 - 3 0.001 0.005
2026-10-08 07:10:47,380 54 INFO bench werkzeug: 127.0.0.1 - - [08/Oct/2026 07:10:47] "POST /json/2/purchase.order.line/read HTTP/1.1" 200 - 6 0.002 0.007
2026-10-08 07:10:47,403 54 INFO bench werkzeug: 127.0.0.1 - - [08/Oct/2026 07:10:47] "POST /json/2/purchase.order/read HTTP/1.1" 200 - 4 0.002 0.006
2026-10-08 07:10:47,425 54 INFO bench werkzeug: 127.0.0.1 - - [08/Oct/2026 07:10:47] "POST /json/2/purchase.order.line/search HTTP/1.1" 200 - 3 0.002 0.005
2026-10-08 07:10:47,452 54 INFO bench werkzeug: 127.0.0.1 - - [08/Oct/2026 07:10:47] "POST /json/2/purchase.order.line/read HTTP/1.1" 200 - 6 0.003 0.007
2026-10-08 07:10:47,477 54 INFO bench werkzeug: 127.0.0.1 - - [08/Oct/2026 07:10:47] "POST /json/2/purchase.order/read HTTP/1.1" 200 - 4 0.002 0.006
2026-10-08 07:10:47,504 54 INFO bench werkzeug: 127.0.0.1 - - [08/Oct/2026 07:10:47] "POST /json/2/purchase.order.line/search HTTP/1.1" 200 - 3 0.002 0.006
2026-10-08 07:10:47,533 54 INFO bench werkzeug: 127.0.0.1 - - [08/Oct/2026 07:10:47] "POST /json/2/purchase.order.line/read HTTP/1.1" 200 - 6 0.003 0.007
2026-10-08 07:10:47,562 54 INFO bench werkzeug: 127.0.0.1 - - [08/Oct/2026 07:10:47] "POST /json/2/purchase.order/read HTTP/1.1" 200 - 4 0.002 0.008
2026-10-08 07:10:47,586 54 INFO bench werkzeug: 127.0.0.1 - - [08/Oct/2026 07:10:47] "POST /json/2/purchase.order.line/search HTTP/1.1" 200 - 3 0.002 0.006
2026-10-08 07:10:47,622 54 INFO bench werkzeug: 127.0.0.1 - - [08/Oct/2026 07:10:47] "POST /json/2/purchase.order.line/read HTTP/1.1" 200 - 6 0.003 0.007
2026-10-08 07:10:47,650 54 INFO bench werkzeug: 127.0.0.1 - - [08/Oct/2026 07:10:47] "POST /json/2/purchase.order/read HTTP/1.1" 200 - 4 0.002 0.007
2026-10-08 07:10:47,676 54 INFO bench werkzeug: 127.0.0.1 - - [08/Oct/2026 07:10:47] "POST /json/2/purchase.order.line/search HTTP/1.1" 200 - 3 0.002 0.006
2026-10-08 07:10:47,706 54 INFO bench werkzeug: 127.0.0.1 - - [08/Oct/2026 07:10:47] "POST /json/2/purchase.order.line/read HTTP/1.1" 200 - 6 0.003 0.008
2026-10-08 07:10:47,732 54 INFO bench werkzeug: 127.0.0.1 - - [08/Oct/2026 07:10:47] "POST /json/2/purchase.order/read HTTP/1.1" 200 - 4 0.002 0.006
2026-10-08 07:10:47,755 54 INFO bench werkzeug: 127.0.0.1 - - [08/Oct/2026 07:10:47] "POST /json/2/purchase.order.line/search HTTP/1.1" 200 - 3 0.002 0.006
2026-10-08 07:10:47,782 54 INFO bench werkzeug: 127.0.0.1 - - [08/Oct/2026 07:10:47] "POST /json/2/purchase.order.line/read HTTP/1.1" 200 - 6 0.002 0.007
2026-10-08 07:10:47,805 54 INFO bench werkzeug: 127.0.0.1 - - [08/Oct/2026 07:10:47] "POST /json/2/purchase.order/read HTTP/1.1" 200 - 4 0.002 0.006
2026-10-08 07:10:47,827 54 INFO bench werkzeug: 127.0.0.1 - - [08/Oct/2026 07:10:47] "POST /json/2/purchase.order.line/search HTTP/1.1" 200 - 3 0.002 0.005
2026-10-08 07:10:47,851 54 INFO bench werkzeug: 127.0.0.1 - - [08/Oct/2026 07:10:47] "POST /json/2/purchase.order.line/read HTTP/1.1" 200 - 6 0.003 0.007
2026-10-08 07:10:47,874 54 INFO bench werkzeug: 127.0.0.1 - - [08/Oct/2026 07:10:47] "POST /json/2/purchase.order/read HTTP/1.1" 200 - 4 0.002 0.006
2026-10-08 07:10:47,897 54 INFO bench werkzeug: 127.0.0.1 - - [08/Oct/2026 07:10:47] "POST /json/2/purchase.order.line/search HTTP/1.1" 200 - 3 0.002 0.005
2026-10-08 07:10:47,925 54 INFO bench werkzeug: 127.0.0.1 - - [08/Oct/2026 07:10:47] "POST /json/2/purchase.order.line/read HTTP/1.1" 200 - 6 0.003 0.007
2026-10-08 07:10:47,958 54 INFO bench werkzeug: 127.0.0.1 - - [08/Oct/2026 07:10:47] "POST /json/2/purchase.order/read HTTP/1.1" 200 - 4 0.002 0.006
2026-10-08 07:10:47,982 54 INFO bench werkzeug: 127.0.0.1 - - [08/Oct/2026 07:10:47] "POST /json/2/purchase.order.line/search HTTP/1.1" 200 - 3 0.002 0.006
2026-10-08 07:10:48,010 54 INFO bench werkzeug: 127.0.0.1 - - [08/Oct/2026 07:10:48] "POST /json/2/purchase.order.line/read HTTP/1.1" 200 - 6 0.003 0.007
2026-10-08 07:10:48,034 54 INFO bench werkzeug: 127.0.0.1 - - [08/Oct/2026 07:10:48] "POST /json/2/purchase.order/read HTTP/1.1" 200 - 4 0.002 0.006
2026-10-08 07:10:48,059 54 INFO bench werkzeug: 127.0.0.1 - - [08/Oct/2026 07:10:48] "POST /json/2/purchase.order.line/search HTTP/1.1" 200 - 3 0.002 0.006
2026-10-08 07:10:48,087 54 INFO bench werkzeug: 127.0.0.1 - - [08/Oct/2026 07:10:48] "POST /json/2/purchase.order.line/read HTTP/1.1" 200 - 6 0.003 0.008
2026-10-08 07:10:48,113 54 INFO bench werkzeug: 127.0.0.1 - - [08/Oct/2026 07:10:48] "POST /json/2/purchase.order/read HTTP/1.1" 200 - 4 0.002 0.008
2026-10-08 07:10:48,141 54 INFO bench werkzeug: 127.0.0.1 - - [08/Oct/2026 07:10:48] "POST /json/2/purchase.order.line/search HTTP/1.1" 200 - 3 0.002 0.007
2026-10-08 07:10:48,172 54 INFO bench werkzeug: 127.0.0.1 - - [08/Oct/2026 07:10:48] "POST /json/2/purchase.order.line/read HTTP/1.1" 200 - 6 0.003 0.008
2026-10-08 07:10:48,201 54 INFO bench werkzeug: 127.0.0.1 - - [08/Oct/2026 07:10:48] "POST /json/2/purchase.order/read HTTP/1.1" 200 - 4 0.003 0.008
2026-10-08 07:10:48,228 54 INFO bench werkzeug: 127.0.0.1 - - [08/Oct/2026 07:10:48] "POST /json/2/purchase.order.line/search HTTP/1.1" 200 - 3 0.002 0.006
2026-10-08 07:10:48,255 54 INFO bench werkzeug: 127.0.0.1 - - [08/Oct/2026 07:10:48] "POST /json/2/purchase.order.line/read HTTP/1.1" 200 - 6 0.003 0.007
2026-10-08 07:10:48,281 54 INFO bench werkzeug: 127.0.0.1 - - [08/Oct/2026 07:10:48] "POST /json/2/purchase.order/read HTTP/1.1" 200 - 4 0.002 0.007
2026-10-08 07:10:48,314 54 INFO bench werkzeug: 127.0.0.1 - - [08/Oct/2026 07:10:48] "POST /json/2/purchase.order.line/search HTTP/1.1" 200 - 3 0.002 0.006
2026-10-08 07:10:48,341 54 INFO bench werkzeug: 127.0.0.1 - - [08/Oct/2026 07:10:48] "POST /json/2/purchase.order.line/read HTTP/1.1" 200 - 6 0.003 0.007
2026-10-08 07:10:48,563 54 INFO bench werkzeug: 127.0.0.1 - - [08/Oct/2026 07:10:48] "GET /doc-bearer/purchase.order.json HTTP/1.1" 200 - 5 0.002 0.202
2026-10-08 07:10:48,590 54 INFO bench werkzeug: 127.0.0.1 - - [08/Oct/2026 07:10:48] "POST /json/2/purchase.order/read HTTP/1.1" 200 - 4 0.002 0.006
2026-10-08 07:10:48,615 54 INFO bench werkzeug: 127.0.0.1 - - [08/Oct/2026 07:10:48] "POST /json/2/purchase.order/read HTTP/1.1" 200 - 4 0.002 0.007
2026-10-08 07:10:48,642 54 INFO bench werkzeug: 127.0.0.1 - - [08/Oct/2026 07:10:48] "POST /json/2/purchase.order/read HTTP/1.1" 200 - 4 0.003 0.008
2026-10-08 07:10:48,666 54 INFO bench werkzeug: 127.0.0.1 - - [08/Oct/2026 07:10:48] "POST /json/2/purchase.order/read HTTP/1.1" 200 - 4 0.002 0.006
2026-10-08 07:10:48,689 54 INFO bench werkzeug: 127.0.0.1 - - [08/Oct/2026 07:10:48] "POST /json/2/purchase.order/search HTTP/1.1" 200 - 3 0.002 0.006
2026-10-08 07:10:48,917 54 INFO bench werkzeug: 127.0.0.1 - - [08/Oct/2026 07:10:48] "GET /doc-bearer/purchase.order.json HTTP/1.1" 200 - 5 0.002 0.207
2026-10-08 07:10:48,949 54 INFO bench werkzeug: 127.0.0.1 - - [08/Oct/2026 07:10:48] "POST /json/2/purchase.order/read HTTP/1.1" 200 - 4 0.002 0.007
2026-10-08 07:10:48,974 54 INFO bench werkzeug: 127.0.0.1 - - [08/Oct/2026 07:10:48] "POST /json/2/purchase.order.line/search HTTP/1.1" 200 - 3 0.002 0.005
2026-10-08 07:10:49,169 54 INFO bench werkzeug: 127.0.0.1 - - [08/Oct/2026 07:10:49] "GET /doc-bearer/purchase.order.line.json HTTP/1.1" 200 - 6 0.003 0.176
2026-10-08 07:10:49,198 54 INFO bench werkzeug: 127.0.0.1 - - [08/Oct/2026 07:10:49] "POST /json/2/purchase.order.line/read HTTP/1.1" 200 - 6 0.003 0.007
2026-10-08 07:10:49,223 54 INFO bench werkzeug: 127.0.0.1 - - [08/Oct/2026 07:10:49] "POST /json/2/purchase.order/read HTTP/1.1" 200 - 4 0.002 0.007
2026-10-08 07:10:49,246 54 INFO bench werkzeug: 127.0.0.1 - - [08/Oct/2026 07:10:49] "POST /json/2/purchase.order.line/search HTTP/1.1" 200 - 3 0.001 0.006
2026-10-08 07:10:49,274 54 INFO bench werkzeug: 127.0.0.1 - - [08/Oct/2026 07:10:49] "POST /json/2/purchase.order.line/read HTTP/1.1" 200 - 6 0.003 0.008
2026-10-08 07:10:49,299 54 INFO bench werkzeug: 127.0.0.1 - - [08/Oct/2026 07:10:49] "POST /json/2/purchase.order/read HTTP/1.1" 200 - 4 0.002 0.007
2026-10-08 07:10:49,323 54 INFO bench werkzeug: 127.0.0.1 - - [08/Oct/2026 07:10:49] "POST /json/2/purchase.order.line/search HTTP/1.1" 200 - 3 0.002 0.006
2026-10-08 07:10:49,350 54 INFO bench werkzeug: 127.0.0.1 - - [08/Oct/2026 07:10:49] "POST /json/2/purchase.order.line/read HTTP/1.1" 200 - 6 0.003 0.007
2026-10-08 07:10:49,375 54 INFO bench werkzeug: 127.0.0.1 - - [08/Oct/2026 07:10:49] "POST /json/2/purchase.order/read HTTP/1.1" 200 - 4 0.002 0.007
2026-10-08 07:10:49,400 54 INFO bench werkzeug: 127.0.0.1 - - [08/Oct/2026 07:10:49] "POST /json/2/purchase.order.line/search HTTP/1.1" 200 - 3 0.002 0.006
2026-10-08 07:10:49,427 54 INFO bench werkzeug: 127.0.0.1 - - [08/Oct/2026 07:10:49] "POST /json/2/purchase.order.line/read HTTP/1.1" 200 - 6 0.003 0.008
2026-10-08 07:10:49,462 54 INFO bench werkzeug: 127.0.0.1 - - [08/Oct/2026 07:10:49] "POST /json/2/purchase.order/read HTTP/1.1" 200 - 4 0.002 0.007
2026-10-08 07:10:49,489 54 INFO bench werkzeug: 127.0.0.1 - - [08/Oct/2026 07:10:49] "POST /json/2/purchase.order.line/search HTTP/1.1" 200 - 3 0.002 0.006
2026-10-08 07:10:49,518 54 INFO bench werkzeug: 127.0.0.1 - - [08/Oct/2026 07:10:49] "POST /json/2/purchase.order.line/read HTTP/1.1" 200 - 6 0.003 0.007
2026-10-08 07:10:49,543 54 INFO bench werkzeug: 127.0.0.1 - - [08/Oct/2026 07:10:49] "POST /json/2/purchase.order/read HTTP/1.1" 200 - 4 0.002 0.006
2026-10-08 07:10:49,566 54 INFO bench werkzeug: 127.0.0.1 - - [08/Oct/2026 07:10:49] "POST /json/2/purchase.order.line/search HTTP/1.1" 200 - 3 0.002 0.006
2026-10-08 07:10:49,594 54 INFO bench werkzeug: 127.0.0.1 - - [08/Oct/2026 07:10:49] "POST /json/2/purchase.order.line/read HTTP/1.1" 200 - 6 0.003 0.007
2026-10-08 07:10:49,618 54 INFO bench werkzeug: 127.0.0.1 - - [08/Oct/2026 07:10:49] "POST /json/2/purchase.order/read HTTP/1.1" 200 - 4 0.002 0.006
2026-10-08 07:10:49,641 54 INFO bench werkzeug: 127.0.0.1 - - [08/Oct/2026 07:10:49] "POST /json/2/purchase.order.line/search HTTP/1.1" 200 - 3 0.001 0.005
2026-10-08 07:10:49,667 54 INFO bench werkzeug: 127.0.0.1 - - [08/Oct/2026 07:10:49] "POST /json/2/purchase.order.line/read HTTP/1.1" 200 - 6 0.003 0.008
2026-10-08 07:10:49,691 54 INFO bench werkzeug: 127.0.0.1 - - [08/Oct/2026 07:10:49] "POST /json/2/purchase.order/read HTTP/1.1" 200 - 4 0.002 0.006
2026-10-08 07:10:49,715 54 INFO bench werkzeug: 127.0.0.1 - - [08/Oct/2026 07:10:49] "POST /json/2/purchase.order.line/search HTTP/1.1" 200 - 3 0.001 0.006
2026-10-08 07:10:49,742 54 INFO bench werkzeug: 127.0.0.1 - - [08/Oct/2026 07:10:49] "POST /json/2/purchase.order.line/read HTTP/1.1" 200 - 6 0.003 0.008
2026-10-08 07:10:49,765 54 INFO bench werkzeug: 127.0.0.1 - - [08/Oct/2026 07:10:49] "POST /json/2/purchase.order/read HTTP/1.1" 200 - 4 0.002 0.006
2026-10-08 07:10:49,801 54 INFO bench werkzeug: 127.0.0.1 - - [08/Oct/2026 07:10:49] "POST /json/2/purchase.order.line/search HTTP/1.1" 200 - 3 0.002 0.005
2026-10-08 07:10:49,825 54 INFO bench werkzeug: 127.0.0.1 - - [08/Oct/2026 07:10:49] "POST /json/2/purchase.order.line/read HTTP/1.1" 200 - 6 0.002 0.006
2026-10-08 07:10:49,846 54 INFO bench werkzeug: 127.0.0.1 - - [08/Oct/2026 07:10:49] "POST /json/2/purchase.order/read HTTP/1.1" 200 - 4 0.001 0.005
2026-10-08 07:10:49,865 54 INFO bench werkzeug: 127.0.0.1 - - [08/Oct/2026 07:10:49] "POST /json/2/purchase.order.line/search HTTP/1.1" 200 - 3 0.001 0.005
2026-10-08 07:10:49,890 54 INFO bench werkzeug: 127.0.0.1 - - [08/Oct/2026 07:10:49] "POST /json/2/purchase.order.line/read HTTP/1.1" 200 - 6 0.003 0.007
2026-10-08 07:10:49,911 54 INFO bench werkzeug: 127.0.0.1 - - [08/Oct/2026 07:10:49] "POST /json/2/purchase.order/read HTTP/1.1" 200 - 4 0.001 0.005
2026-10-08 07:10:49,930 54 INFO bench werkzeug: 127.0.0.1 - - [08/Oct/2026 07:10:49] "POST /json/2/purchase.order.line/search HTTP/1.1" 200 - 3 0.001 0.005
2026-10-08 07:10:49,954 54 INFO bench werkzeug: 127.0.0.1 - - [08/Oct/2026 07:10:49] "POST /json/2/purchase.order.line/read HTTP/1.1" 200 - 6 0.003 0.007
2026-10-08 07:10:49,979 54 INFO bench werkzeug: 127.0.0.1 - - [08/Oct/2026 07:10:49] "POST /json/2/purchase.order/read HTTP/1.1" 200 - 4 0.002 0.006
2026-10-08 07:10:50,003 54 INFO bench werkzeug: 127.0.0.1 - - [08/Oct/2026 07:10:50] "POST /json/2/purchase.order.line/search HTTP/1.1" 200 - 3 0.002 0.006
2026-10-08 07:10:50,031 54 INFO bench werkzeug: 127.0.0.1 - - [08/Oct/2026 07:10:50] "POST /json/2/purchase.order.line/read HTTP/1.1" 200 - 6 0.003 0.007
2026-10-08 07:10:50,056 54 INFO bench werkzeug: 127.0.0.1 - - [08/Oct/2026 07:10:50] "POST /json/2/purchase.order/read HTTP/1.1" 200 - 4 0.002 0.007
2026-10-08 07:10:50,080 54 INFO bench werkzeug: 127.0.0.1 - - [08/Oct/2026 07:10:50] "POST /json/2/purchase.order.line/search HTTP/1.1" 200 - 3 0.002 0.005
2026-10-08 07:10:50,122 54 INFO bench werkzeug: 127.0.0.1 - - [08/Oct/2026 07:10:50] "POST /json/2/purchase.order.line/read HTTP/1.1" 200 - 6 0.003 0.007
2026-10-08 07:10:50,147 54 INFO bench werkzeug: 127.0.0.1 - - [08/Oct/2026 07:10:50] "POST /json/2/purchase.order/read HTTP/1.1" 200 - 4 0.002 0.006
2026-10-08 07:10:50,170 54 INFO bench werkzeug: 127.0.0.1 - - [08/Oct/2026 07:10:50] "POST /json/2/purchase.order.line/search HTTP/1.1" 200 - 3 0.002 0.006
2026-10-08 07:10:50,197 54 INFO bench werkzeug: 127.0.0.1 - - [08/Oct/2026 07:10:50] "POST /json/2/purchase.order.line/read HTTP/1.1" 200 - 6 0.003 0.007
2026-10-08 07:10:50,222 54 INFO bench werkzeug: 127.0.0.1 - - [08/Oct/2026 07:10:50] "POST /json/2/purchase.order/read HTTP/1.1" 200 - 4 0.002 0.007
2026-10-08 07:10:50,246 54 INFO bench werkzeug: 127.0.0.1 - - [08/Oct/2026 07:10:50] "POST /json/2/purchase.order.line/search HTTP/1.1" 200 - 3 0.002 0.005
2026-10-08 07:10:50,272 54 INFO bench werkzeug: 127.0.0.1 - - [08/Oct/2026 07:10:50] "POST /json/2/purchase.order.line/read HTTP/1.1" 200 - 6 0.003 0.007
2026-10-08 07:10:50,298 54 INFO bench werkzeug: 127.0.0.1 - - [08/Oct/2026 07:10:50] "POST /json/2/purchase.order/read HTTP/1.1" 200 - 4 0.002 0.006
2026-10-08 07:10:50,323 54 INFO bench werkzeug: 127.0.0.1 - - [08/Oct/2026 07:10:50] "POST /json/2/purchase.order.line/search HTTP/1.1" 200 - 3 0.002 0.006
2026-10-08 07:10:50,350 54 INFO bench werkzeug: 127.0.0.1 - - [08/Oct/2026 07:10:50] "POST /json/2/purchase.order.line/read HTTP/1.1" 200 - 6 0.003 0.008
2026-10-08 07:10:50,374 54 INFO bench werkzeug: 127.0.0.1 - - [08/Oct/2026 07:10:50] "POST /json/2/purchase.order/read HTTP/1.1" 200 - 4 0.003 0.006
2026-10-08 07:10:50,398 54 INFO bench werkzeug: 127.0.0.1 - - [08/Oct/2026 07:10:50] "POST /json/2/purchase.order.line/search HTTP/1.1" 200 - 3 0.002 0.005
2026-10-08 07:10:50,425 54 INFO bench werkzeug: 127.0.0.1 - - [08/Oct/2026 07:10:50] "POST /json/2/purchase.order.line/read HTTP/1.1" 200 - 6 0.003 0.008
2026-10-08 07:10:50,459 54 INFO bench werkzeug: 127.0.0.1 - - [08/Oct/2026 07:10:50] "POST /json/2/purchase.order/read HTTP/1.1" 200 - 4 0.002 0.006
2026-10-08 07:10:50,486 54 INFO bench werkzeug: 127.0.0.1 - - [08/Oct/2026 07:10:50] "POST /json/2/purchase.order.line/search HTTP/1.1" 200 - 3 0.002 0.006
2026-10-08 07:10:50,511 54 INFO bench werkzeug: 127.0.0.1 - - [08/Oct/2026 07:10:50] "POST /json/2/purchase.order.line/read HTTP/1.1" 200 - 6 0.003 0.007
2026-10-08 07:10:50,538 54 INFO bench werkzeug: 127.0.0.1 - - [08/Oct/2026 07:10:50] "POST /json/2/purchase.order/read HTTP/1.1" 200 - 4 0.002 0.006
2026-10-08 07:10:50,564 54 INFO bench werkzeug: 127.0.0.1 - - [08/Oct/2026 07:10:50] "POST /json/2/purchase.order.line/search HTTP/1.1" 200 - 3 0.002 0.006
2026-10-08 07:10:50,589 54 INFO bench werkzeug: 127.0.0.1 - - [08/Oct/2026 07:10:50] "POST /json/2/purchase.order.line/read HTTP/1.1" 200 - 6 0.003 0.007
2026-10-08 07:10:50,615 54 INFO bench werkzeug: 127.0.0.1 - - [08/Oct/2026 07:10:50] "POST /json/2/purchase.order/read HTTP/1.1" 200 - 4 0.002 0.007
2026-10-08 07:10:50,639 54 INFO bench werkzeug: 127.0.0.1 - - [08/Oct/2026 07:10:50] "POST /json/2/purchase.order.line/search HTTP/1.1" 200 - 3 0.002 0.006
2026-10-08 07:10:50,668 54 INFO bench werkzeug: 127.0.0.1 - - [08/Oct/2026 07:10:50] "POST /json/2/purchase.order.line/read HTTP/1.1" 200 - 6 0.003 0.008
2026-10-08 07:10:50,692 54 INFO bench werkzeug: 127.0.0.1 - - [08/Oct/2026 07:10:50] "POST /json/2/purchase.order/read HTTP/1.1" 200 - 4 0.002 0.006
2026-10-08 07:10:50,717 54 INFO bench werkzeug: 127.0.0.1 - - [08/Oct/2026 07:10:50] "POST /json/2/purchase.order.line/search HTTP/1.1" 200 - 3 0.002 0.005
2026-10-08 07:10:50,743 54 INFO bench werkzeug: 127.0.0.1 - - [08/Oct/2026 07:10:50] "POST /json/2/purchase.order.line/read HTTP/1.1" 200 - 6 0.003 0.007
2026-10-08 07:10:50,769 54 INFO bench werkzeug: 127.0.0.1 - - [08/Oct/2026 07:10:50] "POST /json/2/purchase.order/read HTTP/1.1" 200 - 4 0.002 0.007
2026-10-08 07:10:50,804 54 INFO bench werkzeug: 127.0.0.1 - - [08/Oct/2026 07:10:50] "POST /json/2/purchase.order.line/search HTTP/1.1" 200 - 3 0.002 0.007
2026-10-08 07:10:50,832 54 INFO bench werkzeug: 127.0.0.1 - - [08/Oct/2026 07:10:50] "POST /json/2/purchase.order.line/read HTTP/1.1" 200 - 6 0.003 0.007
2026-10-08 07:10:51,056 54 INFO bench werkzeug: 127.0.0.1 - - [08/Oct/2026 07:10:51] "GET /doc-bearer/purchase.order.json HTTP/1.1" 200 - 5 0.003 0.205
2026-10-08 07:10:51,083 54 INFO bench werkzeug: 127.0.0.1 - - [08/Oct/2026 07:10:51] "POST /json/2/purchase.order/read HTTP/1.1" 200 - 4 0.002 0.007
2026-10-08 07:10:51,109 54 INFO bench werkzeug: 127.0.0.1 - - [08/Oct/2026 07:10:51] "POST /json/2/purchase.order/read HTTP/1.1" 200 - 4 0.002 0.006
2026-10-08 07:10:51,135 54 INFO bench werkzeug: 127.0.0.1 - - [08/Oct/2026 07:10:51] "POST /json/2/purchase.order/read HTTP/1.1" 200 - 4 0.002 0.007
2026-10-08 07:10:51,162 54 INFO bench werkzeug: 127.0.0.1 - - [08/Oct/2026 07:10:51] "POST /json/2/mrp.production/search HTTP/1.1" 200 - 3 0.002 0.006
2026-10-08 07:10:51,385 54 INFO bench werkzeug: 127.0.0.1 - - [08/Oct/2026 07:10:51] "GET /doc-bearer/mrp.production.json HTTP/1.1" 200 - 6 0.003 0.204
2026-10-08 07:10:51,418 54 INFO bench werkzeug: 127.0.0.1 - - [08/Oct/2026 07:10:51] "POST /json/2/mrp.production/read HTTP/1.1" 200 - 3 0.002 0.007
2026-10-08 07:10:51,442 54 INFO bench werkzeug: 127.0.0.1 - - [08/Oct/2026 07:10:51] "POST /json/2/mrp.workorder/search HTTP/1.1" 200 - 3 0.002 0.006
2026-10-08 07:10:51,652 54 INFO bench werkzeug: 127.0.0.1 - - [08/Oct/2026 07:10:51] "GET /doc-bearer/mrp.workorder.json HTTP/1.1" 200 - 5 0.003 0.190
2026-10-08 07:10:51,677 54 INFO bench werkzeug: 127.0.0.1 - - [08/Oct/2026 07:10:51] "POST /json/2/mrp.workorder/read HTTP/1.1" 200 - 4 0.002 0.006
2026-10-08 07:10:51,702 54 INFO bench werkzeug: 127.0.0.1 - - [08/Oct/2026 07:10:51] "POST /json/2/mrp.production/read HTTP/1.1" 200 - 3 0.001 0.006
2026-10-08 07:10:51,726 54 INFO bench werkzeug: 127.0.0.1 - - [08/Oct/2026 07:10:51] "POST /json/2/mrp.workorder/search HTTP/1.1" 200 - 3 0.002 0.006
2026-10-08 07:10:51,875 54 INFO bench werkzeug: 127.0.0.1 - - [08/Oct/2026 07:10:51] "GET /doc-bearer/mrp.workorder.json HTTP/1.1" 200 - 5 0.002 0.128
2026-10-08 07:10:51,905 54 INFO bench werkzeug: 127.0.0.1 - - [08/Oct/2026 07:10:51] "POST /json/2/mrp.workorder/read HTTP/1.1" 200 - 4 0.002 0.006
2026-10-08 07:10:51,930 54 INFO bench werkzeug: 127.0.0.1 - - [08/Oct/2026 07:10:51] "POST /json/2/mrp.production/read HTTP/1.1" 200 - 3 0.002 0.006
2026-10-08 07:10:51,956 54 INFO bench werkzeug: 127.0.0.1 - - [08/Oct/2026 07:10:51] "POST /json/2/mrp.workorder/search HTTP/1.1" 200 - 3 0.002 0.006
2026-10-08 07:10:52,111 54 INFO bench werkzeug: 127.0.0.1 - - [08/Oct/2026 07:10:52] "GET /doc-bearer/mrp.workorder.json HTTP/1.1" 200 - 5 0.002 0.137
2026-10-08 07:10:52,137 54 INFO bench werkzeug: 127.0.0.1 - - [08/Oct/2026 07:10:52] "POST /json/2/mrp.workorder/read HTTP/1.1" 200 - 4 0.002 0.006
2026-10-08 07:10:52,162 54 INFO bench werkzeug: 127.0.0.1 - - [08/Oct/2026 07:10:52] "POST /json/2/mrp.production/read HTTP/1.1" 200 - 3 0.002 0.006
2026-10-08 07:10:52,185 54 INFO bench werkzeug: 127.0.0.1 - - [08/Oct/2026 07:10:52] "POST /json/2/mrp.workorder/search HTTP/1.1" 200 - 3 0.002 0.006
2026-10-08 07:10:52,333 54 INFO bench werkzeug: 127.0.0.1 - - [08/Oct/2026 07:10:52] "GET /doc-bearer/mrp.workorder.json HTTP/1.1" 200 - 5 0.003 0.130
2026-10-08 07:10:52,367 54 INFO bench werkzeug: 127.0.0.1 - - [08/Oct/2026 07:10:52] "POST /json/2/mrp.workorder/read HTTP/1.1" 200 - 4 0.002 0.007
2026-10-08 07:10:52,392 54 INFO bench werkzeug: 127.0.0.1 - - [08/Oct/2026 07:10:52] "POST /json/2/mrp.production/read HTTP/1.1" 200 - 3 0.002 0.006
2026-10-08 07:10:52,417 54 INFO bench werkzeug: 127.0.0.1 - - [08/Oct/2026 07:10:52] "POST /json/2/mrp.workorder/search HTTP/1.1" 200 - 3 0.002 0.006
2026-10-08 07:10:52,570 54 INFO bench werkzeug: 127.0.0.1 - - [08/Oct/2026 07:10:52] "GET /doc-bearer/mrp.workorder.json HTTP/1.1" 200 - 5 0.003 0.132
2026-10-08 07:10:52,595 54 INFO bench werkzeug: 127.0.0.1 - - [08/Oct/2026 07:10:52] "POST /json/2/mrp.workorder/read HTTP/1.1" 200 - 4 0.002 0.007
2026-10-08 07:10:52,618 54 INFO bench werkzeug: 127.0.0.1 - - [08/Oct/2026 07:10:52] "POST /json/2/mrp.production/search HTTP/1.1" 200 - 3 0.001 0.006
2026-10-08 07:10:52,641 54 INFO bench werkzeug: 127.0.0.1 - - [08/Oct/2026 07:10:52] "POST /json/2/mrp.production/search HTTP/1.1" 200 - 3 0.002 0.005
2026-10-08 07:10:52,664 54 INFO bench werkzeug: 127.0.0.1 - - [08/Oct/2026 07:10:52] "POST /json/2/mrp.production/search HTTP/1.1" 200 - 3 0.001 0.005
2026-10-08 07:10:52,688 54 INFO bench werkzeug: 127.0.0.1 - - [08/Oct/2026 07:10:52] "POST /json/2/mrp.production/search HTTP/1.1" 200 - 3 0.002 0.005
2026-10-08 07:10:52,711 54 INFO bench werkzeug: 127.0.0.1 - - [08/Oct/2026 07:10:52] "POST /json/2/mrp.production/search HTTP/1.1" 200 - 3 0.001 0.005
2026-10-08 07:10:52,733 54 INFO bench werkzeug: 127.0.0.1 - - [08/Oct/2026 07:10:52] "POST /json/2/mrp.production/search HTTP/1.1" 200 - 3 0.002 0.005
2026-10-08 07:10:52,758 54 INFO bench werkzeug: 127.0.0.1 - - [08/Oct/2026 07:10:52] "POST /json/2/mrp.production/search HTTP/1.1" 200 - 3 0.001 0.006
2026-10-08 07:10:52,781 54 INFO bench werkzeug: 127.0.0.1 - - [08/Oct/2026 07:10:52] "POST /json/2/mrp.production/search HTTP/1.1" 200 - 3 0.002 0.006
2026-10-08 07:10:52,812 54 INFO bench werkzeug: 127.0.0.1 - - [08/Oct/2026 07:10:52] "POST /json/2/mrp.production/search HTTP/1.1" 200 - 3 0.002 0.005
2026-10-08 07:10:52,835 54 INFO bench werkzeug: 127.0.0.1 - - [08/Oct/2026 07:10:52] "POST /json/2/mrp.production/search HTTP/1.1" 200 - 3 0.001 0.005
2026-10-08 07:10:52,862 54 INFO bench werkzeug: 127.0.0.1 - - [08/Oct/2026 07:10:52] "POST /json/2/product.product/search HTTP/1.1" 200 - 4 0.002 0.007
2026-10-08 07:10:52,886 54 INFO bench werkzeug: 127.0.0.1 - - [08/Oct/2026 07:10:52] "POST /json/2/product.product/search HTTP/1.1" 200 - 4 0.002 0.007
2026-10-08 07:10:52,912 54 INFO bench werkzeug: 127.0.0.1 - - [08/Oct/2026 07:10:52] "POST /json/2/product.product/search HTTP/1.1" 200 - 4 0.002 0.007
2026-10-08 07:10:52,938 54 INFO bench werkzeug: 127.0.0.1 - - [08/Oct/2026 07:10:52] "POST /json/2/product.product/search HTTP/1.1" 200 - 4 0.002 0.007
2026-10-08 07:10:52,967 54 INFO bench werkzeug: 127.0.0.1 - - [08/Oct/2026 07:10:52] "POST /json/2/product.product/search HTTP/1.1" 200 - 4 0.002 0.008
2026-10-08 07:10:52,994 54 INFO bench werkzeug: 127.0.0.1 - - [08/Oct/2026 07:10:52] "POST /json/2/product.product/search HTTP/1.1" 200 - 4 0.002 0.006
2026-10-08 07:10:53,021 54 INFO bench werkzeug: 127.0.0.1 - - [08/Oct/2026 07:10:53] "POST /json/2/product.product/search HTTP/1.1" 200 - 4 0.002 0.007
2026-10-08 07:10:53,046 54 INFO bench werkzeug: 127.0.0.1 - - [08/Oct/2026 07:10:53] "POST /json/2/product.product/search HTTP/1.1" 200 - 4 0.002 0.007
2026-10-08 07:10:53,072 54 INFO bench werkzeug: 127.0.0.1 - - [08/Oct/2026 07:10:53] "POST /json/2/product.product/search HTTP/1.1" 200 - 4 0.003 0.007
2026-10-08 07:10:53,097 54 INFO bench werkzeug: 127.0.0.1 - - [08/Oct/2026 07:10:53] "POST /json/2/product.product/search HTTP/1.1" 200 - 4 0.002 0.007
2026-10-08 07:10:53,123 54 INFO bench werkzeug: 127.0.0.1 - - [08/Oct/2026 07:10:53] "POST /json/2/product.product/search HTTP/1.1" 200 - 4 0.002 0.007
2026-10-08 07:10:53,159 54 INFO bench werkzeug: 127.0.0.1 - - [08/Oct/2026 07:10:53] "POST /json/2/product.product/search HTTP/1.1" 200 - 4 0.002 0.007
2026-10-08 07:10:53,185 54 INFO bench werkzeug: 127.0.0.1 - - [08/Oct/2026 07:10:53] "POST /json/2/product.product/search HTTP/1.1" 200 - 4 0.002 0.007
2026-10-08 07:10:53,212 54 INFO bench werkzeug: 127.0.0.1 - - [08/Oct/2026 07:10:53] "POST /json/2/product.product/search HTTP/1.1" 200 - 4 0.002 0.007
2026-10-08 07:10:53,238 54 INFO bench werkzeug: 127.0.0.1 - - [08/Oct/2026 07:10:53] "POST /json/2/product.product/search HTTP/1.1" 200 - 4 0.002 0.007
2026-10-08 07:10:53,265 54 INFO bench werkzeug: 127.0.0.1 - - [08/Oct/2026 07:10:53] "POST /json/2/product.product/search HTTP/1.1" 200 - 4 0.002 0.007
2026-10-08 07:10:53,291 54 INFO bench werkzeug: 127.0.0.1 - - [08/Oct/2026 07:10:53] "POST /json/2/product.product/search HTTP/1.1" 200 - 4 0.003 0.006
2026-10-08 07:10:53,317 54 INFO bench werkzeug: 127.0.0.1 - - [08/Oct/2026 07:10:53] "POST /json/2/product.product/search HTTP/1.1" 200 - 4 0.002 0.007
2026-10-08 07:10:53,342 54 INFO bench werkzeug: 127.0.0.1 - - [08/Oct/2026 07:10:53] "POST /json/2/product.product/search HTTP/1.1" 200 - 4 0.002 0.007
2026-10-08 07:10:53,369 54 INFO bench werkzeug: 127.0.0.1 - - [08/Oct/2026 07:10:53] "POST /json/2/product.product/search HTTP/1.1" 200 - 4 0.002 0.007
2026-10-08 07:10:53,393 54 INFO bench werkzeug: 127.0.0.1 - - [08/Oct/2026 07:10:53] "POST /json/2/product.product/search HTTP/1.1" 200 - 4 0.003 0.007
2026-10-08 07:10:53,418 54 INFO bench werkzeug: 127.0.0.1 - - [08/Oct/2026 07:10:53] "POST /json/2/product.product/search HTTP/1.1" 200 - 4 0.002 0.007
2026-10-08 07:10:53,443 54 INFO bench werkzeug: 127.0.0.1 - - [08/Oct/2026 07:10:53] "POST /json/2/product.product/search HTTP/1.1" 200 - 4 0.002 0.006
2026-10-08 07:10:53,468 54 INFO bench werkzeug: 127.0.0.1 - - [08/Oct/2026 07:10:53] "POST /json/2/product.product/search HTTP/1.1" 200 - 4 0.002 0.007
2026-10-08 07:10:53,495 54 INFO bench werkzeug: 127.0.0.1 - - [08/Oct/2026 07:10:53] "POST /json/2/product.product/search HTTP/1.1" 200 - 4 0.002 0.007
2026-10-08 07:10:53,530 54 INFO bench werkzeug: 127.0.0.1 - - [08/Oct/2026 07:10:53] "POST /json/2/product.product/search HTTP/1.1" 200 - 4 0.002 0.006
2026-10-08 07:10:53,556 54 INFO bench werkzeug: 127.0.0.1 - - [08/Oct/2026 07:10:53] "POST /json/2/product.product/search HTTP/1.1" 200 - 4 0.002 0.007
2026-10-08 07:10:53,583 54 INFO bench werkzeug: 127.0.0.1 - - [08/Oct/2026 07:10:53] "POST /json/2/product.product/search HTTP/1.1" 200 - 4 0.002 0.007
2026-10-08 07:10:53,609 54 INFO bench werkzeug: 127.0.0.1 - - [08/Oct/2026 07:10:53] "POST /json/2/product.product/search HTTP/1.1" 200 - 4 0.002 0.007
2026-10-08 07:10:53,634 54 INFO bench werkzeug: 127.0.0.1 - - [08/Oct/2026 07:10:53] "POST /json/2/product.product/search HTTP/1.1" 200 - 4 0.002 0.007
2026-10-08 07:10:53,659 54 INFO bench werkzeug: 127.0.0.1 - - [08/Oct/2026 07:10:53] "POST /json/2/res.partner/search HTTP/1.1" 200 - 4 0.002 0.007
2026-10-08 07:10:53,682 54 INFO bench werkzeug: 127.0.0.1 - - [08/Oct/2026 07:10:53] "POST /json/2/res.partner/search HTTP/1.1" 200 - 4 0.002 0.007
2026-10-08 07:10:53,708 54 INFO bench werkzeug: 127.0.0.1 - - [08/Oct/2026 07:10:53] "POST /json/2/res.partner/search HTTP/1.1" 200 - 4 0.002 0.007
2026-10-08 07:10:53,733 54 INFO bench werkzeug: 127.0.0.1 - - [08/Oct/2026 07:10:53] "POST /json/2/res.partner/search HTTP/1.1" 200 - 4 0.002 0.007
2026-10-08 07:10:53,759 54 INFO bench werkzeug: 127.0.0.1 - - [08/Oct/2026 07:10:53] "POST /json/2/res.partner/search HTTP/1.1" 200 - 4 0.003 0.007
2026-10-08 07:10:53,783 54 INFO bench werkzeug: 127.0.0.1 - - [08/Oct/2026 07:10:53] "POST /json/2/res.partner/search HTTP/1.1" 200 - 4 0.002 0.007
2026-10-08 07:10:53,808 54 INFO bench werkzeug: 127.0.0.1 - - [08/Oct/2026 07:10:53] "POST /json/2/res.partner/search HTTP/1.1" 200 - 4 0.002 0.007
2026-10-08 07:10:53,834 54 INFO bench werkzeug: 127.0.0.1 - - [08/Oct/2026 07:10:53] "POST /json/2/res.partner/search HTTP/1.1" 200 - 4 0.002 0.007
2026-10-08 07:10:53,874 54 INFO bench werkzeug: 127.0.0.1 - - [08/Oct/2026 07:10:53] "POST /json/2/res.partner/search HTTP/1.1" 200 - 4 0.002 0.011
2026-10-08 07:10:53,901 54 INFO bench werkzeug: 127.0.0.1 - - [08/Oct/2026 07:10:53] "POST /json/2/res.partner/search HTTP/1.1" 200 - 4 0.002 0.007
2026-10-08 07:10:53,929 54 INFO bench werkzeug: 127.0.0.1 - - [08/Oct/2026 07:10:53] "POST /json/2/res.partner/search HTTP/1.1" 200 - 4 0.002 0.007
2026-10-08 07:10:53,957 54 INFO bench werkzeug: 127.0.0.1 - - [08/Oct/2026 07:10:53] "POST /json/2/res.partner/search HTTP/1.1" 200 - 4 0.002 0.008
2026-10-08 07:10:53,984 54 INFO bench werkzeug: 127.0.0.1 - - [08/Oct/2026 07:10:53] "POST /json/2/res.partner/search HTTP/1.1" 200 - 4 0.002 0.007
2026-10-08 07:10:54,012 54 INFO bench werkzeug: 127.0.0.1 - - [08/Oct/2026 07:10:54] "POST /json/2/res.partner/search HTTP/1.1" 200 - 4 0.002 0.007
2026-10-08 07:10:54,037 54 INFO bench werkzeug: 127.0.0.1 - - [08/Oct/2026 07:10:54] "POST /json/2/res.partner/search HTTP/1.1" 200 - 4 0.002 0.007
2026-10-08 07:10:54,064 54 INFO bench werkzeug: 127.0.0.1 - - [08/Oct/2026 07:10:54] "POST /json/2/res.partner/search HTTP/1.1" 200 - 4 0.002 0.008
2026-10-08 07:10:54,090 54 INFO bench werkzeug: 127.0.0.1 - - [08/Oct/2026 07:10:54] "POST /json/2/res.partner/search HTTP/1.1" 200 - 4 0.002 0.007
2026-10-08 07:10:54,115 54 INFO bench werkzeug: 127.0.0.1 - - [08/Oct/2026 07:10:54] "POST /json/2/res.partner/search HTTP/1.1" 200 - 4 0.003 0.007
2026-10-08 07:10:54,142 54 INFO bench werkzeug: 127.0.0.1 - - [08/Oct/2026 07:10:54] "POST /json/2/res.partner/search HTTP/1.1" 200 - 4 0.002 0.007
2026-10-08 07:10:54,166 54 INFO bench werkzeug: 127.0.0.1 - - [08/Oct/2026 07:10:54] "POST /json/2/res.partner/search HTTP/1.1" 200 - 4 0.002 0.006
2026-10-08 07:10:54,190 54 INFO bench werkzeug: 127.0.0.1 - - [08/Oct/2026 07:10:54] "POST /json/2/res.partner/search HTTP/1.1" 200 - 4 0.002 0.007
2026-10-08 07:10:54,224 54 INFO bench werkzeug: 127.0.0.1 - - [08/Oct/2026 07:10:54] "POST /json/2/res.partner/search HTTP/1.1" 200 - 4 0.002 0.006
2026-10-08 07:10:54,251 54 INFO bench werkzeug: 127.0.0.1 - - [08/Oct/2026 07:10:54] "POST /json/2/res.partner/search HTTP/1.1" 200 - 4 0.002 0.007
2026-10-08 07:10:54,276 54 INFO bench werkzeug: 127.0.0.1 - - [08/Oct/2026 07:10:54] "POST /json/2/res.partner/search HTTP/1.1" 200 - 4 0.003 0.007
2026-10-08 07:10:54,300 54 INFO bench werkzeug: 127.0.0.1 - - [08/Oct/2026 07:10:54] "POST /json/2/res.partner/search HTTP/1.1" 200 - 4 0.002 0.006
2026-10-08 07:10:54,325 54 INFO bench werkzeug: 127.0.0.1 - - [08/Oct/2026 07:10:54] "POST /json/2/res.partner/search HTTP/1.1" 200 - 4 0.002 0.007
2026-10-08 07:10:54,351 54 INFO bench werkzeug: 127.0.0.1 - - [08/Oct/2026 07:10:54] "POST /json/2/res.partner/search HTTP/1.1" 200 - 4 0.002 0.007
2026-10-08 07:10:54,375 54 INFO bench werkzeug: 127.0.0.1 - - [08/Oct/2026 07:10:54] "POST /json/2/res.partner/search HTTP/1.1" 200 - 4 0.002 0.006
2026-10-08 07:10:54,396 54 INFO bench werkzeug: 127.0.0.1 - - [08/Oct/2026 07:10:54] "POST /json/2/res.partner/search HTTP/1.1" 200 - 4 0.002 0.006
2026-10-08 07:10:54,427 54 INFO bench werkzeug: 127.0.0.1 - - [08/Oct/2026 07:10:54] "POST /json/2/res.partner/search HTTP/1.1" 200 - 4 0.002 0.011
2026-10-08 07:10:54,451 54 INFO bench werkzeug: 127.0.0.1 - - [08/Oct/2026 07:10:54] "POST /json/2/res.partner/search HTTP/1.1" 200 - 4 0.002 0.007
2026-10-08 07:10:54,476 54 INFO bench werkzeug: 127.0.0.1 - - [08/Oct/2026 07:10:54] "POST /json/2/res.partner/search HTTP/1.1" 200 - 4 0.002 0.007
2026-10-08 07:10:54,500 54 INFO bench werkzeug: 127.0.0.1 - - [08/Oct/2026 07:10:54] "POST /json/2/res.partner/search HTTP/1.1" 200 - 4 0.002 0.007
2026-10-08 07:10:54,525 54 INFO bench werkzeug: 127.0.0.1 - - [08/Oct/2026 07:10:54] "POST /json/2/res.partner/search HTTP/1.1" 200 - 4 0.002 0.007
2026-10-08 07:10:54,563 54 INFO bench werkzeug: 127.0.0.1 - - [08/Oct/2026 07:10:54] "POST /json/2/res.partner/search HTTP/1.1" 200 - 4 0.002 0.007
2026-10-08 07:10:54,589 54 INFO bench werkzeug: 127.0.0.1 - - [08/Oct/2026 07:10:54] "POST /json/2/res.partner/search HTTP/1.1" 200 - 4 0.002 0.007
2026-10-08 07:10:54,615 54 INFO bench werkzeug: 127.0.0.1 - - [08/Oct/2026 07:10:54] "POST /json/2/res.partner/search HTTP/1.1" 200 - 4 0.003 0.007
2026-10-08 07:10:54,640 54 INFO bench werkzeug: 127.0.0.1 - - [08/Oct/2026 07:10:54] "POST /json/2/res.partner/search HTTP/1.1" 200 - 4 0.002 0.007
2026-10-08 07:10:54,667 54 INFO bench werkzeug: 127.0.0.1 - - [08/Oct/2026 07:10:54] "POST /json/2/res.partner/search HTTP/1.1" 200 - 4 0.002 0.006
2026-10-08 07:10:54,693 54 INFO bench werkzeug: 127.0.0.1 - - [08/Oct/2026 07:10:54] "POST /json/2/res.partner/search HTTP/1.1" 200 - 4 0.002 0.007
2026-10-08 07:10:54,718 54 INFO bench werkzeug: 127.0.0.1 - - [08/Oct/2026 07:10:54] "POST /json/2/res.partner/search HTTP/1.1" 200 - 4 0.002 0.007
2026-10-08 07:10:54,743 54 INFO bench werkzeug: 127.0.0.1 - - [08/Oct/2026 07:10:54] "POST /json/2/res.partner/search HTTP/1.1" 200 - 4 0.002 0.007
2026-10-08 07:10:54,771 54 INFO bench werkzeug: 127.0.0.1 - - [08/Oct/2026 07:10:54] "POST /json/2/res.partner/search HTTP/1.1" 200 - 4 0.002 0.007
2026-10-08 07:10:54,797 54 INFO bench werkzeug: 127.0.0.1 - - [08/Oct/2026 07:10:54] "POST /json/2/res.partner/search HTTP/1.1" 200 - 4 0.002 0.007
2026-10-08 07:10:54,825 54 INFO bench werkzeug: 127.0.0.1 - - [08/Oct/2026 07:10:54] "POST /json/2/res.partner/search HTTP/1.1" 200 - 4 0.002 0.007
2026-10-08 07:10:54,851 54 INFO bench werkzeug: 127.0.0.1 - - [08/Oct/2026 07:10:54] "POST /json/2/res.partner/search HTTP/1.1" 200 - 4 0.003 0.008
2026-10-08 07:10:54,878 54 INFO bench werkzeug: 127.0.0.1 - - [08/Oct/2026 07:10:54] "POST /json/2/res.partner/search HTTP/1.1" 200 - 4 0.002 0.007
2026-10-08 07:10:54,913 54 INFO bench werkzeug: 127.0.0.1 - - [08/Oct/2026 07:10:54] "POST /json/2/res.partner/search HTTP/1.1" 200 - 4 0.002 0.007
2026-10-08 07:10:54,940 54 INFO bench werkzeug: 127.0.0.1 - - [08/Oct/2026 07:10:54] "POST /json/2/res.partner/search HTTP/1.1" 200 - 4 0.002 0.007
2026-10-08 07:10:54,966 54 INFO bench werkzeug: 127.0.0.1 - - [08/Oct/2026 07:10:54] "POST /json/2/res.partner/search HTTP/1.1" 200 - 4 0.002 0.007
2026-10-08 07:10:54,992 54 INFO bench werkzeug: 127.0.0.1 - - [08/Oct/2026 07:10:54] "POST /json/2/res.partner/search HTTP/1.1" 200 - 4 0.002 0.007
2026-10-08 07:10:55,018 54 INFO bench werkzeug: 127.0.0.1 - - [08/Oct/2026 07:10:55] "POST /json/2/res.partner/search HTTP/1.1" 200 - 4 0.002 0.007
2026-10-08 07:10:55,042 54 INFO bench werkzeug: 127.0.0.1 - - [08/Oct/2026 07:10:55] "POST /json/2/res.partner/search HTTP/1.1" 200 - 4 0.002 0.006
2026-10-08 07:10:55,067 54 INFO bench werkzeug: 127.0.0.1 - - [08/Oct/2026 07:10:55] "POST /json/2/res.partner/search HTTP/1.1" 200 - 4 0.002 0.007
2026-10-08 07:10:55,093 54 INFO bench werkzeug: 127.0.0.1 - - [08/Oct/2026 07:10:55] "POST /json/2/res.partner/search HTTP/1.1" 200 - 4 0.002 0.006
2026-10-08 07:10:55,116 54 INFO bench werkzeug: 127.0.0.1 - - [08/Oct/2026 07:10:55] "POST /json/2/res.partner/search HTTP/1.1" 200 - 4 0.002 0.006
2026-10-08 07:10:55,140 54 INFO bench werkzeug: 127.0.0.1 - - [08/Oct/2026 07:10:55] "POST /json/2/res.partner/search HTTP/1.1" 200 - 4 0.002 0.007
2026-10-08 07:10:55,164 54 INFO bench werkzeug: 127.0.0.1 - - [08/Oct/2026 07:10:55] "POST /json/2/res.partner/search HTTP/1.1" 200 - 4 0.002 0.006
2026-10-08 07:10:55,188 54 INFO bench werkzeug: 127.0.0.1 - - [08/Oct/2026 07:10:55] "POST /json/2/res.partner/search HTTP/1.1" 200 - 4 0.002 0.007
2026-10-08 07:10:55,212 54 INFO bench werkzeug: 127.0.0.1 - - [08/Oct/2026 07:10:55] "POST /json/2/res.partner/search HTTP/1.1" 200 - 4 0.002 0.006
2026-10-08 07:10:55,245 54 INFO bench werkzeug: 127.0.0.1 - - [08/Oct/2026 07:10:55] "POST /json/2/res.partner/search HTTP/1.1" 200 - 4 0.003 0.007
2026-10-08 07:10:55,270 54 INFO bench werkzeug: 127.0.0.1 - - [08/Oct/2026 07:10:55] "POST /json/2/res.partner/search HTTP/1.1" 200 - 4 0.002 0.006
2026-10-08 07:10:55,295 54 INFO bench werkzeug: 127.0.0.1 - - [08/Oct/2026 07:10:55] "POST /json/2/res.partner/search HTTP/1.1" 200 - 4 0.002 0.006
2026-10-08 07:10:55,322 54 INFO bench werkzeug: 127.0.0.1 - - [08/Oct/2026 07:10:55] "POST /json/2/res.partner/search HTTP/1.1" 200 - 4 0.002 0.007
2026-10-08 07:10:55,345 54 INFO bench werkzeug: 127.0.0.1 - - [08/Oct/2026 07:10:55] "POST /json/2/res.partner/search HTTP/1.1" 200 - 4 0.002 0.006
2026-10-08 07:10:55,369 54 INFO bench werkzeug: 127.0.0.1 - - [08/Oct/2026 07:10:55] "POST /json/2/res.partner/search HTTP/1.1" 200 - 4 0.002 0.007
2026-10-08 07:10:55,396 54 INFO bench werkzeug: 127.0.0.1 - - [08/Oct/2026 07:10:55] "POST /json/2/res.partner/search HTTP/1.1" 200 - 4 0.003 0.007
2026-10-08 07:10:55,422 54 INFO bench werkzeug: 127.0.0.1 - - [08/Oct/2026 07:10:55] "POST /json/2/res.partner/search HTTP/1.1" 200 - 4 0.002 0.006
2026-10-08 07:10:55,447 54 INFO bench werkzeug: 127.0.0.1 - - [08/Oct/2026 07:10:55] "POST /json/2/res.partner/search HTTP/1.1" 200 - 4 0.002 0.007
2026-10-08 07:10:55,473 54 INFO bench werkzeug: 127.0.0.1 - - [08/Oct/2026 07:10:55] "POST /json/2/res.partner/search HTTP/1.1" 200 - 4 0.002 0.007
2026-10-08 07:10:55,500 54 INFO bench werkzeug: 127.0.0.1 - - [08/Oct/2026 07:10:55] "POST /json/2/res.partner/search HTTP/1.1" 200 - 4 0.002 0.008
2026-10-08 07:10:55,525 54 INFO bench werkzeug: 127.0.0.1 - - [08/Oct/2026 07:10:55] "POST /json/2/res.partner/search HTTP/1.1" 200 - 4 0.002 0.007
2026-10-08 07:10:55,552 54 INFO bench werkzeug: 127.0.0.1 - - [08/Oct/2026 07:10:55] "POST /json/2/res.partner/search HTTP/1.1" 200 - 4 0.002 0.006
2026-10-08 07:10:55,587 54 INFO bench werkzeug: 127.0.0.1 - - [08/Oct/2026 07:10:55] "POST /json/2/res.partner/search HTTP/1.1" 200 - 4 0.002 0.007
2026-10-08 07:10:55,613 54 INFO bench werkzeug: 127.0.0.1 - - [08/Oct/2026 07:10:55] "POST /json/2/res.partner/search HTTP/1.1" 200 - 4 0.003 0.007
2026-10-08 07:10:55,639 54 INFO bench werkzeug: 127.0.0.1 - - [08/Oct/2026 07:10:55] "POST /json/2/res.partner/search HTTP/1.1" 200 - 4 0.002 0.007
2026-10-08 07:10:55,666 54 INFO bench werkzeug: 127.0.0.1 - - [08/Oct/2026 07:10:55] "POST /json/2/res.partner/search HTTP/1.1" 200 - 4 0.002 0.008
2026-10-08 07:10:55,692 54 INFO bench werkzeug: 127.0.0.1 - - [08/Oct/2026 07:10:55] "POST /json/2/res.partner/search HTTP/1.1" 200 - 4 0.003 0.007
2026-10-08 07:10:55,717 54 INFO bench werkzeug: 127.0.0.1 - - [08/Oct/2026 07:10:55] "POST /json/2/res.partner/search HTTP/1.1" 200 - 4 0.003 0.007
2026-10-08 07:10:55,743 54 INFO bench werkzeug: 127.0.0.1 - - [08/Oct/2026 07:10:55] "POST /json/2/res.partner/search HTTP/1.1" 200 - 4 0.003 0.008
2026-10-08 07:10:55,768 54 INFO bench werkzeug: 127.0.0.1 - - [08/Oct/2026 07:10:55] "POST /json/2/sale.order/search HTTP/1.1" 200 - 3 0.002 0.006
2026-10-08 07:10:55,795 54 INFO bench werkzeug: 127.0.0.1 - - [08/Oct/2026 07:10:55] "POST /json/2/sale.order.line/search HTTP/1.1" 200 - 3 0.002 0.006
2026-10-08 07:10:55,820 54 INFO bench werkzeug: 127.0.0.1 - - [08/Oct/2026 07:10:55] "POST /json/2/purchase.order/search HTTP/1.1" 200 - 3 0.002 0.006
2026-10-08 07:10:55,846 54 INFO bench werkzeug: 127.0.0.1 - - [08/Oct/2026 07:10:55] "POST /json/2/purchase.order.line/search HTTP/1.1" 200 - 3 0.002 0.006
2026-10-08 07:10:55,870 54 INFO bench werkzeug: 127.0.0.1 - - [08/Oct/2026 07:10:55] "POST /json/2/mrp.production/search HTTP/1.1" 200 - 3 0.002 0.006
2026-10-08 07:10:55,897 54 INFO bench werkzeug: 127.0.0.1 - - [08/Oct/2026 07:10:55] "POST /json/2/purchase.order/search HTTP/1.1" 200 - 3 0.002 0.006
2026-10-08 07:10:56,153 54 INFO bench werkzeug: 127.0.0.1 - - [08/Oct/2026 07:10:56] "GET /doc-bearer/purchase.order.json HTTP/1.1" 200 - 5 0.003 0.225
2026-10-08 07:10:56,179 54 INFO bench werkzeug: 127.0.0.1 - - [08/Oct/2026 07:10:56] "POST /json/2/purchase.order/read HTTP/1.1" 200 - 4 0.002 0.007
2026-10-08 07:10:56,202 54 INFO bench werkzeug: 127.0.0.1 - - [08/Oct/2026 07:10:56] "POST /json/2/purchase.order.line/search HTTP/1.1" 200 - 3 0.002 0.006
2026-10-08 07:10:56,346 54 INFO bench werkzeug: 127.0.0.1 - - [08/Oct/2026 07:10:56] "GET /doc-bearer/purchase.order.line.json HTTP/1.1" 200 - 6 0.003 0.125
2026-10-08 07:10:56,375 54 INFO bench werkzeug: 127.0.0.1 - - [08/Oct/2026 07:10:56] "POST /json/2/purchase.order.line/read HTTP/1.1" 200 - 6 0.003 0.008
2026-10-08 07:10:56,401 54 INFO bench werkzeug: 127.0.0.1 - - [08/Oct/2026 07:10:56] "POST /json/2/purchase.order/read HTTP/1.1" 200 - 4 0.002 0.007
2026-10-08 07:10:56,425 54 INFO bench werkzeug: 127.0.0.1 - - [08/Oct/2026 07:10:56] "POST /json/2/purchase.order.line/search HTTP/1.1" 200 - 3 0.002 0.006
2026-10-08 07:10:56,452 54 INFO bench werkzeug: 127.0.0.1 - - [08/Oct/2026 07:10:56] "POST /json/2/purchase.order.line/read HTTP/1.1" 200 - 6 0.003 0.007
2026-10-08 07:10:56,476 54 INFO bench werkzeug: 127.0.0.1 - - [08/Oct/2026 07:10:56] "POST /json/2/purchase.order/read HTTP/1.1" 200 - 4 0.002 0.006
2026-10-08 07:10:56,501 54 INFO bench werkzeug: 127.0.0.1 - - [08/Oct/2026 07:10:56] "POST /json/2/purchase.order.line/search HTTP/1.1" 200 - 3 0.002 0.006
2026-10-08 07:10:56,528 54 INFO bench werkzeug: 127.0.0.1 - - [08/Oct/2026 07:10:56] "POST /json/2/purchase.order.line/read HTTP/1.1" 200 - 6 0.003 0.007
2026-10-08 07:10:56,553 54 INFO bench werkzeug: 127.0.0.1 - - [08/Oct/2026 07:10:56] "POST /json/2/purchase.order/read HTTP/1.1" 200 - 4 0.002 0.007
2026-10-08 07:10:56,577 54 INFO bench werkzeug: 127.0.0.1 - - [08/Oct/2026 07:10:56] "POST /json/2/purchase.order.line/search HTTP/1.1" 200 - 3 0.002 0.006
2026-10-08 07:10:56,612 54 INFO bench werkzeug: 127.0.0.1 - - [08/Oct/2026 07:10:56] "POST /json/2/purchase.order.line/read HTTP/1.1" 200 - 6 0.003 0.007
2026-10-08 07:10:56,638 54 INFO bench werkzeug: 127.0.0.1 - - [08/Oct/2026 07:10:56] "POST /json/2/purchase.order/read HTTP/1.1" 200 - 4 0.002 0.007
2026-10-08 07:10:56,663 54 INFO bench werkzeug: 127.0.0.1 - - [08/Oct/2026 07:10:56] "POST /json/2/purchase.order.line/search HTTP/1.1" 200 - 3 0.002 0.006
2026-10-08 07:10:56,696 54 INFO bench werkzeug: 127.0.0.1 - - [08/Oct/2026 07:10:56] "POST /json/2/purchase.order.line/read HTTP/1.1" 200 - 6 0.003 0.014
2026-10-08 07:10:56,721 54 INFO bench werkzeug: 127.0.0.1 - - [08/Oct/2026 07:10:56] "POST /json/2/purchase.order/read HTTP/1.1" 200 - 4 0.002 0.007
2026-10-08 07:10:56,745 54 INFO bench werkzeug: 127.0.0.1 - - [08/Oct/2026 07:10:56] "POST /json/2/purchase.order.line/search HTTP/1.1" 200 - 3 0.002 0.005
2026-10-08 07:10:56,772 54 INFO bench werkzeug: 127.0.0.1 - - [08/Oct/2026 07:10:56] "POST /json/2/purchase.order.line/read HTTP/1.1" 200 - 6 0.003 0.007
2026-10-08 07:10:56,801 54 INFO bench werkzeug: 127.0.0.1 - - [08/Oct/2026 07:10:56] "POST /json/2/purchase.order/read HTTP/1.1" 200 - 4 0.002 0.007
2026-10-08 07:10:56,824 54 INFO bench werkzeug: 127.0.0.1 - - [08/Oct/2026 07:10:56] "POST /json/2/purchase.order.line/search HTTP/1.1" 200 - 3 0.001 0.006
2026-10-08 07:10:56,854 54 INFO bench werkzeug: 127.0.0.1 - - [08/Oct/2026 07:10:56] "POST /json/2/purchase.order.line/read HTTP/1.1" 200 - 6 0.003 0.008
2026-10-08 07:10:56,880 54 INFO bench werkzeug: 127.0.0.1 - - [08/Oct/2026 07:10:56] "POST /json/2/purchase.order/read HTTP/1.1" 200 - 4 0.002 0.007
2026-10-08 07:10:56,904 54 INFO bench werkzeug: 127.0.0.1 - - [08/Oct/2026 07:10:56] "POST /json/2/purchase.order.line/search HTTP/1.1" 200 - 3 0.002 0.006
2026-10-08 07:10:56,932 54 INFO bench werkzeug: 127.0.0.1 - - [08/Oct/2026 07:10:56] "POST /json/2/purchase.order.line/read HTTP/1.1" 200 - 6 0.003 0.007
2026-10-08 07:10:56,969 54 INFO bench werkzeug: 127.0.0.1 - - [08/Oct/2026 07:10:56] "POST /json/2/purchase.order/read HTTP/1.1" 200 - 4 0.002 0.007
2026-10-08 07:10:56,993 54 INFO bench werkzeug: 127.0.0.1 - - [08/Oct/2026 07:10:56] "POST /json/2/purchase.order.line/search HTTP/1.1" 200 - 3 0.002 0.006
2026-10-08 07:10:57,023 54 INFO bench werkzeug: 127.0.0.1 - - [08/Oct/2026 07:10:57] "POST /json/2/purchase.order.line/read HTTP/1.1" 200 - 6 0.003 0.008
2026-10-08 07:10:57,051 54 INFO bench werkzeug: 127.0.0.1 - - [08/Oct/2026 07:10:57] "POST /json/2/purchase.order/read HTTP/1.1" 200 - 4 0.002 0.007
2026-10-08 07:10:57,079 54 INFO bench werkzeug: 127.0.0.1 - - [08/Oct/2026 07:10:57] "POST /json/2/purchase.order.line/search HTTP/1.1" 200 - 3 0.002 0.007
2026-10-08 07:10:57,110 54 INFO bench werkzeug: 127.0.0.1 - - [08/Oct/2026 07:10:57] "POST /json/2/purchase.order.line/read HTTP/1.1" 200 - 6 0.003 0.008
2026-10-08 07:10:57,136 54 INFO bench werkzeug: 127.0.0.1 - - [08/Oct/2026 07:10:57] "POST /json/2/purchase.order/read HTTP/1.1" 200 - 4 0.002 0.007
2026-10-08 07:10:57,163 54 INFO bench werkzeug: 127.0.0.1 - - [08/Oct/2026 07:10:57] "POST /json/2/purchase.order.line/search HTTP/1.1" 200 - 3 0.002 0.006
2026-10-08 07:10:57,191 54 INFO bench werkzeug: 127.0.0.1 - - [08/Oct/2026 07:10:57] "POST /json/2/purchase.order.line/read HTTP/1.1" 200 - 6 0.003 0.008
2026-10-08 07:10:57,216 54 INFO bench werkzeug: 127.0.0.1 - - [08/Oct/2026 07:10:57] "POST /json/2/purchase.order/read HTTP/1.1" 200 - 4 0.002 0.007
2026-10-08 07:10:57,240 54 INFO bench werkzeug: 127.0.0.1 - - [08/Oct/2026 07:10:57] "POST /json/2/purchase.order.line/search HTTP/1.1" 200 - 3 0.002 0.006
2026-10-08 07:10:57,266 54 INFO bench werkzeug: 127.0.0.1 - - [08/Oct/2026 07:10:57] "POST /json/2/purchase.order.line/read HTTP/1.1" 200 - 6 0.003 0.008
2026-10-08 07:10:57,290 54 INFO bench werkzeug: 127.0.0.1 - - [08/Oct/2026 07:10:57] "POST /json/2/purchase.order/read HTTP/1.1" 200 - 4 0.002 0.006
2026-10-08 07:10:57,322 54 INFO bench werkzeug: 127.0.0.1 - - [08/Oct/2026 07:10:57] "POST /json/2/purchase.order.line/search HTTP/1.1" 200 - 3 0.002 0.006
2026-10-08 07:10:57,351 54 INFO bench werkzeug: 127.0.0.1 - - [08/Oct/2026 07:10:57] "POST /json/2/purchase.order.line/read HTTP/1.1" 200 - 6 0.003 0.007
2026-10-08 07:10:57,376 54 INFO bench werkzeug: 127.0.0.1 - - [08/Oct/2026 07:10:57] "POST /json/2/purchase.order/read HTTP/1.1" 200 - 4 0.002 0.006
2026-10-08 07:10:57,400 54 INFO bench werkzeug: 127.0.0.1 - - [08/Oct/2026 07:10:57] "POST /json/2/purchase.order.line/search HTTP/1.1" 200 - 3 0.002 0.006
2026-10-08 07:10:57,429 54 INFO bench werkzeug: 127.0.0.1 - - [08/Oct/2026 07:10:57] "POST /json/2/purchase.order.line/read HTTP/1.1" 200 - 6 0.004 0.008
2026-10-08 07:10:57,454 54 INFO bench werkzeug: 127.0.0.1 - - [08/Oct/2026 07:10:57] "POST /json/2/purchase.order/read HTTP/1.1" 200 - 4 0.002 0.007
2026-10-08 07:10:57,477 54 INFO bench werkzeug: 127.0.0.1 - - [08/Oct/2026 07:10:57] "POST /json/2/purchase.order.line/search HTTP/1.1" 200 - 3 0.002 0.006
2026-10-08 07:10:57,505 54 INFO bench werkzeug: 127.0.0.1 - - [08/Oct/2026 07:10:57] "POST /json/2/purchase.order.line/read HTTP/1.1" 200 - 6 0.003 0.008
2026-10-08 07:10:57,530 54 INFO bench werkzeug: 127.0.0.1 - - [08/Oct/2026 07:10:57] "POST /json/2/purchase.order/read HTTP/1.1" 200 - 4 0.002 0.006
2026-10-08 07:10:57,557 54 INFO bench werkzeug: 127.0.0.1 - - [08/Oct/2026 07:10:57] "POST /json/2/purchase.order.line/search HTTP/1.1" 200 - 3 0.002 0.006
2026-10-08 07:10:57,586 54 INFO bench werkzeug: 127.0.0.1 - - [08/Oct/2026 07:10:57] "POST /json/2/purchase.order.line/read HTTP/1.1" 200 - 6 0.003 0.007
2026-10-08 07:10:57,611 54 INFO bench werkzeug: 127.0.0.1 - - [08/Oct/2026 07:10:57] "POST /json/2/purchase.order/read HTTP/1.1" 200 - 4 0.002 0.007
2026-10-08 07:10:57,637 54 INFO bench werkzeug: 127.0.0.1 - - [08/Oct/2026 07:10:57] "POST /json/2/purchase.order.line/search HTTP/1.1" 200 - 3 0.002 0.006
2026-10-08 07:10:57,676 54 INFO bench werkzeug: 127.0.0.1 - - [08/Oct/2026 07:10:57] "POST /json/2/purchase.order.line/read HTTP/1.1" 200 - 6 0.003 0.008
2026-10-08 07:10:57,704 54 INFO bench werkzeug: 127.0.0.1 - - [08/Oct/2026 07:10:57] "POST /json/2/purchase.order/read HTTP/1.1" 200 - 4 0.002 0.007
2026-10-08 07:10:57,728 54 INFO bench werkzeug: 127.0.0.1 - - [08/Oct/2026 07:10:57] "POST /json/2/purchase.order.line/search HTTP/1.1" 200 - 3 0.002 0.006
2026-10-08 07:10:57,758 54 INFO bench werkzeug: 127.0.0.1 - - [08/Oct/2026 07:10:57] "POST /json/2/purchase.order.line/read HTTP/1.1" 200 - 6 0.003 0.008
2026-10-08 07:10:57,786 54 INFO bench werkzeug: 127.0.0.1 - - [08/Oct/2026 07:10:57] "POST /json/2/purchase.order/read HTTP/1.1" 200 - 4 0.002 0.007
2026-10-08 07:10:57,810 54 INFO bench werkzeug: 127.0.0.1 - - [08/Oct/2026 07:10:57] "POST /json/2/purchase.order.line/search HTTP/1.1" 200 - 3 0.002 0.006
2026-10-08 07:10:57,839 54 INFO bench werkzeug: 127.0.0.1 - - [08/Oct/2026 07:10:57] "POST /json/2/purchase.order.line/read HTTP/1.1" 200 - 6 0.003 0.008
2026-10-08 07:10:57,864 54 INFO bench werkzeug: 127.0.0.1 - - [08/Oct/2026 07:10:57] "POST /json/2/purchase.order/read HTTP/1.1" 200 - 4 0.002 0.007
2026-10-08 07:10:57,890 54 INFO bench werkzeug: 127.0.0.1 - - [08/Oct/2026 07:10:57] "POST /json/2/purchase.order.line/search HTTP/1.1" 200 - 3 0.002 0.007
2026-10-08 07:10:57,917 54 INFO bench werkzeug: 127.0.0.1 - - [08/Oct/2026 07:10:57] "POST /json/2/purchase.order.line/read HTTP/1.1" 200 - 6 0.003 0.008
2026-10-08 07:10:57,942 54 INFO bench werkzeug: 127.0.0.1 - - [08/Oct/2026 07:10:57] "POST /json/2/purchase.order/read HTTP/1.1" 200 - 4 0.002 0.006
2026-10-08 07:10:57,967 54 INFO bench werkzeug: 127.0.0.1 - - [08/Oct/2026 07:10:57] "POST /json/2/purchase.order.line/search HTTP/1.1" 200 - 3 0.002 0.006
2026-10-08 07:10:57,993 54 INFO bench werkzeug: 127.0.0.1 - - [08/Oct/2026 07:10:57] "POST /json/2/purchase.order.line/read HTTP/1.1" 200 - 6 0.003 0.007
2026-10-08 07:10:58,029 54 INFO bench werkzeug: 127.0.0.1 - - [08/Oct/2026 07:10:58] "POST /json/2/purchase.order/read HTTP/1.1" 200 - 4 0.002 0.007
2026-10-08 07:10:58,052 54 INFO bench werkzeug: 127.0.0.1 - - [08/Oct/2026 07:10:58] "POST /json/2/purchase.order.line/search HTTP/1.1" 200 - 3 0.001 0.006
2026-10-08 07:10:58,079 54 INFO bench werkzeug: 127.0.0.1 - - [08/Oct/2026 07:10:58] "POST /json/2/purchase.order.line/read HTTP/1.1" 200 - 6 0.003 0.008
2026-10-08 07:10:58,103 54 INFO bench werkzeug: 127.0.0.1 - - [08/Oct/2026 07:10:58] "POST /json/2/mrp.production/search HTTP/1.1" 200 - 3 0.001 0.006
2026-10-08 07:10:58,331 54 INFO bench werkzeug: 127.0.0.1 - - [08/Oct/2026 07:10:58] "GET /doc-bearer/mrp.production.json HTTP/1.1" 200 - 6 0.003 0.210
2026-10-08 07:10:58,363 54 INFO bench werkzeug: 127.0.0.1 - - [08/Oct/2026 07:10:58] "POST /json/2/mrp.production/read HTTP/1.1" 200 - 3 0.002 0.006
2026-10-08 07:10:58,390 54 INFO bench werkzeug: 127.0.0.1 - - [08/Oct/2026 07:10:58] "POST /json/2/mrp.workorder/search HTTP/1.1" 200 - 3 0.002 0.006
2026-10-08 07:10:58,544 54 INFO bench werkzeug: 127.0.0.1 - - [08/Oct/2026 07:10:58] "GET /doc-bearer/mrp.workorder.json HTTP/1.1" 200 - 5 0.003 0.135
2026-10-08 07:10:58,570 54 INFO bench werkzeug: 127.0.0.1 - - [08/Oct/2026 07:10:58] "POST /json/2/mrp.workorder/read HTTP/1.1" 200 - 4 0.002 0.007
2026-10-08 07:10:58,595 54 INFO bench werkzeug: 127.0.0.1 - - [08/Oct/2026 07:10:58] "POST /json/2/mrp.production/read HTTP/1.1" 200 - 3 0.002 0.007
2026-10-08 07:10:58,621 54 INFO bench werkzeug: 127.0.0.1 - - [08/Oct/2026 07:10:58] "POST /json/2/mrp.workorder/search HTTP/1.1" 200 - 3 0.002 0.006
2026-10-08 07:10:58,829 54 INFO bench werkzeug: 127.0.0.1 - - [08/Oct/2026 07:10:58] "GET /doc-bearer/mrp.workorder.json HTTP/1.1" 200 - 5 0.003 0.188
2026-10-08 07:10:58,862 54 INFO bench werkzeug: 127.0.0.1 - - [08/Oct/2026 07:10:58] "POST /json/2/mrp.workorder/read HTTP/1.1" 200 - 4 0.002 0.007
2026-10-08 07:10:58,887 54 INFO bench werkzeug: 127.0.0.1 - - [08/Oct/2026 07:10:58] "POST /json/2/mrp.production/read HTTP/1.1" 200 - 3 0.002 0.006
2026-10-08 07:10:58,911 54 INFO bench werkzeug: 127.0.0.1 - - [08/Oct/2026 07:10:58] "POST /json/2/mrp.workorder/search HTTP/1.1" 200 - 3 0.002 0.006
2026-10-08 07:10:59,066 54 INFO bench werkzeug: 127.0.0.1 - - [08/Oct/2026 07:10:59] "GET /doc-bearer/mrp.workorder.json HTTP/1.1" 200 - 5 0.002 0.135
2026-10-08 07:10:59,091 54 INFO bench werkzeug: 127.0.0.1 - - [08/Oct/2026 07:10:59] "POST /json/2/mrp.workorder/read HTTP/1.1" 200 - 4 0.002 0.006
2026-10-08 07:10:59,116 54 INFO bench werkzeug: 127.0.0.1 - - [08/Oct/2026 07:10:59] "POST /json/2/mrp.production/read HTTP/1.1" 200 - 3 0.002 0.006
2026-10-08 07:10:59,142 54 INFO bench werkzeug: 127.0.0.1 - - [08/Oct/2026 07:10:59] "POST /json/2/mrp.workorder/search HTTP/1.1" 200 - 3 0.002 0.006
2026-10-08 07:10:59,297 54 INFO bench werkzeug: 127.0.0.1 - - [08/Oct/2026 07:10:59] "GET /doc-bearer/mrp.workorder.json HTTP/1.1" 200 - 5 0.003 0.136
2026-10-08 07:10:59,337 54 INFO bench werkzeug: 127.0.0.1 - - [08/Oct/2026 07:10:59] "POST /json/2/mrp.workorder/read HTTP/1.1" 200 - 4 0.002 0.006
2026-10-08 07:10:59,362 54 INFO bench werkzeug: 127.0.0.1 - - [08/Oct/2026 07:10:59] "POST /json/2/mrp.production/read HTTP/1.1" 200 - 3 0.002 0.006
2026-10-08 07:10:59,389 54 INFO bench werkzeug: 127.0.0.1 - - [08/Oct/2026 07:10:59] "POST /json/2/mrp.workorder/search HTTP/1.1" 200 - 3 0.002 0.006
2026-10-08 07:10:59,555 54 INFO bench werkzeug: 127.0.0.1 - - [08/Oct/2026 07:10:59] "GET /doc-bearer/mrp.workorder.json HTTP/1.1" 200 - 5 0.003 0.145
2026-10-08 07:10:59,582 54 INFO bench werkzeug: 127.0.0.1 - - [08/Oct/2026 07:10:59] "POST /json/2/mrp.workorder/read HTTP/1.1" 200 - 4 0.003 0.007
2026-10-08 07:10:59,607 54 INFO bench werkzeug: 127.0.0.1 - - [08/Oct/2026 07:10:59] "POST /json/2/mrp.production/search HTTP/1.1" 200 - 3 0.002 0.006
2026-10-08 07:10:59,631 54 INFO bench werkzeug: 127.0.0.1 - - [08/Oct/2026 07:10:59] "POST /json/2/mrp.production/search HTTP/1.1" 200 - 3 0.002 0.006
2026-10-08 07:10:59,655 54 INFO bench werkzeug: 127.0.0.1 - - [08/Oct/2026 07:10:59] "POST /json/2/mrp.production/search HTTP/1.1" 200 - 3 0.002 0.006
2026-10-08 07:10:59,680 54 INFO bench werkzeug: 127.0.0.1 - - [08/Oct/2026 07:10:59] "POST /json/2/mrp.production/search HTTP/1.1" 200 - 3 0.002 0.006
2026-10-08 07:10:59,706 54 INFO bench werkzeug: 127.0.0.1 - - [08/Oct/2026 07:10:59] "POST /json/2/mrp.production/search HTTP/1.1" 200 - 3 0.002 0.006
2026-10-08 07:10:59,730 54 INFO bench werkzeug: 127.0.0.1 - - [08/Oct/2026 07:10:59] "POST /json/2/mrp.production/search HTTP/1.1" 200 - 3 0.001 0.005
2026-10-08 07:10:59,753 54 INFO bench werkzeug: 127.0.0.1 - - [08/Oct/2026 07:10:59] "POST /json/2/mrp.production/search HTTP/1.1" 200 - 3 0.002 0.006
2026-10-08 07:10:59,778 54 INFO bench werkzeug: 127.0.0.1 - - [08/Oct/2026 07:10:59] "POST /json/2/mrp.production/search HTTP/1.1" 200 - 3 0.002 0.006
2026-10-08 07:10:59,810 54 INFO bench werkzeug: 127.0.0.1 - - [08/Oct/2026 07:10:59] "POST /json/2/mrp.production/search HTTP/1.1" 200 - 3 0.002 0.005
2026-10-08 07:10:59,832 54 INFO bench werkzeug: 127.0.0.1 - - [08/Oct/2026 07:10:59] "POST /json/2/mrp.production/search HTTP/1.1" 200 - 3 0.001 0.006
