perl: warning: Setting locale failed.
perl: warning: Please check that your locale settings:
	LANGUAGE = (unset),
	LC_ALL = (unset),
	LANG = "en_US.UTF-8"
    are supported and installed on your system.
perl: warning: Falling back to the standard locale ("C").
DO
ALTER ROLE
Running as user 'root' is a security risk.
2026-10-08 05:12:29,329 61 WARNING ? odoo.tools.config: option addons_path, invalid addons directory '/mnt/extra-addons', skipped 
2026-10-08 05:12:29,329 61 WARNING ? odoo.tools.config: option addons_path, invalid addons directory '/mnt/extra-addons', skipped 
2026-10-08 05:12:29,329 61 WARNING ? odoo.tools.config: missing --http-interface/http_interface, using 0.0.0.0 by default, will change to 127.0.0.1 in 20.0 
2026-10-08 05:12:29,330 61 INFO ? odoo: Odoo version 19.0-20260926 
2026-10-08 05:12:29,330 61 INFO ? odoo: Using configuration file at /etc/odoo/odoo.conf 
2026-10-08 05:12:29,330 61 INFO ? odoo: addons paths: _NamespacePath(['/usr/lib/python3/dist-packages/odoo/addons', '/root/.local/share/Odoo/addons/19.0', '/usr/lib/python3/dist-packages/addons']) 
2026-10-08 05:12:29,330 61 INFO ? odoo: database: odoo@127.0.0.1:5432 
2026-10-08 05:12:29,687 61 INFO ? odoo.service.server: HTTP service (werkzeug) running on 7260e9b2b6bd:8069 
2026-10-08 05:12:31,107 61 INFO ? werkzeug: 127.0.0.1 - - [08/Oct/2026 05:12:31] "GET /web/database/selector HTTP/1.1" 200 - 2 0.021 0.056
2026-10-08 05:12:31,499 61 INFO None odoo.service.db: Create database `bench`. 
2026-10-08 05:12:35,248 61 INFO None odoo.modules.loading: Initializing database bench 
2026-10-08 05:12:36,796 61 INFO None odoo.modules.loading: loading 1 modules... 
2026-10-08 05:12:36,796 61 INFO None odoo.modules.loading: Loading module base (1/1) 
2026-10-08 05:12:36,820 61 INFO None odoo.registry: module base: creating or updating database tables 
2026-10-08 05:12:37,098 61 INFO None odoo.models: Prepare computation of ir.module.module.menus_by_module 
2026-10-08 05:12:37,098 61 INFO None odoo.models: Prepare computation of ir.module.module.reports_by_module 
2026-10-08 05:12:37,098 61 INFO None odoo.models: Prepare computation of ir.module.module.views_by_module 
2026-10-08 05:12:37,177 61 INFO None odoo.models: Prepare computation of res.partner.user_id 
2026-10-08 05:12:37,177 61 INFO None odoo.models: Prepare computation of res.partner.commercial_partner_id 
2026-10-08 05:12:37,177 61 INFO None odoo.models: Prepare computation of res.partner.complete_name 
2026-10-08 05:12:37,177 61 INFO None odoo.models: Prepare computation of res.partner.lang 
2026-10-08 05:12:37,177 61 INFO None odoo.models: Prepare computation of res.partner.company_registry 
2026-10-08 05:12:37,177 61 INFO None odoo.models: Prepare computation of res.partner.commercial_company_name 
2026-10-08 05:12:37,177 61 INFO None odoo.models: Prepare computation of res.partner.properties 
2026-10-08 05:12:37,177 61 INFO None odoo.models: Prepare computation of res.partner.partner_share 
2026-10-08 05:12:37,200 61 INFO None odoo.models: Prepare computation of res.currency.decimal_places 
2026-10-08 05:12:37,220 61 INFO None odoo.models: Prepare computation of res.company.uses_default_logo 
2026-10-08 05:12:37,220 61 INFO None odoo.models: Prepare computation of res.company.logo_web 
2026-10-08 05:12:37,222 61 INFO None odoo.models: Computing parent_path for table res_company... 
2026-10-08 05:12:37,245 61 INFO None odoo.models: Prepare computation of res.users.signature 
2026-10-08 05:12:37,245 61 INFO None odoo.models: Prepare computation of res.users.share 
2026-10-08 05:12:38,670 61 INFO None odoo.modules.loading: loading base/data/res_bank.xml 
2026-10-08 05:12:38,675 61 INFO None odoo.modules.loading: loading base/data/res.lang.csv 
2026-10-08 05:12:38,704 61 INFO None odoo.modules.loading: loading base/data/res_lang_data.xml 
2026-10-08 05:12:38,740 61 INFO None odoo.modules.loading: loading base/data/res_partner_data.xml 
2026-10-08 05:12:38,789 61 INFO None odoo.modules.loading: loading base/data/res_currency_data.xml 
2026-10-08 05:12:39,391 61 INFO None odoo.modules.loading: loading base/data/res_company_data.xml 
2026-10-08 05:12:39,400 61 INFO None odoo.modules.loading: loading base/data/res_users_data.xml 
2026-10-08 05:12:40,186 61 INFO None odoo.modules.loading: loading base/data/report_paperformat_data.xml 
2026-10-08 05:12:40,193 61 INFO None odoo.modules.loading: loading base/data/res_country_data.xml 
2026-10-08 05:12:40,859 61 INFO None odoo.modules.loading: loading base/data/ir_demo_data.xml 
2026-10-08 05:12:40,872 61 INFO None odoo.modules.loading: loading base/security/base_groups.xml 
2026-10-08 05:12:41,072 61 INFO None odoo.modules.loading: loading base/security/base_security.xml 
2026-10-08 05:12:41,294 61 INFO None odoo.modules.loading: loading base/wizard/wizard_ir_model_menu_create_views.xml 
2026-10-08 05:12:41,309 61 INFO None odoo.modules.loading: loading base/views/base_menus.xml 
2026-10-08 05:12:41,388 61 INFO None odoo.modules.loading: loading base/views/decimal_precision_views.xml 
2026-10-08 05:12:41,407 61 INFO None odoo.modules.loading: loading base/views/res_config_views.xml 
2026-10-08 05:12:41,413 61 INFO None odoo.modules.loading: loading base/data/res.country.state.csv 
2026-10-08 05:12:41,702 61 INFO None odoo.modules.loading: loading base/views/ir_actions_views.xml 
2026-10-08 05:12:41,865 61 INFO None odoo.modules.loading: loading base/views/ir_asset_views.xml 
2026-10-08 05:12:41,884 61 INFO None odoo.modules.loading: loading base/views/ir_config_parameter_views.xml 
2026-10-08 05:12:41,903 61 INFO None odoo.modules.loading: loading base/views/ir_cron_views.xml 
2026-10-08 05:12:41,933 61 INFO None odoo.modules.loading: loading base/views/ir_cron_trigger_views.xml 
2026-10-08 05:12:41,954 61 INFO None odoo.modules.loading: loading base/views/ir_filters_views.xml 
2026-10-08 05:12:41,981 61 INFO None odoo.modules.loading: loading base/views/ir_mail_server_views.xml 
2026-10-08 05:12:42,003 61 INFO None odoo.modules.loading: loading base/views/ir_model_views.xml 
2026-10-08 05:12:42,162 61 INFO None odoo.modules.loading: loading base/views/ir_attachment_views.xml 
2026-10-08 05:12:42,190 61 INFO None odoo.modules.loading: loading base/views/ir_rule_views.xml 
2026-10-08 05:12:42,212 61 INFO None odoo.modules.loading: loading base/views/ir_sequence_views.xml 
2026-10-08 05:12:42,238 61 INFO None odoo.modules.loading: loading base/views/ir_ui_menu_views.xml 
2026-10-08 05:12:42,262 61 INFO None odoo.modules.loading: loading base/views/ir_ui_view_views.xml 
2026-10-08 05:12:42,328 61 INFO None odoo.modules.loading: loading base/views/ir_default_views.xml 
2026-10-08 05:12:42,352 61 INFO None odoo.modules.loading: loading base/data/ir_config_parameter_data.xml 
2026-10-08 05:12:42,356 61 INFO None odoo.modules.loading: loading base/data/ir_cron_data.xml 
2026-10-08 05:12:42,371 61 INFO None odoo.modules.loading: loading base/report/ir_model_report.xml 
2026-10-08 05:12:42,376 61 INFO None odoo.modules.loading: loading base/report/ir_model_templates.xml 
2026-10-08 05:12:42,385 61 INFO None odoo.modules.loading: loading base/views/ir_logging_views.xml 
2026-10-08 05:12:42,411 61 INFO None odoo.modules.loading: loading base/views/ir_qweb_widget_templates.xml 
2026-10-08 05:12:42,427 61 INFO None odoo.modules.loading: loading base/views/ir_module_views.xml 
2026-10-08 05:12:42,487 61 INFO None odoo.modules.loading: loading base/data/ir_module_category_data.xml 
2026-10-08 05:12:42,532 61 INFO None odoo.modules.loading: loading base/data/ir_module_module.xml 
2026-10-08 05:12:42,626 61 INFO None odoo.modules.loading: loading base/report/ir_module_reports.xml 
2026-10-08 05:12:42,630 61 INFO None odoo.modules.loading: loading base/report/ir_module_report_templates.xml 
2026-10-08 05:12:42,637 61 INFO None odoo.modules.loading: loading base/wizard/base_module_update_views.xml 
2026-10-08 05:12:42,652 61 INFO None odoo.modules.loading: loading base/wizard/base_language_install_views.xml 
2026-10-08 05:12:42,669 61 INFO None odoo.modules.loading: loading base/wizard/base_import_language_views.xml 
2026-10-08 05:12:42,681 61 INFO None odoo.modules.loading: loading base/wizard/base_module_upgrade_views.xml 
2026-10-08 05:12:42,701 61 INFO None odoo.modules.loading: loading base/wizard/base_module_uninstall_views.xml 
2026-10-08 05:12:42,712 61 INFO None odoo.modules.loading: loading base/wizard/base_export_language_views.xml 
2026-10-08 05:12:42,727 61 INFO None odoo.modules.loading: loading base/wizard/base_partner_merge_views.xml 
2026-10-08 05:12:42,744 61 INFO None odoo.modules.loading: loading base/data/ir_demo_failure_data.xml 
2026-10-08 05:12:42,762 61 INFO None odoo.modules.loading: loading base/views/ir_profile_views.xml 
2026-10-08 05:12:42,787 61 INFO None odoo.modules.loading: loading base/views/res_company_views.xml 
2026-10-08 05:12:42,810 61 INFO None odoo.modules.loading: loading base/views/res_lang_views.xml 
2026-10-08 05:12:42,829 61 INFO None odoo.modules.loading: loading base/views/res_partner_views.xml 
2026-10-08 05:12:42,909 61 INFO None odoo.modules.loading: loading base/views/res_bank_views.xml 
2026-10-08 05:12:42,944 61 INFO None odoo.modules.loading: loading base/views/res_country_views.xml 
2026-10-08 05:12:42,989 61 INFO None odoo.modules.loading: loading base/views/res_currency_views.xml 
2026-10-08 05:12:43,027 61 INFO None odoo.modules.loading: loading base/views/res_groups_views.xml 
2026-10-08 05:12:43,087 61 INFO None odoo.modules.loading: loading base/views/res_users_views.xml 
2026-10-08 05:12:43,190 61 INFO None odoo.modules.loading: loading base/views/res_users_apikeys_views.xml 
2026-10-08 05:12:43,196 61 INFO None odoo.modules.loading: loading base/views/res_device_views.xml 
2026-10-08 05:12:43,222 61 INFO None odoo.modules.loading: loading base/views/res_users_identitycheck_views.xml 
2026-10-08 05:12:43,229 61 INFO None odoo.modules.loading: loading base/views/res_config_settings_views.xml 
2026-10-08 05:12:43,237 61 INFO None odoo.modules.loading: loading base/views/report_paperformat_views.xml 
2026-10-08 05:12:43,265 61 INFO None odoo.modules.loading: loading base/security/ir.model.access.csv 
2026-10-08 05:12:43,406 61 INFO None odoo.modules.loading: Module base loaded in 6.61s, 8454 queries (+8454 other) 
2026-10-08 05:12:43,406 61 INFO None odoo.modules.loading: 1 modules loaded in 6.61s, 8454 queries (+8454 extra) 
2026-10-08 05:12:43,409 61 INFO None odoo.modules.loading: updating modules list 
2026-10-08 05:12:43,410 61 INFO None odoo.addons.base.models.ir_module: ALLOW access to module.update_list on [] to user __system__ #1 via n/a 
2026-10-08 05:12:44,371 61 INFO None odoo.modules.loading: loading 14 modules... 
2026-10-08 05:12:44,371 61 INFO None odoo.modules.loading: Loading module rpc (2/14) 
2026-10-08 05:12:44,393 61 INFO None odoo.modules.loading: Module rpc loaded in 0.02s, 9 queries (+9 other) 
2026-10-08 05:12:44,393 61 INFO None odoo.modules.loading: Loading module web (3/14) 
2026-10-08 05:12:44,417 61 INFO None odoo.registry: module web: creating or updating database tables 
2026-10-08 05:12:44,831 61 INFO None odoo.modules.loading: loading web/security/ir.model.access.csv 
2026-10-08 05:12:44,840 61 INFO None odoo.modules.loading: loading web/security/web_security.xml 
2026-10-08 05:12:44,852 61 INFO None odoo.modules.loading: loading web/views/webclient_templates.xml 
2026-10-08 05:12:44,907 61 INFO None odoo.modules.loading: loading web/views/report_templates.xml 
2026-10-08 05:12:45,001 61 INFO None odoo.modules.loading: loading web/views/base_document_layout_views.xml 
2026-10-08 05:12:45,015 61 INFO None odoo.modules.loading: loading web/views/partner_view.xml 
2026-10-08 05:12:45,023 61 INFO None odoo.modules.loading: loading web/views/speedscope_template.xml 
2026-10-08 05:12:45,028 61 INFO None odoo.modules.loading: loading web/views/memory_template.xml 
2026-10-08 05:12:45,033 61 INFO None odoo.modules.loading: loading web/views/speedscope_config_wizard.xml 
2026-10-08 05:12:45,040 61 INFO None odoo.modules.loading: loading web/views/neutralize_views.xml 
2026-10-08 05:12:45,048 61 INFO None odoo.modules.loading: loading web/views/ir_ui_view_views.xml 
2026-10-08 05:12:45,059 61 INFO None odoo.modules.loading: loading web/data/ir_attachment.xml 
2026-10-08 05:12:45,064 61 INFO None odoo.modules.loading: loading web/data/report_layout.xml 
2026-10-08 05:12:45,114 61 INFO None odoo.modules.loading: Module web loaded in 0.72s, 1232 queries (+1232 other) 
2026-10-08 05:12:45,115 61 INFO None odoo.modules.loading: Loading module api_doc (4/14) 
2026-10-08 05:12:45,121 61 INFO None odoo.registry: module api_doc: creating or updating database tables 
2026-10-08 05:12:45,137 61 INFO None odoo.modules.loading: loading api_doc/security/res_groups.xml 
2026-10-08 05:12:45,161 61 INFO None odoo.modules.loading: loading api_doc/views/docclient.xml 
2026-10-08 05:12:45,186 61 INFO None odoo.modules.loading: Module api_doc loaded in 0.07s, 63 queries (+63 other) 
2026-10-08 05:12:45,186 61 INFO None odoo.modules.loading: Loading module auth_totp (5/14) 
2026-10-08 05:12:45,200 61 INFO None odoo.registry: module auth_totp: creating or updating database tables 
2026-10-08 05:12:45,262 61 INFO None odoo.modules.loading: loading auth_totp/security/security.xml 
2026-10-08 05:12:45,286 61 INFO None odoo.modules.loading: loading auth_totp/security/ir.model.access.csv 
2026-10-08 05:12:45,294 61 INFO None odoo.modules.loading: loading auth_totp/data/ir_action_data.xml 
2026-10-08 05:12:45,300 61 INFO None odoo.modules.loading: loading auth_totp/views/res_users_views.xml 
2026-10-08 05:12:45,329 61 INFO None odoo.modules.loading: loading auth_totp/views/templates.xml 
2026-10-08 05:12:45,338 61 INFO None odoo.modules.loading: loading auth_totp/wizard/auth_totp_wizard_views.xml 
2026-10-08 05:12:45,364 61 INFO None odoo.modules.loading: Module auth_totp loaded in 0.18s, 218 queries (+218 other) 
2026-10-08 05:12:45,364 61 INFO None odoo.modules.loading: Loading module base_import (6/14) 
2026-10-08 05:12:45,392 61 INFO None odoo.registry: module base_import: creating or updating database tables 
2026-10-08 05:12:45,824 61 INFO None odoo.modules.loading: loading base_import/security/base_import_security.xml 
2026-10-08 05:12:45,830 61 INFO None odoo.modules.loading: loading base_import/security/ir.model.access.csv 
2026-10-08 05:12:45,851 61 INFO None odoo.modules.loading: Module base_import loaded in 0.49s, 964 queries (+964 other) 
2026-10-08 05:12:45,851 61 INFO None odoo.modules.loading: Loading module base_import_module (7/14) 
2026-10-08 05:12:45,857 61 INFO None odoo.registry: module base_import_module: creating or updating database tables 
2026-10-08 05:12:45,909 61 INFO None odoo.modules.loading: loading base_import_module/security/ir.model.access.csv 
2026-10-08 05:12:45,915 61 INFO None odoo.modules.loading: loading base_import_module/views/base_import_module_view.xml 
2026-10-08 05:12:45,934 61 INFO None odoo.modules.loading: loading base_import_module/views/ir_module_views.xml 
2026-10-08 05:12:45,984 61 INFO None odoo.modules.loading: Module base_import_module loaded in 0.13s, 172 queries (+172 other) 
2026-10-08 05:12:45,984 61 INFO None odoo.modules.loading: Loading module base_setup (8/14) 
2026-10-08 05:12:45,992 61 INFO None odoo.registry: module base_setup: creating or updating database tables 
2026-10-08 05:12:46,028 61 INFO None odoo.modules.loading: loading base_setup/data/base_setup_data.xml 
2026-10-08 05:12:46,032 61 INFO None odoo.modules.loading: loading base_setup/views/res_config_settings_views.xml 
2026-10-08 05:12:46,067 61 INFO None odoo.modules.loading: loading base_setup/views/res_partner_views.xml 
2026-10-08 05:12:46,092 61 INFO None odoo.modules.loading: Module base_setup loaded in 0.11s, 152 queries (+152 other) 
2026-10-08 05:12:46,092 61 INFO None odoo.modules.loading: Loading module bus (9/14) 
2026-10-08 05:12:46,107 61 INFO None odoo.registry: module bus: creating or updating database tables 
2026-10-08 05:12:46,181 61 INFO None odoo.modules.loading: loading bus/security/ir.model.access.csv 
2026-10-08 05:12:46,199 61 INFO None odoo.modules.loading: Module bus loaded in 0.11s, 159 queries (+159 other) 
2026-10-08 05:12:46,199 61 INFO None odoo.modules.loading: Loading module web_tour (10/14) 
2026-10-08 05:12:46,206 61 INFO None odoo.registry: module web_tour: creating or updating database tables 
2026-10-08 05:12:46,210 61 INFO None odoo.models: Prepare computation of res.users.tour_enabled 
2026-10-08 05:12:46,274 61 INFO None odoo.modules.loading: loading web_tour/security/ir.model.access.csv 
2026-10-08 05:12:46,282 61 INFO None odoo.modules.loading: loading web_tour/views/tour_views.xml 
2026-10-08 05:12:46,323 61 INFO None odoo.modules.loading: Module web_tour loaded in 0.12s, 180 queries (+180 other) 
2026-10-08 05:12:46,323 61 INFO None odoo.modules.loading: Loading module auth_passkey (11/14) 
2026-10-08 05:12:46,357 61 INFO None odoo.registry: module auth_passkey: creating or updating database tables 
2026-10-08 05:12:46,414 61 INFO None odoo.modules.loading: loading auth_passkey/views/auth_passkey_key_views.xml 
2026-10-08 05:12:46,435 61 INFO None odoo.modules.loading: loading auth_passkey/views/auth_passkey_login_templates.xml 
2026-10-08 05:12:46,448 61 INFO None odoo.modules.loading: loading auth_passkey/views/res_users_identitycheck_views.xml 
2026-10-08 05:12:46,457 61 INFO None odoo.modules.loading: loading auth_passkey/views/res_users_views.xml 
2026-10-08 05:12:46,478 61 INFO None odoo.modules.loading: loading auth_passkey/security/ir.model.access.csv 
2026-10-08 05:12:46,486 61 INFO None odoo.modules.loading: loading auth_passkey/security/security.xml 
2026-10-08 05:12:46,518 61 INFO None odoo.modules.loading: Module auth_passkey loaded in 0.19s, 218 queries (+218 other) 
2026-10-08 05:12:46,518 61 INFO None odoo.modules.loading: Loading module html_editor (12/14) 
2026-10-08 05:12:46,697 61 INFO None odoo.registry: module html_editor: creating or updating database tables 
2026-10-08 05:12:47,161 61 INFO None odoo.modules.loading: loading html_editor/security/ir.model.access.csv 
2026-10-08 05:12:47,183 61 INFO None odoo.modules.loading: Module html_editor loaded in 0.66s, 1034 queries (+1034 other) 
2026-10-08 05:12:47,183 61 INFO None odoo.modules.loading: Loading module iap (13/14) 
2026-10-08 05:12:47,186 61 INFO None odoo.registry: module iap: creating or updating database tables 
2026-10-08 05:12:47,250 61 INFO None odoo.modules.loading: loading iap/data/services.xml 
2026-10-08 05:12:47,255 61 INFO None odoo.modules.loading: loading iap/security/ir.model.access.csv 
2026-10-08 05:12:47,264 61 INFO None odoo.modules.loading: loading iap/security/ir_rule.xml 
2026-10-08 05:12:47,271 61 INFO None odoo.modules.loading: loading iap/views/iap_views.xml 
2026-10-08 05:12:47,299 61 INFO None odoo.modules.loading: loading iap/views/res_config_settings.xml 
2026-10-08 05:12:47,327 61 INFO None odoo.modules.loading: Module iap loaded in 0.14s, 185 queries (+185 other) 
2026-10-08 05:12:47,327 61 INFO None odoo.modules.loading: Loading module web_unsplash (14/14) 
2026-10-08 05:12:47,334 61 INFO None odoo.registry: module web_unsplash: creating or updating database tables 
2026-10-08 05:12:47,364 61 INFO None odoo.modules.loading: loading web_unsplash/views/res_config_settings_view.xml 
2026-10-08 05:12:47,397 61 INFO None odoo.modules.loading: Module web_unsplash loaded in 0.07s, 91 queries (+91 other) 
2026-10-08 05:12:47,397 61 INFO None odoo.modules.loading: 14 modules loaded in 3.03s, 4677 queries (+4677 extra) 
2026-10-08 05:12:47,653 61 INFO None odoo.modules.loading: Modules loaded. 
2026-10-08 05:12:47,661 61 INFO None odoo.registry: Registry changed, signaling through the database 
2026-10-08 05:12:47,667 61 INFO None odoo.registry: Registry loaded in 12.439s 
2026-10-08 05:12:48,445 61 INFO None odoo.addons.base.models.res_users: Login successful for login:admin from 127.0.0.1 
2026-10-08 05:12:48,460 61 INFO None werkzeug: 127.0.0.1 - - [08/Oct/2026 05:12:48] "POST /web/database/create HTTP/1.1" 303 - 20032 11.155 6.190
Database created
API key generated
2026-10-08 05:12:50,030 61 INFO bench odoo.addons.base.models.ir_http: Generating routing map for key None 
2026-10-08 05:12:50,042 61 INFO bench werkzeug: 127.0.0.1 - - [08/Oct/2026 05:12:50] "POST /json/2/res.users/context_get HTTP/1.1" 200 - 4 0.003 0.012
2026-10-08 05:12:50,069 61 INFO bench odoo.addons.base.models.ir_module: ALLOW access to module.update_list on [] to user admin #2 via 127.0.0.1 
2026-10-08 05:12:51,002 61 INFO bench werkzeug: 127.0.0.1 - - [08/Oct/2026 05:12:51] "POST /json/2/ir.module.module/update_list HTTP/1.1" 200 - 1697 0.500 0.440
2026-10-08 05:12:51,027 61 INFO bench werkzeug: 127.0.0.1 - - [08/Oct/2026 05:12:51] "POST /json/2/ir.module.module/search HTTP/1.1" 200 - 3 0.002 0.006
2026-10-08 05:12:51,053 61 INFO bench werkzeug: 127.0.0.1 - - [08/Oct/2026 05:12:51] "POST /json/2/ir.module.module/read HTTP/1.1" 200 - 3 0.002 0.007
2026-10-08 05:12:51,079 61 INFO bench werkzeug: 127.0.0.1 - - [08/Oct/2026 05:12:51] "POST /json/2/ir.module.module/search HTTP/1.1" 200 - 3 0.002 0.006
2026-10-08 05:12:51,106 61 INFO bench werkzeug: 127.0.0.1 - - [08/Oct/2026 05:12:51] "POST /json/2/ir.module.module/read HTTP/1.1" 200 - 3 0.001 0.006
2026-10-08 05:12:51,131 61 INFO bench werkzeug: 127.0.0.1 - - [08/Oct/2026 05:12:51] "POST /json/2/ir.module.module/search HTTP/1.1" 200 - 3 0.002 0.006
2026-10-08 05:12:51,155 61 INFO bench werkzeug: 127.0.0.1 - - [08/Oct/2026 05:12:51] "POST /json/2/ir.module.module/read HTTP/1.1" 200 - 3 0.002 0.006
2026-10-08 05:12:51,181 61 INFO bench werkzeug: 127.0.0.1 - - [08/Oct/2026 05:12:51] "POST /json/2/ir.module.module/search HTTP/1.1" 200 - 3 0.002 0.006
2026-10-08 05:12:51,207 61 INFO bench werkzeug: 127.0.0.1 - - [08/Oct/2026 05:12:51] "POST /json/2/ir.module.module/read HTTP/1.1" 200 - 3 0.002 0.006
2026-10-08 05:12:51,237 61 INFO bench werkzeug: 127.0.0.1 - - [08/Oct/2026 05:12:51] "POST /json/2/ir.module.module/search HTTP/1.1" 200 - 3 0.001 0.006
2026-10-08 05:12:51,261 61 INFO bench werkzeug: 127.0.0.1 - - [08/Oct/2026 05:12:51] "POST /json/2/ir.module.module/read HTTP/1.1" 200 - 3 0.002 0.006
2026-10-08 05:12:51,285 61 INFO bench werkzeug: 127.0.0.1 - - [08/Oct/2026 05:12:51] "POST /json/2/ir.module.module/search HTTP/1.1" 200 - 3 0.001 0.006
2026-10-08 05:12:51,310 61 INFO bench werkzeug: 127.0.0.1 - - [08/Oct/2026 05:12:51] "POST /json/2/ir.module.module/read HTTP/1.1" 200 - 3 0.001 0.005
2026-10-08 05:12:51,333 61 INFO bench werkzeug: 127.0.0.1 - - [08/Oct/2026 05:12:51] "POST /json/2/ir.module.module/search HTTP/1.1" 200 - 3 0.001 0.006
2026-10-08 05:12:51,357 61 INFO bench werkzeug: 127.0.0.1 - - [08/Oct/2026 05:12:51] "POST /json/2/ir.module.module/read HTTP/1.1" 200 - 3 0.002 0.006
2026-10-08 05:12:51,384 61 INFO bench odoo.addons.base.models.ir_module: ALLOW access to module.button_immediate_install on ['Sales', 'Inventory', 'Purchase', 'Purchase Stock', 'Drop Shipping', 'Manufacturing', 'Delivery Costs'] to user admin #2 via 127.0.0.1 
2026-10-08 05:12:51,384 61 INFO bench odoo.addons.base.models.ir_module: User #2 triggered module installation 
2026-10-08 05:12:51,387 61 INFO bench odoo.addons.base.models.ir_module: ALLOW access to module.button_install on ['Sales', 'Inventory', 'Purchase', 'Purchase Stock', 'Drop Shipping', 'Manufacturing', 'Delivery Costs'] to user admin #2 via 127.0.0.1 
2026-10-08 05:12:51,537 61 INFO bench odoo.modules.loading: loading 1 modules... 
2026-10-08 05:12:51,540 61 INFO bench odoo.modules.loading: 1 modules loaded in 0.00s, 0 queries (+0 extra) 
2026-10-08 05:12:51,561 61 INFO bench odoo.modules.loading: updating modules list 
2026-10-08 05:12:51,563 61 INFO bench odoo.addons.base.models.ir_module: ALLOW access to module.update_list on [] to user __system__ #1 via n/a 
2026-10-08 05:12:52,469 61 INFO bench odoo.modules.loading: loading 76 modules... 
2026-10-08 05:12:52,473 61 INFO bench odoo.modules.loading: Loading module uom (15/76) 
2026-10-08 05:12:52,506 61 INFO bench odoo.registry: module uom: creating or updating database tables 
2026-10-08 05:12:52,541 61 INFO bench odoo.modules.loading: loading uom/data/uom_data.xml 
2026-10-08 05:12:52,609 61 INFO bench odoo.modules.loading: loading uom/security/uom_security.xml 
2026-10-08 05:12:52,613 61 INFO bench odoo.modules.loading: loading uom/security/ir.model.access.csv 
2026-10-08 05:12:52,623 61 INFO bench odoo.modules.loading: loading uom/views/uom_uom_views.xml 
2026-10-08 05:12:52,659 61 INFO bench odoo.modules.loading: Module uom loaded in 0.19s, 229 queries (+229 other) 
2026-10-08 05:12:52,659 61 INFO bench odoo.modules.loading: Loading module barcodes (16/76) 
2026-10-08 05:12:52,666 61 INFO bench odoo.registry: module barcodes: creating or updating database tables 
2026-10-08 05:12:52,722 61 INFO bench odoo.modules.loading: loading barcodes/data/barcodes_data.xml 
2026-10-08 05:12:52,729 61 INFO bench odoo.modules.loading: loading barcodes/views/barcodes_view.xml 
2026-10-08 05:12:52,754 61 INFO bench odoo.modules.loading: loading barcodes/security/ir.model.access.csv 
2026-10-08 05:12:52,777 61 INFO bench odoo.modules.loading: Module barcodes loaded in 0.12s, 150 queries (+150 other) 
2026-10-08 05:12:52,777 61 INFO bench odoo.modules.loading: Loading module http_routing (17/76) 
2026-10-08 05:12:52,782 61 INFO bench odoo.registry: module http_routing: creating or updating database tables 
2026-10-08 05:12:52,802 61 INFO bench odoo.modules.loading: loading http_routing/views/http_routing_template.xml 
2026-10-08 05:12:52,845 61 INFO bench odoo.modules.loading: loading http_routing/views/res_lang_views.xml 
2026-10-08 05:12:52,877 61 INFO bench odoo.modules.loading: Module http_routing loaded in 0.10s, 114 queries (+114 other) 
2026-10-08 05:12:52,877 61 INFO bench odoo.modules.loading: Loading module onboarding (18/76) 
2026-10-08 05:12:52,882 61 INFO bench odoo.registry: module onboarding: creating or updating database tables 
2026-10-08 05:12:52,986 61 INFO bench odoo.modules.loading: loading onboarding/views/onboarding_templates.xml 
2026-10-08 05:12:53,000 61 INFO bench odoo.modules.loading: loading onboarding/views/onboarding_views.xml 
2026-10-08 05:12:53,026 61 INFO bench odoo.modules.loading: loading onboarding/views/onboarding_menus.xml 
2026-10-08 05:12:53,036 61 INFO bench odoo.modules.loading: loading onboarding/security/ir.model.access.csv 
2026-10-08 05:12:53,061 61 INFO bench odoo.modules.loading: Module onboarding loaded in 0.18s, 246 queries (+246 other) 
2026-10-08 05:12:53,061 61 INFO bench odoo.modules.loading: Loading module resource (19/76) 
2026-10-08 05:12:53,073 61 INFO bench odoo.registry: module resource: creating or updating database tables 
2026-10-08 05:12:53,209 61 INFO bench odoo.modules.loading: loading resource/data/resource_data.xml 
2026-10-08 05:12:53,231 61 INFO bench odoo.modules.loading: loading resource/security/ir.model.access.csv 
2026-10-08 05:12:53,244 61 INFO bench odoo.modules.loading: loading resource/security/resource_security.xml 
2026-10-08 05:12:53,276 61 INFO bench odoo.modules.loading: loading resource/views/resource_resource_views.xml 
2026-10-08 05:12:53,307 61 INFO bench odoo.modules.loading: loading resource/views/resource_calendar_leaves_views.xml 
2026-10-08 05:12:53,343 61 INFO bench odoo.modules.loading: loading resource/views/resource_calendar_attendance_views.xml 
2026-10-08 05:12:53,357 61 INFO bench odoo.modules.loading: loading resource/views/resource_calendar_views.xml 
2026-10-08 05:12:53,384 61 INFO bench odoo.modules.loading: loading resource/views/menuitems.xml 
2026-10-08 05:12:53,419 61 INFO bench odoo.modules.loading: Module resource loaded in 0.36s, 414 queries (+414 other) 
2026-10-08 05:12:53,419 61 INFO bench odoo.modules.loading: Loading module utm (20/76) 
2026-10-08 05:12:53,428 61 INFO bench odoo.registry: module utm: creating or updating database tables 
2026-10-08 05:12:53,540 61 INFO bench odoo.modules.loading: loading utm/data/utm_medium_data.xml 
2026-10-08 05:12:53,567 61 INFO bench odoo.modules.loading: loading utm/data/utm_source_data.xml 
2026-10-08 05:12:53,590 61 INFO bench odoo.modules.loading: loading utm/data/utm_stage_data.xml 
2026-10-08 05:12:53,593 61 INFO bench odoo.modules.loading: loading utm/data/utm_tag_data.xml 
2026-10-08 05:12:53,596 61 INFO bench odoo.modules.loading: loading utm/views/utm_campaign_views.xml 
2026-10-08 05:12:53,639 61 INFO bench odoo.modules.loading: loading utm/views/utm_medium_views.xml 
2026-10-08 05:12:53,655 61 INFO bench odoo.modules.loading: loading utm/views/utm_source_views.xml 
2026-10-08 05:12:53,668 61 INFO bench odoo.modules.loading: loading utm/views/utm_stage_views.xml 
2026-10-08 05:12:53,686 61 INFO bench odoo.modules.loading: loading utm/views/utm_tag_views.xml 
2026-10-08 05:12:53,695 61 INFO bench odoo.modules.loading: loading utm/views/utm_menus.xml 
2026-10-08 05:12:53,723 61 INFO bench odoo.modules.loading: loading utm/security/ir.model.access.csv 
2026-10-08 05:12:53,750 61 INFO bench odoo.modules.loading: Module utm loaded in 0.33s, 410 queries (+410 other) 
2026-10-08 05:12:53,751 61 INFO bench odoo.modules.loading: Loading module barcodes_gs1_nomenclature (21/76) 
2026-10-08 05:12:53,756 61 INFO bench odoo.registry: module barcodes_gs1_nomenclature: creating or updating database tables 
2026-10-08 05:12:53,784 61 INFO bench odoo.modules.loading: loading barcodes_gs1_nomenclature/data/barcodes_gs1_rules.xml 
2026-10-08 05:12:53,843 61 INFO bench odoo.modules.loading: loading barcodes_gs1_nomenclature/views/barcodes_view.xml 
2026-10-08 05:12:53,886 61 INFO bench odoo.modules.loading: Module barcodes_gs1_nomenclature loaded in 0.14s, 197 queries (+197 other) 
2026-10-08 05:12:53,886 61 INFO bench odoo.modules.loading: Loading module mail (22/76) 
2026-10-08 05:12:53,938 61 INFO bench odoo.registry: module mail: creating or updating database tables 
2026-10-08 05:12:54,156 61 INFO bench odoo.models: Prepare computation of ir.actions.server.partner_ids 
2026-10-08 05:12:54,156 61 INFO bench odoo.models: Prepare computation of ir.actions.server.activity_user_id 
2026-10-08 05:12:54,156 61 INFO bench odoo.models: Prepare computation of ir.actions.server.activity_type_id 
2026-10-08 05:12:54,156 61 INFO bench odoo.models: Prepare computation of ir.actions.server.template_id 
2026-10-08 05:12:54,156 61 INFO bench odoo.models: Prepare computation of ir.actions.server.activity_date_deadline_range 
2026-10-08 05:12:54,156 61 INFO bench odoo.models: Prepare computation of ir.actions.server.activity_summary 
2026-10-08 05:12:54,156 61 INFO bench odoo.models: Prepare computation of ir.actions.server.followers_type 
2026-10-08 05:12:54,156 61 INFO bench odoo.models: Prepare computation of ir.actions.server.followers_partner_field_name 
2026-10-08 05:12:54,156 61 INFO bench odoo.models: Prepare computation of ir.actions.server.mail_post_method 
2026-10-08 05:12:54,156 61 INFO bench odoo.models: Prepare computation of ir.actions.server.activity_date_deadline_range_type 
2026-10-08 05:12:54,157 61 INFO bench odoo.models: Prepare computation of ir.actions.server.activity_user_type 
2026-10-08 05:12:54,157 61 INFO bench odoo.models: Prepare computation of ir.actions.server.activity_user_field_name 
2026-10-08 05:12:54,157 61 INFO bench odoo.models: Prepare computation of ir.actions.server.activity_note 
2026-10-08 05:12:54,157 61 INFO bench odoo.models: Prepare computation of ir.actions.server.mail_post_autofollow 
2026-10-08 05:12:54,228 61 INFO bench odoo.models: Prepare computation of res.users.notification_type 
2026-10-08 05:12:54,297 61 INFO bench odoo.models: Prepare computation of res.partner.email_normalized 
2026-10-08 05:12:55,728 61 INFO bench odoo.modules.loading: loading mail/data/mail_groups.xml 
2026-10-08 05:12:55,751 61 INFO bench odoo.modules.loading: loading mail/wizard/mail_activity_schedule_views.xml 
2026-10-08 05:12:55,763 61 INFO bench odoo.modules.loading: loading mail/wizard/mail_blacklist_remove_views.xml 
2026-10-08 05:12:55,769 61 INFO bench odoo.modules.loading: loading mail/wizard/mail_compose_message_views.xml 
2026-10-08 05:12:55,787 61 INFO bench odoo.modules.loading: loading mail/wizard/mail_template_preview_views.xml 
2026-10-08 05:12:55,797 61 INFO bench odoo.modules.loading: loading mail/wizard/mail_followers_edit_views.xml 
2026-10-08 05:12:55,807 61 INFO bench odoo.modules.loading: loading mail/wizard/mail_template_reset_views.xml 
2026-10-08 05:12:55,815 61 INFO bench odoo.modules.loading: loading mail/views/fetchmail_views.xml 
2026-10-08 05:12:55,834 61 INFO bench odoo.modules.loading: loading mail/views/ir_cron_views.xml 
2026-10-08 05:12:55,845 61 INFO bench odoo.modules.loading: loading mail/views/ir_filters_views.xml 
2026-10-08 05:12:55,862 61 INFO bench odoo.modules.loading: loading mail/views/ir_mail_server_views.xml 
2026-10-08 05:12:55,871 61 INFO bench odoo.modules.loading: loading mail/views/mail_message_subtype_views.xml 
2026-10-08 05:12:55,887 61 INFO bench odoo.modules.loading: loading mail/views/mail_tracking_value_views.xml 
2026-10-08 05:12:55,898 61 INFO bench odoo.modules.loading: loading mail/views/mail_notification_views.xml 
2026-10-08 05:12:55,909 61 INFO bench odoo.modules.loading: loading mail/views/mail_message_views.xml 
2026-10-08 05:12:55,940 61 INFO bench odoo.modules.loading: loading mail/views/mail_message_schedule_views.xml 
2026-10-08 05:12:55,955 61 INFO bench odoo.modules.loading: loading mail/views/mail_mail_views.xml 
2026-10-08 05:12:55,980 61 INFO bench odoo.modules.loading: loading mail/views/mail_followers_views.xml 
2026-10-08 05:12:55,992 61 INFO bench odoo.modules.loading: loading mail/views/mail_ice_server_views.xml 
2026-10-08 05:12:56,013 61 INFO bench odoo.modules.loading: loading mail/views/discuss_channel_member_views.xml 
2026-10-08 05:12:56,027 61 INFO bench odoo.modules.loading: loading mail/views/discuss_channel_rtc_session_views.xml 
2026-10-08 05:12:56,044 61 INFO bench odoo.modules.loading: loading mail/views/mail_link_preview_views.xml 
2026-10-08 05:12:56,065 61 INFO bench odoo.modules.loading: loading mail/views/discuss/discuss_gif_favorite_views.xml 
2026-10-08 05:12:56,079 61 INFO bench odoo.modules.loading: loading mail/views/discuss_channel_views.xml 
2026-10-08 05:12:56,117 61 INFO bench odoo.modules.loading: loading mail/views/mail_canned_response_views.xml 
2026-10-08 05:12:56,150 61 INFO bench odoo.modules.loading: loading mail/views/res_role_views.xml 
2026-10-08 05:12:56,171 61 INFO bench odoo.modules.loading: loading mail/views/mail_activity_views.xml 
2026-10-08 05:12:56,275 61 INFO bench odoo.modules.loading: loading mail/views/mail_activity_plan_views.xml 
2026-10-08 05:12:56,311 61 INFO bench odoo.modules.loading: loading mail/views/mail_activity_plan_template_views.xml 
2026-10-08 05:12:56,322 61 INFO bench odoo.modules.loading: loading mail/views/res_config_settings_views.xml 
2026-10-08 05:12:56,344 61 INFO bench odoo.modules.loading: loading mail/data/ir_config_parameter_data.xml 
2026-10-08 05:12:56,351 61 INFO bench odoo.modules.loading: loading mail/data/res_partner_data.xml 
2026-10-08 05:12:56,421 61 INFO bench odoo.modules.loading: loading mail/data/mail_message_subtype_data.xml 
2026-10-08 05:12:56,430 61 INFO bench odoo.modules.loading: loading mail/data/mail_templates_chatter.xml 
2026-10-08 05:12:56,450 61 INFO bench odoo.modules.loading: loading mail/data/mail_templates_email_layouts.xml 
2026-10-08 05:12:56,470 61 INFO bench odoo.modules.loading: loading mail/data/mail_templates_mailgateway.xml 
2026-10-08 05:12:56,489 61 INFO bench odoo.modules.loading: loading mail/data/discuss_channel_data.xml 
2026-10-08 05:12:56,535 61 INFO bench odoo.modules.loading: loading mail/data/mail_activity_type_data.xml 
2026-10-08 05:12:56,549 61 INFO bench odoo.modules.loading: loading mail/data/security_notifications_templates.xml 
2026-10-08 05:12:56,556 61 INFO bench odoo.modules.loading: loading mail/data/ir_cron_data.xml 
2026-10-08 05:12:56,679 61 INFO bench odoo.modules.loading: loading mail/data/ir_actions_client.xml 
2026-10-08 05:12:56,684 61 INFO bench odoo.modules.loading: loading mail/security/mail_security.xml 
2026-10-08 05:12:56,867 61 INFO bench odoo.modules.loading: loading mail/security/ir.model.access.csv 
2026-10-08 05:12:56,919 61 INFO bench odoo.modules.loading: loading mail/views/discuss_public_templates.xml 
2026-10-08 05:12:56,924 61 INFO bench odoo.modules.loading: loading mail/views/mail_alias_domain_views.xml 
2026-10-08 05:12:56,946 61 INFO bench odoo.modules.loading: loading mail/views/mail_alias_views.xml 
2026-10-08 05:12:56,969 61 INFO bench odoo.modules.loading: loading mail/views/mail_gateway_allowed_views.xml 
2026-10-08 05:12:56,984 61 INFO bench odoo.modules.loading: loading mail/views/mail_guest_views.xml 
2026-10-08 05:12:57,000 61 INFO bench odoo.modules.loading: loading mail/views/mail_message_reaction_views.xml 
2026-10-08 05:12:57,015 61 INFO bench odoo.modules.loading: loading mail/views/mail_templates_public.xml 
2026-10-08 05:12:57,025 61 INFO bench odoo.modules.loading: loading mail/views/res_users_views.xml 
2026-10-08 05:12:57,060 61 INFO bench odoo.modules.loading: loading mail/views/res_users_settings_views.xml 
2026-10-08 05:12:57,077 61 INFO bench odoo.modules.loading: loading mail/views/mail_template_views.xml 
2026-10-08 05:12:57,103 61 INFO bench odoo.modules.loading: loading mail/views/ir_actions_server_views.xml 
2026-10-08 05:12:57,120 61 INFO bench odoo.modules.loading: loading mail/views/ir_model_views.xml 
2026-10-08 05:12:57,153 61 INFO bench odoo.modules.loading: loading mail/views/res_partner_views.xml 
2026-10-08 05:12:57,199 61 INFO bench odoo.modules.loading: loading mail/views/mail_blacklist_views.xml 
2026-10-08 05:12:57,218 61 INFO bench odoo.modules.loading: loading mail/views/mail_menus.xml 
2026-10-08 05:12:57,380 61 INFO bench odoo.modules.loading: loading mail/views/discuss/discuss_menus.xml 
2026-10-08 05:12:57,385 61 INFO bench odoo.modules.loading: loading mail/views/discuss/discuss_call_history_views.xml 
2026-10-08 05:12:57,405 61 INFO bench odoo.modules.loading: loading mail/views/res_company_views.xml 
2026-10-08 05:12:57,417 61 INFO bench odoo.modules.loading: loading mail/views/mail_scheduled_message_views.xml 
2026-10-08 05:12:57,425 61 INFO bench odoo.modules.loading: loading mail/data/mail_canned_response_data.xml 
2026-10-08 05:12:57,436 61 INFO bench odoo.modules.loading: loading mail/data/mail_templates_invite.xml 
2026-10-08 05:12:57,451 61 INFO bench odoo.modules.loading: loading mail/data/web_tour_tour.xml 
2026-10-08 05:12:57,503 61 INFO bench odoo.modules.loading: Module mail loaded in 3.62s, 5122 queries (+5123 other) 
2026-10-08 05:12:57,503 61 INFO bench odoo.modules.loading: Loading module analytic (23/76) 
2026-10-08 05:12:57,515 61 INFO bench odoo.registry: module analytic: creating or updating database tables 
2026-10-08 05:12:57,707 61 INFO bench odoo.modules.loading: loading analytic/security/analytic_security.xml 
2026-10-08 05:12:57,726 61 INFO bench odoo.modules.loading: loading analytic/security/ir.model.access.csv 
2026-10-08 05:12:57,740 61 INFO bench odoo.modules.loading: loading analytic/views/analytic_line_views.xml 
2026-10-08 05:12:57,782 61 INFO bench odoo.modules.loading: loading analytic/views/analytic_account_views.xml 
2026-10-08 05:12:57,814 61 INFO bench odoo.modules.loading: loading analytic/views/analytic_plan_views.xml 
2026-10-08 05:12:57,833 61 INFO bench odoo.modules.loading: loading analytic/views/analytic_distribution_model_views.xml 
2026-10-08 05:12:57,849 61 INFO bench odoo.modules.loading: loading analytic/data/analytic_data.xml 
2026-10-08 05:12:57,889 61 INFO bench odoo.modules.loading: Module analytic loaded in 0.39s, 429 queries (+429 other) 
2026-10-08 05:12:57,889 61 INFO bench odoo.modules.loading: Loading module auth_signup (24/76) 
2026-10-08 05:12:57,902 61 INFO bench odoo.registry: module auth_signup: creating or updating database tables 
2026-10-08 05:12:57,963 61 INFO bench odoo.modules.loading: loading auth_signup/data/ir_config_parameter_data.xml 
2026-10-08 05:12:57,968 61 INFO bench odoo.modules.loading: loading auth_signup/data/ir_cron_data.xml 
2026-10-08 05:12:57,995 61 INFO bench odoo.modules.loading: loading auth_signup/data/mail_template_data.xml 
2026-10-08 05:12:58,073 61 INFO bench odoo.modules.loading: loading auth_signup/views/res_config_settings_views.xml 
2026-10-08 05:12:58,089 61 INFO bench odoo.modules.loading: loading auth_signup/views/res_users_views.xml 
2026-10-08 05:12:58,123 61 INFO bench odoo.modules.loading: loading auth_signup/views/auth_signup_login_templates.xml 
2026-10-08 05:12:58,144 61 INFO bench odoo.modules.loading: loading auth_signup/views/auth_signup_templates_email.xml 
2026-10-08 05:12:58,151 61 INFO bench odoo.modules.loading: loading auth_signup/views/webclient_templates.xml 
2026-10-08 05:12:58,183 61 INFO bench odoo.modules.loading: Module auth_signup loaded in 0.29s, 253 queries (+253 other) 
2026-10-08 05:12:58,183 61 INFO bench odoo.modules.loading: Loading module auth_totp_mail (25/76) 
2026-10-08 05:12:58,193 61 INFO bench odoo.registry: module auth_totp_mail: creating or updating database tables 
2026-10-08 05:12:58,236 61 INFO bench odoo.modules.loading: loading auth_totp_mail/data/ir_action_data.xml 
2026-10-08 05:12:58,265 61 INFO bench odoo.modules.loading: loading auth_totp_mail/data/mail_template_data.xml 
2026-10-08 05:12:58,308 61 INFO bench odoo.modules.loading: loading auth_totp_mail/data/security_notifications_template.xml 
2026-10-08 05:12:58,317 61 INFO bench odoo.modules.loading: loading auth_totp_mail/views/res_config_settings_views.xml 
2026-10-08 05:12:58,334 61 INFO bench odoo.modules.loading: loading auth_totp_mail/views/res_users_views.xml 
2026-10-08 05:12:58,356 61 INFO bench odoo.modules.loading: loading auth_totp_mail/views/templates.xml 
2026-10-08 05:12:58,392 61 INFO bench odoo.modules.loading: Module auth_totp_mail loaded in 0.21s, 190 queries (+190 other) 
2026-10-08 05:12:58,392 61 INFO bench odoo.modules.loading: Loading module base_install_request (26/76) 
2026-10-08 05:12:58,398 61 INFO bench odoo.registry: module base_install_request: creating or updating database tables 
2026-10-08 05:12:58,459 61 INFO bench odoo.modules.loading: loading base_install_request/security/ir.model.access.csv 
2026-10-08 05:12:58,470 61 INFO bench odoo.modules.loading: loading base_install_request/wizard/base_module_install_request_views.xml 
2026-10-08 05:12:58,492 61 INFO bench odoo.modules.loading: loading base_install_request/data/mail_template_data.xml 
2026-10-08 05:12:58,499 61 INFO bench odoo.modules.loading: loading base_install_request/data/mail_templates_module_install.xml 
2026-10-08 05:12:58,505 61 INFO bench odoo.modules.loading: loading base_install_request/views/ir_module_module_views.xml 
2026-10-08 05:12:58,538 61 INFO bench odoo.modules.loading: Module base_install_request loaded in 0.15s, 154 queries (+154 other) 
2026-10-08 05:12:58,538 61 INFO bench odoo.modules.loading: Loading module google_gmail (27/76) 
2026-10-08 05:12:58,551 61 INFO bench odoo.registry: module google_gmail: creating or updating database tables 
2026-10-08 05:12:58,616 61 INFO bench odoo.modules.loading: loading google_gmail/views/fetchmail_server_views.xml 
2026-10-08 05:12:58,633 61 INFO bench odoo.modules.loading: loading google_gmail/views/ir_mail_server_views.xml 
2026-10-08 05:12:58,647 61 INFO bench odoo.modules.loading: loading google_gmail/views/res_config_settings_views.xml 
2026-10-08 05:12:58,671 61 INFO bench odoo.modules.loading: loading google_gmail/views/templates.xml 
2026-10-08 05:12:58,692 61 INFO bench odoo.modules.loading: Module google_gmail loaded in 0.15s, 153 queries (+153 other) 
2026-10-08 05:12:58,692 61 INFO bench odoo.modules.loading: Loading module iap_mail (28/76) 
2026-10-08 05:12:58,698 61 INFO bench odoo.registry: module iap_mail: creating or updating database tables 
2026-10-08 05:12:58,733 61 INFO bench odoo.modules.loading: loading iap_mail/data/mail_templates.xml 
2026-10-08 05:12:58,749 61 INFO bench odoo.modules.loading: loading iap_mail/views/iap_views.xml 
2026-10-08 05:12:58,778 61 INFO bench odoo.modules.loading: Module iap_mail loaded in 0.09s, 70 queries (+70 other) 
2026-10-08 05:12:58,779 61 INFO bench odoo.modules.loading: Loading module mail_bot (29/76) 
2026-10-08 05:12:58,788 61 INFO bench odoo.registry: module mail_bot: creating or updating database tables 
2026-10-08 05:12:58,836 61 INFO bench odoo.modules.loading: loading mail_bot/views/res_users_views.xml 
2026-10-08 05:12:58,856 61 INFO bench odoo.modules.loading: loading mail_bot/data/mailbot_data.xml 
2026-10-08 05:12:58,875 61 INFO bench odoo.modules.loading: Module mail_bot loaded in 0.10s, 109 queries (+109 other) 
2026-10-08 05:12:58,875 61 INFO bench odoo.modules.loading: Loading module microsoft_outlook (30/76) 
2026-10-08 05:12:58,890 61 INFO bench odoo.registry: module microsoft_outlook: creating or updating database tables 
2026-10-08 05:12:58,951 61 INFO bench odoo.modules.loading: loading microsoft_outlook/views/fetchmail_server_views.xml 
2026-10-08 05:12:58,970 61 INFO bench odoo.modules.loading: loading microsoft_outlook/views/ir_mail_server_views.xml 
2026-10-08 05:12:58,986 61 INFO bench odoo.modules.loading: loading microsoft_outlook/views/res_config_settings_views.xml 
2026-10-08 05:12:59,010 61 INFO bench odoo.modules.loading: loading microsoft_outlook/views/templates.xml 
2026-10-08 05:12:59,030 61 INFO bench odoo.modules.loading: Module microsoft_outlook loaded in 0.15s, 156 queries (+156 other) 
2026-10-08 05:12:59,030 61 INFO bench odoo.modules.loading: Loading module phone_validation (31/76) 
2026-10-08 05:12:59,124 61 INFO bench odoo.registry: module phone_validation: creating or updating database tables 
2026-10-08 05:12:59,136 61 INFO bench odoo.models: Prepare computation of res.partner.phone_sanitized 
2026-10-08 05:12:59,970 61 INFO bench odoo.modules.loading: loading phone_validation/security/ir.model.access.csv 
2026-10-08 05:12:59,978 61 INFO bench odoo.modules.loading: loading phone_validation/views/phone_blacklist_views.xml 
2026-10-08 05:13:00,011 61 INFO bench odoo.modules.loading: loading phone_validation/views/res_partner_views.xml 
2026-10-08 05:13:00,024 61 INFO bench odoo.modules.loading: loading phone_validation/wizard/phone_blacklist_remove_view.xml 
2026-10-08 05:13:00,046 61 INFO bench odoo.modules.loading: Module phone_validation loaded in 1.02s, 1810 queries (+1810 other) 
2026-10-08 05:13:00,047 61 INFO bench odoo.modules.loading: Loading module privacy_lookup (32/76) 
2026-10-08 05:13:00,061 61 INFO bench odoo.registry: module privacy_lookup: creating or updating database tables 
2026-10-08 05:13:00,162 61 INFO bench odoo.modules.loading: loading privacy_lookup/wizard/privacy_lookup_wizard_views.xml 
2026-10-08 05:13:00,223 61 INFO bench odoo.modules.loading: loading privacy_lookup/views/privacy_log_views.xml 
2026-10-08 05:13:00,247 61 INFO bench odoo.modules.loading: loading privacy_lookup/security/ir.model.access.csv 
2026-10-08 05:13:00,265 61 INFO bench odoo.modules.loading: loading privacy_lookup/data/ir_actions_server_data.xml 
2026-10-08 05:13:00,314 61 INFO bench odoo.modules.loading: Module privacy_lookup loaded in 0.27s, 296 queries (+296 other) 
2026-10-08 05:13:00,314 61 INFO bench odoo.modules.loading: Loading module product (33/76) 
2026-10-08 05:13:00,351 61 INFO bench odoo.registry: module product: creating or updating database tables 
2026-10-08 05:13:00,971 61 INFO bench odoo.modules.loading: loading product/data/product_data.xml 
2026-10-08 05:13:01,007 61 INFO bench odoo.modules.loading: loading product/security/product_security.xml 
2026-10-08 05:13:01,083 61 INFO bench odoo.modules.loading: loading product/security/ir.model.access.csv 
2026-10-08 05:13:01,105 61 INFO bench odoo.modules.loading: loading product/wizard/product_label_layout_views.xml 
2026-10-08 05:13:01,117 61 INFO bench odoo.modules.loading: loading product/wizard/update_product_attribute_value_views.xml 
2026-10-08 05:13:01,124 61 INFO bench odoo.modules.loading: loading product/views/product_tag_views.xml 
2026-10-08 05:13:01,140 61 INFO bench odoo.modules.loading: loading product/views/product_views.xml 
2026-10-08 05:13:01,264 61 INFO bench odoo.modules.loading: loading product/views/res_config_settings_views.xml 
2026-10-08 05:13:01,282 61 INFO bench odoo.modules.loading: loading product/views/product_attribute_views.xml 
2026-10-08 05:13:01,328 61 INFO bench odoo.modules.loading: loading product/views/product_attribute_value_views.xml 
2026-10-08 05:13:01,332 61 INFO bench odoo.modules.loading: loading product/views/product_category_views.xml 
2026-10-08 05:13:01,352 61 INFO bench odoo.modules.loading: loading product/views/product_combo_views.xml 
2026-10-08 05:13:01,369 61 INFO bench odoo.modules.loading: loading product/views/product_document_views.xml 
2026-10-08 05:13:01,389 61 INFO bench odoo.modules.loading: loading product/views/product_pricelist_item_views.xml 
2026-10-08 05:13:01,424 61 INFO bench odoo.modules.loading: loading product/views/product_pricelist_views.xml 
2026-10-08 05:13:01,454 61 INFO bench odoo.modules.loading: loading product/views/product_supplierinfo_views.xml 
2026-10-08 05:13:01,479 61 INFO bench odoo.modules.loading: loading product/views/product_template_attribute_line_views.xml 
2026-10-08 05:13:01,484 61 INFO bench odoo.modules.loading: loading product/views/product_template_views.xml 
2026-10-08 05:13:01,547 61 INFO bench odoo.modules.loading: loading product/views/res_country_group_views.xml 
2026-10-08 05:13:01,558 61 INFO bench odoo.modules.loading: loading product/views/res_partner_views.xml 
2026-10-08 05:13:01,571 61 INFO bench odoo.modules.loading: loading product/views/uom_views.xml 
2026-10-08 05:13:01,585 61 INFO bench odoo.modules.loading: loading product/report/product_reports.xml 
2026-10-08 05:13:01,608 61 INFO bench odoo.modules.loading: loading product/report/product_product_templates.xml 
2026-10-08 05:13:01,639 61 INFO bench odoo.modules.loading: loading product/report/product_template_templates.xml 
2026-10-08 05:13:01,659 61 INFO bench odoo.modules.loading: loading product/report/product_packaging.xml 
2026-10-08 05:13:01,665 61 INFO bench odoo.modules.loading: loading product/report/product_pricelist_report_templates.xml 
2026-10-08 05:13:01,710 61 INFO bench odoo.modules.loading: Module product loaded in 1.40s, 1645 queries (+1645 other) 
2026-10-08 05:13:01,710 61 INFO bench odoo.modules.loading: Loading module resource_mail (34/76) 
2026-10-08 05:13:01,718 61 INFO bench odoo.registry: module resource_mail: creating or updating database tables 
2026-10-08 05:13:01,761 61 INFO bench odoo.modules.loading: Module resource_mail loaded in 0.05s, 36 queries (+36 other) 
2026-10-08 05:13:01,761 61 INFO bench odoo.modules.loading: Loading module sales_team (35/76) 
2026-10-08 05:13:01,772 61 INFO bench odoo.registry: module sales_team: creating or updating database tables 
2026-10-08 05:13:01,791 61 INFO bench odoo.models: Prepare computation of res.users.sale_team_id 
2026-10-08 05:13:01,891 61 INFO bench odoo.modules.loading: loading sales_team/security/sales_team_security.xml 
2026-10-08 05:13:01,945 61 INFO bench odoo.modules.loading: loading sales_team/security/ir.model.access.csv 
2026-10-08 05:13:01,955 61 INFO bench odoo.modules.loading: loading sales_team/data/crm_team_data.xml 
2026-10-08 05:13:01,996 61 INFO bench odoo.modules.loading: loading sales_team/views/crm_tag_views.xml 
2026-10-08 05:13:02,015 61 INFO bench odoo.modules.loading: loading sales_team/views/crm_team_views.xml 
2026-10-08 05:13:02,052 61 INFO bench odoo.modules.loading: loading sales_team/views/crm_team_member_views.xml 
2026-10-08 05:13:02,090 61 INFO bench odoo.modules.loading: loading sales_team/views/mail_activity_views.xml 
2026-10-08 05:13:02,109 61 INFO bench odoo.modules.loading: Module sales_team loaded in 0.35s, 365 queries (+365 other) 
2026-10-08 05:13:02,109 61 INFO bench odoo.modules.loading: Loading module partner_autocomplete (36/76) 
2026-10-08 05:13:02,130 61 INFO bench odoo.registry: module partner_autocomplete: creating or updating database tables 
2026-10-08 05:13:02,203 61 INFO bench odoo.modules.loading: loading partner_autocomplete/views/res_company_views.xml 
2026-10-08 05:13:02,223 61 INFO bench odoo.modules.loading: loading partner_autocomplete/views/res_config_settings_views.xml 
2026-10-08 05:13:02,240 61 INFO bench odoo.modules.loading: loading partner_autocomplete/data/iap_service_data.xml 
2026-10-08 05:13:02,256 61 INFO bench odoo.modules.loading: Module partner_autocomplete loaded in 0.15s, 144 queries (+144 other) 
2026-10-08 05:13:02,257 61 INFO bench odoo.modules.loading: Loading module portal (37/76) 
2026-10-08 05:13:02,295 61 INFO bench odoo.registry: module portal: creating or updating database tables 
2026-10-08 05:13:02,546 61 INFO bench odoo.modules.loading: loading portal/security/ir.model.access.csv 
2026-10-08 05:13:02,556 61 INFO bench odoo.modules.loading: loading portal/data/mail_templates.xml 
2026-10-08 05:13:02,564 61 INFO bench odoo.modules.loading: loading portal/views/address_templates.xml 
2026-10-08 05:13:02,600 61 INFO bench odoo.modules.loading: loading portal/views/mail_templates_public.xml 
2026-10-08 05:13:02,610 61 INFO bench odoo.modules.loading: loading portal/views/portal_templates.xml 
2026-10-08 05:13:02,746 61 INFO bench odoo.modules.loading: loading portal/views/res_config_settings_views.xml 
2026-10-08 05:13:02,769 61 INFO bench odoo.modules.loading: loading portal/wizard/portal_share_views.xml 
2026-10-08 05:13:02,782 61 INFO bench odoo.modules.loading: loading portal/wizard/portal_wizard_views.xml 
2026-10-08 05:13:02,844 61 INFO bench odoo.modules.loading: Module portal loaded in 0.59s, 614 queries (+614 other) 
2026-10-08 05:13:02,845 61 INFO bench odoo.modules.loading: Loading module sms (38/76) 
2026-10-08 05:13:02,948 61 INFO bench odoo.registry: module sms: creating or updating database tables 
2026-10-08 05:13:02,958 61 INFO bench odoo.models: Prepare computation of ir.actions.server.sms_template_id 
2026-10-08 05:13:02,958 61 INFO bench odoo.models: Prepare computation of ir.actions.server.sms_method 
2026-10-08 05:13:04,036 61 INFO bench odoo.modules.loading: loading sms/data/iap_service_data.xml 
2026-10-08 05:13:04,041 61 INFO bench odoo.modules.loading: loading sms/data/ir_cron_data.xml 
2026-10-08 05:13:04,068 61 INFO bench odoo.modules.loading: loading sms/wizard/sms_account_code_views.xml 
2026-10-08 05:13:04,080 61 INFO bench odoo.modules.loading: loading sms/wizard/sms_account_phone_views.xml 
2026-10-08 05:13:04,088 61 INFO bench odoo.modules.loading: loading sms/wizard/sms_account_sender_views.xml 
2026-10-08 05:13:04,094 61 INFO bench odoo.modules.loading: loading sms/wizard/sms_composer_views.xml 
2026-10-08 05:13:04,107 61 INFO bench odoo.modules.loading: loading sms/wizard/sms_template_preview_views.xml 
2026-10-08 05:13:04,117 61 INFO bench odoo.modules.loading: loading sms/wizard/sms_template_reset_views.xml 
2026-10-08 05:13:04,127 61 INFO bench odoo.modules.loading: loading sms/views/ir_actions_server_views.xml 
2026-10-08 05:13:04,146 61 INFO bench odoo.modules.loading: loading sms/views/mail_notification_views.xml 
2026-10-08 05:13:04,163 61 INFO bench odoo.modules.loading: loading sms/views/res_config_settings_views.xml 
2026-10-08 05:13:04,180 61 INFO bench odoo.modules.loading: loading sms/views/res_partner_views.xml 
2026-10-08 05:13:04,199 61 INFO bench odoo.modules.loading: loading sms/views/iap_account_views.xml 
2026-10-08 05:13:04,212 61 INFO bench odoo.modules.loading: loading sms/views/sms_sms_views.xml 
2026-10-08 05:13:04,247 61 INFO bench odoo.modules.loading: loading sms/views/sms_template_views.xml 
2026-10-08 05:13:04,271 61 INFO bench odoo.modules.loading: loading sms/security/ir.model.access.csv 
2026-10-08 05:13:04,299 61 INFO bench odoo.modules.loading: loading sms/security/sms_security.xml 
2026-10-08 05:13:04,328 61 INFO bench odoo.modules.loading: Module sms loaded in 1.48s, 2440 queries (+2440 other) 
2026-10-08 05:13:04,328 61 INFO bench odoo.modules.loading: Loading module snailmail (39/76) 
2026-10-08 05:13:04,420 61 INFO bench odoo.registry: module snailmail: creating or updating database tables 
2026-10-08 05:13:04,651 61 INFO bench odoo.modules.loading: loading snailmail/data/iap_service_data.xml 
2026-10-08 05:13:04,657 61 INFO bench odoo.modules.loading: loading snailmail/data/snailmail_data.xml 
2026-10-08 05:13:04,684 61 INFO bench odoo.modules.loading: loading snailmail/views/report_assets.xml 
2026-10-08 05:13:04,700 61 INFO bench odoo.modules.loading: loading snailmail/views/snailmail_views.xml 
2026-10-08 05:13:04,724 61 INFO bench odoo.modules.loading: loading snailmail/security/ir.model.access.csv 
2026-10-08 05:13:04,760 61 INFO bench odoo.modules.loading: Module snailmail loaded in 0.43s, 480 queries (+480 other) 
2026-10-08 05:13:04,760 61 INFO bench odoo.modules.loading: Loading module auth_passkey_portal (40/76) 
2026-10-08 05:13:04,772 61 INFO bench odoo.modules.loading: loading auth_passkey_portal/views/templates.xml 
2026-10-08 05:13:04,809 61 INFO bench odoo.modules.loading: Module auth_passkey_portal loaded in 0.05s, 22 queries (+22 other) 
2026-10-08 05:13:04,809 61 INFO bench odoo.modules.loading: Loading module auth_totp_portal (41/76) 
2026-10-08 05:13:04,819 61 INFO bench odoo.registry: module auth_totp_portal: creating or updating database tables 
2026-10-08 05:13:04,847 61 INFO bench odoo.modules.loading: loading auth_totp_portal/security/security.xml 
2026-10-08 05:13:04,862 61 INFO bench odoo.modules.loading: loading auth_totp_portal/views/templates.xml 
2026-10-08 05:13:04,885 61 INFO bench odoo.modules.loading: Module auth_totp_portal loaded in 0.08s, 70 queries (+70 other) 
2026-10-08 05:13:04,885 61 INFO bench odoo.modules.loading: Loading module digest (42/76) 
2026-10-08 05:13:04,900 61 INFO bench odoo.registry: module digest: creating or updating database tables 
2026-10-08 05:13:04,996 61 INFO bench odoo.modules.loading: loading digest/security/ir.model.access.csv 
2026-10-08 05:13:05,009 61 INFO bench odoo.modules.loading: loading digest/data/digest_data.xml 
2026-10-08 05:13:05,034 61 INFO bench odoo.modules.loading: loading digest/data/digest_tips_data.xml 
2026-10-08 05:13:05,055 61 INFO bench odoo.modules.loading: loading digest/data/ir_cron_data.xml 
2026-10-08 05:13:05,082 61 INFO bench odoo.modules.loading: loading digest/data/res_config_settings_data.xml 
2026-10-08 05:13:05,089 61 INFO bench odoo.modules.loading: loading digest/views/digest_views.xml 
2026-10-08 05:13:05,149 61 INFO bench odoo.modules.loading: loading digest/views/digest_templates.xml 
2026-10-08 05:13:05,154 61 INFO bench odoo.modules.loading: loading digest/views/res_config_settings_views.xml 
2026-10-08 05:13:05,201 61 INFO bench odoo.modules.loading: Module digest loaded in 0.32s, 326 queries (+326 other) 
2026-10-08 05:13:05,201 61 INFO bench odoo.modules.loading: Loading module payment (43/76) 
2026-10-08 05:13:05,230 61 INFO bench odoo.registry: module payment: creating or updating database tables 
2026-10-08 05:13:05,511 61 INFO bench odoo.modules.loading: loading payment/data/ir_actions_server_data.xml 
2026-10-08 05:13:05,532 61 INFO bench odoo.modules.loading: loading payment/data/payment_method_data.xml 
2026-10-08 05:13:08,950 61 INFO bench odoo.modules.loading: loading payment/data/payment_provider_data.xml 
2026-10-08 05:13:09,153 61 INFO bench odoo.modules.loading: loading payment/data/payment_cron.xml 
2026-10-08 05:13:09,174 61 INFO bench odoo.modules.loading: loading payment/views/express_checkout_templates.xml 
2026-10-08 05:13:09,180 61 INFO bench odoo.modules.loading: loading payment/views/payment_form_templates.xml 
2026-10-08 05:13:09,231 61 INFO bench odoo.modules.loading: loading payment/views/portal_templates.xml 
2026-10-08 05:13:09,281 61 INFO bench odoo.modules.loading: loading payment/views/payment_provider_views.xml 
2026-10-08 05:13:09,316 61 INFO bench odoo.modules.loading: loading payment/views/payment_method_views.xml 
2026-10-08 05:13:09,342 61 INFO bench odoo.modules.loading: loading payment/views/payment_transaction_views.xml 
2026-10-08 05:13:09,381 61 INFO bench odoo.modules.loading: loading payment/views/payment_token_views.xml 
2026-10-08 05:13:09,402 61 INFO bench odoo.modules.loading: loading payment/views/res_partner_views.xml 
2026-10-08 05:13:09,418 61 INFO bench odoo.modules.loading: loading payment/security/ir.model.access.csv 
2026-10-08 05:13:10,105 61 INFO bench odoo.modules.loading: loading payment/security/payment_security.xml 
2026-10-08 05:13:10,133 61 INFO bench odoo.modules.loading: loading payment/wizards/payment_capture_wizard_views.xml 
2026-10-08 05:13:10,140 61 INFO bench odoo.modules.loading: loading payment/wizards/payment_link_wizard_views.xml 
2026-10-08 05:13:10,168 61 INFO bench odoo.modules.loading: Module payment loaded in 4.97s, 2517 queries (+2517 other) 
2026-10-08 05:13:10,168 61 INFO bench odoo.modules.loading: Loading module spreadsheet (44/76) 
2026-10-08 05:13:10,178 61 INFO bench odoo.registry: module spreadsheet: creating or updating database tables 
2026-10-08 05:13:10,234 61 INFO bench odoo.modules.loading: loading spreadsheet/views/public_readonly_spreadsheet_templates.xml 
2026-10-08 05:13:10,254 61 INFO bench odoo.modules.loading: Module spreadsheet loaded in 0.09s, 93 queries (+93 other) 
2026-10-08 05:13:10,254 61 INFO bench odoo.modules.loading: Loading module account (45/76) 
2026-10-08 05:13:10,370 61 INFO bench odoo.registry: module account: creating or updating database tables 
2026-10-08 05:13:10,513 61 INFO bench odoo.models: Prepare computation of res.company.domestic_fiscal_position_id 
2026-10-08 05:13:10,514 61 INFO bench odoo.models: Prepare computation of res.company.account_fiscal_country_id 
2026-10-08 05:13:10,514 61 INFO bench odoo.models: Prepare computation of res.company.invoice_terms_html 
2026-10-08 05:13:10,514 61 INFO bench odoo.models: Prepare computation of res.company.account_storno 
2026-10-08 05:13:12,376 61 INFO bench odoo.modules.loading: loading account/security/account_security.xml 
2026-10-08 05:13:12,620 61 INFO bench odoo.modules.loading: loading account/security/ir.model.access.csv 
2026-10-08 05:13:12,678 61 INFO bench odoo.modules.loading: loading account/data/account_data.xml 
2026-10-08 05:13:12,781 61 INFO bench odoo.modules.loading: loading account/data/digest_data.xml 
2026-10-08 05:13:12,790 61 INFO bench odoo.modules.loading: loading account/views/account_report.xml 
2026-10-08 05:13:12,814 61 INFO bench odoo.modules.loading: loading account/data/mail_template_data.xml 
2026-10-08 05:13:12,861 61 INFO bench odoo.modules.loading: loading account/data/onboarding_data.xml 
2026-10-08 05:13:12,894 61 INFO bench odoo.modules.loading: loading account/data/account_tour.xml 
2026-10-08 05:13:12,898 61 INFO bench odoo.modules.loading: loading account/data/ir_sequence.xml 
2026-10-08 05:13:12,903 61 INFO bench odoo.modules.loading: loading account/data/res_country_group.xml 
2026-10-08 05:13:12,919 61 INFO bench odoo.modules.loading: loading account/views/account_payment_view.xml 
2026-10-08 05:13:12,998 61 INFO bench odoo.modules.loading: loading account/wizard/account_automatic_entry_wizard_views.xml 
2026-10-08 05:13:13,011 61 INFO bench odoo.modules.loading: loading account/wizard/account_autopost_bills_wizard.xml 
2026-10-08 05:13:13,021 61 INFO bench odoo.modules.loading: loading account/wizard/account_unreconcile_view.xml 
2026-10-08 05:13:13,033 61 INFO bench odoo.modules.loading: loading account/wizard/account_move_reversal_view.xml 
2026-10-08 05:13:13,047 61 INFO bench odoo.modules.loading: loading account/wizard/account_resequence_views.xml 
2026-10-08 05:13:13,060 61 INFO bench odoo.modules.loading: loading account/wizard/account_payment_register_views.xml 
2026-10-08 05:13:13,073 61 INFO bench odoo.modules.loading: loading account/views/account_move_views.xml 
2026-10-08 05:13:13,640 61 INFO bench odoo.modules.loading: loading account/wizard/setup_wizards_view.xml 
2026-10-08 05:13:13,668 61 INFO bench odoo.modules.loading: loading account/views/account_account_views.xml 
2026-10-08 05:13:13,706 61 INFO bench odoo.modules.loading: loading account/views/account_group_views.xml 
2026-10-08 05:13:13,719 61 INFO bench odoo.modules.loading: loading account/views/account_journal_views.xml 
2026-10-08 05:13:13,769 61 INFO bench odoo.modules.loading: loading account/views/account_account_tag_views.xml 
2026-10-08 05:13:13,787 61 INFO bench odoo.modules.loading: loading account/views/account_bank_statement_views.xml 
2026-10-08 05:13:13,820 61 INFO bench odoo.modules.loading: loading account/views/account_reconcile_model_views.xml 
2026-10-08 05:13:13,846 61 INFO bench odoo.modules.loading: loading account/views/account_tax_views.xml 
2026-10-08 05:13:13,925 61 INFO bench odoo.modules.loading: loading account/views/account_full_reconcile_views.xml 
2026-10-08 05:13:13,932 61 INFO bench odoo.modules.loading: loading account/views/account_payment_term_views.xml 
2026-10-08 05:13:13,961 61 INFO bench odoo.modules.loading: loading account/views/account_payment_method.xml 
2026-10-08 05:13:13,970 61 INFO bench odoo.modules.loading: loading account/views/res_partner_bank_views.xml 
2026-10-08 05:13:13,997 61 INFO bench odoo.modules.loading: loading account/views/report_statement.xml 
2026-10-08 05:13:14,012 61 INFO bench odoo.modules.loading: loading account/views/terms_template.xml 
2026-10-08 05:13:14,028 61 INFO bench odoo.modules.loading: loading account/wizard/account_validate_move_view.xml 
2026-10-08 05:13:14,051 61 INFO bench odoo.modules.loading: loading account/views/res_company_views.xml 
2026-10-08 05:13:14,084 61 INFO bench odoo.modules.loading: loading account/views/product_view.xml 
2026-10-08 05:13:14,146 61 INFO bench odoo.modules.loading: loading account/views/account_analytic_plan_views.xml 
2026-10-08 05:13:14,160 61 INFO bench odoo.modules.loading: loading account/views/account_analytic_account_views.xml 
2026-10-08 05:13:14,185 61 INFO bench odoo.modules.loading: loading account/views/account_analytic_distribution_model_views.xml 
2026-10-08 05:13:14,205 61 INFO bench odoo.modules.loading: loading account/views/account_analytic_line_views.xml 
2026-10-08 05:13:14,247 61 INFO bench odoo.modules.loading: loading account/views/report_invoice.xml 
2026-10-08 05:13:14,292 61 INFO bench odoo.modules.loading: loading account/report/account_invoice_report_view.xml 
2026-10-08 05:13:14,343 61 INFO bench odoo.modules.loading: loading account/views/account_cash_rounding_view.xml 
2026-10-08 05:13:14,364 61 INFO bench odoo.modules.loading: loading account/views/ir_actions_views.xml 
2026-10-08 05:13:14,374 61 INFO bench odoo.modules.loading: loading account/views/ir_module_views.xml 
2026-10-08 05:13:14,383 61 INFO bench odoo.modules.loading: loading account/views/base_document_layout_views.xml 
2026-10-08 05:13:14,397 61 INFO bench odoo.modules.loading: loading account/views/res_config_settings_views.xml 
2026-10-08 05:13:14,444 61 INFO bench odoo.modules.loading: loading account/views/partner_view.xml 
2026-10-08 05:13:14,532 61 INFO bench odoo.modules.loading: loading account/views/account_journal_dashboard_view.xml 
2026-10-08 05:13:14,552 61 INFO bench odoo.modules.loading: loading account/views/account_portal_templates.xml 
2026-10-08 05:13:14,611 61 INFO bench odoo.modules.loading: loading account/views/report_payment_receipt_templates.xml 
2026-10-08 05:13:14,623 61 INFO bench odoo.modules.loading: loading account/data/service_cron.xml 
2026-10-08 05:13:14,654 61 INFO bench odoo.modules.loading: loading account/views/account_incoterms_view.xml 
2026-10-08 05:13:14,673 61 INFO bench odoo.modules.loading: loading account/data/account_incoterms_data.xml 
2026-10-08 05:13:14,695 61 INFO bench odoo.modules.loading: loading account/views/digest_views.xml 
2026-10-08 05:13:14,709 61 INFO bench odoo.modules.loading: loading account/wizard/account_move_send_wizard.xml 
2026-10-08 05:13:14,718 61 INFO bench odoo.modules.loading: loading account/wizard/account_move_send_batch_wizard.xml 
2026-10-08 05:13:14,727 61 INFO bench odoo.modules.loading: loading account/report/account_hash_integrity_templates.xml 
2026-10-08 05:13:14,735 61 INFO bench odoo.modules.loading: loading account/views/res_currency.xml 
2026-10-08 05:13:14,748 61 INFO bench odoo.modules.loading: loading account/views/res_country_group_view.xml 
2026-10-08 05:13:14,759 61 INFO bench odoo.modules.loading: loading account/views/account_menuitem.xml 
2026-10-08 05:13:14,989 61 INFO bench odoo.modules.loading: loading account/wizard/account_secure_entries_wizard.xml 
2026-10-08 05:13:15,006 61 INFO bench odoo.modules.loading: loading account/views/mail_message_views.xml 
2026-10-08 05:13:15,026 61 INFO bench odoo.modules.loading: loading account/wizard/accrued_orders.xml 
2026-10-08 05:13:15,036 61 INFO bench odoo.modules.loading: loading account/views/bill_preview_template.xml 
2026-10-08 05:13:15,045 61 INFO bench odoo.modules.loading: loading account/data/account_reports_data.xml 
2026-10-08 05:13:15,094 61 INFO bench odoo.modules.loading: loading account/views/uom_uom_views.xml 
2026-10-08 05:13:15,106 61 INFO bench odoo.modules.loading: loading account/views/product_views.xml 
2026-10-08 05:13:15,125 61 INFO bench odoo.modules.loading: loading account/views/tests_shared_js_python.xml 
2026-10-08 05:13:15,131 61 INFO bench odoo.modules.loading: loading account/views/account_lock_exception_views.xml 
2026-10-08 05:13:15,140 61 INFO bench odoo.modules.loading: loading account/views/report_templates.xml 
2026-10-08 05:13:15,165 61 INFO bench odoo.modules.loading: loading account/wizard/account_merge_wizard_views.xml 
2026-10-08 05:13:15,181 61 INFO bench odoo.modules.loading: loading account/data/ir_config_parameter_data.xml 
2026-10-08 05:13:15,300 61 INFO bench odoo.modules.loading: Module account loaded in 5.05s, 5829 queries (+5829 other) 
2026-10-08 05:13:15,300 61 INFO bench odoo.modules.loading: Loading module payment_custom (46/76) 
2026-10-08 05:13:15,310 61 INFO bench odoo.registry: module payment_custom: creating or updating database tables 
2026-10-08 05:13:15,364 61 INFO bench odoo.modules.loading: loading payment_custom/views/payment_custom_templates.xml 
2026-10-08 05:13:15,396 61 INFO bench odoo.modules.loading: loading payment_custom/views/payment_provider_views.xml 
2026-10-08 05:13:15,423 61 INFO bench odoo.modules.loading: loading payment_custom/data/payment_method_data.xml 
2026-10-08 05:13:15,434 61 INFO bench odoo.modules.loading: loading payment_custom/data/payment_provider_data.xml 
2026-10-08 05:13:15,468 61 INFO bench odoo.modules.loading: Module payment_custom loaded in 0.17s, 137 queries (+137 other) 
2026-10-08 05:13:15,468 61 INFO bench odoo.modules.loading: Loading module spreadsheet_dashboard (47/76) 
2026-10-08 05:13:15,477 61 INFO bench odoo.registry: module spreadsheet_dashboard: creating or updating database tables 
2026-10-08 05:13:15,591 61 INFO bench odoo.modules.loading: loading spreadsheet_dashboard/security/security.xml 
2026-10-08 05:13:15,646 61 INFO bench odoo.modules.loading: loading spreadsheet_dashboard/security/ir.model.access.csv 
2026-10-08 05:13:15,655 61 INFO bench odoo.modules.loading: loading spreadsheet_dashboard/views/spreadsheet_dashboard_views.xml 
2026-10-08 05:13:15,682 61 INFO bench odoo.modules.loading: loading spreadsheet_dashboard/views/menu_views.xml 
2026-10-08 05:13:15,713 61 INFO bench odoo.modules.loading: loading spreadsheet_dashboard/data/dashboard.xml 
2026-10-08 05:13:15,742 61 INFO bench odoo.modules.loading: Module spreadsheet_dashboard loaded in 0.27s, 313 queries (+313 other) 
2026-10-08 05:13:15,742 61 INFO bench odoo.modules.loading: Loading module stock (48/76) 
2026-10-08 05:13:15,831 61 INFO bench odoo.registry: module stock: creating or updating database tables 
2026-10-08 05:13:17,489 61 INFO bench odoo.modules.loading: loading stock/security/stock_security.xml 
2026-10-08 05:13:17,627 61 INFO bench odoo.modules.loading: loading stock/security/ir.model.access.csv 
2026-10-08 05:13:17,665 61 INFO bench odoo.modules.loading: loading stock/data/digest_data.xml 
2026-10-08 05:13:17,671 61 INFO bench odoo.modules.loading: loading stock/data/mail_templates.xml 
2026-10-08 05:13:17,681 61 INFO bench odoo.modules.loading: loading stock/data/default_barcode_patterns.xml 
2026-10-08 05:13:17,691 61 INFO bench odoo.modules.loading: loading stock/data/stock_data.xml 
2026-10-08 05:13:17,897 61 INFO bench odoo.modules.loading: loading stock/data/stock_sequence_data.xml 
2026-10-08 05:13:17,933 61 INFO bench odoo.modules.loading: loading stock/data/stock_traceability_report_data.xml 
2026-10-08 05:13:17,936 61 INFO bench odoo.modules.loading: loading stock/report/report_stock_quantity.xml 
2026-10-08 05:13:17,944 61 INFO bench odoo.modules.loading: loading stock/report/report_stock_reception.xml 
2026-10-08 05:13:17,965 61 INFO bench odoo.modules.loading: loading stock/report/stock_report_views.xml 
2026-10-08 05:13:18,017 61 INFO bench odoo.modules.loading: loading stock/report/report_package_barcode.xml 
2026-10-08 05:13:18,048 61 INFO bench odoo.modules.loading: loading stock/report/report_lot_barcode.xml 
2026-10-08 05:13:18,054 61 INFO bench odoo.modules.loading: loading stock/report/report_location_barcode.xml 
2026-10-08 05:13:18,064 61 INFO bench odoo.modules.loading: loading stock/report/report_stockpicking_operations.xml 
2026-10-08 05:13:18,079 61 INFO bench odoo.modules.loading: loading stock/report/report_deliveryslip.xml 
2026-10-08 05:13:18,110 61 INFO bench odoo.modules.loading: loading stock/report/report_stockinventory.xml 
2026-10-08 05:13:18,116 61 INFO bench odoo.modules.loading: loading stock/report/report_stock_rule.xml 
2026-10-08 05:13:18,143 61 INFO bench odoo.modules.loading: loading stock/report/package_templates.xml 
2026-10-08 05:13:18,155 61 INFO bench odoo.modules.loading: loading stock/report/packaging_barcode.xml 
2026-10-08 05:13:18,162 61 INFO bench odoo.modules.loading: loading stock/report/picking_templates.xml 
2026-10-08 05:13:18,179 61 INFO bench odoo.modules.loading: loading stock/report/product_templates.xml 
2026-10-08 05:13:18,210 61 INFO bench odoo.modules.loading: loading stock/report/report_return_slip.xml 
2026-10-08 05:13:18,224 61 INFO bench odoo.modules.loading: loading stock/data/mail_template_data.xml 
2026-10-08 05:13:18,233 61 INFO bench odoo.modules.loading: loading stock/views/stock_menu_views.xml 
2026-10-08 05:13:18,294 61 INFO bench odoo.modules.loading: loading stock/wizard/stock_picking_return_views.xml 
2026-10-08 05:13:18,309 61 INFO bench odoo.modules.loading: loading stock/wizard/stock_inventory_conflict.xml 
2026-10-08 05:13:18,322 61 INFO bench odoo.modules.loading: loading stock/wizard/stock_backorder_confirmation_views.xml 
2026-10-08 05:13:18,333 61 INFO bench odoo.modules.loading: loading stock/wizard/stock_quantity_history.xml 
2026-10-08 05:13:18,342 61 INFO bench odoo.modules.loading: loading stock/wizard/stock_request_count.xml 
2026-10-08 05:13:18,355 61 INFO bench odoo.modules.loading: loading stock/wizard/stock_replenishment_info.xml 
2026-10-08 05:13:18,381 61 INFO bench odoo.modules.loading: loading stock/wizard/stock_rules_report_views.xml 
2026-10-08 05:13:18,393 61 INFO bench odoo.modules.loading: loading stock/wizard/stock_warn_insufficient_qty_views.xml 
2026-10-08 05:13:18,414 61 INFO bench odoo.modules.loading: loading stock/wizard/product_replenish_views.xml 
2026-10-08 05:13:18,427 61 INFO bench odoo.modules.loading: loading stock/wizard/product_label_layout_views.xml 
2026-10-08 05:13:18,450 61 INFO bench odoo.modules.loading: loading stock/wizard/stock_orderpoint_snooze_views.xml 
2026-10-08 05:13:18,463 61 INFO bench odoo.modules.loading: loading stock/wizard/stock_package_destination_views.xml 
2026-10-08 05:13:18,480 61 INFO bench odoo.modules.loading: loading stock/wizard/stock_inventory_adjustment_name.xml 
2026-10-08 05:13:18,493 61 INFO bench odoo.modules.loading: loading stock/wizard/stock_inventory_warning.xml 
2026-10-08 05:13:18,504 61 INFO bench odoo.modules.loading: loading stock/wizard/stock_label_type.xml 
2026-10-08 05:13:18,512 61 INFO bench odoo.modules.loading: loading stock/wizard/stock_lot_label_layout.xml 
2026-10-08 05:13:18,522 61 INFO bench odoo.modules.loading: loading stock/wizard/stock_quant_relocate.xml 
2026-10-08 05:13:18,530 61 INFO bench odoo.modules.loading: loading stock/wizard/stock_put_in_pack_views.xml 
2026-10-08 05:13:18,542 61 INFO bench odoo.modules.loading: loading stock/views/res_partner_views.xml 
2026-10-08 05:13:18,569 61 INFO bench odoo.modules.loading: loading stock/views/product_strategy_views.xml 
2026-10-08 05:13:18,595 61 INFO bench odoo.modules.loading: loading stock/views/stock_lot_views.xml 
2026-10-08 05:13:18,636 61 INFO bench odoo.modules.loading: loading stock/views/stock_scrap_views.xml 
2026-10-08 05:13:18,679 61 INFO bench odoo.modules.loading: loading stock/views/stock_quant_views.xml 
2026-10-08 05:13:18,989 61 INFO bench odoo.modules.loading: loading stock/views/stock_warehouse_views.xml 
2026-10-08 05:13:19,018 61 INFO bench odoo.modules.loading: loading stock/views/stock_move_line_views.xml 
2026-10-08 05:13:19,094 61 INFO bench odoo.modules.loading: loading stock/views/stock_move_views.xml 
2026-10-08 05:13:19,200 61 INFO bench odoo.modules.loading: loading stock/views/stock_picking_views.xml 
2026-10-08 05:13:19,437 61 INFO bench odoo.modules.loading: loading stock/views/stock_picking_type_views.xml 
2026-10-08 05:13:19,484 61 INFO bench odoo.modules.loading: loading stock/views/product_views.xml 
2026-10-08 05:13:19,710 61 INFO bench odoo.modules.loading: loading stock/views/stock_location_views.xml 
2026-10-08 05:13:19,789 61 INFO bench odoo.modules.loading: loading stock/views/stock_orderpoint_views.xml 
2026-10-08 05:13:19,863 61 INFO bench odoo.modules.loading: loading stock/views/stock_storage_category_views.xml 
2026-10-08 05:13:19,898 61 INFO bench odoo.modules.loading: loading stock/views/res_config_settings_views.xml 
2026-10-08 05:13:19,936 61 INFO bench odoo.modules.loading: loading stock/views/report_stock_traceability.xml 
2026-10-08 05:13:19,947 61 INFO bench odoo.modules.loading: loading stock/views/stock_template.xml 
2026-10-08 05:13:19,960 61 INFO bench odoo.modules.loading: loading stock/views/stock_rule_views.xml 
2026-10-08 05:13:20,000 61 INFO bench odoo.modules.loading: loading stock/views/stock_package_history_views.xml 
2026-10-08 05:13:20,015 61 INFO bench odoo.modules.loading: loading stock/views/stock_package_type_view.xml 
2026-10-08 05:13:20,046 61 INFO bench odoo.modules.loading: loading stock/views/stock_package_views.xml 
2026-10-08 05:13:20,091 61 INFO bench odoo.modules.loading: loading stock/views/stock_forecasted.xml 
2026-10-08 05:13:20,098 61 INFO bench odoo.modules.loading: loading stock/views/stock_reference_views.xml 
2026-10-08 05:13:20,125 61 INFO bench odoo.modules.loading: loading stock/views/uom_uom_views.xml 
2026-10-08 05:13:20,240 61 INFO bench odoo.modules.loading: Module stock loaded in 4.50s, 5092 queries (+5092 other) 
2026-10-08 05:13:20,240 61 INFO bench odoo.modules.loading: Loading module account_add_gln (49/76) 
2026-10-08 05:13:20,261 61 INFO bench odoo.registry: module account_add_gln: creating or updating database tables 
2026-10-08 05:13:20,347 61 INFO bench odoo.modules.loading: loading account_add_gln/views/res_partner_views.xml 
2026-10-08 05:13:20,390 61 INFO bench odoo.modules.loading: Module account_add_gln loaded in 0.15s, 105 queries (+105 other) 
2026-10-08 05:13:20,390 61 INFO bench odoo.modules.loading: Loading module account_edi_ubl_cii (50/76) 
2026-10-08 05:13:20,434 61 INFO bench odoo.registry: module account_edi_ubl_cii: creating or updating database tables 
2026-10-08 05:13:20,464 61 INFO bench odoo.models: Prepare computation of res.partner.peppol_endpoint 
2026-10-08 05:13:20,464 61 INFO bench odoo.models: Prepare computation of res.partner.peppol_eas 
2026-10-08 05:13:20,613 61 INFO bench odoo.modules.loading: loading account_edi_ubl_cii/data/cii_22_templates.xml 
2026-10-08 05:13:20,645 61 INFO bench odoo.modules.loading: loading account_edi_ubl_cii/data/ir_config_parameter_data.xml 
2026-10-08 05:13:20,648 61 INFO bench odoo.modules.loading: loading account_edi_ubl_cii/views/account_tax_views.xml 
2026-10-08 05:13:20,669 61 INFO bench odoo.modules.loading: loading account_edi_ubl_cii/views/account_move_views.xml 
2026-10-08 05:13:20,690 61 INFO bench odoo.modules.loading: loading account_edi_ubl_cii/views/res_partner_views.xml 
2026-10-08 05:13:20,710 61 INFO bench odoo.modules.loading: loading account_edi_ubl_cii/report/account_edi_ubl_cii_report_templates.xml 
2026-10-08 05:13:20,783 61 INFO bench odoo.modules.loading: Module account_edi_ubl_cii loaded in 0.39s, 388 queries (+388 other) 
2026-10-08 05:13:20,783 61 INFO bench odoo.modules.loading: Loading module account_payment (51/76) 
2026-10-08 05:13:20,812 61 INFO bench odoo.registry: module account_payment: creating or updating database tables 
2026-10-08 05:13:21,002 61 INFO bench odoo.modules.loading: loading account_payment/data/ir_config_parameter.xml 
2026-10-08 05:13:21,006 61 INFO bench odoo.modules.loading: loading account_payment/security/ir.model.access.csv 
2026-10-08 05:13:21,015 61 INFO bench odoo.modules.loading: loading account_payment/security/ir_rules.xml 
2026-10-08 05:13:21,022 61 INFO bench odoo.modules.loading: loading account_payment/views/account_payment_menus.xml 
2026-10-08 05:13:21,045 61 INFO bench odoo.modules.loading: loading account_payment/views/account_portal_templates.xml 
2026-10-08 05:13:21,130 61 INFO bench odoo.modules.loading: loading account_payment/views/account_move_views.xml 
2026-10-08 05:13:21,163 61 INFO bench odoo.modules.loading: loading account_payment/views/account_journal_views.xml 
2026-10-08 05:13:21,180 61 INFO bench odoo.modules.loading: loading account_payment/views/account_payment_views.xml 
2026-10-08 05:13:21,195 61 INFO bench odoo.modules.loading: loading account_payment/views/payment_form_templates.xml 
2026-10-08 05:13:21,205 61 INFO bench odoo.modules.loading: loading account_payment/views/payment_provider_views.xml 
2026-10-08 05:13:21,221 61 INFO bench odoo.modules.loading: loading account_payment/views/payment_transaction_views.xml 
2026-10-08 05:13:21,235 61 INFO bench odoo.modules.loading: loading account_payment/wizards/account_payment_register_views.xml 
2026-10-08 05:13:21,247 61 INFO bench odoo.modules.loading: loading account_payment/wizards/payment_link_wizard_views.xml 
2026-10-08 05:13:21,264 61 INFO bench odoo.modules.loading: loading account_payment/wizards/payment_refund_wizard_views.xml 
2026-10-08 05:13:21,274 61 INFO bench odoo.modules.loading: loading account_payment/wizards/res_config_settings_views.xml 
2026-10-08 05:13:21,334 61 INFO bench odoo.modules.loading: Module account_payment loaded in 0.55s, 576 queries (+576 other) 
2026-10-08 05:13:21,334 61 INFO bench odoo.modules.loading: Loading module mrp (52/76) 
2026-10-08 05:13:21,407 61 INFO bench odoo.registry: module mrp: creating or updating database tables 
2026-10-08 05:13:22,443 61 INFO bench odoo.modules.loading: loading mrp/security/mrp_security.xml 
2026-10-08 05:13:22,547 61 INFO bench odoo.modules.loading: loading mrp/security/ir.model.access.csv 
2026-10-08 05:13:22,577 61 INFO bench odoo.modules.loading: loading mrp/data/digest_data.xml 
2026-10-08 05:13:22,582 61 INFO bench odoo.modules.loading: loading mrp/data/mail_templates.xml 
2026-10-08 05:13:22,598 61 INFO bench odoo.modules.loading: loading mrp/data/mrp_data.xml 
2026-10-08 05:13:22,762 61 INFO bench odoo.modules.loading: loading mrp/data/mail_message_subtype_data.xml 
2026-10-08 05:13:22,774 61 INFO bench odoo.modules.loading: loading mrp/wizard/change_production_qty_views.xml 
2026-10-08 05:13:22,784 61 INFO bench odoo.modules.loading: loading mrp/wizard/mrp_workcenter_block_view.xml 
2026-10-08 05:13:22,797 61 INFO bench odoo.modules.loading: loading mrp/wizard/stock_warn_insufficient_qty_views.xml 
2026-10-08 05:13:22,813 61 INFO bench odoo.modules.loading: loading mrp/wizard/mrp_production_backorder.xml 
2026-10-08 05:13:22,826 61 INFO bench odoo.modules.loading: loading mrp/wizard/mrp_consumption_warning_views.xml 
2026-10-08 05:13:22,839 61 INFO bench odoo.modules.loading: loading mrp/wizard/mrp_production_split.xml 
2026-10-08 05:13:22,861 61 INFO bench odoo.modules.loading: loading mrp/wizard/mrp_production_serial_numbers.xml 
2026-10-08 05:13:22,873 61 INFO bench odoo.modules.loading: loading mrp/views/mrp_views_menus.xml 
2026-10-08 05:13:22,898 61 INFO bench odoo.modules.loading: loading mrp/views/stock_move_views.xml 
2026-10-08 05:13:22,969 61 INFO bench odoo.modules.loading: loading mrp/views/mrp_workorder_views.xml 
2026-10-08 05:13:23,090 61 INFO bench odoo.modules.loading: loading mrp/views/mrp_workcenter_views.xml 
2026-10-08 05:13:23,212 61 INFO bench odoo.modules.loading: loading mrp/views/mrp_bom_views.xml 
2026-10-08 05:13:23,276 61 INFO bench odoo.modules.loading: loading mrp/views/mrp_production_views.xml 
2026-10-08 05:13:23,478 61 INFO bench odoo.modules.loading: loading mrp/views/mrp_routing_views.xml 
2026-10-08 05:13:23,530 61 INFO bench odoo.modules.loading: loading mrp/views/product_document_views.xml 
2026-10-08 05:13:23,541 61 INFO bench odoo.modules.loading: loading mrp/views/product_views.xml 
2026-10-08 05:13:23,648 61 INFO bench odoo.modules.loading: loading mrp/views/stock_orderpoint_views.xml 
2026-10-08 05:13:23,668 61 INFO bench odoo.modules.loading: loading mrp/views/stock_warehouse_views.xml 
2026-10-08 05:13:23,681 61 INFO bench odoo.modules.loading: loading mrp/views/stock_picking_views.xml 
2026-10-08 05:13:23,725 61 INFO bench odoo.modules.loading: loading mrp/views/stock_rule_views.xml 
2026-10-08 05:13:23,739 61 INFO bench odoo.modules.loading: loading mrp/views/mrp_unbuild_views.xml 
2026-10-08 05:13:23,779 61 INFO bench odoo.modules.loading: loading mrp/views/res_config_settings_views.xml 
2026-10-08 05:13:23,812 61 INFO bench odoo.modules.loading: loading mrp/views/stock_scrap_views.xml 
2026-10-08 05:13:23,839 61 INFO bench odoo.modules.loading: loading mrp/wizard/stock_replenishment_info.xml 
2026-10-08 05:13:23,855 61 INFO bench odoo.modules.loading: loading mrp/report/report_deliveryslip.xml 
2026-10-08 05:13:23,876 61 INFO bench odoo.modules.loading: loading mrp/report/mrp_report_views_main.xml 
2026-10-08 05:13:23,894 61 INFO bench odoo.modules.loading: loading mrp/report/mrp_report_bom_structure.xml 
2026-10-08 05:13:23,912 61 INFO bench odoo.modules.loading: loading mrp/report/mrp_report_mo_overview.xml 
2026-10-08 05:13:23,942 61 INFO bench odoo.modules.loading: loading mrp/report/mrp_production_templates.xml 
2026-10-08 05:13:23,958 61 INFO bench odoo.modules.loading: loading mrp/report/report_stock_reception.xml 
2026-10-08 05:13:23,961 61 INFO bench odoo.modules.loading: loading mrp/report/report_stock_rule.xml 
2026-10-08 05:13:23,973 61 INFO bench odoo.modules.loading: loading mrp/report/mrp_zebra_production_templates.xml 
2026-10-08 05:13:23,978 61 INFO bench odoo.modules.loading: loading mrp/report/mrp_workorder_templates.xml 
2026-10-08 05:13:24,049 61 INFO bench odoo.modules.loading: Module mrp loaded in 2.71s, 3211 queries (+3211 other) 
2026-10-08 05:13:24,049 61 INFO bench odoo.modules.loading: Loading module purchase (53/76) 
2026-10-08 05:13:24,107 61 INFO bench odoo.registry: module purchase: creating or updating database tables 
2026-10-08 05:13:24,516 61 INFO bench odoo.modules.loading: loading purchase/security/purchase_security.xml 
2026-10-08 05:13:24,630 61 INFO bench odoo.modules.loading: loading purchase/security/ir.model.access.csv 
2026-10-08 05:13:24,652 61 INFO bench odoo.modules.loading: loading purchase/data/digest_data.xml 
2026-10-08 05:13:24,658 61 INFO bench odoo.modules.loading: loading purchase/views/account_move_views.xml 
2026-10-08 05:13:24,691 61 INFO bench odoo.modules.loading: loading purchase/data/purchase_data.xml 
2026-10-08 05:13:24,735 61 INFO bench odoo.modules.loading: loading purchase/data/ir_cron_data.xml 
2026-10-08 05:13:24,757 61 INFO bench odoo.modules.loading: loading purchase/report/purchase_reports.xml 
2026-10-08 05:13:24,766 61 INFO bench odoo.modules.loading: loading purchase/views/purchase_views.xml 
2026-10-08 05:13:25,027 61 INFO bench odoo.modules.loading: loading purchase/views/purchase_bill_line_match_views.xml 
2026-10-08 05:13:25,039 61 INFO bench odoo.modules.loading: loading purchase/views/res_config_settings_views.xml 
2026-10-08 05:13:25,078 61 INFO bench odoo.modules.loading: loading purchase/views/product_views.xml 
2026-10-08 05:13:25,218 61 INFO bench odoo.modules.loading: loading purchase/views/res_partner_views.xml 
2026-10-08 05:13:25,261 61 INFO bench odoo.modules.loading: loading purchase/report/purchase_bill_views.xml 
2026-10-08 05:13:25,274 61 INFO bench odoo.modules.loading: loading purchase/report/purchase_report_views.xml 
2026-10-08 05:13:25,309 61 INFO bench odoo.modules.loading: loading purchase/data/mail_templates.xml 
2026-10-08 05:13:25,320 61 INFO bench odoo.modules.loading: loading purchase/data/mail_template_data.xml 
2026-10-08 05:13:25,337 61 INFO bench odoo.modules.loading: loading purchase/views/portal_templates.xml 
2026-10-08 05:13:25,394 61 INFO bench odoo.modules.loading: loading purchase/report/purchase_order_templates.xml 
2026-10-08 05:13:25,413 61 INFO bench odoo.modules.loading: loading purchase/report/purchase_quotation_templates.xml 
2026-10-08 05:13:25,424 61 INFO bench odoo.modules.loading: loading purchase/views/analytic_account_views.xml 
2026-10-08 05:13:25,437 61 INFO bench odoo.modules.loading: loading purchase/wizard/bill_to_po_wizard_views.xml 
2026-10-08 05:13:25,447 61 INFO bench odoo.modules.loading: loading purchase/data/purchase_tour.xml 
2026-10-08 05:13:25,496 61 INFO bench odoo.modules.loading: Module purchase loaded in 1.45s, 1513 queries (+1513 other) 
2026-10-08 05:13:25,497 61 INFO bench odoo.modules.loading: Loading module snailmail_account (54/76) 
2026-10-08 05:13:25,537 61 INFO bench odoo.registry: module snailmail_account: creating or updating database tables 
2026-10-08 05:13:25,674 61 INFO bench odoo.modules.loading: loading snailmail_account/views/res_config_settings_views.xml 
2026-10-08 05:13:25,725 61 INFO bench odoo.modules.loading: Module snailmail_account loaded in 0.23s, 198 queries (+198 other) 
2026-10-08 05:13:25,725 61 INFO bench odoo.modules.loading: Loading module spreadsheet_account (55/76) 
2026-10-08 05:13:25,746 61 INFO bench odoo.registry: module spreadsheet_account: creating or updating database tables 
2026-10-08 05:13:25,821 61 INFO bench odoo.modules.loading: Module spreadsheet_account loaded in 0.10s, 58 queries (+58 other) 
2026-10-08 05:13:25,821 61 INFO bench odoo.modules.loading: Loading module spreadsheet_dashboard_account (56/76) 
2026-10-08 05:13:25,835 61 INFO bench odoo.modules.loading: loading spreadsheet_dashboard_account/data/dashboards.xml 
2026-10-08 05:13:25,909 61 INFO bench odoo.modules.loading: Module spreadsheet_dashboard_account loaded in 0.09s, 29 queries (+29 other) 
2026-10-08 05:13:25,909 61 INFO bench odoo.modules.loading: Loading module stock_account (57/76) 
2026-10-08 05:13:25,958 61 INFO bench odoo.registry: module stock_account: creating or updating database tables 
2026-10-08 05:13:26,298 61 INFO bench odoo.modules.loading: loading stock_account/security/stock_account_security.xml 
2026-10-08 05:13:26,313 61 INFO bench odoo.modules.loading: loading stock_account/security/ir.model.access.csv 
2026-10-08 05:13:26,325 61 INFO bench odoo.modules.loading: loading stock_account/data/stock_account_data.xml 
2026-10-08 05:13:26,359 61 INFO bench odoo.modules.loading: loading stock_account/views/account_account_views.xml 
2026-10-08 05:13:26,380 61 INFO bench odoo.modules.loading: loading stock_account/views/stock_account_views.xml 
2026-10-08 05:13:26,393 61 INFO bench odoo.modules.loading: loading stock_account/views/res_config_settings_views.xml 
2026-10-08 05:13:26,417 61 INFO bench odoo.modules.loading: loading stock_account/views/report_invoice.xml 
2026-10-08 05:13:26,433 61 INFO bench odoo.modules.loading: loading stock_account/views/stock_quant_views.xml 
2026-10-08 05:13:26,644 61 INFO bench odoo.modules.loading: loading stock_account/views/product_views.xml 
2026-10-08 05:13:26,730 61 INFO bench odoo.modules.loading: loading stock_account/views/product_value_views.xml 
2026-10-08 05:13:26,743 61 INFO bench odoo.modules.loading: loading stock_account/views/stock_location_views.xml 
2026-10-08 05:13:26,757 61 INFO bench odoo.modules.loading: loading stock_account/views/stock_lot_views.xml 
2026-10-08 05:13:26,768 61 INFO bench odoo.modules.loading: loading stock_account/views/stock_picking_views.xml 
2026-10-08 05:13:26,787 61 INFO bench odoo.modules.loading: loading stock_account/views/stock_move_views.xml 
2026-10-08 05:13:26,826 61 INFO bench odoo.modules.loading: loading stock_account/wizard/stock_inventory_adjustment_name_views.xml 
2026-10-08 05:13:26,837 61 INFO bench odoo.modules.loading: loading stock_account/report/account_invoice_report_view.xml 
2026-10-08 05:13:26,842 61 INFO bench odoo.modules.loading: loading stock_account/report/stock_avco_audit_report_views.xml 
2026-10-08 05:13:26,854 61 INFO bench odoo.modules.loading: loading stock_account/report/stock_valuation_report.xml 
2026-10-08 05:13:26,893 61 INFO bench odoo.modules.loading: Module stock_account loaded in 0.98s, 923 queries (+923 other) 
2026-10-08 05:13:26,893 61 INFO bench odoo.modules.loading: Loading module stock_sms (58/76) 
2026-10-08 05:13:26,918 61 INFO bench odoo.registry: module stock_sms: creating or updating database tables 
2026-10-08 05:13:27,030 61 INFO bench odoo.modules.loading: loading stock_sms/data/sms_data.xml 
2026-10-08 05:13:27,037 61 INFO bench odoo.modules.loading: loading stock_sms/views/res_config_settings_views.xml 
2026-10-08 05:13:27,068 61 INFO bench odoo.modules.loading: loading stock_sms/wizard/confirm_stock_sms_views.xml 
2026-10-08 05:13:27,075 61 INFO bench odoo.modules.loading: loading stock_sms/security/ir.model.access.csv 
2026-10-08 05:13:27,086 61 INFO bench odoo.modules.loading: loading stock_sms/security/sms_security.xml 
2026-10-08 05:13:27,144 61 INFO bench odoo.modules.loading: Module stock_sms loaded in 0.25s, 201 queries (+201 other) 
2026-10-08 05:13:27,144 61 INFO bench odoo.modules.loading: Loading module mrp_account (59/76) 
2026-10-08 05:13:27,191 61 INFO bench odoo.registry: module mrp_account: creating or updating database tables 
2026-10-08 05:13:27,499 61 INFO bench odoo.modules.loading: loading mrp_account/security/ir.model.access.csv 
2026-10-08 05:13:27,511 61 INFO bench odoo.modules.loading: loading mrp_account/views/product_views.xml 
2026-10-08 05:13:27,591 61 INFO bench odoo.modules.loading: loading mrp_account/views/mrp_production_views.xml 
2026-10-08 05:13:27,615 61 INFO bench odoo.modules.loading: loading mrp_account/views/analytic_account_views.xml 
2026-10-08 05:13:27,628 61 INFO bench odoo.modules.loading: loading mrp_account/views/account_move_views.xml 
2026-10-08 05:13:27,651 61 INFO bench odoo.modules.loading: loading mrp_account/views/mrp_workcenter_views.xml 
2026-10-08 05:13:27,668 61 INFO bench odoo.modules.loading: loading mrp_account/report/report_mrp_templates.xml 
2026-10-08 05:13:27,678 61 INFO bench odoo.modules.loading: loading mrp_account/wizard/mrp_wip_accounting.xml 
2026-10-08 05:13:27,723 61 INFO bench odoo.modules.loading: Module mrp_account loaded in 0.58s, 671 queries (+671 other) 
2026-10-08 05:13:27,724 61 INFO bench odoo.modules.loading: Loading module purchase_edi_ubl_bis3 (60/76) 
2026-10-08 05:13:27,747 61 INFO bench odoo.registry: module purchase_edi_ubl_bis3: creating or updating database tables 
2026-10-08 05:13:27,853 61 INFO bench odoo.modules.loading: Module purchase_edi_ubl_bis3 loaded in 0.13s, 128 queries (+128 other) 
2026-10-08 05:13:27,853 61 INFO bench odoo.modules.loading: Loading module purchase_stock (61/76) 
2026-10-08 05:13:27,914 61 INFO bench odoo.registry: module purchase_stock: creating or updating database tables 
2026-10-08 05:13:28,254 61 INFO bench odoo.modules.loading: loading purchase_stock/security/ir.model.access.csv 
2026-10-08 05:13:28,268 61 INFO bench odoo.modules.loading: loading purchase_stock/data/purchase_stock_data.xml 
2026-10-08 05:13:28,364 61 INFO bench odoo.modules.loading: loading purchase_stock/data/mail_templates.xml 
2026-10-08 05:13:28,370 61 INFO bench odoo.modules.loading: loading purchase_stock/report/vendor_delay_report.xml 
2026-10-08 05:13:28,385 61 INFO bench odoo.modules.loading: loading purchase_stock/views/purchase_views.xml 
2026-10-08 05:13:28,422 61 INFO bench odoo.modules.loading: loading purchase_stock/views/stock_views.xml 
2026-10-08 05:13:28,465 61 INFO bench odoo.modules.loading: loading purchase_stock/views/stock_picking_views.xml 
2026-10-08 05:13:28,487 61 INFO bench odoo.modules.loading: loading purchase_stock/views/stock_rule_views.xml 
2026-10-08 05:13:28,502 61 INFO bench odoo.modules.loading: loading purchase_stock/views/res_config_settings_views.xml 
2026-10-08 05:13:28,552 61 INFO bench odoo.modules.loading: loading purchase_stock/views/res_partner_views.xml 
2026-10-08 05:13:28,573 61 INFO bench odoo.modules.loading: loading purchase_stock/views/stock_lot_views.xml 
2026-10-08 05:13:28,586 61 INFO bench odoo.modules.loading: loading purchase_stock/views/stock_orderpoint_views.xml 
2026-10-08 05:13:28,594 61 INFO bench odoo.modules.loading: loading purchase_stock/views/stock_reference_views.xml 
2026-10-08 05:13:28,604 61 INFO bench odoo.modules.loading: loading purchase_stock/views/product_views.xml 
2026-10-08 05:13:28,623 61 INFO bench odoo.modules.loading: loading purchase_stock/report/purchase_report_views.xml 
2026-10-08 05:13:28,633 61 INFO bench odoo.modules.loading: loading purchase_stock/report/purchase_report_templates.xml 
2026-10-08 05:13:28,651 61 INFO bench odoo.modules.loading: loading purchase_stock/report/report_stock_rule.xml 
2026-10-08 05:13:28,660 61 INFO bench odoo.modules.loading: loading purchase_stock/wizard/stock_replenishment_info.xml 
2026-10-08 05:13:28,680 61 INFO bench odoo.modules.loading: loading purchase_stock/wizard/product_replenish_views.xml 
2026-10-08 05:13:28,714 61 INFO bench odoo.modules.loading: Module purchase_stock loaded in 0.86s, 1054 queries (+1054 other) 
2026-10-08 05:13:28,714 61 INFO bench odoo.modules.loading: Loading module sale (62/76) 
2026-10-08 05:13:28,783 61 INFO bench odoo.registry: module sale: creating or updating database tables 
2026-10-08 05:13:29,373 61 INFO bench odoo.modules.loading: loading sale/security/ir.model.access.csv 
2026-10-08 05:13:29,399 61 INFO bench odoo.modules.loading: loading sale/security/res_groups.xml 
2026-10-08 05:13:29,408 61 INFO bench odoo.modules.loading: loading sale/security/ir_rules.xml 
2026-10-08 05:13:29,558 61 INFO bench odoo.modules.loading: loading sale/report/account_invoice_report_views.xml 
2026-10-08 05:13:29,595 61 INFO bench odoo.modules.loading: loading sale/report/ir_actions_report_templates.xml 
2026-10-08 05:13:29,633 61 INFO bench odoo.modules.loading: loading sale/report/ir_actions_report.xml 
2026-10-08 05:13:29,642 61 INFO bench odoo.modules.loading: loading sale/report/sale_report_views.xml 
2026-10-08 05:13:29,697 61 INFO bench odoo.modules.loading: loading sale/data/ir_cron.xml 
2026-10-08 05:13:29,739 61 INFO bench odoo.modules.loading: loading sale/data/ir_sequence_data.xml 
2026-10-08 05:13:29,744 61 INFO bench odoo.modules.loading: loading sale/data/mail_message_subtype_data.xml 
2026-10-08 05:13:29,768 61 INFO bench odoo.modules.loading: loading sale/data/mail_template_data.xml 
2026-10-08 05:13:29,796 61 INFO bench odoo.modules.loading: loading sale/data/sale_tour.xml 
2026-10-08 05:13:29,800 61 INFO bench odoo.modules.loading: loading sale/data/ir_config_parameter.xml 
2026-10-08 05:13:29,813 61 INFO bench odoo.modules.loading: loading sale/wizard/account_accrued_orders_wizard_views.xml 
2026-10-08 05:13:29,823 61 INFO bench odoo.modules.loading: loading sale/wizard/mass_cancel_orders_views.xml 
2026-10-08 05:13:29,836 61 INFO bench odoo.modules.loading: loading sale/wizard/payment_link_wizard_views.xml 
2026-10-08 05:13:29,854 61 INFO bench odoo.modules.loading: loading sale/wizard/res_config_settings_views.xml 
2026-10-08 05:13:29,903 61 INFO bench odoo.modules.loading: loading sale/wizard/sale_make_invoice_advance_views.xml 
2026-10-08 05:13:29,914 61 INFO bench odoo.modules.loading: loading sale/wizard/sale_order_discount_views.xml 
2026-10-08 05:13:29,924 61 INFO bench odoo.modules.loading: loading sale/views/sale_order_views.xml 
2026-10-08 05:13:30,117 61 INFO bench odoo.modules.loading: loading sale/views/account_views.xml 
2026-10-08 05:13:30,182 61 INFO bench odoo.modules.loading: loading sale/views/crm_team_views.xml 
2026-10-08 05:13:30,217 61 INFO bench odoo.modules.loading: loading sale/views/mail_activity_views.xml 
2026-10-08 05:13:30,221 61 INFO bench odoo.modules.loading: loading sale/views/mail_activity_plan_views.xml 
2026-10-08 05:13:30,227 61 INFO bench odoo.modules.loading: loading sale/views/payment_views.xml 
2026-10-08 05:13:30,251 61 INFO bench odoo.modules.loading: loading sale/views/product_document_views.xml 
2026-10-08 05:13:30,284 61 INFO bench odoo.modules.loading: loading sale/views/product_pricelist_item_views.xml 
2026-10-08 05:13:30,301 61 INFO bench odoo.modules.loading: loading sale/views/product_template_views.xml 
2026-10-08 05:13:30,326 61 INFO bench odoo.modules.loading: loading sale/views/product_views.xml 
2026-10-08 05:13:30,407 61 INFO bench odoo.modules.loading: loading sale/views/res_partner_views.xml 
2026-10-08 05:13:30,453 61 INFO bench odoo.modules.loading: loading sale/views/sale_order_line_views.xml 
2026-10-08 05:13:30,475 61 INFO bench odoo.modules.loading: loading sale/views/sale_portal_templates.xml 
2026-10-08 05:13:30,543 61 INFO bench odoo.modules.loading: loading sale/views/utm_campaign_views.xml 
2026-10-08 05:13:30,561 61 INFO bench odoo.modules.loading: loading sale/views/sale_menus.xml 
2026-10-08 05:13:30,764 61 INFO bench odoo.modules.loading: Module sale loaded in 2.05s, 2520 queries (+2520 other) 
2026-10-08 05:13:30,764 61 INFO bench odoo.modules.loading: Loading module spreadsheet_dashboard_stock_account (63/76) 
2026-10-08 05:13:30,780 61 INFO bench odoo.modules.loading: loading spreadsheet_dashboard_stock_account/data/dashboards.xml 
2026-10-08 05:13:30,837 61 INFO bench odoo.modules.loading: Module spreadsheet_dashboard_stock_account loaded in 0.07s, 28 queries (+28 other) 
2026-10-08 05:13:30,837 61 INFO bench odoo.modules.loading: Loading module delivery (64/76) 
2026-10-08 05:13:30,871 61 INFO bench odoo.registry: module delivery: creating or updating database tables 
2026-10-08 05:13:31,141 61 INFO bench odoo.modules.loading: loading delivery/data/delivery_data.xml 
2026-10-08 05:13:31,202 61 INFO bench odoo.modules.loading: loading delivery/data/payment_method_data.xml 
2026-10-08 05:13:31,212 61 INFO bench odoo.modules.loading: loading delivery/data/payment_provider_data.xml 
2026-10-08 05:13:31,228 61 INFO bench odoo.modules.loading: loading delivery/security/ir.model.access.csv 
2026-10-08 05:13:31,256 61 INFO bench odoo.modules.loading: loading delivery/security/ir_rules.xml 
2026-10-08 05:13:31,262 61 INFO bench odoo.modules.loading: loading delivery/report/ir_actions_report_templates.xml 
2026-10-08 05:13:31,273 61 INFO bench odoo.modules.loading: loading delivery/views/delivery_carrier_views.xml 
2026-10-08 05:13:31,312 61 INFO bench odoo.modules.loading: loading delivery/views/delivery_price_rule_views.xml 
2026-10-08 05:13:31,325 61 INFO bench odoo.modules.loading: loading delivery/views/delivery_zip_prefix_views.xml 
2026-10-08 05:13:31,330 61 INFO bench odoo.modules.loading: loading delivery/views/ir_module_module_views.xml 
2026-10-08 05:13:31,351 61 INFO bench odoo.modules.loading: loading delivery/views/payment_form_templates.xml 
2026-10-08 05:13:31,359 61 INFO bench odoo.modules.loading: loading delivery/views/payment_provider_views.xml 
2026-10-08 05:13:31,375 61 INFO bench odoo.modules.loading: loading delivery/views/res_partner_views.xml 
2026-10-08 05:13:31,395 61 INFO bench odoo.modules.loading: loading delivery/views/sale_order_views.xml 
2026-10-08 05:13:31,415 61 INFO bench odoo.modules.loading: loading delivery/wizard/res_config_settings_views.xml 
2026-10-08 05:13:31,439 61 INFO bench odoo.modules.loading: loading delivery/wizard/choose_delivery_carrier_views.xml 
2026-10-08 05:13:31,471 61 INFO bench odoo.modules.loading: Module delivery loaded in 0.63s, 642 queries (+642 other) 
2026-10-08 05:13:31,471 61 INFO bench odoo.modules.loading: Loading module purchase_mrp (65/76) 
2026-10-08 05:13:31,494 61 INFO bench odoo.registry: module purchase_mrp: creating or updating database tables 
2026-10-08 05:13:31,593 61 INFO bench odoo.modules.loading: loading purchase_mrp/views/mrp_bom_views.xml 
2026-10-08 05:13:31,619 61 INFO bench odoo.modules.loading: loading purchase_mrp/views/purchase_order_views.xml 
2026-10-08 05:13:31,637 61 INFO bench odoo.modules.loading: loading purchase_mrp/views/mrp_production_views.xml 
2026-10-08 05:13:31,653 61 INFO bench odoo.modules.loading: loading purchase_mrp/views/stock_orderpoint_views.xml 
2026-10-08 05:13:31,675 61 INFO bench odoo.modules.loading: loading purchase_mrp/security/ir.model.access.csv 
2026-10-08 05:13:31,698 61 INFO bench odoo.modules.loading: Module purchase_mrp loaded in 0.23s, 233 queries (+233 other) 
2026-10-08 05:13:31,698 61 INFO bench odoo.modules.loading: Loading module sale_edi_ubl (66/76) 
2026-10-08 05:13:31,719 61 INFO bench odoo.registry: module sale_edi_ubl: creating or updating database tables 
2026-10-08 05:13:31,807 61 INFO bench odoo.modules.loading: Module sale_edi_ubl loaded in 0.11s, 88 queries (+88 other) 
2026-10-08 05:13:31,807 61 INFO bench odoo.modules.loading: Loading module sale_management (67/76) 
2026-10-08 05:13:31,843 61 INFO bench odoo.registry: module sale_management: creating or updating database tables 
2026-10-08 05:13:32,030 61 INFO bench odoo.modules.loading: loading sale_management/data/digest_data.xml 
2026-10-08 05:13:32,040 61 INFO bench odoo.modules.loading: loading sale_management/security/ir.model.access.csv 
2026-10-08 05:13:32,050 61 INFO bench odoo.modules.loading: loading sale_management/security/sale_management_security.xml 
2026-10-08 05:13:32,060 61 INFO bench odoo.modules.loading: loading sale_management/views/sale_order_template_views.xml 
2026-10-08 05:13:32,092 61 INFO bench odoo.modules.loading: loading sale_management/views/digest_views.xml 
2026-10-08 05:13:32,109 61 INFO bench odoo.modules.loading: loading sale_management/views/res_config_settings_views.xml 
2026-10-08 05:13:32,141 61 INFO bench odoo.modules.loading: loading sale_management/views/sale_order_views.xml 
2026-10-08 05:13:32,162 61 INFO bench odoo.modules.loading: loading sale_management/views/sale_portal_templates.xml 
2026-10-08 05:13:32,178 61 INFO bench odoo.modules.loading: loading sale_management/views/sale_management_menus.xml 
2026-10-08 05:13:32,208 61 INFO bench odoo.modules.loading: Module sale_management loaded in 0.40s, 372 queries (+372 other) 
2026-10-08 05:13:32,209 61 INFO bench odoo.modules.loading: Loading module sale_purchase (68/76) 
2026-10-08 05:13:32,237 61 INFO bench odoo.registry: module sale_purchase: creating or updating database tables 
2026-10-08 05:13:32,360 61 INFO bench odoo.modules.loading: loading sale_purchase/data/mail_templates.xml 
2026-10-08 05:13:32,377 61 INFO bench odoo.modules.loading: loading sale_purchase/views/product_views.xml 
2026-10-08 05:13:32,415 61 INFO bench odoo.modules.loading: loading sale_purchase/views/sale_order_views.xml 
2026-10-08 05:13:32,435 61 INFO bench odoo.modules.loading: loading sale_purchase/views/purchase_order_views.xml 
2026-10-08 05:13:32,466 61 INFO bench odoo.modules.loading: Module sale_purchase loaded in 0.26s, 244 queries (+244 other) 
2026-10-08 05:13:32,467 61 INFO bench odoo.modules.loading: Loading module sale_sms (69/76) 
2026-10-08 05:13:32,481 61 INFO bench odoo.modules.loading: loading sale_sms/security/ir.model.access.csv 
2026-10-08 05:13:32,517 61 INFO bench odoo.modules.loading: loading sale_sms/security/security.xml 
2026-10-08 05:13:32,538 61 INFO bench odoo.modules.loading: Module sale_sms loaded in 0.07s, 38 queries (+38 other) 
2026-10-08 05:13:32,538 61 INFO bench odoo.modules.loading: Loading module sale_stock (70/76) 
2026-10-08 05:13:32,598 61 INFO bench odoo.registry: module sale_stock: creating or updating database tables 
2026-10-08 05:13:32,903 61 INFO bench odoo.modules.loading: loading sale_stock/security/sale_stock_security.xml 
2026-10-08 05:13:32,918 61 INFO bench odoo.modules.loading: loading sale_stock/security/ir.model.access.csv 
2026-10-08 05:13:32,932 61 INFO bench odoo.modules.loading: loading sale_stock/views/sale_order_views.xml 
2026-10-08 05:13:32,964 61 WARNING bench odoo.addons.base.models.ir_cron: Skipping database bench because of modules to install/upgrade/remove. 
2026-10-08 05:13:33,014 61 INFO bench odoo.modules.loading: loading sale_stock/views/sale_order_line_views.xml 
2026-10-08 05:13:33,023 61 INFO bench odoo.modules.loading: loading sale_stock/views/stock_route_views.xml 
2026-10-08 05:13:33,036 61 INFO bench odoo.modules.loading: loading sale_stock/views/res_config_settings_views.xml 
2026-10-08 05:13:33,080 61 INFO bench odoo.modules.loading: loading sale_stock/views/sale_stock_portal_template.xml 
2026-10-08 05:13:33,100 61 INFO bench odoo.modules.loading: loading sale_stock/views/stock_lot_views.xml 
2026-10-08 05:13:33,114 61 INFO bench odoo.modules.loading: loading sale_stock/views/res_users_views.xml 
2026-10-08 05:13:33,150 61 INFO bench odoo.modules.loading: loading sale_stock/views/stock_picking_views.xml 
2026-10-08 05:13:33,178 61 INFO bench odoo.modules.loading: loading sale_stock/views/stock_reference_views.xml 
2026-10-08 05:13:33,190 61 INFO bench odoo.modules.loading: loading sale_stock/report/sale_order_report_templates.xml 
2026-10-08 05:13:33,200 61 INFO bench odoo.modules.loading: loading sale_stock/report/stock_report_deliveryslip.xml 
2026-10-08 05:13:33,210 61 INFO bench odoo.modules.loading: loading sale_stock/data/mail_templates.xml 
2026-10-08 05:13:33,221 61 INFO bench odoo.modules.loading: loading sale_stock/data/sale_stock_data.xml 
2026-10-08 05:13:33,228 61 INFO bench odoo.modules.loading: loading sale_stock/wizard/stock_rules_report_views.xml 
2026-10-08 05:13:33,259 61 INFO bench odoo.modules.loading: Module sale_stock loaded in 0.72s, 833 queries (+838 other) 
2026-10-08 05:13:33,259 61 INFO bench odoo.modules.loading: Loading module spreadsheet_dashboard_sale (71/76) 
2026-10-08 05:13:33,276 61 INFO bench odoo.modules.loading: loading spreadsheet_dashboard_sale/data/dashboards.xml 
2026-10-08 05:13:33,373 61 INFO bench odoo.modules.loading: Module spreadsheet_dashboard_sale loaded in 0.11s, 34 queries (+34 other) 
2026-10-08 05:13:33,373 61 INFO bench odoo.modules.loading: Loading module sale_mrp (72/76) 
2026-10-08 05:13:33,397 61 INFO bench odoo.registry: module sale_mrp: creating or updating database tables 
2026-10-08 05:13:33,540 61 INFO bench odoo.modules.loading: loading sale_mrp/security/ir.model.access.csv 
2026-10-08 05:13:33,551 61 INFO bench odoo.modules.loading: loading sale_mrp/views/mrp_production_views.xml 
2026-10-08 05:13:33,581 61 INFO bench odoo.modules.loading: loading sale_mrp/views/sale_order_views.xml 
2026-10-08 05:13:33,602 61 INFO bench odoo.modules.loading: loading sale_mrp/views/sale_portal_templates.xml 
2026-10-08 05:13:33,631 61 INFO bench odoo.modules.loading: Module sale_mrp loaded in 0.26s, 290 queries (+290 other) 
2026-10-08 05:13:33,631 61 INFO bench odoo.modules.loading: Loading module sale_pdf_quote_builder (73/76) 
2026-10-08 05:13:33,650 61 INFO bench odoo.registry: module sale_pdf_quote_builder: creating or updating database tables 
2026-10-08 05:13:33,808 61 INFO bench odoo.modules.loading: loading sale_pdf_quote_builder/data/ir_cron.xml 
2026-10-08 05:13:33,834 61 INFO bench odoo.modules.loading: loading sale_pdf_quote_builder/data/sale_pdf_form_field.xml 
2026-10-08 05:13:33,840 61 INFO bench odoo.modules.loading: loading sale_pdf_quote_builder/report/ir_actions_report.xml 
2026-10-08 05:13:33,847 61 INFO bench odoo.modules.loading: loading sale_pdf_quote_builder/security/ir.model.access.csv 
2026-10-08 05:13:33,864 61 INFO bench odoo.modules.loading: loading sale_pdf_quote_builder/security/ir_rules.xml 
2026-10-08 05:13:33,872 61 INFO bench odoo.modules.loading: loading sale_pdf_quote_builder/views/product_document_views.xml 
2026-10-08 05:13:33,893 61 INFO bench odoo.modules.loading: loading sale_pdf_quote_builder/views/quotation_document_views.xml 
2026-10-08 05:13:33,918 61 INFO bench odoo.modules.loading: loading sale_pdf_quote_builder/views/sale_order_template_views.xml 
2026-10-08 05:13:33,934 61 INFO bench odoo.modules.loading: loading sale_pdf_quote_builder/views/sale_order_views.xml 
2026-10-08 05:13:33,956 61 INFO bench odoo.modules.loading: loading sale_pdf_quote_builder/views/sale_pdf_form_field_views.xml 
2026-10-08 05:13:33,970 61 INFO bench odoo.modules.loading: loading sale_pdf_quote_builder/views/sale_pdf_quote_builder_menus.xml 
2026-10-08 05:13:33,977 61 INFO bench odoo.modules.loading: loading sale_pdf_quote_builder/wizards/res_config_settings_views.xml 
2026-10-08 05:13:34,016 61 WARNING bench odoo.addons.base.models.ir_cron: Skipping database bench because of modules to install/upgrade/remove. 
2026-10-08 05:13:34,032 61 INFO bench odoo.modules.loading: Module sale_pdf_quote_builder loaded in 0.40s, 411 queries (+416 other) 
2026-10-08 05:13:34,033 61 INFO bench odoo.modules.loading: Loading module sale_purchase_stock (74/76) 
2026-10-08 05:13:34,057 61 INFO bench odoo.registry: module sale_purchase_stock: creating or updating database tables 
2026-10-08 05:13:34,133 61 INFO bench odoo.modules.loading: loading sale_purchase_stock/views/purchase_order_views.xml 
2026-10-08 05:13:34,207 61 INFO bench odoo.modules.loading: Module sale_purchase_stock loaded in 0.17s, 143 queries (+143 other) 
2026-10-08 05:13:34,207 61 INFO bench odoo.modules.loading: Loading module stock_delivery (75/76) 
2026-10-08 05:13:34,239 61 INFO bench odoo.registry: module stock_delivery: creating or updating database tables 
2026-10-08 05:13:34,438 61 INFO bench odoo.modules.loading: loading stock_delivery/security/ir.model.access.csv 
2026-10-08 05:13:34,446 61 INFO bench odoo.modules.loading: loading stock_delivery/views/product_template_view.xml 
2026-10-08 05:13:34,476 61 INFO bench odoo.modules.loading: loading stock_delivery/views/delivery_view.xml 
2026-10-08 05:13:34,563 61 INFO bench odoo.modules.loading: loading stock_delivery/views/delivery_portal_template.xml 
2026-10-08 05:13:34,575 61 INFO bench odoo.modules.loading: loading stock_delivery/views/report_shipping.xml 
2026-10-08 05:13:34,583 61 INFO bench odoo.modules.loading: loading stock_delivery/views/report_deliveryslip.xml 
2026-10-08 05:13:34,621 61 INFO bench odoo.modules.loading: loading stock_delivery/views/report_package_barcode.xml 
2026-10-08 05:13:34,645 61 INFO bench odoo.modules.loading: loading stock_delivery/wizard/choose_delivery_carrier_views.xml 
2026-10-08 05:13:34,655 61 INFO bench odoo.modules.loading: loading stock_delivery/wizard/stock_put_in_pack_views.xml 
2026-10-08 05:13:34,665 61 INFO bench odoo.modules.loading: loading stock_delivery/views/stock_package_type_views.xml 
2026-10-08 05:13:34,688 61 INFO bench odoo.modules.loading: loading stock_delivery/views/stock_picking_type_views.xml 
2026-10-08 05:13:34,701 61 INFO bench odoo.modules.loading: loading stock_delivery/views/stock_rule_views.xml 
2026-10-08 05:13:34,715 61 INFO bench odoo.modules.loading: loading stock_delivery/views/stock_move_line_views.xml 
2026-10-08 05:13:34,736 61 INFO bench odoo.modules.loading: loading stock_delivery/report/product_templates.xml 
2026-10-08 05:13:34,771 61 INFO bench odoo.modules.loading: Module stock_delivery loaded in 0.56s, 664 queries (+664 other) 
2026-10-08 05:13:34,771 61 INFO bench odoo.modules.loading: Loading module stock_dropshipping (76/76) 
2026-10-08 05:13:34,810 61 INFO bench odoo.registry: module stock_dropshipping: creating or updating database tables 
2026-10-08 05:13:34,946 61 INFO bench odoo.modules.loading: loading stock_dropshipping/data/stock_data.xml 
2026-10-08 05:13:34,975 61 INFO bench odoo.modules.loading: loading stock_dropshipping/views/sale_order_views.xml 
2026-10-08 05:13:35,006 61 INFO bench odoo.modules.loading: loading stock_dropshipping/views/stock_picking_views.xml 
2026-10-08 05:13:35,038 61 INFO bench odoo.modules.loading: loading stock_dropshipping/views/purchase_order_views.xml 
2026-10-08 05:13:35,076 61 INFO bench odoo.modules.loading: Module stock_dropshipping loaded in 0.30s, 317 queries (+317 other) 
2026-10-08 05:13:35,076 61 INFO bench odoo.modules.loading: 76 modules loaded in 42.61s, 46537 queries (+46548 extra) 
2026-10-08 05:13:35,976 61 INFO bench odoo.modules.loading: Modules loaded. 
2026-10-08 05:13:37,114 61 INFO bench odoo.registry: Registry changed, signaling through the database 
2026-10-08 05:13:37,118 61 INFO bench odoo.registry: Registry loaded in 45.601s 
2026-10-08 05:13:37,118 61 INFO bench odoo.addons.base.models.ir_module: getting next ir.actions.todo() 
2026-10-08 05:13:37,125 61 INFO bench werkzeug: 127.0.0.1 - - [08/Oct/2026 05:13:37] "POST /json/2/ir.module.module/button_immediate_install HTTP/1.1" 200 - 51204 24.640 21.110
2026-10-08 05:13:37,144 61 INFO bench odoo.addons.base.models.ir_http: Generating routing map for key None 
2026-10-08 05:13:37,177 61 INFO bench werkzeug: 127.0.0.1 - - [08/Oct/2026 05:13:37] "POST /json/2/stock.route/search HTTP/1.1" 200 - 11 0.008 0.027
2026-10-08 05:13:37,204 61 INFO bench werkzeug: 127.0.0.1 - - [08/Oct/2026 05:13:37] "POST /json/2/stock.route/read HTTP/1.1" 200 - 3 0.002 0.007
2026-10-08 05:13:37,228 61 INFO bench werkzeug: 127.0.0.1 - - [08/Oct/2026 05:13:37] "POST /json/2/stock.route/search HTTP/1.1" 200 - 3 0.002 0.007
2026-10-08 05:13:37,256 61 INFO bench werkzeug: 127.0.0.1 - - [08/Oct/2026 05:13:37] "POST /json/2/stock.route/search HTTP/1.1" 200 - 3 0.002 0.006
2026-10-08 05:13:37,291 61 INFO bench werkzeug: 127.0.0.1 - - [08/Oct/2026 05:13:37] "POST /json/2/stock.route/search HTTP/1.1" 200 - 3 0.001 0.007
2026-10-08 05:13:37,318 61 INFO bench werkzeug: 127.0.0.1 - - [08/Oct/2026 05:13:37] "POST /json/2/stock.route/read HTTP/1.1" 200 - 3 0.002 0.006
2026-10-08 05:13:37,347 61 INFO bench werkzeug: 127.0.0.1 - - [08/Oct/2026 05:13:37] "POST /json/2/stock.route/search HTTP/1.1" 200 - 3 0.002 0.006
2026-10-08 05:13:37,372 61 INFO bench werkzeug: 127.0.0.1 - - [08/Oct/2026 05:13:37] "POST /json/2/stock.route/read HTTP/1.1" 200 - 3 0.002 0.006
2026-10-08 05:13:37,406 61 INFO bench werkzeug: 127.0.0.1 - - [08/Oct/2026 05:13:37] "POST /json/2/res.partner/search HTTP/1.1" 200 - 9 0.006 0.011
2026-10-08 05:13:37,476 61 INFO bench werkzeug: 127.0.0.1 - - [08/Oct/2026 05:13:37] "POST /json/2/res.partner/create HTTP/1.1" 200 - 33 0.019 0.032
2026-10-08 05:13:37,505 61 INFO bench werkzeug: 127.0.0.1 - - [08/Oct/2026 05:13:37] "POST /json/2/res.partner/search HTTP/1.1" 200 - 4 0.003 0.008
2026-10-08 05:13:37,559 61 INFO bench werkzeug: 127.0.0.1 - - [08/Oct/2026 05:13:37] "POST /json/2/res.partner/create HTTP/1.1" 200 - 18 0.011 0.025
2026-10-08 05:13:37,587 61 INFO bench werkzeug: 127.0.0.1 - - [08/Oct/2026 05:13:37] "POST /json/2/res.partner/search HTTP/1.1" 200 - 4 0.003 0.007
2026-10-08 05:13:37,635 61 INFO bench werkzeug: 127.0.0.1 - - [08/Oct/2026 05:13:37] "POST /json/2/res.partner/create HTTP/1.1" 200 - 18 0.009 0.023
2026-10-08 05:13:37,664 61 INFO bench werkzeug: 127.0.0.1 - - [08/Oct/2026 05:13:37] "POST /json/2/res.partner/search HTTP/1.1" 200 - 4 0.003 0.008
2026-10-08 05:13:37,712 61 INFO bench werkzeug: 127.0.0.1 - - [08/Oct/2026 05:13:37] "POST /json/2/res.partner/create HTTP/1.1" 200 - 18 0.009 0.022
2026-10-08 05:13:37,740 61 INFO bench werkzeug: 127.0.0.1 - - [08/Oct/2026 05:13:37] "POST /json/2/res.partner/search HTTP/1.1" 200 - 4 0.003 0.007
2026-10-08 05:13:37,800 61 INFO bench werkzeug: 127.0.0.1 - - [08/Oct/2026 05:13:37] "POST /json/2/res.partner/create HTTP/1.1" 200 - 18 0.010 0.023
2026-10-08 05:13:37,828 61 INFO bench werkzeug: 127.0.0.1 - - [08/Oct/2026 05:13:37] "POST /json/2/res.partner/search HTTP/1.1" 200 - 4 0.002 0.007
2026-10-08 05:13:37,880 61 INFO bench werkzeug: 127.0.0.1 - - [08/Oct/2026 05:13:37] "POST /json/2/res.partner/create HTTP/1.1" 200 - 18 0.010 0.023
2026-10-08 05:13:37,909 61 INFO bench werkzeug: 127.0.0.1 - - [08/Oct/2026 05:13:37] "POST /json/2/res.partner/search HTTP/1.1" 200 - 4 0.002 0.008
2026-10-08 05:13:37,961 61 INFO bench werkzeug: 127.0.0.1 - - [08/Oct/2026 05:13:37] "POST /json/2/res.partner/create HTTP/1.1" 200 - 18 0.010 0.023
2026-10-08 05:13:37,988 61 INFO bench werkzeug: 127.0.0.1 - - [08/Oct/2026 05:13:37] "POST /json/2/res.partner/search HTTP/1.1" 200 - 4 0.002 0.007
2026-10-08 05:13:38,037 61 INFO bench werkzeug: 127.0.0.1 - - [08/Oct/2026 05:13:38] "POST /json/2/res.partner/create HTTP/1.1" 200 - 18 0.008 0.022
2026-10-08 05:13:38,064 61 INFO bench werkzeug: 127.0.0.1 - - [08/Oct/2026 05:13:38] "POST /json/2/res.partner/search HTTP/1.1" 200 - 4 0.002 0.008
2026-10-08 05:13:38,113 61 INFO bench werkzeug: 127.0.0.1 - - [08/Oct/2026 05:13:38] "POST /json/2/res.partner/create HTTP/1.1" 200 - 18 0.009 0.023
2026-10-08 05:13:38,140 61 INFO bench werkzeug: 127.0.0.1 - - [08/Oct/2026 05:13:38] "POST /json/2/res.partner/search HTTP/1.1" 200 - 4 0.002 0.007
2026-10-08 05:13:38,187 61 INFO bench werkzeug: 127.0.0.1 - - [08/Oct/2026 05:13:38] "POST /json/2/res.partner/create HTTP/1.1" 200 - 18 0.009 0.021
2026-10-08 05:13:38,213 61 INFO bench werkzeug: 127.0.0.1 - - [08/Oct/2026 05:13:38] "POST /json/2/res.partner/search HTTP/1.1" 200 - 4 0.002 0.007
2026-10-08 05:13:38,264 61 INFO bench werkzeug: 127.0.0.1 - - [08/Oct/2026 05:13:38] "POST /json/2/res.partner/create HTTP/1.1" 200 - 18 0.009 0.023
2026-10-08 05:13:38,292 61 INFO bench werkzeug: 127.0.0.1 - - [08/Oct/2026 05:13:38] "POST /json/2/res.partner/search HTTP/1.1" 200 - 4 0.002 0.008
2026-10-08 05:13:38,346 61 INFO bench werkzeug: 127.0.0.1 - - [08/Oct/2026 05:13:38] "POST /json/2/res.partner/create HTTP/1.1" 200 - 18 0.009 0.026
2026-10-08 05:13:38,377 61 INFO bench werkzeug: 127.0.0.1 - - [08/Oct/2026 05:13:38] "POST /json/2/res.partner/search HTTP/1.1" 200 - 4 0.003 0.009
2026-10-08 05:13:38,431 61 INFO bench werkzeug: 127.0.0.1 - - [08/Oct/2026 05:13:38] "POST /json/2/res.partner/create HTTP/1.1" 200 - 18 0.009 0.023
2026-10-08 05:13:38,462 61 INFO bench werkzeug: 127.0.0.1 - - [08/Oct/2026 05:13:38] "POST /json/2/res.partner/search HTTP/1.1" 200 - 4 0.003 0.009
2026-10-08 05:13:38,511 61 INFO bench werkzeug: 127.0.0.1 - - [08/Oct/2026 05:13:38] "POST /json/2/res.partner/create HTTP/1.1" 200 - 18 0.009 0.024
2026-10-08 05:13:38,539 61 INFO bench werkzeug: 127.0.0.1 - - [08/Oct/2026 05:13:38] "POST /json/2/res.partner/search HTTP/1.1" 200 - 4 0.003 0.008
2026-10-08 05:13:38,588 61 INFO bench werkzeug: 127.0.0.1 - - [08/Oct/2026 05:13:38] "POST /json/2/res.partner/create HTTP/1.1" 200 - 18 0.008 0.023
2026-10-08 05:13:38,616 61 INFO bench werkzeug: 127.0.0.1 - - [08/Oct/2026 05:13:38] "POST /json/2/res.partner/search HTTP/1.1" 200 - 4 0.002 0.008
2026-10-08 05:13:38,670 61 INFO bench werkzeug: 127.0.0.1 - - [08/Oct/2026 05:13:38] "POST /json/2/res.partner/create HTTP/1.1" 200 - 18 0.010 0.026
2026-10-08 05:13:38,699 61 INFO bench werkzeug: 127.0.0.1 - - [08/Oct/2026 05:13:38] "POST /json/2/res.partner/search HTTP/1.1" 200 - 4 0.003 0.009
2026-10-08 05:13:38,749 61 INFO bench werkzeug: 127.0.0.1 - - [08/Oct/2026 05:13:38] "POST /json/2/res.partner/create HTTP/1.1" 200 - 18 0.009 0.023
2026-10-08 05:13:38,780 61 INFO bench werkzeug: 127.0.0.1 - - [08/Oct/2026 05:13:38] "POST /json/2/res.partner/search HTTP/1.1" 200 - 4 0.003 0.008
2026-10-08 05:13:38,832 61 INFO bench werkzeug: 127.0.0.1 - - [08/Oct/2026 05:13:38] "POST /json/2/res.partner/create HTTP/1.1" 200 - 18 0.009 0.025
2026-10-08 05:13:38,869 61 INFO bench werkzeug: 127.0.0.1 - - [08/Oct/2026 05:13:38] "POST /json/2/res.partner/search HTTP/1.1" 200 - 4 0.003 0.008
2026-10-08 05:13:38,921 61 INFO bench werkzeug: 127.0.0.1 - - [08/Oct/2026 05:13:38] "POST /json/2/res.partner/create HTTP/1.1" 200 - 18 0.009 0.024
2026-10-08 05:13:38,950 61 INFO bench werkzeug: 127.0.0.1 - - [08/Oct/2026 05:13:38] "POST /json/2/res.partner/search HTTP/1.1" 200 - 4 0.002 0.008
2026-10-08 05:13:39,000 61 INFO bench werkzeug: 127.0.0.1 - - [08/Oct/2026 05:13:39] "POST /json/2/res.partner/create HTTP/1.1" 200 - 18 0.009 0.024
2026-10-08 05:13:39,027 61 INFO bench werkzeug: 127.0.0.1 - - [08/Oct/2026 05:13:39] "POST /json/2/res.partner/search HTTP/1.1" 200 - 4 0.003 0.007
2026-10-08 05:13:39,075 61 INFO bench werkzeug: 127.0.0.1 - - [08/Oct/2026 05:13:39] "POST /json/2/res.partner/create HTTP/1.1" 200 - 18 0.009 0.021
2026-10-08 05:13:39,103 61 INFO bench werkzeug: 127.0.0.1 - - [08/Oct/2026 05:13:39] "POST /json/2/res.partner/search HTTP/1.1" 200 - 4 0.002 0.008
2026-10-08 05:13:39,152 61 INFO bench werkzeug: 127.0.0.1 - - [08/Oct/2026 05:13:39] "POST /json/2/res.partner/create HTTP/1.1" 200 - 18 0.009 0.023
2026-10-08 05:13:39,180 61 INFO bench werkzeug: 127.0.0.1 - - [08/Oct/2026 05:13:39] "POST /json/2/res.partner/search HTTP/1.1" 200 - 4 0.002 0.007
2026-10-08 05:13:39,229 61 INFO bench werkzeug: 127.0.0.1 - - [08/Oct/2026 05:13:39] "POST /json/2/res.partner/create HTTP/1.1" 200 - 18 0.009 0.023
2026-10-08 05:13:39,255 61 INFO bench werkzeug: 127.0.0.1 - - [08/Oct/2026 05:13:39] "POST /json/2/res.partner/search HTTP/1.1" 200 - 4 0.002 0.008
2026-10-08 05:13:39,303 61 INFO bench werkzeug: 127.0.0.1 - - [08/Oct/2026 05:13:39] "POST /json/2/res.partner/create HTTP/1.1" 200 - 18 0.008 0.021
2026-10-08 05:13:39,330 61 INFO bench werkzeug: 127.0.0.1 - - [08/Oct/2026 05:13:39] "POST /json/2/res.partner/search HTTP/1.1" 200 - 4 0.002 0.007
2026-10-08 05:13:39,386 61 INFO bench werkzeug: 127.0.0.1 - - [08/Oct/2026 05:13:39] "POST /json/2/res.partner/create HTTP/1.1" 200 - 18 0.008 0.021
2026-10-08 05:13:39,412 61 INFO bench werkzeug: 127.0.0.1 - - [08/Oct/2026 05:13:39] "POST /json/2/res.partner/search HTTP/1.1" 200 - 4 0.002 0.007
2026-10-08 05:13:39,460 61 INFO bench werkzeug: 127.0.0.1 - - [08/Oct/2026 05:13:39] "POST /json/2/res.partner/create HTTP/1.1" 200 - 18 0.008 0.022
2026-10-08 05:13:39,488 61 INFO bench werkzeug: 127.0.0.1 - - [08/Oct/2026 05:13:39] "POST /json/2/res.partner/search HTTP/1.1" 200 - 4 0.003 0.008
2026-10-08 05:13:39,533 61 INFO bench werkzeug: 127.0.0.1 - - [08/Oct/2026 05:13:39] "POST /json/2/res.partner/create HTTP/1.1" 200 - 18 0.008 0.021
2026-10-08 05:13:39,561 61 INFO bench werkzeug: 127.0.0.1 - - [08/Oct/2026 05:13:39] "POST /json/2/res.partner/search HTTP/1.1" 200 - 4 0.002 0.008
2026-10-08 05:13:39,610 61 INFO bench werkzeug: 127.0.0.1 - - [08/Oct/2026 05:13:39] "POST /json/2/res.partner/create HTTP/1.1" 200 - 18 0.009 0.023
2026-10-08 05:13:39,637 61 INFO bench werkzeug: 127.0.0.1 - - [08/Oct/2026 05:13:39] "POST /json/2/res.partner/search HTTP/1.1" 200 - 4 0.003 0.007
2026-10-08 05:13:39,690 61 INFO bench werkzeug: 127.0.0.1 - - [08/Oct/2026 05:13:39] "POST /json/2/res.partner/create HTTP/1.1" 200 - 18 0.009 0.026
2026-10-08 05:13:39,718 61 INFO bench werkzeug: 127.0.0.1 - - [08/Oct/2026 05:13:39] "POST /json/2/res.partner/search HTTP/1.1" 200 - 4 0.003 0.008
2026-10-08 05:13:39,765 61 INFO bench werkzeug: 127.0.0.1 - - [08/Oct/2026 05:13:39] "POST /json/2/res.partner/create HTTP/1.1" 200 - 18 0.009 0.022
2026-10-08 05:13:39,792 61 INFO bench werkzeug: 127.0.0.1 - - [08/Oct/2026 05:13:39] "POST /json/2/res.partner/search HTTP/1.1" 200 - 4 0.002 0.008
2026-10-08 05:13:39,845 61 INFO bench werkzeug: 127.0.0.1 - - [08/Oct/2026 05:13:39] "POST /json/2/res.partner/create HTTP/1.1" 200 - 18 0.010 0.024
2026-10-08 05:13:39,885 61 INFO bench werkzeug: 127.0.0.1 - - [08/Oct/2026 05:13:39] "POST /json/2/res.partner/search HTTP/1.1" 200 - 4 0.003 0.008
2026-10-08 05:13:39,939 61 INFO bench werkzeug: 127.0.0.1 - - [08/Oct/2026 05:13:39] "POST /json/2/res.partner/create HTTP/1.1" 200 - 18 0.010 0.026
2026-10-08 05:13:39,970 61 INFO bench werkzeug: 127.0.0.1 - - [08/Oct/2026 05:13:39] "POST /json/2/res.partner/search HTTP/1.1" 200 - 4 0.003 0.009
2026-10-08 05:13:40,024 61 INFO bench werkzeug: 127.0.0.1 - - [08/Oct/2026 05:13:40] "POST /json/2/res.partner/create HTTP/1.1" 200 - 18 0.010 0.025
2026-10-08 05:13:40,052 61 INFO bench werkzeug: 127.0.0.1 - - [08/Oct/2026 05:13:40] "POST /json/2/res.partner/search HTTP/1.1" 200 - 4 0.003 0.008
2026-10-08 05:13:40,103 61 INFO bench werkzeug: 127.0.0.1 - - [08/Oct/2026 05:13:40] "POST /json/2/res.partner/create HTTP/1.1" 200 - 18 0.009 0.022
2026-10-08 05:13:40,131 61 INFO bench werkzeug: 127.0.0.1 - - [08/Oct/2026 05:13:40] "POST /json/2/res.partner/search HTTP/1.1" 200 - 4 0.002 0.007
2026-10-08 05:13:40,181 61 INFO bench werkzeug: 127.0.0.1 - - [08/Oct/2026 05:13:40] "POST /json/2/res.partner/create HTTP/1.1" 200 - 18 0.009 0.024
2026-10-08 05:13:40,209 61 INFO bench werkzeug: 127.0.0.1 - - [08/Oct/2026 05:13:40] "POST /json/2/res.partner/search HTTP/1.1" 200 - 4 0.003 0.008
2026-10-08 05:13:40,258 61 INFO bench werkzeug: 127.0.0.1 - - [08/Oct/2026 05:13:40] "POST /json/2/res.partner/create HTTP/1.1" 200 - 18 0.009 0.023
2026-10-08 05:13:40,285 61 INFO bench werkzeug: 127.0.0.1 - - [08/Oct/2026 05:13:40] "POST /json/2/res.partner/search HTTP/1.1" 200 - 4 0.003 0.008
2026-10-08 05:13:40,335 61 INFO bench werkzeug: 127.0.0.1 - - [08/Oct/2026 05:13:40] "POST /json/2/res.partner/create HTTP/1.1" 200 - 18 0.009 0.024
2026-10-08 05:13:40,373 61 INFO bench werkzeug: 127.0.0.1 - - [08/Oct/2026 05:13:40] "POST /json/2/res.partner/search HTTP/1.1" 200 - 4 0.003 0.008
2026-10-08 05:13:40,427 61 INFO bench werkzeug: 127.0.0.1 - - [08/Oct/2026 05:13:40] "POST /json/2/res.partner/create HTTP/1.1" 200 - 18 0.011 0.025
2026-10-08 05:13:40,456 61 INFO bench werkzeug: 127.0.0.1 - - [08/Oct/2026 05:13:40] "POST /json/2/res.partner/search HTTP/1.1" 200 - 4 0.002 0.008
2026-10-08 05:13:40,505 61 INFO bench werkzeug: 127.0.0.1 - - [08/Oct/2026 05:13:40] "POST /json/2/res.partner/create HTTP/1.1" 200 - 18 0.009 0.022
2026-10-08 05:13:40,531 61 INFO bench werkzeug: 127.0.0.1 - - [08/Oct/2026 05:13:40] "POST /json/2/res.partner/search HTTP/1.1" 200 - 4 0.002 0.008
2026-10-08 05:13:40,580 61 INFO bench werkzeug: 127.0.0.1 - - [08/Oct/2026 05:13:40] "POST /json/2/res.partner/create HTTP/1.1" 200 - 18 0.009 0.023
2026-10-08 05:13:40,609 61 INFO bench werkzeug: 127.0.0.1 - - [08/Oct/2026 05:13:40] "POST /json/2/res.partner/search HTTP/1.1" 200 - 4 0.003 0.008
2026-10-08 05:13:40,656 61 INFO bench werkzeug: 127.0.0.1 - - [08/Oct/2026 05:13:40] "POST /json/2/res.partner/create HTTP/1.1" 200 - 18 0.009 0.021
2026-10-08 05:13:40,682 61 INFO bench werkzeug: 127.0.0.1 - - [08/Oct/2026 05:13:40] "POST /json/2/res.partner/search HTTP/1.1" 200 - 4 0.002 0.007
2026-10-08 05:13:40,735 61 INFO bench werkzeug: 127.0.0.1 - - [08/Oct/2026 05:13:40] "POST /json/2/res.partner/create HTTP/1.1" 200 - 18 0.012 0.023
2026-10-08 05:13:40,762 61 INFO bench werkzeug: 127.0.0.1 - - [08/Oct/2026 05:13:40] "POST /json/2/res.partner/search HTTP/1.1" 200 - 4 0.002 0.007
2026-10-08 05:13:40,812 61 INFO bench werkzeug: 127.0.0.1 - - [08/Oct/2026 05:13:40] "POST /json/2/res.partner/create HTTP/1.1" 200 - 18 0.009 0.022
2026-10-08 05:13:40,840 61 INFO bench werkzeug: 127.0.0.1 - - [08/Oct/2026 05:13:40] "POST /json/2/res.partner/search HTTP/1.1" 200 - 4 0.002 0.007
2026-10-08 05:13:40,892 61 INFO bench werkzeug: 127.0.0.1 - - [08/Oct/2026 05:13:40] "POST /json/2/res.partner/create HTTP/1.1" 200 - 18 0.010 0.023
2026-10-08 05:13:40,933 61 INFO bench werkzeug: 127.0.0.1 - - [08/Oct/2026 05:13:40] "POST /json/2/res.partner/search HTTP/1.1" 200 - 4 0.003 0.008
2026-10-08 05:13:40,985 61 INFO bench werkzeug: 127.0.0.1 - - [08/Oct/2026 05:13:40] "POST /json/2/res.partner/create HTTP/1.1" 200 - 18 0.010 0.027
2026-10-08 05:13:41,020 61 INFO bench werkzeug: 127.0.0.1 - - [08/Oct/2026 05:13:41] "POST /json/2/res.partner/search HTTP/1.1" 200 - 4 0.003 0.010
2026-10-08 05:13:41,079 61 INFO bench werkzeug: 127.0.0.1 - - [08/Oct/2026 05:13:41] "POST /json/2/res.partner/create HTTP/1.1" 200 - 18 0.010 0.026
2026-10-08 05:13:41,112 61 INFO bench werkzeug: 127.0.0.1 - - [08/Oct/2026 05:13:41] "POST /json/2/res.partner/search HTTP/1.1" 200 - 4 0.003 0.008
2026-10-08 05:13:42,789 61 INFO bench werkzeug: 127.0.0.1 - - [08/Oct/2026 05:13:42] "POST /json/2/res.partner/create HTTP/1.1" 200 - 18 0.011 1.647
2026-10-08 05:13:42,821 61 INFO bench werkzeug: 127.0.0.1 - - [08/Oct/2026 05:13:42] "POST /json/2/res.partner/search HTTP/1.1" 200 - 4 0.002 0.009
2026-10-08 05:13:42,875 61 INFO bench werkzeug: 127.0.0.1 - - [08/Oct/2026 05:13:42] "POST /json/2/res.partner/create HTTP/1.1" 200 - 18 0.009 0.023
2026-10-08 05:13:42,907 61 INFO bench werkzeug: 127.0.0.1 - - [08/Oct/2026 05:13:42] "POST /json/2/res.partner/search HTTP/1.1" 200 - 4 0.003 0.008
2026-10-08 05:13:42,958 61 INFO bench werkzeug: 127.0.0.1 - - [08/Oct/2026 05:13:42] "POST /json/2/res.partner/create HTTP/1.1" 200 - 18 0.010 0.023
2026-10-08 05:13:42,986 61 INFO bench werkzeug: 127.0.0.1 - - [08/Oct/2026 05:13:42] "POST /json/2/res.partner/search HTTP/1.1" 200 - 4 0.002 0.007
2026-10-08 05:13:43,038 61 INFO bench werkzeug: 127.0.0.1 - - [08/Oct/2026 05:13:43] "POST /json/2/res.partner/create HTTP/1.1" 200 - 18 0.009 0.022
2026-10-08 05:13:43,067 61 INFO bench werkzeug: 127.0.0.1 - - [08/Oct/2026 05:13:43] "POST /json/2/res.partner/search HTTP/1.1" 200 - 4 0.003 0.008
2026-10-08 05:13:43,126 61 INFO bench werkzeug: 127.0.0.1 - - [08/Oct/2026 05:13:43] "POST /json/2/res.partner/create HTTP/1.1" 200 - 18 0.009 0.023
2026-10-08 05:13:43,155 61 INFO bench werkzeug: 127.0.0.1 - - [08/Oct/2026 05:13:43] "POST /json/2/res.partner/search HTTP/1.1" 200 - 4 0.002 0.007
2026-10-08 05:13:43,204 61 INFO bench werkzeug: 127.0.0.1 - - [08/Oct/2026 05:13:43] "POST /json/2/res.partner/create HTTP/1.1" 200 - 18 0.009 0.021
2026-10-08 05:13:43,231 61 INFO bench werkzeug: 127.0.0.1 - - [08/Oct/2026 05:13:43] "POST /json/2/res.partner/search HTTP/1.1" 200 - 4 0.002 0.007
2026-10-08 05:13:43,280 61 INFO bench werkzeug: 127.0.0.1 - - [08/Oct/2026 05:13:43] "POST /json/2/res.partner/create HTTP/1.1" 200 - 18 0.009 0.023
2026-10-08 05:13:43,307 61 INFO bench werkzeug: 127.0.0.1 - - [08/Oct/2026 05:13:43] "POST /json/2/res.partner/search HTTP/1.1" 200 - 4 0.003 0.008
2026-10-08 05:13:43,355 61 INFO bench werkzeug: 127.0.0.1 - - [08/Oct/2026 05:13:43] "POST /json/2/res.partner/create HTTP/1.1" 200 - 18 0.009 0.022
2026-10-08 05:13:43,385 61 INFO bench werkzeug: 127.0.0.1 - - [08/Oct/2026 05:13:43] "POST /json/2/res.partner/read HTTP/1.1" 200 - 4 0.003 0.009
2026-10-08 05:13:43,413 61 INFO bench werkzeug: 127.0.0.1 - - [08/Oct/2026 05:13:43] "POST /json/2/res.partner/search HTTP/1.1" 200 - 4 0.003 0.008
2026-10-08 05:13:43,465 61 INFO bench werkzeug: 127.0.0.1 - - [08/Oct/2026 05:13:43] "POST /json/2/res.partner/create HTTP/1.1" 200 - 18 0.010 0.023
2026-10-08 05:13:43,492 61 INFO bench werkzeug: 127.0.0.1 - - [08/Oct/2026 05:13:43] "POST /json/2/res.partner/search HTTP/1.1" 200 - 4 0.002 0.008
2026-10-08 05:13:43,546 61 INFO bench werkzeug: 127.0.0.1 - - [08/Oct/2026 05:13:43] "POST /json/2/res.partner/create HTTP/1.1" 200 - 18 0.010 0.024
2026-10-08 05:13:43,576 61 INFO bench werkzeug: 127.0.0.1 - - [08/Oct/2026 05:13:43] "POST /json/2/res.partner/search HTTP/1.1" 200 - 4 0.003 0.009
2026-10-08 05:13:43,642 61 INFO bench werkzeug: 127.0.0.1 - - [08/Oct/2026 05:13:43] "POST /json/2/res.partner/create HTTP/1.1" 200 - 18 0.010 0.026
2026-10-08 05:13:43,670 61 INFO bench werkzeug: 127.0.0.1 - - [08/Oct/2026 05:13:43] "POST /json/2/res.partner/search HTTP/1.1" 200 - 4 0.002 0.008
2026-10-08 05:13:43,718 61 INFO bench werkzeug: 127.0.0.1 - - [08/Oct/2026 05:13:43] "POST /json/2/res.partner/create HTTP/1.1" 200 - 18 0.009 0.023
2026-10-08 05:13:43,744 61 INFO bench werkzeug: 127.0.0.1 - - [08/Oct/2026 05:13:43] "POST /json/2/res.partner/search HTTP/1.1" 200 - 4 0.003 0.007
2026-10-08 05:13:43,791 61 INFO bench werkzeug: 127.0.0.1 - - [08/Oct/2026 05:13:43] "POST /json/2/res.partner/create HTTP/1.1" 200 - 18 0.009 0.022
2026-10-08 05:13:43,816 61 INFO bench werkzeug: 127.0.0.1 - - [08/Oct/2026 05:13:43] "POST /json/2/res.partner/search HTTP/1.1" 200 - 4 0.002 0.007
2026-10-08 05:13:43,858 61 INFO bench werkzeug: 127.0.0.1 - - [08/Oct/2026 05:13:43] "POST /json/2/res.partner/create HTTP/1.1" 200 - 18 0.007 0.020
2026-10-08 05:13:43,883 61 INFO bench werkzeug: 127.0.0.1 - - [08/Oct/2026 05:13:43] "POST /json/2/res.partner/search HTTP/1.1" 200 - 4 0.002 0.007
2026-10-08 05:13:43,928 61 INFO bench werkzeug: 127.0.0.1 - - [08/Oct/2026 05:13:43] "POST /json/2/res.partner/create HTTP/1.1" 200 - 18 0.008 0.021
2026-10-08 05:13:43,952 61 INFO bench werkzeug: 127.0.0.1 - - [08/Oct/2026 05:13:43] "POST /json/2/res.partner/search HTTP/1.1" 200 - 4 0.002 0.007
2026-10-08 05:13:43,995 61 INFO bench werkzeug: 127.0.0.1 - - [08/Oct/2026 05:13:43] "POST /json/2/res.partner/create HTTP/1.1" 200 - 18 0.008 0.020
2026-10-08 05:13:44,020 61 INFO bench werkzeug: 127.0.0.1 - - [08/Oct/2026 05:13:44] "POST /json/2/res.partner/search HTTP/1.1" 200 - 4 0.002 0.006
2026-10-08 05:13:44,068 61 INFO bench werkzeug: 127.0.0.1 - - [08/Oct/2026 05:13:44] "POST /json/2/res.partner/create HTTP/1.1" 200 - 18 0.009 0.022
2026-10-08 05:13:44,096 61 INFO bench werkzeug: 127.0.0.1 - - [08/Oct/2026 05:13:44] "POST /json/2/res.partner/search HTTP/1.1" 200 - 4 0.002 0.006
2026-10-08 05:13:44,138 61 INFO bench werkzeug: 127.0.0.1 - - [08/Oct/2026 05:13:44] "POST /json/2/res.partner/create HTTP/1.1" 200 - 18 0.007 0.020
2026-10-08 05:13:44,163 61 INFO bench werkzeug: 127.0.0.1 - - [08/Oct/2026 05:13:44] "POST /json/2/res.partner/search HTTP/1.1" 200 - 4 0.002 0.007
2026-10-08 05:13:44,204 61 INFO bench werkzeug: 127.0.0.1 - - [08/Oct/2026 05:13:44] "POST /json/2/res.partner/create HTTP/1.1" 200 - 18 0.007 0.019
2026-10-08 05:13:44,228 61 INFO bench werkzeug: 127.0.0.1 - - [08/Oct/2026 05:13:44] "POST /json/2/res.partner/search HTTP/1.1" 200 - 4 0.002 0.006
2026-10-08 05:13:44,268 61 INFO bench werkzeug: 127.0.0.1 - - [08/Oct/2026 05:13:44] "POST /json/2/res.partner/create HTTP/1.1" 200 - 18 0.007 0.018
2026-10-08 05:13:44,291 61 INFO bench werkzeug: 127.0.0.1 - - [08/Oct/2026 05:13:44] "POST /json/2/res.partner/search HTTP/1.1" 200 - 4 0.002 0.006
2026-10-08 05:13:44,329 61 INFO bench werkzeug: 127.0.0.1 - - [08/Oct/2026 05:13:44] "POST /json/2/res.partner/create HTTP/1.1" 200 - 18 0.006 0.018
2026-10-08 05:13:44,353 61 INFO bench werkzeug: 127.0.0.1 - - [08/Oct/2026 05:13:44] "POST /json/2/res.partner/search HTTP/1.1" 200 - 4 0.002 0.007
2026-10-08 05:13:44,393 61 INFO bench werkzeug: 127.0.0.1 - - [08/Oct/2026 05:13:44] "POST /json/2/res.partner/create HTTP/1.1" 200 - 18 0.007 0.019
2026-10-08 05:13:44,418 61 INFO bench werkzeug: 127.0.0.1 - - [08/Oct/2026 05:13:44] "POST /json/2/res.partner/search HTTP/1.1" 200 - 4 0.002 0.008
2026-10-08 05:13:44,461 61 INFO bench werkzeug: 127.0.0.1 - - [08/Oct/2026 05:13:44] "POST /json/2/res.partner/create HTTP/1.1" 200 - 18 0.008 0.019
2026-10-08 05:13:44,486 61 INFO bench werkzeug: 127.0.0.1 - - [08/Oct/2026 05:13:44] "POST /json/2/res.partner/search HTTP/1.1" 200 - 4 0.002 0.008
2026-10-08 05:13:44,540 61 INFO bench werkzeug: 127.0.0.1 - - [08/Oct/2026 05:13:44] "POST /json/2/res.partner/create HTTP/1.1" 200 - 18 0.009 0.022
2026-10-08 05:13:44,565 61 INFO bench werkzeug: 127.0.0.1 - - [08/Oct/2026 05:13:44] "POST /json/2/res.partner/search HTTP/1.1" 200 - 4 0.002 0.007
2026-10-08 05:13:44,614 61 INFO bench werkzeug: 127.0.0.1 - - [08/Oct/2026 05:13:44] "POST /json/2/res.partner/create HTTP/1.1" 200 - 18 0.009 0.024
2026-10-08 05:13:44,641 61 INFO bench werkzeug: 127.0.0.1 - - [08/Oct/2026 05:13:44] "POST /json/2/res.partner/search HTTP/1.1" 200 - 4 0.003 0.007
2026-10-08 05:13:44,687 61 INFO bench werkzeug: 127.0.0.1 - - [08/Oct/2026 05:13:44] "POST /json/2/res.partner/create HTTP/1.1" 200 - 18 0.008 0.022
2026-10-08 05:13:44,712 61 INFO bench werkzeug: 127.0.0.1 - - [08/Oct/2026 05:13:44] "POST /json/2/res.partner/search HTTP/1.1" 200 - 4 0.002 0.007
2026-10-08 05:13:44,758 61 INFO bench werkzeug: 127.0.0.1 - - [08/Oct/2026 05:13:44] "POST /json/2/res.partner/create HTTP/1.1" 200 - 18 0.009 0.022
2026-10-08 05:13:44,782 61 INFO bench werkzeug: 127.0.0.1 - - [08/Oct/2026 05:13:44] "POST /json/2/res.partner/search HTTP/1.1" 200 - 4 0.002 0.007
2026-10-08 05:13:44,827 61 INFO bench werkzeug: 127.0.0.1 - - [08/Oct/2026 05:13:44] "POST /json/2/res.partner/create HTTP/1.1" 200 - 18 0.009 0.022
2026-10-08 05:13:44,852 61 INFO bench werkzeug: 127.0.0.1 - - [08/Oct/2026 05:13:44] "POST /json/2/res.partner/search HTTP/1.1" 200 - 4 0.002 0.007
2026-10-08 05:13:44,896 61 INFO bench werkzeug: 127.0.0.1 - - [08/Oct/2026 05:13:44] "POST /json/2/res.partner/create HTTP/1.1" 200 - 18 0.008 0.020
2026-10-08 05:13:44,919 61 INFO bench werkzeug: 127.0.0.1 - - [08/Oct/2026 05:13:44] "POST /json/2/res.partner/search HTTP/1.1" 200 - 4 0.002 0.007
2026-10-08 05:13:44,964 61 INFO bench werkzeug: 127.0.0.1 - - [08/Oct/2026 05:13:44] "POST /json/2/res.partner/create HTTP/1.1" 200 - 18 0.008 0.021
2026-10-08 05:13:45,002 61 INFO bench werkzeug: 127.0.0.1 - - [08/Oct/2026 05:13:45] "POST /json/2/res.partner/search HTTP/1.1" 200 - 4 0.003 0.009
2026-10-08 05:13:45,052 61 INFO bench werkzeug: 127.0.0.1 - - [08/Oct/2026 05:13:45] "POST /json/2/res.partner/create HTTP/1.1" 200 - 18 0.009 0.023
2026-10-08 05:13:45,078 61 INFO bench werkzeug: 127.0.0.1 - - [08/Oct/2026 05:13:45] "POST /json/2/res.partner/search HTTP/1.1" 200 - 4 0.002 0.007
2026-10-08 05:13:45,124 61 INFO bench werkzeug: 127.0.0.1 - - [08/Oct/2026 05:13:45] "POST /json/2/res.partner/create HTTP/1.1" 200 - 18 0.008 0.022
2026-10-08 05:13:45,151 61 INFO bench werkzeug: 127.0.0.1 - - [08/Oct/2026 05:13:45] "POST /json/2/res.partner/search HTTP/1.1" 200 - 4 0.003 0.008
2026-10-08 05:13:45,198 61 INFO bench werkzeug: 127.0.0.1 - - [08/Oct/2026 05:13:45] "POST /json/2/res.partner/create HTTP/1.1" 200 - 18 0.009 0.021
2026-10-08 05:13:45,224 61 INFO bench werkzeug: 127.0.0.1 - - [08/Oct/2026 05:13:45] "POST /json/2/res.partner/search HTTP/1.1" 200 - 4 0.002 0.007
2026-10-08 05:13:45,269 61 INFO bench werkzeug: 127.0.0.1 - - [08/Oct/2026 05:13:45] "POST /json/2/res.partner/create HTTP/1.1" 200 - 18 0.009 0.021
2026-10-08 05:13:45,294 61 INFO bench werkzeug: 127.0.0.1 - - [08/Oct/2026 05:13:45] "POST /json/2/res.partner/search HTTP/1.1" 200 - 4 0.002 0.007
2026-10-08 05:13:45,338 61 INFO bench werkzeug: 127.0.0.1 - - [08/Oct/2026 05:13:45] "POST /json/2/res.partner/create HTTP/1.1" 200 - 18 0.008 0.020
2026-10-08 05:13:45,363 61 INFO bench werkzeug: 127.0.0.1 - - [08/Oct/2026 05:13:45] "POST /json/2/res.partner/search HTTP/1.1" 200 - 4 0.003 0.007
2026-10-08 05:13:45,408 61 INFO bench werkzeug: 127.0.0.1 - - [08/Oct/2026 05:13:45] "POST /json/2/res.partner/create HTTP/1.1" 200 - 18 0.008 0.021
2026-10-08 05:13:45,434 61 INFO bench werkzeug: 127.0.0.1 - - [08/Oct/2026 05:13:45] "POST /json/2/res.partner/search HTTP/1.1" 200 - 4 0.002 0.007
2026-10-08 05:13:45,487 61 INFO bench werkzeug: 127.0.0.1 - - [08/Oct/2026 05:13:45] "POST /json/2/res.partner/create HTTP/1.1" 200 - 18 0.008 0.021
2026-10-08 05:13:45,512 61 INFO bench werkzeug: 127.0.0.1 - - [08/Oct/2026 05:13:45] "POST /json/2/res.partner/search HTTP/1.1" 200 - 4 0.002 0.007
2026-10-08 05:13:45,557 61 INFO bench werkzeug: 127.0.0.1 - - [08/Oct/2026 05:13:45] "POST /json/2/res.partner/create HTTP/1.1" 200 - 18 0.008 0.021
2026-10-08 05:13:45,584 61 INFO bench werkzeug: 127.0.0.1 - - [08/Oct/2026 05:13:45] "POST /json/2/res.partner/search HTTP/1.1" 200 - 4 0.003 0.009
2026-10-08 05:13:45,629 61 INFO bench werkzeug: 127.0.0.1 - - [08/Oct/2026 05:13:45] "POST /json/2/res.partner/create HTTP/1.1" 200 - 18 0.008 0.021
2026-10-08 05:13:45,655 61 INFO bench werkzeug: 127.0.0.1 - - [08/Oct/2026 05:13:45] "POST /json/2/res.partner/search HTTP/1.1" 200 - 4 0.003 0.007
2026-10-08 05:13:45,702 61 INFO bench werkzeug: 127.0.0.1 - - [08/Oct/2026 05:13:45] "POST /json/2/res.partner/create HTTP/1.1" 200 - 18 0.009 0.023
2026-10-08 05:13:45,728 61 INFO bench werkzeug: 127.0.0.1 - - [08/Oct/2026 05:13:45] "POST /json/2/res.partner/search HTTP/1.1" 200 - 4 0.003 0.008
2026-10-08 05:13:45,772 61 INFO bench werkzeug: 127.0.0.1 - - [08/Oct/2026 05:13:45] "POST /json/2/res.partner/create HTTP/1.1" 200 - 18 0.008 0.021
2026-10-08 05:13:45,797 61 INFO bench werkzeug: 127.0.0.1 - - [08/Oct/2026 05:13:45] "POST /json/2/res.partner/search HTTP/1.1" 200 - 4 0.003 0.007
2026-10-08 05:13:45,841 61 INFO bench werkzeug: 127.0.0.1 - - [08/Oct/2026 05:13:45] "POST /json/2/res.partner/create HTTP/1.1" 200 - 18 0.008 0.020
2026-10-08 05:13:45,865 61 INFO bench werkzeug: 127.0.0.1 - - [08/Oct/2026 05:13:45] "POST /json/2/res.partner/search HTTP/1.1" 200 - 4 0.002 0.007
2026-10-08 05:13:45,910 61 INFO bench werkzeug: 127.0.0.1 - - [08/Oct/2026 05:13:45] "POST /json/2/res.partner/create HTTP/1.1" 200 - 18 0.008 0.021
2026-10-08 05:13:45,936 61 INFO bench werkzeug: 127.0.0.1 - - [08/Oct/2026 05:13:45] "POST /json/2/res.partner/search HTTP/1.1" 200 - 4 0.003 0.007
2026-10-08 05:13:45,980 61 INFO bench werkzeug: 127.0.0.1 - - [08/Oct/2026 05:13:45] "POST /json/2/res.partner/create HTTP/1.1" 200 - 18 0.007 0.020
2026-10-08 05:13:46,006 61 INFO bench werkzeug: 127.0.0.1 - - [08/Oct/2026 05:13:46] "POST /json/2/res.partner/search HTTP/1.1" 200 - 4 0.002 0.007
2026-10-08 05:13:46,052 61 INFO bench werkzeug: 127.0.0.1 - - [08/Oct/2026 05:13:46] "POST /json/2/res.partner/create HTTP/1.1" 200 - 18 0.008 0.022
2026-10-08 05:13:46,079 61 INFO bench werkzeug: 127.0.0.1 - - [08/Oct/2026 05:13:46] "POST /json/2/res.partner/search HTTP/1.1" 200 - 4 0.003 0.008
2026-10-08 05:13:46,126 61 INFO bench werkzeug: 127.0.0.1 - - [08/Oct/2026 05:13:46] "POST /json/2/res.partner/create HTTP/1.1" 200 - 18 0.008 0.023
2026-10-08 05:13:46,152 61 INFO bench werkzeug: 127.0.0.1 - - [08/Oct/2026 05:13:46] "POST /json/2/res.partner/search HTTP/1.1" 200 - 4 0.002 0.007
2026-10-08 05:13:46,199 61 INFO bench werkzeug: 127.0.0.1 - - [08/Oct/2026 05:13:46] "POST /json/2/res.partner/create HTTP/1.1" 200 - 18 0.008 0.023
2026-10-08 05:13:46,227 61 INFO bench werkzeug: 127.0.0.1 - - [08/Oct/2026 05:13:46] "POST /json/2/res.partner/search HTTP/1.1" 200 - 4 0.003 0.007
2026-10-08 05:13:46,278 61 INFO bench werkzeug: 127.0.0.1 - - [08/Oct/2026 05:13:46] "POST /json/2/res.partner/create HTTP/1.1" 200 - 18 0.009 0.023
2026-10-08 05:13:46,306 61 INFO bench werkzeug: 127.0.0.1 - - [08/Oct/2026 05:13:46] "POST /json/2/res.partner/search HTTP/1.1" 200 - 4 0.002 0.008
2026-10-08 05:13:46,353 61 INFO bench werkzeug: 127.0.0.1 - - [08/Oct/2026 05:13:46] "POST /json/2/res.partner/create HTTP/1.1" 200 - 18 0.009 0.021
2026-10-08 05:13:46,386 61 INFO bench werkzeug: 127.0.0.1 - - [08/Oct/2026 05:13:46] "POST /json/2/res.partner/search HTTP/1.1" 200 - 4 0.002 0.008
2026-10-08 05:13:46,434 61 INFO bench werkzeug: 127.0.0.1 - - [08/Oct/2026 05:13:46] "POST /json/2/res.partner/create HTTP/1.1" 200 - 18 0.008 0.022
2026-10-08 05:13:46,461 61 INFO bench werkzeug: 127.0.0.1 - - [08/Oct/2026 05:13:46] "POST /json/2/res.partner/search HTTP/1.1" 200 - 4 0.002 0.007
2026-10-08 05:13:46,507 61 INFO bench werkzeug: 127.0.0.1 - - [08/Oct/2026 05:13:46] "POST /json/2/res.partner/create HTTP/1.1" 200 - 18 0.008 0.022
2026-10-08 05:13:46,533 61 INFO bench werkzeug: 127.0.0.1 - - [08/Oct/2026 05:13:46] "POST /json/2/res.partner/search HTTP/1.1" 200 - 4 0.002 0.007
2026-10-08 05:13:46,582 61 INFO bench werkzeug: 127.0.0.1 - - [08/Oct/2026 05:13:46] "POST /json/2/res.partner/create HTTP/1.1" 200 - 18 0.008 0.025
2026-10-08 05:13:46,606 61 INFO bench werkzeug: 127.0.0.1 - - [08/Oct/2026 05:13:46] "POST /json/2/res.partner/search HTTP/1.1" 200 - 4 0.002 0.007
2026-10-08 05:13:46,654 61 INFO bench werkzeug: 127.0.0.1 - - [08/Oct/2026 05:13:46] "POST /json/2/res.partner/create HTTP/1.1" 200 - 18 0.008 0.023
2026-10-08 05:13:46,679 61 INFO bench werkzeug: 127.0.0.1 - - [08/Oct/2026 05:13:46] "POST /json/2/res.partner/search HTTP/1.1" 200 - 4 0.003 0.007
2026-10-08 05:13:46,725 61 INFO bench werkzeug: 127.0.0.1 - - [08/Oct/2026 05:13:46] "POST /json/2/res.partner/create HTTP/1.1" 200 - 18 0.008 0.022
2026-10-08 05:13:46,750 61 INFO bench werkzeug: 127.0.0.1 - - [08/Oct/2026 05:13:46] "POST /json/2/res.partner/search HTTP/1.1" 200 - 4 0.002 0.007
2026-10-08 05:13:46,796 61 INFO bench werkzeug: 127.0.0.1 - - [08/Oct/2026 05:13:46] "POST /json/2/res.partner/create HTTP/1.1" 200 - 18 0.007 0.022
2026-10-08 05:13:46,823 61 INFO bench werkzeug: 127.0.0.1 - - [08/Oct/2026 05:13:46] "POST /json/2/res.partner/search HTTP/1.1" 200 - 4 0.002 0.007
2026-10-08 05:13:46,868 61 INFO bench werkzeug: 127.0.0.1 - - [08/Oct/2026 05:13:46] "POST /json/2/res.partner/create HTTP/1.1" 200 - 18 0.008 0.022
2026-10-08 05:13:46,904 61 INFO bench werkzeug: 127.0.0.1 - - [08/Oct/2026 05:13:46] "POST /json/2/res.partner/search HTTP/1.1" 200 - 4 0.003 0.007
2026-10-08 05:13:46,950 61 INFO bench werkzeug: 127.0.0.1 - - [08/Oct/2026 05:13:46] "POST /json/2/res.partner/create HTTP/1.1" 200 - 18 0.008 0.022
2026-10-08 05:13:46,976 61 INFO bench werkzeug: 127.0.0.1 - - [08/Oct/2026 05:13:46] "POST /json/2/res.partner/search HTTP/1.1" 200 - 4 0.002 0.007
2026-10-08 05:13:47,023 61 INFO bench werkzeug: 127.0.0.1 - - [08/Oct/2026 05:13:47] "POST /json/2/res.partner/create HTTP/1.1" 200 - 18 0.009 0.022
2026-10-08 05:13:47,050 61 INFO bench werkzeug: 127.0.0.1 - - [08/Oct/2026 05:13:47] "POST /json/2/res.partner/search HTTP/1.1" 200 - 4 0.002 0.007
2026-10-08 05:13:47,098 61 INFO bench werkzeug: 127.0.0.1 - - [08/Oct/2026 05:13:47] "POST /json/2/res.partner/create HTTP/1.1" 200 - 18 0.008 0.022
2026-10-08 05:13:47,126 61 INFO bench werkzeug: 127.0.0.1 - - [08/Oct/2026 05:13:47] "POST /json/2/res.partner/search HTTP/1.1" 200 - 4 0.003 0.007
2026-10-08 05:13:47,173 61 INFO bench werkzeug: 127.0.0.1 - - [08/Oct/2026 05:13:47] "POST /json/2/res.partner/create HTTP/1.1" 200 - 18 0.009 0.022
2026-10-08 05:13:47,199 61 INFO bench werkzeug: 127.0.0.1 - - [08/Oct/2026 05:13:47] "POST /json/2/res.partner/search HTTP/1.1" 200 - 4 0.002 0.007
2026-10-08 05:13:47,248 61 INFO bench werkzeug: 127.0.0.1 - - [08/Oct/2026 05:13:47] "POST /json/2/res.partner/create HTTP/1.1" 200 - 18 0.009 0.022
2026-10-08 05:13:47,275 61 INFO bench werkzeug: 127.0.0.1 - - [08/Oct/2026 05:13:47] "POST /json/2/res.partner/search HTTP/1.1" 200 - 4 0.003 0.008
2026-10-08 05:13:47,324 61 INFO bench werkzeug: 127.0.0.1 - - [08/Oct/2026 05:13:47] "POST /json/2/res.partner/create HTTP/1.1" 200 - 18 0.008 0.022
2026-10-08 05:13:47,351 61 INFO bench werkzeug: 127.0.0.1 - - [08/Oct/2026 05:13:47] "POST /json/2/res.partner/read HTTP/1.1" 200 - 4 0.002 0.007
2026-10-08 05:13:47,394 61 INFO bench werkzeug: 127.0.0.1 - - [08/Oct/2026 05:13:47] "POST /json/2/product.product/search HTTP/1.1" 200 - 10 0.006 0.010
2026-10-08 05:13:47,482 61 INFO bench odoo.registry: Caches invalidated, signaling through the database: ['default'] 
2026-10-08 05:13:47,488 61 INFO bench werkzeug: 127.0.0.1 - - [08/Oct/2026 05:13:47] "POST /json/2/product.product/create HTTP/1.1" 200 - 60 0.031 0.047
2026-10-08 05:13:47,519 61 INFO bench werkzeug: 127.0.0.1 - - [08/Oct/2026 05:13:47] "POST /json/2/product.product/read HTTP/1.1" 200 - 14 0.005 0.010
2026-10-08 05:13:47,550 61 INFO bench werkzeug: 127.0.0.1 - - [08/Oct/2026 05:13:47] "POST /json/2/product.supplierinfo/search HTTP/1.1" 200 - 10 0.005 0.010
2026-10-08 05:13:47,594 61 INFO bench werkzeug: 127.0.0.1 - - [08/Oct/2026 05:13:47] "POST /json/2/product.supplierinfo/create HTTP/1.1" 200 - 19 0.009 0.018
2026-10-08 05:13:47,621 61 INFO bench werkzeug: 127.0.0.1 - - [08/Oct/2026 05:13:47] "POST /json/2/product.supplierinfo/search HTTP/1.1" 200 - 4 0.003 0.007
2026-10-08 05:13:47,660 61 INFO bench werkzeug: 127.0.0.1 - - [08/Oct/2026 05:13:47] "POST /json/2/product.supplierinfo/create HTTP/1.1" 200 - 10 0.005 0.017
2026-10-08 05:13:47,684 61 INFO bench werkzeug: 127.0.0.1 - - [08/Oct/2026 05:13:47] "POST /json/2/product.supplierinfo/search HTTP/1.1" 200 - 4 0.002 0.007
2026-10-08 05:13:47,718 61 INFO bench werkzeug: 127.0.0.1 - - [08/Oct/2026 05:13:47] "POST /json/2/product.supplierinfo/create HTTP/1.1" 200 - 10 0.005 0.013
2026-10-08 05:13:47,742 61 INFO bench werkzeug: 127.0.0.1 - - [08/Oct/2026 05:13:47] "POST /json/2/product.supplierinfo/search HTTP/1.1" 200 - 4 0.002 0.007
2026-10-08 05:13:47,776 61 INFO bench werkzeug: 127.0.0.1 - - [08/Oct/2026 05:13:47] "POST /json/2/product.supplierinfo/create HTTP/1.1" 200 - 10 0.005 0.013
2026-10-08 05:13:47,801 61 INFO bench werkzeug: 127.0.0.1 - - [08/Oct/2026 05:13:47] "POST /json/2/product.product/search HTTP/1.1" 200 - 4 0.002 0.007
2026-10-08 05:13:47,883 61 INFO bench odoo.registry: Caches invalidated, signaling through the database: ['default'] 
2026-10-08 05:13:47,887 61 INFO bench werkzeug: 127.0.0.1 - - [08/Oct/2026 05:13:47] "POST /json/2/product.product/create HTTP/1.1" 200 - 60 0.024 0.040
2026-10-08 05:13:47,922 61 INFO bench werkzeug: 127.0.0.1 - - [08/Oct/2026 05:13:47] "POST /json/2/product.product/read HTTP/1.1" 200 - 14 0.007 0.011
2026-10-08 05:13:47,952 61 INFO bench werkzeug: 127.0.0.1 - - [08/Oct/2026 05:13:47] "POST /json/2/product.supplierinfo/search HTTP/1.1" 200 - 9 0.004 0.011
2026-10-08 05:13:47,993 61 INFO bench werkzeug: 127.0.0.1 - - [08/Oct/2026 05:13:47] "POST /json/2/product.supplierinfo/create HTTP/1.1" 200 - 19 0.008 0.017
2026-10-08 05:13:48,019 61 INFO bench werkzeug: 127.0.0.1 - - [08/Oct/2026 05:13:48] "POST /json/2/product.product/search HTTP/1.1" 200 - 4 0.002 0.007
2026-10-08 05:13:48,098 61 INFO bench odoo.registry: Caches invalidated, signaling through the database: ['default'] 
2026-10-08 05:13:48,103 61 INFO bench werkzeug: 127.0.0.1 - - [08/Oct/2026 05:13:48] "POST /json/2/product.product/create HTTP/1.1" 200 - 60 0.025 0.041
2026-10-08 05:13:48,137 61 INFO bench werkzeug: 127.0.0.1 - - [08/Oct/2026 05:13:48] "POST /json/2/product.product/read HTTP/1.1" 200 - 14 0.007 0.011
2026-10-08 05:13:48,167 61 INFO bench werkzeug: 127.0.0.1 - - [08/Oct/2026 05:13:48] "POST /json/2/product.supplierinfo/search HTTP/1.1" 200 - 9 0.004 0.009
2026-10-08 05:13:48,211 61 INFO bench werkzeug: 127.0.0.1 - - [08/Oct/2026 05:13:48] "POST /json/2/product.supplierinfo/create HTTP/1.1" 200 - 19 0.009 0.019
2026-10-08 05:13:48,238 61 INFO bench werkzeug: 127.0.0.1 - - [08/Oct/2026 05:13:48] "POST /json/2/product.product/search HTTP/1.1" 200 - 4 0.002 0.008
2026-10-08 05:13:48,324 61 INFO bench odoo.registry: Caches invalidated, signaling through the database: ['default'] 
2026-10-08 05:13:48,331 61 INFO bench werkzeug: 127.0.0.1 - - [08/Oct/2026 05:13:48] "POST /json/2/product.product/create HTTP/1.1" 200 - 60 0.028 0.047
2026-10-08 05:13:48,371 61 INFO bench werkzeug: 127.0.0.1 - - [08/Oct/2026 05:13:48] "POST /json/2/product.product/read HTTP/1.1" 200 - 14 0.008 0.014
2026-10-08 05:13:48,417 61 INFO bench werkzeug: 127.0.0.1 - - [08/Oct/2026 05:13:48] "POST /json/2/product.supplierinfo/search HTTP/1.1" 200 - 9 0.005 0.010
2026-10-08 05:13:48,469 61 INFO bench werkzeug: 127.0.0.1 - - [08/Oct/2026 05:13:48] "POST /json/2/product.supplierinfo/create HTTP/1.1" 200 - 19 0.012 0.020
2026-10-08 05:13:48,497 61 INFO bench werkzeug: 127.0.0.1 - - [08/Oct/2026 05:13:48] "POST /json/2/product.product/search HTTP/1.1" 200 - 4 0.003 0.007
2026-10-08 05:13:48,569 61 INFO bench odoo.registry: Caches invalidated, signaling through the database: ['default'] 
2026-10-08 05:13:48,574 61 INFO bench werkzeug: 127.0.0.1 - - [08/Oct/2026 05:13:48] "POST /json/2/product.product/create HTTP/1.1" 200 - 60 0.022 0.039
2026-10-08 05:13:48,607 61 INFO bench werkzeug: 127.0.0.1 - - [08/Oct/2026 05:13:48] "POST /json/2/product.product/read HTTP/1.1" 200 - 14 0.007 0.010
2026-10-08 05:13:48,636 61 INFO bench werkzeug: 127.0.0.1 - - [08/Oct/2026 05:13:48] "POST /json/2/product.supplierinfo/search HTTP/1.1" 200 - 9 0.004 0.009
2026-10-08 05:13:48,677 61 INFO bench werkzeug: 127.0.0.1 - - [08/Oct/2026 05:13:48] "POST /json/2/product.supplierinfo/create HTTP/1.1" 200 - 19 0.008 0.017
2026-10-08 05:13:48,709 61 INFO bench werkzeug: 127.0.0.1 - - [08/Oct/2026 05:13:48] "POST /json/2/product.product/search HTTP/1.1" 200 - 4 0.003 0.010
2026-10-08 05:13:48,811 61 INFO bench odoo.registry: Caches invalidated, signaling through the database: ['default'] 
2026-10-08 05:13:48,817 61 INFO bench werkzeug: 127.0.0.1 - - [08/Oct/2026 05:13:48] "POST /json/2/product.product/create HTTP/1.1" 200 - 60 0.032 0.055
2026-10-08 05:13:48,860 61 INFO bench werkzeug: 127.0.0.1 - - [08/Oct/2026 05:13:48] "POST /json/2/product.product/read HTTP/1.1" 200 - 14 0.008 0.014
2026-10-08 05:13:48,902 61 INFO bench werkzeug: 127.0.0.1 - - [08/Oct/2026 05:13:48] "POST /json/2/product.supplierinfo/search HTTP/1.1" 200 - 9 0.006 0.013
2026-10-08 05:13:48,960 61 INFO bench werkzeug: 127.0.0.1 - - [08/Oct/2026 05:13:48] "POST /json/2/product.supplierinfo/create HTTP/1.1" 200 - 19 0.013 0.023
2026-10-08 05:13:48,994 61 INFO bench werkzeug: 127.0.0.1 - - [08/Oct/2026 05:13:48] "POST /json/2/product.product/search HTTP/1.1" 200 - 4 0.003 0.009
2026-10-08 05:13:49,107 61 INFO bench odoo.registry: Caches invalidated, signaling through the database: ['default'] 
2026-10-08 05:13:49,112 61 INFO bench werkzeug: 127.0.0.1 - - [08/Oct/2026 05:13:49] "POST /json/2/product.product/create HTTP/1.1" 200 - 60 0.032 0.053
2026-10-08 05:13:49,157 61 INFO bench werkzeug: 127.0.0.1 - - [08/Oct/2026 05:13:49] "POST /json/2/product.product/read HTTP/1.1" 200 - 14 0.009 0.014
2026-10-08 05:13:49,199 61 INFO bench werkzeug: 127.0.0.1 - - [08/Oct/2026 05:13:49] "POST /json/2/product.supplierinfo/search HTTP/1.1" 200 - 9 0.006 0.014
2026-10-08 05:13:49,253 61 INFO bench werkzeug: 127.0.0.1 - - [08/Oct/2026 05:13:49] "POST /json/2/product.supplierinfo/create HTTP/1.1" 200 - 19 0.011 0.020
2026-10-08 05:13:49,285 61 INFO bench werkzeug: 127.0.0.1 - - [08/Oct/2026 05:13:49] "POST /json/2/product.product/search HTTP/1.1" 200 - 4 0.003 0.009
2026-10-08 05:13:49,382 61 INFO bench odoo.registry: Caches invalidated, signaling through the database: ['default'] 
2026-10-08 05:13:49,387 61 INFO bench werkzeug: 127.0.0.1 - - [08/Oct/2026 05:13:49] "POST /json/2/product.product/create HTTP/1.1" 200 - 60 0.029 0.051
2026-10-08 05:13:49,432 61 INFO bench werkzeug: 127.0.0.1 - - [08/Oct/2026 05:13:49] "POST /json/2/product.product/read HTTP/1.1" 200 - 14 0.009 0.016
2026-10-08 05:13:49,471 61 INFO bench werkzeug: 127.0.0.1 - - [08/Oct/2026 05:13:49] "POST /json/2/product.supplierinfo/search HTTP/1.1" 200 - 9 0.006 0.012
2026-10-08 05:13:49,522 61 INFO bench werkzeug: 127.0.0.1 - - [08/Oct/2026 05:13:49] "POST /json/2/product.supplierinfo/create HTTP/1.1" 200 - 19 0.010 0.021
2026-10-08 05:13:49,556 61 INFO bench werkzeug: 127.0.0.1 - - [08/Oct/2026 05:13:49] "POST /json/2/product.product/search HTTP/1.1" 200 - 4 0.004 0.010
2026-10-08 05:13:49,651 61 INFO bench odoo.registry: Caches invalidated, signaling through the database: ['default'] 
2026-10-08 05:13:49,657 61 INFO bench werkzeug: 127.0.0.1 - - [08/Oct/2026 05:13:49] "POST /json/2/product.product/create HTTP/1.1" 200 - 60 0.029 0.051
2026-10-08 05:13:49,698 61 INFO bench werkzeug: 127.0.0.1 - - [08/Oct/2026 05:13:49] "POST /json/2/product.product/read HTTP/1.1" 200 - 14 0.008 0.013
2026-10-08 05:13:49,735 61 INFO bench werkzeug: 127.0.0.1 - - [08/Oct/2026 05:13:49] "POST /json/2/product.supplierinfo/search HTTP/1.1" 200 - 9 0.006 0.012
2026-10-08 05:13:49,785 61 INFO bench werkzeug: 127.0.0.1 - - [08/Oct/2026 05:13:49] "POST /json/2/product.supplierinfo/create HTTP/1.1" 200 - 19 0.011 0.020
2026-10-08 05:13:49,828 61 INFO bench werkzeug: 127.0.0.1 - - [08/Oct/2026 05:13:49] "POST /json/2/product.product/search HTTP/1.1" 200 - 4 0.003 0.008
2026-10-08 05:13:49,911 61 INFO bench odoo.registry: Caches invalidated, signaling through the database: ['default'] 
2026-10-08 05:13:49,916 61 INFO bench werkzeug: 127.0.0.1 - - [08/Oct/2026 05:13:49] "POST /json/2/product.product/create HTTP/1.1" 200 - 60 0.025 0.046
2026-10-08 05:13:49,951 61 INFO bench werkzeug: 127.0.0.1 - - [08/Oct/2026 05:13:49] "POST /json/2/product.product/read HTTP/1.1" 200 - 14 0.008 0.011
2026-10-08 05:13:49,981 61 INFO bench werkzeug: 127.0.0.1 - - [08/Oct/2026 05:13:49] "POST /json/2/product.supplierinfo/search HTTP/1.1" 200 - 9 0.004 0.009
2026-10-08 05:13:50,026 61 INFO bench werkzeug: 127.0.0.1 - - [08/Oct/2026 05:13:50] "POST /json/2/product.supplierinfo/create HTTP/1.1" 200 - 19 0.010 0.019
2026-10-08 05:13:50,056 61 INFO bench werkzeug: 127.0.0.1 - - [08/Oct/2026 05:13:50] "POST /json/2/product.product/search HTTP/1.1" 200 - 4 0.002 0.009
2026-10-08 05:13:50,133 61 INFO bench odoo.registry: Caches invalidated, signaling through the database: ['default'] 
2026-10-08 05:13:50,137 61 INFO bench werkzeug: 127.0.0.1 - - [08/Oct/2026 05:13:50] "POST /json/2/product.product/create HTTP/1.1" 200 - 60 0.024 0.040
2026-10-08 05:13:50,172 61 INFO bench werkzeug: 127.0.0.1 - - [08/Oct/2026 05:13:50] "POST /json/2/product.product/read HTTP/1.1" 200 - 14 0.007 0.011
2026-10-08 05:13:50,201 61 INFO bench werkzeug: 127.0.0.1 - - [08/Oct/2026 05:13:50] "POST /json/2/product.supplierinfo/search HTTP/1.1" 200 - 9 0.004 0.010
2026-10-08 05:13:50,243 61 INFO bench werkzeug: 127.0.0.1 - - [08/Oct/2026 05:13:50] "POST /json/2/product.supplierinfo/create HTTP/1.1" 200 - 19 0.009 0.017
2026-10-08 05:13:50,268 61 INFO bench werkzeug: 127.0.0.1 - - [08/Oct/2026 05:13:50] "POST /json/2/product.product/search HTTP/1.1" 200 - 4 0.002 0.007
2026-10-08 05:13:50,339 61 INFO bench odoo.registry: Caches invalidated, signaling through the database: ['default'] 
2026-10-08 05:13:50,344 61 INFO bench werkzeug: 127.0.0.1 - - [08/Oct/2026 05:13:50] "POST /json/2/product.product/create HTTP/1.1" 200 - 60 0.023 0.038
2026-10-08 05:13:50,379 61 INFO bench werkzeug: 127.0.0.1 - - [08/Oct/2026 05:13:50] "POST /json/2/product.product/read HTTP/1.1" 200 - 14 0.007 0.010
2026-10-08 05:13:50,415 61 INFO bench werkzeug: 127.0.0.1 - - [08/Oct/2026 05:13:50] "POST /json/2/product.supplierinfo/search HTTP/1.1" 200 - 9 0.005 0.010
2026-10-08 05:13:50,458 61 INFO bench werkzeug: 127.0.0.1 - - [08/Oct/2026 05:13:50] "POST /json/2/product.supplierinfo/create HTTP/1.1" 200 - 19 0.009 0.018
2026-10-08 05:13:50,489 61 INFO bench werkzeug: 127.0.0.1 - - [08/Oct/2026 05:13:50] "POST /json/2/product.product/search HTTP/1.1" 200 - 4 0.004 0.007
2026-10-08 05:13:50,573 61 INFO bench odoo.registry: Caches invalidated, signaling through the database: ['default'] 
2026-10-08 05:13:50,578 61 INFO bench werkzeug: 127.0.0.1 - - [08/Oct/2026 05:13:50] "POST /json/2/product.product/create HTTP/1.1" 200 - 60 0.027 0.044
2026-10-08 05:13:50,614 61 INFO bench werkzeug: 127.0.0.1 - - [08/Oct/2026 05:13:50] "POST /json/2/product.product/read HTTP/1.1" 200 - 14 0.007 0.012
2026-10-08 05:13:50,647 61 INFO bench werkzeug: 127.0.0.1 - - [08/Oct/2026 05:13:50] "POST /json/2/product.supplierinfo/search HTTP/1.1" 200 - 9 0.004 0.010
2026-10-08 05:13:50,692 61 INFO bench werkzeug: 127.0.0.1 - - [08/Oct/2026 05:13:50] "POST /json/2/product.supplierinfo/create HTTP/1.1" 200 - 19 0.010 0.018
2026-10-08 05:13:50,718 61 INFO bench werkzeug: 127.0.0.1 - - [08/Oct/2026 05:13:50] "POST /json/2/product.product/search HTTP/1.1" 200 - 4 0.002 0.007
2026-10-08 05:13:50,796 61 INFO bench odoo.registry: Caches invalidated, signaling through the database: ['default'] 
2026-10-08 05:13:50,801 61 INFO bench werkzeug: 127.0.0.1 - - [08/Oct/2026 05:13:50] "POST /json/2/product.product/create HTTP/1.1" 200 - 60 0.024 0.041
2026-10-08 05:13:50,836 61 INFO bench werkzeug: 127.0.0.1 - - [08/Oct/2026 05:13:50] "POST /json/2/product.product/read HTTP/1.1" 200 - 14 0.007 0.011
2026-10-08 05:13:50,867 61 INFO bench werkzeug: 127.0.0.1 - - [08/Oct/2026 05:13:50] "POST /json/2/product.supplierinfo/search HTTP/1.1" 200 - 9 0.004 0.009
2026-10-08 05:13:50,911 61 INFO bench werkzeug: 127.0.0.1 - - [08/Oct/2026 05:13:50] "POST /json/2/product.supplierinfo/create HTTP/1.1" 200 - 19 0.009 0.018
2026-10-08 05:13:50,936 61 INFO bench werkzeug: 127.0.0.1 - - [08/Oct/2026 05:13:50] "POST /json/2/product.product/search HTTP/1.1" 200 - 4 0.002 0.007
2026-10-08 05:13:51,021 61 INFO bench odoo.registry: Caches invalidated, signaling through the database: ['default'] 
2026-10-08 05:13:51,026 61 INFO bench werkzeug: 127.0.0.1 - - [08/Oct/2026 05:13:51] "POST /json/2/product.product/create HTTP/1.1" 200 - 60 0.025 0.042
2026-10-08 05:13:51,061 61 INFO bench werkzeug: 127.0.0.1 - - [08/Oct/2026 05:13:51] "POST /json/2/product.product/read HTTP/1.1" 200 - 14 0.007 0.011
2026-10-08 05:13:51,090 61 INFO bench werkzeug: 127.0.0.1 - - [08/Oct/2026 05:13:51] "POST /json/2/product.supplierinfo/search HTTP/1.1" 200 - 9 0.004 0.009
2026-10-08 05:13:51,133 61 INFO bench werkzeug: 127.0.0.1 - - [08/Oct/2026 05:13:51] "POST /json/2/product.supplierinfo/create HTTP/1.1" 200 - 19 0.010 0.018
2026-10-08 05:13:51,160 61 INFO bench werkzeug: 127.0.0.1 - - [08/Oct/2026 05:13:51] "POST /json/2/product.product/search HTTP/1.1" 200 - 4 0.002 0.008
2026-10-08 05:13:51,237 61 INFO bench odoo.registry: Caches invalidated, signaling through the database: ['default'] 
2026-10-08 05:13:51,242 61 INFO bench werkzeug: 127.0.0.1 - - [08/Oct/2026 05:13:51] "POST /json/2/product.product/create HTTP/1.1" 200 - 60 0.025 0.041
2026-10-08 05:13:51,275 61 INFO bench werkzeug: 127.0.0.1 - - [08/Oct/2026 05:13:51] "POST /json/2/product.product/read HTTP/1.1" 200 - 14 0.006 0.011
2026-10-08 05:13:51,305 61 INFO bench werkzeug: 127.0.0.1 - - [08/Oct/2026 05:13:51] "POST /json/2/product.supplierinfo/search HTTP/1.1" 200 - 9 0.004 0.009
2026-10-08 05:13:51,347 61 INFO bench werkzeug: 127.0.0.1 - - [08/Oct/2026 05:13:51] "POST /json/2/product.supplierinfo/create HTTP/1.1" 200 - 19 0.009 0.018
2026-10-08 05:13:51,371 61 INFO bench werkzeug: 127.0.0.1 - - [08/Oct/2026 05:13:51] "POST /json/2/product.product/search HTTP/1.1" 200 - 4 0.002 0.007
2026-10-08 05:13:51,447 61 INFO bench odoo.registry: Caches invalidated, signaling through the database: ['default'] 
2026-10-08 05:13:51,451 61 INFO bench werkzeug: 127.0.0.1 - - [08/Oct/2026 05:13:51] "POST /json/2/product.product/create HTTP/1.1" 200 - 60 0.024 0.040
2026-10-08 05:13:51,486 61 INFO bench werkzeug: 127.0.0.1 - - [08/Oct/2026 05:13:51] "POST /json/2/product.product/read HTTP/1.1" 200 - 14 0.006 0.011
2026-10-08 05:13:51,515 61 INFO bench werkzeug: 127.0.0.1 - - [08/Oct/2026 05:13:51] "POST /json/2/product.supplierinfo/search HTTP/1.1" 200 - 9 0.004 0.009
2026-10-08 05:13:51,565 61 INFO bench werkzeug: 127.0.0.1 - - [08/Oct/2026 05:13:51] "POST /json/2/product.supplierinfo/create HTTP/1.1" 200 - 19 0.009 0.018
2026-10-08 05:13:51,590 61 INFO bench werkzeug: 127.0.0.1 - - [08/Oct/2026 05:13:51] "POST /json/2/product.product/search HTTP/1.1" 200 - 4 0.002 0.007
2026-10-08 05:13:51,664 61 INFO bench odoo.registry: Caches invalidated, signaling through the database: ['default'] 
2026-10-08 05:13:51,669 61 INFO bench werkzeug: 127.0.0.1 - - [08/Oct/2026 05:13:51] "POST /json/2/product.product/create HTTP/1.1" 200 - 60 0.023 0.041
2026-10-08 05:13:51,702 61 INFO bench werkzeug: 127.0.0.1 - - [08/Oct/2026 05:13:51] "POST /json/2/product.product/read HTTP/1.1" 200 - 14 0.006 0.011
2026-10-08 05:13:51,732 61 INFO bench werkzeug: 127.0.0.1 - - [08/Oct/2026 05:13:51] "POST /json/2/product.supplierinfo/search HTTP/1.1" 200 - 9 0.004 0.009
2026-10-08 05:13:51,773 61 INFO bench werkzeug: 127.0.0.1 - - [08/Oct/2026 05:13:51] "POST /json/2/product.supplierinfo/create HTTP/1.1" 200 - 19 0.008 0.017
2026-10-08 05:13:51,798 61 INFO bench werkzeug: 127.0.0.1 - - [08/Oct/2026 05:13:51] "POST /json/2/product.product/search HTTP/1.1" 200 - 4 0.002 0.007
2026-10-08 05:13:51,873 61 INFO bench odoo.registry: Caches invalidated, signaling through the database: ['default'] 
2026-10-08 05:13:51,878 61 INFO bench werkzeug: 127.0.0.1 - - [08/Oct/2026 05:13:51] "POST /json/2/product.product/create HTTP/1.1" 200 - 60 0.024 0.039
2026-10-08 05:13:51,911 61 INFO bench werkzeug: 127.0.0.1 - - [08/Oct/2026 05:13:51] "POST /json/2/product.product/read HTTP/1.1" 200 - 14 0.007 0.012
2026-10-08 05:13:51,943 61 INFO bench werkzeug: 127.0.0.1 - - [08/Oct/2026 05:13:51] "POST /json/2/product.supplierinfo/search HTTP/1.1" 200 - 9 0.005 0.010
2026-10-08 05:13:51,988 61 INFO bench werkzeug: 127.0.0.1 - - [08/Oct/2026 05:13:51] "POST /json/2/product.supplierinfo/create HTTP/1.1" 200 - 19 0.010 0.019
2026-10-08 05:13:52,015 61 INFO bench werkzeug: 127.0.0.1 - - [08/Oct/2026 05:13:52] "POST /json/2/product.product/search HTTP/1.1" 200 - 4 0.002 0.007
2026-10-08 05:13:52,090 61 INFO bench odoo.registry: Caches invalidated, signaling through the database: ['default'] 
2026-10-08 05:13:52,095 61 INFO bench werkzeug: 127.0.0.1 - - [08/Oct/2026 05:13:52] "POST /json/2/product.product/create HTTP/1.1" 200 - 60 0.024 0.040
2026-10-08 05:13:52,137 61 INFO bench werkzeug: 127.0.0.1 - - [08/Oct/2026 05:13:52] "POST /json/2/product.product/read HTTP/1.1" 200 - 14 0.007 0.012
2026-10-08 05:13:52,168 61 INFO bench werkzeug: 127.0.0.1 - - [08/Oct/2026 05:13:52] "POST /json/2/product.supplierinfo/search HTTP/1.1" 200 - 9 0.004 0.010
2026-10-08 05:13:52,213 61 INFO bench werkzeug: 127.0.0.1 - - [08/Oct/2026 05:13:52] "POST /json/2/product.supplierinfo/create HTTP/1.1" 200 - 19 0.010 0.019
2026-10-08 05:13:52,241 61 INFO bench werkzeug: 127.0.0.1 - - [08/Oct/2026 05:13:52] "POST /json/2/product.product/search HTTP/1.1" 200 - 4 0.003 0.008
2026-10-08 05:13:52,319 61 INFO bench odoo.registry: Caches invalidated, signaling through the database: ['default'] 
2026-10-08 05:13:52,324 61 INFO bench werkzeug: 127.0.0.1 - - [08/Oct/2026 05:13:52] "POST /json/2/product.product/create HTTP/1.1" 200 - 60 0.025 0.040
2026-10-08 05:13:52,357 61 INFO bench werkzeug: 127.0.0.1 - - [08/Oct/2026 05:13:52] "POST /json/2/product.product/read HTTP/1.1" 200 - 14 0.007 0.011
2026-10-08 05:13:52,387 61 INFO bench werkzeug: 127.0.0.1 - - [08/Oct/2026 05:13:52] "POST /json/2/product.supplierinfo/search HTTP/1.1" 200 - 9 0.004 0.009
2026-10-08 05:13:52,427 61 INFO bench werkzeug: 127.0.0.1 - - [08/Oct/2026 05:13:52] "POST /json/2/product.supplierinfo/create HTTP/1.1" 200 - 19 0.008 0.017
2026-10-08 05:13:52,452 61 INFO bench werkzeug: 127.0.0.1 - - [08/Oct/2026 05:13:52] "POST /json/2/product.product/search HTTP/1.1" 200 - 4 0.002 0.007
2026-10-08 05:13:52,522 61 INFO bench odoo.registry: Caches invalidated, signaling through the database: ['default'] 
2026-10-08 05:13:52,526 61 INFO bench werkzeug: 127.0.0.1 - - [08/Oct/2026 05:13:52] "POST /json/2/product.product/create HTTP/1.1" 200 - 60 0.023 0.036
2026-10-08 05:13:52,558 61 INFO bench werkzeug: 127.0.0.1 - - [08/Oct/2026 05:13:52] "POST /json/2/product.product/read HTTP/1.1" 200 - 14 0.006 0.010
2026-10-08 05:13:52,587 61 INFO bench werkzeug: 127.0.0.1 - - [08/Oct/2026 05:13:52] "POST /json/2/product.supplierinfo/search HTTP/1.1" 200 - 9 0.004 0.009
2026-10-08 05:13:52,629 61 INFO bench werkzeug: 127.0.0.1 - - [08/Oct/2026 05:13:52] "POST /json/2/product.supplierinfo/create HTTP/1.1" 200 - 19 0.010 0.017
2026-10-08 05:13:52,662 61 INFO bench werkzeug: 127.0.0.1 - - [08/Oct/2026 05:13:52] "POST /json/2/product.product/search HTTP/1.1" 200 - 4 0.002 0.007
2026-10-08 05:13:52,739 61 INFO bench odoo.registry: Caches invalidated, signaling through the database: ['default'] 
2026-10-08 05:13:52,744 61 INFO bench werkzeug: 127.0.0.1 - - [08/Oct/2026 05:13:52] "POST /json/2/product.product/create HTTP/1.1" 200 - 60 0.025 0.040
2026-10-08 05:13:52,779 61 INFO bench werkzeug: 127.0.0.1 - - [08/Oct/2026 05:13:52] "POST /json/2/product.product/read HTTP/1.1" 200 - 14 0.006 0.011
2026-10-08 05:13:52,810 61 INFO bench werkzeug: 127.0.0.1 - - [08/Oct/2026 05:13:52] "POST /json/2/product.supplierinfo/search HTTP/1.1" 200 - 9 0.005 0.009
2026-10-08 05:13:52,854 61 INFO bench werkzeug: 127.0.0.1 - - [08/Oct/2026 05:13:52] "POST /json/2/product.supplierinfo/create HTTP/1.1" 200 - 19 0.009 0.019
2026-10-08 05:13:52,880 61 INFO bench werkzeug: 127.0.0.1 - - [08/Oct/2026 05:13:52] "POST /json/2/product.product/search HTTP/1.1" 200 - 4 0.002 0.007
2026-10-08 05:13:52,957 61 INFO bench odoo.registry: Caches invalidated, signaling through the database: ['default'] 
2026-10-08 05:13:52,962 61 INFO bench werkzeug: 127.0.0.1 - - [08/Oct/2026 05:13:52] "POST /json/2/product.product/create HTTP/1.1" 200 - 60 0.025 0.040
2026-10-08 05:13:52,995 61 INFO bench werkzeug: 127.0.0.1 - - [08/Oct/2026 05:13:52] "POST /json/2/product.product/read HTTP/1.1" 200 - 14 0.006 0.011
2026-10-08 05:13:53,024 61 INFO bench werkzeug: 127.0.0.1 - - [08/Oct/2026 05:13:53] "POST /json/2/product.supplierinfo/search HTTP/1.1" 200 - 9 0.004 0.009
2026-10-08 05:13:53,067 61 INFO bench werkzeug: 127.0.0.1 - - [08/Oct/2026 05:13:53] "POST /json/2/product.supplierinfo/create HTTP/1.1" 200 - 19 0.009 0.017
2026-10-08 05:13:53,092 61 INFO bench werkzeug: 127.0.0.1 - - [08/Oct/2026 05:13:53] "POST /json/2/product.product/search HTTP/1.1" 200 - 4 0.002 0.007
2026-10-08 05:13:53,173 61 INFO bench odoo.registry: Caches invalidated, signaling through the database: ['default'] 
2026-10-08 05:13:53,177 61 INFO bench werkzeug: 127.0.0.1 - - [08/Oct/2026 05:13:53] "POST /json/2/product.product/create HTTP/1.1" 200 - 60 0.025 0.043
2026-10-08 05:13:53,210 61 INFO bench werkzeug: 127.0.0.1 - - [08/Oct/2026 05:13:53] "POST /json/2/product.product/read HTTP/1.1" 200 - 14 0.007 0.011
2026-10-08 05:13:53,249 61 INFO bench werkzeug: 127.0.0.1 - - [08/Oct/2026 05:13:53] "POST /json/2/product.supplierinfo/search HTTP/1.1" 200 - 9 0.004 0.010
2026-10-08 05:13:53,292 61 INFO bench werkzeug: 127.0.0.1 - - [08/Oct/2026 05:13:53] "POST /json/2/product.supplierinfo/create HTTP/1.1" 200 - 19 0.009 0.018
2026-10-08 05:13:53,318 61 INFO bench werkzeug: 127.0.0.1 - - [08/Oct/2026 05:13:53] "POST /json/2/product.product/search HTTP/1.1" 200 - 4 0.003 0.008
2026-10-08 05:13:53,393 61 INFO bench odoo.registry: Caches invalidated, signaling through the database: ['default'] 
2026-10-08 05:13:53,399 61 INFO bench werkzeug: 127.0.0.1 - - [08/Oct/2026 05:13:53] "POST /json/2/product.product/create HTTP/1.1" 200 - 60 0.022 0.042
2026-10-08 05:13:53,434 61 INFO bench werkzeug: 127.0.0.1 - - [08/Oct/2026 05:13:53] "POST /json/2/product.product/read HTTP/1.1" 200 - 14 0.007 0.012
2026-10-08 05:13:53,467 61 INFO bench werkzeug: 127.0.0.1 - - [08/Oct/2026 05:13:53] "POST /json/2/product.supplierinfo/search HTTP/1.1" 200 - 9 0.004 0.010
2026-10-08 05:13:53,511 61 INFO bench werkzeug: 127.0.0.1 - - [08/Oct/2026 05:13:53] "POST /json/2/product.supplierinfo/create HTTP/1.1" 200 - 19 0.009 0.018
2026-10-08 05:13:53,538 61 INFO bench werkzeug: 127.0.0.1 - - [08/Oct/2026 05:13:53] "POST /json/2/product.product/search HTTP/1.1" 200 - 4 0.002 0.008
2026-10-08 05:13:53,614 61 INFO bench odoo.registry: Caches invalidated, signaling through the database: ['default'] 
2026-10-08 05:13:53,619 61 INFO bench werkzeug: 127.0.0.1 - - [08/Oct/2026 05:13:53] "POST /json/2/product.product/create HTTP/1.1" 200 - 60 0.025 0.040
2026-10-08 05:13:53,651 61 INFO bench werkzeug: 127.0.0.1 - - [08/Oct/2026 05:13:53] "POST /json/2/product.product/read HTTP/1.1" 200 - 14 0.006 0.011
2026-10-08 05:13:53,680 61 INFO bench werkzeug: 127.0.0.1 - - [08/Oct/2026 05:13:53] "POST /json/2/product.supplierinfo/search HTTP/1.1" 200 - 9 0.004 0.009
2026-10-08 05:13:53,724 61 INFO bench werkzeug: 127.0.0.1 - - [08/Oct/2026 05:13:53] "POST /json/2/product.supplierinfo/create HTTP/1.1" 200 - 19 0.010 0.019
2026-10-08 05:13:53,750 61 INFO bench werkzeug: 127.0.0.1 - - [08/Oct/2026 05:13:53] "POST /json/2/product.product/search HTTP/1.1" 200 - 4 0.002 0.008
2026-10-08 05:13:53,846 61 INFO bench odoo.registry: Caches invalidated, signaling through the database: ['default'] 
2026-10-08 05:13:53,850 61 INFO bench werkzeug: 127.0.0.1 - - [08/Oct/2026 05:13:53] "POST /json/2/product.product/create HTTP/1.1" 200 - 60 0.028 0.045
2026-10-08 05:13:53,886 61 INFO bench werkzeug: 127.0.0.1 - - [08/Oct/2026 05:13:53] "POST /json/2/product.product/read HTTP/1.1" 200 - 14 0.007 0.012
2026-10-08 05:13:53,917 61 INFO bench werkzeug: 127.0.0.1 - - [08/Oct/2026 05:13:53] "POST /json/2/product.supplierinfo/search HTTP/1.1" 200 - 9 0.005 0.010
2026-10-08 05:13:53,959 61 INFO bench werkzeug: 127.0.0.1 - - [08/Oct/2026 05:13:53] "POST /json/2/product.supplierinfo/create HTTP/1.1" 200 - 19 0.009 0.017
2026-10-08 05:13:53,984 61 INFO bench werkzeug: 127.0.0.1 - - [08/Oct/2026 05:13:53] "POST /json/2/product.product/search HTTP/1.1" 200 - 4 0.002 0.007
2026-10-08 05:13:54,062 61 INFO bench odoo.registry: Caches invalidated, signaling through the database: ['default'] 
2026-10-08 05:13:54,068 61 INFO bench werkzeug: 127.0.0.1 - - [08/Oct/2026 05:13:54] "POST /json/2/product.product/create HTTP/1.1" 200 - 60 0.026 0.042
2026-10-08 05:13:54,103 61 INFO bench werkzeug: 127.0.0.1 - - [08/Oct/2026 05:13:54] "POST /json/2/product.product/read HTTP/1.1" 200 - 14 0.007 0.011
2026-10-08 05:13:54,133 61 INFO bench werkzeug: 127.0.0.1 - - [08/Oct/2026 05:13:54] "POST /json/2/product.supplierinfo/search HTTP/1.1" 200 - 9 0.004 0.009
2026-10-08 05:13:54,177 61 INFO bench werkzeug: 127.0.0.1 - - [08/Oct/2026 05:13:54] "POST /json/2/product.supplierinfo/create HTTP/1.1" 200 - 19 0.009 0.017
2026-10-08 05:13:54,201 61 INFO bench werkzeug: 127.0.0.1 - - [08/Oct/2026 05:13:54] "POST /json/2/product.product/search HTTP/1.1" 200 - 4 0.002 0.007
2026-10-08 05:13:54,275 61 INFO bench odoo.registry: Caches invalidated, signaling through the database: ['default'] 
2026-10-08 05:13:54,280 61 INFO bench werkzeug: 127.0.0.1 - - [08/Oct/2026 05:13:54] "POST /json/2/product.product/create HTTP/1.1" 200 - 60 0.024 0.040
2026-10-08 05:13:54,313 61 INFO bench werkzeug: 127.0.0.1 - - [08/Oct/2026 05:13:54] "POST /json/2/product.product/read HTTP/1.1" 200 - 14 0.007 0.011
2026-10-08 05:13:54,341 61 INFO bench werkzeug: 127.0.0.1 - - [08/Oct/2026 05:13:54] "POST /json/2/product.supplierinfo/search HTTP/1.1" 200 - 9 0.004 0.009
2026-10-08 05:13:54,394 61 INFO bench werkzeug: 127.0.0.1 - - [08/Oct/2026 05:13:54] "POST /json/2/product.supplierinfo/create HTTP/1.1" 200 - 19 0.009 0.019
2026-10-08 05:13:54,419 61 INFO bench werkzeug: 127.0.0.1 - - [08/Oct/2026 05:13:54] "POST /json/2/product.product/search HTTP/1.1" 200 - 4 0.002 0.007
2026-10-08 05:13:54,494 61 INFO bench odoo.registry: Caches invalidated, signaling through the database: ['default'] 
2026-10-08 05:13:54,499 61 INFO bench werkzeug: 127.0.0.1 - - [08/Oct/2026 05:13:54] "POST /json/2/product.product/create HTTP/1.1" 200 - 60 0.024 0.039
2026-10-08 05:13:54,531 61 INFO bench werkzeug: 127.0.0.1 - - [08/Oct/2026 05:13:54] "POST /json/2/product.product/read HTTP/1.1" 200 - 14 0.006 0.010
2026-10-08 05:13:54,562 61 INFO bench werkzeug: 127.0.0.1 - - [08/Oct/2026 05:13:54] "POST /json/2/product.supplierinfo/search HTTP/1.1" 200 - 9 0.004 0.010
2026-10-08 05:13:54,603 61 INFO bench werkzeug: 127.0.0.1 - - [08/Oct/2026 05:13:54] "POST /json/2/product.supplierinfo/create HTTP/1.1" 200 - 19 0.009 0.017
2026-10-08 05:13:54,629 61 INFO bench werkzeug: 127.0.0.1 - - [08/Oct/2026 05:13:54] "POST /json/2/product.product/search HTTP/1.1" 200 - 4 0.002 0.007
2026-10-08 05:13:54,703 61 INFO bench odoo.registry: Caches invalidated, signaling through the database: ['default'] 
2026-10-08 05:13:54,708 61 INFO bench werkzeug: 127.0.0.1 - - [08/Oct/2026 05:13:54] "POST /json/2/product.product/create HTTP/1.1" 200 - 60 0.025 0.038
2026-10-08 05:13:54,741 61 INFO bench werkzeug: 127.0.0.1 - - [08/Oct/2026 05:13:54] "POST /json/2/product.product/read HTTP/1.1" 200 - 14 0.007 0.011
2026-10-08 05:13:54,774 61 INFO bench werkzeug: 127.0.0.1 - - [08/Oct/2026 05:13:54] "POST /json/2/product.supplierinfo/search HTTP/1.1" 200 - 9 0.005 0.011
2026-10-08 05:13:54,816 61 INFO bench werkzeug: 127.0.0.1 - - [08/Oct/2026 05:13:54] "POST /json/2/product.supplierinfo/create HTTP/1.1" 200 - 19 0.009 0.017
2026-10-08 05:13:54,847 61 INFO bench werkzeug: 127.0.0.1 - - [08/Oct/2026 05:13:54] "POST /json/2/product.product/search HTTP/1.1" 200 - 4 0.003 0.008
2026-10-08 05:13:54,925 61 INFO bench odoo.registry: Caches invalidated, signaling through the database: ['default'] 
2026-10-08 05:13:54,930 61 INFO bench werkzeug: 127.0.0.1 - - [08/Oct/2026 05:13:54] "POST /json/2/product.product/create HTTP/1.1" 200 - 60 0.024 0.041
2026-10-08 05:13:54,972 61 INFO bench werkzeug: 127.0.0.1 - - [08/Oct/2026 05:13:54] "POST /json/2/product.product/read HTTP/1.1" 200 - 14 0.006 0.010
2026-10-08 05:13:55,003 61 INFO bench werkzeug: 127.0.0.1 - - [08/Oct/2026 05:13:55] "POST /json/2/product.supplierinfo/search HTTP/1.1" 200 - 9 0.004 0.010
2026-10-08 05:13:55,044 61 INFO bench werkzeug: 127.0.0.1 - - [08/Oct/2026 05:13:55] "POST /json/2/product.supplierinfo/create HTTP/1.1" 200 - 19 0.009 0.016
2026-10-08 05:13:55,070 61 INFO bench werkzeug: 127.0.0.1 - - [08/Oct/2026 05:13:55] "POST /json/2/product.product/search HTTP/1.1" 200 - 4 0.002 0.007
2026-10-08 05:13:55,145 61 INFO bench odoo.registry: Caches invalidated, signaling through the database: ['default'] 
2026-10-08 05:13:55,149 61 INFO bench werkzeug: 127.0.0.1 - - [08/Oct/2026 05:13:55] "POST /json/2/product.product/create HTTP/1.1" 200 - 60 0.024 0.039
2026-10-08 05:13:55,182 61 INFO bench werkzeug: 127.0.0.1 - - [08/Oct/2026 05:13:55] "POST /json/2/product.product/read HTTP/1.1" 200 - 14 0.006 0.010
2026-10-08 05:13:55,210 61 INFO bench werkzeug: 127.0.0.1 - - [08/Oct/2026 05:13:55] "POST /json/2/product.supplierinfo/search HTTP/1.1" 200 - 9 0.004 0.010
2026-10-08 05:13:55,254 61 INFO bench werkzeug: 127.0.0.1 - - [08/Oct/2026 05:13:55] "POST /json/2/product.supplierinfo/create HTTP/1.1" 200 - 19 0.010 0.017
2026-10-08 05:13:55,278 61 INFO bench werkzeug: 127.0.0.1 - - [08/Oct/2026 05:13:55] "POST /json/2/product.product/search HTTP/1.1" 200 - 4 0.002 0.007
2026-10-08 05:13:55,351 61 INFO bench odoo.registry: Caches invalidated, signaling through the database: ['default'] 
2026-10-08 05:13:55,355 61 INFO bench werkzeug: 127.0.0.1 - - [08/Oct/2026 05:13:55] "POST /json/2/product.product/create HTTP/1.1" 200 - 60 0.024 0.038
2026-10-08 05:13:55,386 61 INFO bench werkzeug: 127.0.0.1 - - [08/Oct/2026 05:13:55] "POST /json/2/product.product/read HTTP/1.1" 200 - 14 0.006 0.010
2026-10-08 05:13:55,415 61 INFO bench werkzeug: 127.0.0.1 - - [08/Oct/2026 05:13:55] "POST /json/2/product.supplierinfo/search HTTP/1.1" 200 - 9 0.004 0.009
2026-10-08 05:13:55,463 61 INFO bench werkzeug: 127.0.0.1 - - [08/Oct/2026 05:13:55] "POST /json/2/product.supplierinfo/create HTTP/1.1" 200 - 19 0.008 0.016
2026-10-08 05:13:55,489 61 INFO bench werkzeug: 127.0.0.1 - - [08/Oct/2026 05:13:55] "POST /json/2/product.product/search HTTP/1.1" 200 - 4 0.002 0.006
2026-10-08 05:13:55,564 61 INFO bench odoo.registry: Caches invalidated, signaling through the database: ['default'] 
2026-10-08 05:13:55,569 61 INFO bench werkzeug: 127.0.0.1 - - [08/Oct/2026 05:13:55] "POST /json/2/product.product/create HTTP/1.1" 200 - 60 0.023 0.040
2026-10-08 05:13:55,601 61 INFO bench werkzeug: 127.0.0.1 - - [08/Oct/2026 05:13:55] "POST /json/2/product.product/read HTTP/1.1" 200 - 14 0.006 0.010
2026-10-08 05:13:55,629 61 INFO bench werkzeug: 127.0.0.1 - - [08/Oct/2026 05:13:55] "POST /json/2/product.supplierinfo/search HTTP/1.1" 200 - 9 0.004 0.009
2026-10-08 05:13:55,672 61 INFO bench werkzeug: 127.0.0.1 - - [08/Oct/2026 05:13:55] "POST /json/2/product.supplierinfo/create HTTP/1.1" 200 - 19 0.010 0.018
2026-10-08 05:13:55,698 61 INFO bench werkzeug: 127.0.0.1 - - [08/Oct/2026 05:13:55] "POST /json/2/product.product/search HTTP/1.1" 200 - 4 0.002 0.007
2026-10-08 05:13:55,776 61 INFO bench odoo.registry: Caches invalidated, signaling through the database: ['default'] 
2026-10-08 05:13:55,781 61 INFO bench werkzeug: 127.0.0.1 - - [08/Oct/2026 05:13:55] "POST /json/2/product.product/create HTTP/1.1" 200 - 60 0.025 0.042
2026-10-08 05:13:55,817 61 INFO bench werkzeug: 127.0.0.1 - - [08/Oct/2026 05:13:55] "POST /json/2/product.product/read HTTP/1.1" 200 - 14 0.007 0.012
2026-10-08 05:13:55,844 61 INFO bench werkzeug: 127.0.0.1 - - [08/Oct/2026 05:13:55] "POST /json/2/product.supplierinfo/search HTTP/1.1" 200 - 9 0.003 0.008
2026-10-08 05:13:55,881 61 INFO bench werkzeug: 127.0.0.1 - - [08/Oct/2026 05:13:55] "POST /json/2/product.supplierinfo/create HTTP/1.1" 200 - 19 0.008 0.016
2026-10-08 05:13:55,907 61 INFO bench werkzeug: 127.0.0.1 - - [08/Oct/2026 05:13:55] "POST /json/2/product.product/search HTTP/1.1" 200 - 4 0.002 0.007
2026-10-08 05:13:55,981 61 INFO bench odoo.registry: Caches invalidated, signaling through the database: ['default'] 
2026-10-08 05:13:55,985 61 INFO bench werkzeug: 127.0.0.1 - - [08/Oct/2026 05:13:55] "POST /json/2/product.product/create HTTP/1.1" 200 - 60 0.024 0.040
2026-10-08 05:13:56,027 61 INFO bench werkzeug: 127.0.0.1 - - [08/Oct/2026 05:13:56] "POST /json/2/product.product/read HTTP/1.1" 200 - 14 0.006 0.011
2026-10-08 05:13:56,058 61 INFO bench werkzeug: 127.0.0.1 - - [08/Oct/2026 05:13:56] "POST /json/2/product.supplierinfo/search HTTP/1.1" 200 - 9 0.004 0.010
2026-10-08 05:13:56,100 61 INFO bench werkzeug: 127.0.0.1 - - [08/Oct/2026 05:13:56] "POST /json/2/product.supplierinfo/create HTTP/1.1" 200 - 19 0.008 0.017
2026-10-08 05:13:56,124 61 INFO bench werkzeug: 127.0.0.1 - - [08/Oct/2026 05:13:56] "POST /json/2/product.product/search HTTP/1.1" 200 - 4 0.002 0.007
2026-10-08 05:13:56,197 61 INFO bench odoo.registry: Caches invalidated, signaling through the database: ['default'] 
2026-10-08 05:13:56,201 61 INFO bench werkzeug: 127.0.0.1 - - [08/Oct/2026 05:13:56] "POST /json/2/product.product/create HTTP/1.1" 200 - 60 0.023 0.038
2026-10-08 05:13:56,235 61 INFO bench werkzeug: 127.0.0.1 - - [08/Oct/2026 05:13:56] "POST /json/2/product.product/read HTTP/1.1" 200 - 14 0.007 0.011
2026-10-08 05:13:56,265 61 INFO bench werkzeug: 127.0.0.1 - - [08/Oct/2026 05:13:56] "POST /json/2/product.supplierinfo/search HTTP/1.1" 200 - 9 0.004 0.009
2026-10-08 05:13:56,306 61 INFO bench werkzeug: 127.0.0.1 - - [08/Oct/2026 05:13:56] "POST /json/2/product.supplierinfo/create HTTP/1.1" 200 - 19 0.008 0.017
2026-10-08 05:13:56,331 61 INFO bench werkzeug: 127.0.0.1 - - [08/Oct/2026 05:13:56] "POST /json/2/product.product/search HTTP/1.1" 200 - 4 0.002 0.007
2026-10-08 05:13:56,403 61 INFO bench odoo.registry: Caches invalidated, signaling through the database: ['default'] 
2026-10-08 05:13:56,408 61 INFO bench werkzeug: 127.0.0.1 - - [08/Oct/2026 05:13:56] "POST /json/2/product.product/create HTTP/1.1" 200 - 60 0.022 0.039
2026-10-08 05:13:56,439 61 INFO bench werkzeug: 127.0.0.1 - - [08/Oct/2026 05:13:56] "POST /json/2/product.product/read HTTP/1.1" 200 - 14 0.005 0.009
2026-10-08 05:13:56,466 61 INFO bench werkzeug: 127.0.0.1 - - [08/Oct/2026 05:13:56] "POST /json/2/product.supplierinfo/search HTTP/1.1" 200 - 9 0.004 0.008
2026-10-08 05:13:56,507 61 INFO bench werkzeug: 127.0.0.1 - - [08/Oct/2026 05:13:56] "POST /json/2/product.supplierinfo/create HTTP/1.1" 200 - 19 0.008 0.017
2026-10-08 05:13:56,533 61 INFO bench werkzeug: 127.0.0.1 - - [08/Oct/2026 05:13:56] "POST /json/2/product.product/search HTTP/1.1" 200 - 4 0.002 0.007
2026-10-08 05:13:56,622 61 INFO bench odoo.registry: Caches invalidated, signaling through the database: ['default'] 
2026-10-08 05:13:56,626 61 INFO bench werkzeug: 127.0.0.1 - - [08/Oct/2026 05:13:56] "POST /json/2/product.product/create HTTP/1.1" 200 - 60 0.023 0.038
2026-10-08 05:13:56,659 61 INFO bench werkzeug: 127.0.0.1 - - [08/Oct/2026 05:13:56] "POST /json/2/product.product/read HTTP/1.1" 200 - 14 0.006 0.011
2026-10-08 05:13:56,690 61 INFO bench werkzeug: 127.0.0.1 - - [08/Oct/2026 05:13:56] "POST /json/2/product.supplierinfo/search HTTP/1.1" 200 - 9 0.004 0.009
2026-10-08 05:13:56,733 61 INFO bench werkzeug: 127.0.0.1 - - [08/Oct/2026 05:13:56] "POST /json/2/product.supplierinfo/create HTTP/1.1" 200 - 19 0.009 0.017
2026-10-08 05:13:56,759 61 INFO bench werkzeug: 127.0.0.1 - - [08/Oct/2026 05:13:56] "POST /json/2/product.product/search HTTP/1.1" 200 - 4 0.002 0.007
2026-10-08 05:13:56,835 61 INFO bench odoo.registry: Caches invalidated, signaling through the database: ['default'] 
2026-10-08 05:13:56,840 61 INFO bench werkzeug: 127.0.0.1 - - [08/Oct/2026 05:13:56] "POST /json/2/product.product/create HTTP/1.1" 200 - 60 0.023 0.043
2026-10-08 05:13:56,875 61 INFO bench werkzeug: 127.0.0.1 - - [08/Oct/2026 05:13:56] "POST /json/2/product.product/read HTTP/1.1" 200 - 14 0.006 0.011
2026-10-08 05:13:56,909 61 INFO bench werkzeug: 127.0.0.1 - - [08/Oct/2026 05:13:56] "POST /json/2/product.supplierinfo/search HTTP/1.1" 200 - 9 0.005 0.011
2026-10-08 05:13:56,957 61 INFO bench werkzeug: 127.0.0.1 - - [08/Oct/2026 05:13:56] "POST /json/2/product.supplierinfo/create HTTP/1.1" 200 - 19 0.010 0.018
2026-10-08 05:13:56,982 61 INFO bench werkzeug: 127.0.0.1 - - [08/Oct/2026 05:13:56] "POST /json/2/product.product/search HTTP/1.1" 200 - 4 0.002 0.007
2026-10-08 05:13:57,058 61 INFO bench odoo.registry: Caches invalidated, signaling through the database: ['default'] 
2026-10-08 05:13:57,063 61 INFO bench werkzeug: 127.0.0.1 - - [08/Oct/2026 05:13:57] "POST /json/2/product.product/create HTTP/1.1" 200 - 60 0.024 0.042
2026-10-08 05:13:57,099 61 INFO bench werkzeug: 127.0.0.1 - - [08/Oct/2026 05:13:57] "POST /json/2/product.product/read HTTP/1.1" 200 - 14 0.007 0.012
2026-10-08 05:13:57,128 61 INFO bench werkzeug: 127.0.0.1 - - [08/Oct/2026 05:13:57] "POST /json/2/product.supplierinfo/search HTTP/1.1" 200 - 9 0.004 0.009
2026-10-08 05:13:57,179 61 INFO bench werkzeug: 127.0.0.1 - - [08/Oct/2026 05:13:57] "POST /json/2/product.supplierinfo/create HTTP/1.1" 200 - 19 0.009 0.018
2026-10-08 05:13:57,204 61 INFO bench werkzeug: 127.0.0.1 - - [08/Oct/2026 05:13:57] "POST /json/2/product.product/search HTTP/1.1" 200 - 4 0.003 0.007
2026-10-08 05:13:57,279 61 INFO bench odoo.registry: Caches invalidated, signaling through the database: ['default'] 
2026-10-08 05:13:57,283 61 INFO bench werkzeug: 127.0.0.1 - - [08/Oct/2026 05:13:57] "POST /json/2/product.product/create HTTP/1.1" 200 - 60 0.024 0.040
2026-10-08 05:13:57,312 61 INFO bench werkzeug: 127.0.0.1 - - [08/Oct/2026 05:13:57] "POST /json/2/product.product/read HTTP/1.1" 200 - 14 0.005 0.009
2026-10-08 05:13:57,342 61 INFO bench werkzeug: 127.0.0.1 - - [08/Oct/2026 05:13:57] "POST /json/2/product.supplierinfo/search HTTP/1.1" 200 - 9 0.004 0.009
2026-10-08 05:13:57,385 61 INFO bench werkzeug: 127.0.0.1 - - [08/Oct/2026 05:13:57] "POST /json/2/product.supplierinfo/create HTTP/1.1" 200 - 19 0.009 0.017
2026-10-08 05:13:57,410 61 INFO bench werkzeug: 127.0.0.1 - - [08/Oct/2026 05:13:57] "POST /json/2/product.product/search HTTP/1.1" 200 - 4 0.002 0.007
2026-10-08 05:13:57,475 61 INFO bench odoo.registry: Caches invalidated, signaling through the database: ['default'] 
2026-10-08 05:13:57,479 61 INFO bench werkzeug: 127.0.0.1 - - [08/Oct/2026 05:13:57] "POST /json/2/product.product/create HTTP/1.1" 200 - 60 0.019 0.035
2026-10-08 05:13:57,512 61 INFO bench werkzeug: 127.0.0.1 - - [08/Oct/2026 05:13:57] "POST /json/2/product.product/read HTTP/1.1" 200 - 14 0.006 0.010
2026-10-08 05:13:57,541 61 INFO bench werkzeug: 127.0.0.1 - - [08/Oct/2026 05:13:57] "POST /json/2/product.supplierinfo/search HTTP/1.1" 200 - 9 0.004 0.009
2026-10-08 05:13:57,583 61 INFO bench werkzeug: 127.0.0.1 - - [08/Oct/2026 05:13:57] "POST /json/2/product.supplierinfo/create HTTP/1.1" 200 - 19 0.009 0.018
2026-10-08 05:13:57,609 61 INFO bench werkzeug: 127.0.0.1 - - [08/Oct/2026 05:13:57] "POST /json/2/product.product/search HTTP/1.1" 200 - 4 0.002 0.007
2026-10-08 05:13:57,690 61 INFO bench odoo.registry: Caches invalidated, signaling through the database: ['default'] 
2026-10-08 05:13:57,695 61 INFO bench werkzeug: 127.0.0.1 - - [08/Oct/2026 05:13:57] "POST /json/2/product.product/create HTTP/1.1" 200 - 60 0.026 0.042
2026-10-08 05:13:57,735 61 INFO bench werkzeug: 127.0.0.1 - - [08/Oct/2026 05:13:57] "POST /json/2/product.product/read HTTP/1.1" 200 - 14 0.006 0.011
2026-10-08 05:13:57,765 61 INFO bench werkzeug: 127.0.0.1 - - [08/Oct/2026 05:13:57] "POST /json/2/product.supplierinfo/search HTTP/1.1" 200 - 9 0.004 0.009
2026-10-08 05:13:57,809 61 INFO bench werkzeug: 127.0.0.1 - - [08/Oct/2026 05:13:57] "POST /json/2/product.supplierinfo/create HTTP/1.1" 200 - 19 0.009 0.017
2026-10-08 05:13:57,837 61 INFO bench werkzeug: 127.0.0.1 - - [08/Oct/2026 05:13:57] "POST /json/2/product.product/search HTTP/1.1" 200 - 4 0.003 0.007
2026-10-08 05:13:57,915 61 INFO bench odoo.registry: Caches invalidated, signaling through the database: ['default'] 
2026-10-08 05:13:57,920 61 INFO bench werkzeug: 127.0.0.1 - - [08/Oct/2026 05:13:57] "POST /json/2/product.product/create HTTP/1.1" 200 - 60 0.025 0.041
2026-10-08 05:13:57,956 61 INFO bench werkzeug: 127.0.0.1 - - [08/Oct/2026 05:13:57] "POST /json/2/product.product/read HTTP/1.1" 200 - 14 0.007 0.013
2026-10-08 05:13:57,986 61 INFO bench werkzeug: 127.0.0.1 - - [08/Oct/2026 05:13:57] "POST /json/2/product.supplierinfo/search HTTP/1.1" 200 - 9 0.005 0.009
2026-10-08 05:13:58,031 61 INFO bench werkzeug: 127.0.0.1 - - [08/Oct/2026 05:13:58] "POST /json/2/product.supplierinfo/create HTTP/1.1" 200 - 19 0.010 0.017
2026-10-08 05:13:58,058 61 INFO bench werkzeug: 127.0.0.1 - - [08/Oct/2026 05:13:58] "POST /json/2/product.product/search HTTP/1.1" 200 - 4 0.003 0.007
2026-10-08 05:13:58,135 61 INFO bench odoo.registry: Caches invalidated, signaling through the database: ['default'] 
2026-10-08 05:13:58,142 61 INFO bench werkzeug: 127.0.0.1 - - [08/Oct/2026 05:13:58] "POST /json/2/product.product/create HTTP/1.1" 200 - 60 0.025 0.041
2026-10-08 05:13:58,181 61 INFO bench werkzeug: 127.0.0.1 - - [08/Oct/2026 05:13:58] "POST /json/2/product.product/read HTTP/1.1" 200 - 14 0.008 0.013
2026-10-08 05:13:58,213 61 INFO bench werkzeug: 127.0.0.1 - - [08/Oct/2026 05:13:58] "POST /json/2/product.supplierinfo/search HTTP/1.1" 200 - 9 0.005 0.010
2026-10-08 05:13:58,256 61 INFO bench werkzeug: 127.0.0.1 - - [08/Oct/2026 05:13:58] "POST /json/2/product.supplierinfo/create HTTP/1.1" 200 - 19 0.009 0.017
2026-10-08 05:13:58,292 61 INFO bench werkzeug: 127.0.0.1 - - [08/Oct/2026 05:13:58] "POST /json/2/product.product/search HTTP/1.1" 200 - 4 0.003 0.007
2026-10-08 05:13:58,371 61 INFO bench odoo.registry: Caches invalidated, signaling through the database: ['default'] 
2026-10-08 05:13:58,379 61 INFO bench werkzeug: 127.0.0.1 - - [08/Oct/2026 05:13:58] "POST /json/2/product.product/create HTTP/1.1" 200 - 60 0.027 0.044
2026-10-08 05:13:58,412 61 INFO bench werkzeug: 127.0.0.1 - - [08/Oct/2026 05:13:58] "POST /json/2/product.product/read HTTP/1.1" 200 - 14 0.007 0.011
2026-10-08 05:13:58,445 61 INFO bench werkzeug: 127.0.0.1 - - [08/Oct/2026 05:13:58] "POST /json/2/product.supplierinfo/search HTTP/1.1" 200 - 9 0.005 0.010
2026-10-08 05:13:58,488 61 INFO bench werkzeug: 127.0.0.1 - - [08/Oct/2026 05:13:58] "POST /json/2/product.supplierinfo/create HTTP/1.1" 200 - 19 0.010 0.017
2026-10-08 05:13:58,514 61 INFO bench werkzeug: 127.0.0.1 - - [08/Oct/2026 05:13:58] "POST /json/2/product.product/search HTTP/1.1" 200 - 4 0.002 0.007
2026-10-08 05:13:58,592 61 INFO bench odoo.registry: Caches invalidated, signaling through the database: ['default'] 
2026-10-08 05:13:58,597 61 INFO bench werkzeug: 127.0.0.1 - - [08/Oct/2026 05:13:58] "POST /json/2/product.product/create HTTP/1.1" 200 - 60 0.025 0.040
2026-10-08 05:13:58,631 61 INFO bench werkzeug: 127.0.0.1 - - [08/Oct/2026 05:13:58] "POST /json/2/product.product/read HTTP/1.1" 200 - 14 0.007 0.011
2026-10-08 05:13:58,662 61 INFO bench werkzeug: 127.0.0.1 - - [08/Oct/2026 05:13:58] "POST /json/2/product.supplierinfo/search HTTP/1.1" 200 - 9 0.004 0.010
2026-10-08 05:13:58,704 61 INFO bench werkzeug: 127.0.0.1 - - [08/Oct/2026 05:13:58] "POST /json/2/product.supplierinfo/create HTTP/1.1" 200 - 19 0.009 0.016
2026-10-08 05:13:58,730 61 INFO bench werkzeug: 127.0.0.1 - - [08/Oct/2026 05:13:58] "POST /json/2/product.product/search HTTP/1.1" 200 - 4 0.002 0.007
2026-10-08 05:13:58,807 61 INFO bench odoo.registry: Caches invalidated, signaling through the database: ['default'] 
2026-10-08 05:13:58,811 61 INFO bench werkzeug: 127.0.0.1 - - [08/Oct/2026 05:13:58] "POST /json/2/product.product/create HTTP/1.1" 200 - 60 0.024 0.042
2026-10-08 05:13:58,843 61 INFO bench werkzeug: 127.0.0.1 - - [08/Oct/2026 05:13:58] "POST /json/2/product.product/read HTTP/1.1" 200 - 14 0.006 0.011
2026-10-08 05:13:58,880 61 INFO bench werkzeug: 127.0.0.1 - - [08/Oct/2026 05:13:58] "POST /json/2/product.supplierinfo/search HTTP/1.1" 200 - 9 0.004 0.009
2026-10-08 05:13:58,923 61 INFO bench werkzeug: 127.0.0.1 - - [08/Oct/2026 05:13:58] "POST /json/2/product.supplierinfo/create HTTP/1.1" 200 - 19 0.009 0.018
2026-10-08 05:13:58,953 61 INFO bench werkzeug: 127.0.0.1 - - [08/Oct/2026 05:13:58] "POST /json/2/product.product/read HTTP/1.1" 200 - 7 0.004 0.010
2026-10-08 05:13:58,980 61 INFO bench werkzeug: 127.0.0.1 - - [08/Oct/2026 05:13:58] "POST /json/2/product.supplierinfo/read HTTP/1.1" 200 - 4 0.002 0.007
2026-10-08 05:13:59,030 61 INFO bench werkzeug: 127.0.0.1 - - [08/Oct/2026 05:13:59] "POST /json/2/res.partner/write HTTP/1.1" 200 - 20 0.010 0.024
2026-10-08 05:13:59,067 61 INFO bench werkzeug: 127.0.0.1 - - [08/Oct/2026 05:13:59] "POST /json/2/res.partner/write HTTP/1.1" 200 - 8 0.004 0.015
2026-10-08 05:13:59,106 61 INFO bench werkzeug: 127.0.0.1 - - [08/Oct/2026 05:13:59] "POST /json/2/res.partner/write HTTP/1.1" 200 - 8 0.005 0.015
2026-10-08 05:13:59,142 61 INFO bench werkzeug: 127.0.0.1 - - [08/Oct/2026 05:13:59] "POST /json/2/res.partner/write HTTP/1.1" 200 - 8 0.005 0.014
2026-10-08 05:13:59,177 61 INFO bench werkzeug: 127.0.0.1 - - [08/Oct/2026 05:13:59] "POST /json/2/res.partner/write HTTP/1.1" 200 - 8 0.004 0.014
2026-10-08 05:13:59,210 61 INFO bench werkzeug: 127.0.0.1 - - [08/Oct/2026 05:13:59] "POST /json/2/res.partner/write HTTP/1.1" 200 - 8 0.004 0.013
2026-10-08 05:13:59,245 61 INFO bench werkzeug: 127.0.0.1 - - [08/Oct/2026 05:13:59] "POST /json/2/res.partner/write HTTP/1.1" 200 - 8 0.005 0.014
2026-10-08 05:13:59,280 61 INFO bench werkzeug: 127.0.0.1 - - [08/Oct/2026 05:13:59] "POST /json/2/res.partner/write HTTP/1.1" 200 - 8 0.004 0.013
2026-10-08 05:13:59,316 61 INFO bench werkzeug: 127.0.0.1 - - [08/Oct/2026 05:13:59] "POST /json/2/res.partner/write HTTP/1.1" 200 - 8 0.005 0.016
2026-10-08 05:13:59,357 61 INFO bench werkzeug: 127.0.0.1 - - [08/Oct/2026 05:13:59] "POST /json/2/res.partner/write HTTP/1.1" 200 - 8 0.004 0.013
2026-10-08 05:13:59,391 61 INFO bench werkzeug: 127.0.0.1 - - [08/Oct/2026 05:13:59] "POST /json/2/res.partner/write HTTP/1.1" 200 - 8 0.004 0.013
2026-10-08 05:13:59,425 61 INFO bench werkzeug: 127.0.0.1 - - [08/Oct/2026 05:13:59] "POST /json/2/res.partner/write HTTP/1.1" 200 - 8 0.004 0.013
2026-10-08 05:13:59,458 61 INFO bench werkzeug: 127.0.0.1 - - [08/Oct/2026 05:13:59] "POST /json/2/res.partner/write HTTP/1.1" 200 - 8 0.004 0.013
2026-10-08 05:13:59,492 61 INFO bench werkzeug: 127.0.0.1 - - [08/Oct/2026 05:13:59] "POST /json/2/res.partner/write HTTP/1.1" 200 - 8 0.004 0.013
2026-10-08 05:13:59,527 61 INFO bench werkzeug: 127.0.0.1 - - [08/Oct/2026 05:13:59] "POST /json/2/res.partner/write HTTP/1.1" 200 - 8 0.004 0.014
2026-10-08 05:13:59,560 61 INFO bench werkzeug: 127.0.0.1 - - [08/Oct/2026 05:13:59] "POST /json/2/res.partner/write HTTP/1.1" 200 - 8 0.004 0.014
2026-10-08 05:13:59,595 61 INFO bench werkzeug: 127.0.0.1 - - [08/Oct/2026 05:13:59] "POST /json/2/res.partner/write HTTP/1.1" 200 - 8 0.004 0.014
2026-10-08 05:13:59,627 61 INFO bench werkzeug: 127.0.0.1 - - [08/Oct/2026 05:13:59] "POST /json/2/res.partner/write HTTP/1.1" 200 - 8 0.004 0.014
2026-10-08 05:13:59,661 61 INFO bench werkzeug: 127.0.0.1 - - [08/Oct/2026 05:13:59] "POST /json/2/res.partner/write HTTP/1.1" 200 - 8 0.005 0.014
2026-10-08 05:13:59,694 61 INFO bench werkzeug: 127.0.0.1 - - [08/Oct/2026 05:13:59] "POST /json/2/res.partner/write HTTP/1.1" 200 - 8 0.004 0.014
2026-10-08 05:13:59,729 61 INFO bench werkzeug: 127.0.0.1 - - [08/Oct/2026 05:13:59] "POST /json/2/res.partner/write HTTP/1.1" 200 - 8 0.005 0.014
2026-10-08 05:13:59,763 61 INFO bench werkzeug: 127.0.0.1 - - [08/Oct/2026 05:13:59] "POST /json/2/res.partner/write HTTP/1.1" 200 - 8 0.004 0.014
2026-10-08 05:13:59,797 61 INFO bench werkzeug: 127.0.0.1 - - [08/Oct/2026 05:13:59] "POST /json/2/res.partner/write HTTP/1.1" 200 - 8 0.004 0.014
2026-10-08 05:13:59,839 61 INFO bench werkzeug: 127.0.0.1 - - [08/Oct/2026 05:13:59] "POST /json/2/res.partner/write HTTP/1.1" 200 - 8 0.004 0.013
2026-10-08 05:13:59,875 61 INFO bench werkzeug: 127.0.0.1 - - [08/Oct/2026 05:13:59] "POST /json/2/res.partner/write HTTP/1.1" 200 - 8 0.005 0.014
2026-10-08 05:13:59,912 61 INFO bench werkzeug: 127.0.0.1 - - [08/Oct/2026 05:13:59] "POST /json/2/res.partner/write HTTP/1.1" 200 - 8 0.004 0.013
2026-10-08 05:13:59,945 61 INFO bench werkzeug: 127.0.0.1 - - [08/Oct/2026 05:13:59] "POST /json/2/res.partner/write HTTP/1.1" 200 - 8 0.005 0.014
2026-10-08 05:13:59,978 61 INFO bench werkzeug: 127.0.0.1 - - [08/Oct/2026 05:13:59] "POST /json/2/res.partner/write HTTP/1.1" 200 - 8 0.004 0.013
2026-10-08 05:14:00,012 61 INFO bench werkzeug: 127.0.0.1 - - [08/Oct/2026 05:14:00] "POST /json/2/res.partner/write HTTP/1.1" 200 - 8 0.004 0.015
2026-10-08 05:14:00,047 61 INFO bench werkzeug: 127.0.0.1 - - [08/Oct/2026 05:14:00] "POST /json/2/res.partner/write HTTP/1.1" 200 - 8 0.004 0.014
2026-10-08 05:14:00,080 61 INFO bench werkzeug: 127.0.0.1 - - [08/Oct/2026 05:14:00] "POST /json/2/res.partner/write HTTP/1.1" 200 - 8 0.005 0.014
2026-10-08 05:14:00,114 61 INFO bench werkzeug: 127.0.0.1 - - [08/Oct/2026 05:14:00] "POST /json/2/res.partner/write HTTP/1.1" 200 - 8 0.004 0.013
2026-10-08 05:14:00,147 61 INFO bench werkzeug: 127.0.0.1 - - [08/Oct/2026 05:14:00] "POST /json/2/res.partner/write HTTP/1.1" 200 - 8 0.004 0.013
2026-10-08 05:14:00,181 61 INFO bench werkzeug: 127.0.0.1 - - [08/Oct/2026 05:14:00] "POST /json/2/res.partner/write HTTP/1.1" 200 - 8 0.005 0.014
2026-10-08 05:14:00,214 61 INFO bench werkzeug: 127.0.0.1 - - [08/Oct/2026 05:14:00] "POST /json/2/res.partner/write HTTP/1.1" 200 - 8 0.004 0.014
2026-10-08 05:14:00,248 61 INFO bench werkzeug: 127.0.0.1 - - [08/Oct/2026 05:14:00] "POST /json/2/res.partner/write HTTP/1.1" 200 - 8 0.004 0.014
2026-10-08 05:14:00,290 61 INFO bench werkzeug: 127.0.0.1 - - [08/Oct/2026 05:14:00] "POST /json/2/res.partner/write HTTP/1.1" 200 - 8 0.004 0.014
2026-10-08 05:14:00,325 61 INFO bench werkzeug: 127.0.0.1 - - [08/Oct/2026 05:14:00] "POST /json/2/res.partner/write HTTP/1.1" 200 - 8 0.005 0.014
2026-10-08 05:14:00,360 61 INFO bench werkzeug: 127.0.0.1 - - [08/Oct/2026 05:14:00] "POST /json/2/res.partner/write HTTP/1.1" 200 - 8 0.005 0.014
2026-10-08 05:14:00,396 61 INFO bench werkzeug: 127.0.0.1 - - [08/Oct/2026 05:14:00] "POST /json/2/res.partner/write HTTP/1.1" 200 - 8 0.004 0.015
2026-10-08 05:14:00,430 61 INFO bench werkzeug: 127.0.0.1 - - [08/Oct/2026 05:14:00] "POST /json/2/res.partner/write HTTP/1.1" 200 - 8 0.005 0.015
2026-10-08 05:14:00,468 61 INFO bench werkzeug: 127.0.0.1 - - [08/Oct/2026 05:14:00] "POST /json/2/res.partner/write HTTP/1.1" 200 - 8 0.005 0.016
2026-10-08 05:14:00,508 61 INFO bench werkzeug: 127.0.0.1 - - [08/Oct/2026 05:14:00] "POST /json/2/res.partner/write HTTP/1.1" 200 - 8 0.004 0.017
2026-10-08 05:14:00,542 61 INFO bench werkzeug: 127.0.0.1 - - [08/Oct/2026 05:14:00] "POST /json/2/res.partner/write HTTP/1.1" 200 - 8 0.004 0.014
2026-10-08 05:14:00,578 61 INFO bench werkzeug: 127.0.0.1 - - [08/Oct/2026 05:14:00] "POST /json/2/res.partner/write HTTP/1.1" 200 - 8 0.004 0.014
2026-10-08 05:14:00,612 61 INFO bench werkzeug: 127.0.0.1 - - [08/Oct/2026 05:14:00] "POST /json/2/res.partner/write HTTP/1.1" 200 - 8 0.005 0.014
2026-10-08 05:14:00,651 61 INFO bench werkzeug: 127.0.0.1 - - [08/Oct/2026 05:14:00] "POST /json/2/res.partner/write HTTP/1.1" 200 - 8 0.004 0.018
2026-10-08 05:14:00,686 61 INFO bench werkzeug: 127.0.0.1 - - [08/Oct/2026 05:14:00] "POST /json/2/res.partner/write HTTP/1.1" 200 - 8 0.004 0.014
2026-10-08 05:14:00,722 61 INFO bench werkzeug: 127.0.0.1 - - [08/Oct/2026 05:14:00] "POST /json/2/res.partner/write HTTP/1.1" 200 - 8 0.005 0.015
2026-10-08 05:14:00,769 61 INFO bench werkzeug: 127.0.0.1 - - [08/Oct/2026 05:14:00] "POST /json/2/res.partner/write HTTP/1.1" 200 - 8 0.005 0.015
2026-10-08 05:14:00,809 61 INFO bench werkzeug: 127.0.0.1 - - [08/Oct/2026 05:14:00] "POST /json/2/res.partner/write HTTP/1.1" 200 - 8 0.005 0.015
2026-10-08 05:14:00,844 61 INFO bench werkzeug: 127.0.0.1 - - [08/Oct/2026 05:14:00] "POST /json/2/res.partner/write HTTP/1.1" 200 - 8 0.004 0.015
2026-10-08 05:14:00,878 61 INFO bench werkzeug: 127.0.0.1 - - [08/Oct/2026 05:14:00] "POST /json/2/res.partner/write HTTP/1.1" 200 - 8 0.004 0.014
2026-10-08 05:14:00,911 61 INFO bench werkzeug: 127.0.0.1 - - [08/Oct/2026 05:14:00] "POST /json/2/res.partner/write HTTP/1.1" 200 - 8 0.004 0.013
2026-10-08 05:14:00,939 61 INFO bench werkzeug: 127.0.0.1 - - [08/Oct/2026 05:14:00] "POST /json/2/product.product/read HTTP/1.1" 200 - 5 0.004 0.008
2026-10-08 05:14:00,967 61 INFO bench werkzeug: 127.0.0.1 - - [08/Oct/2026 05:14:00] "POST /json/2/mrp.bom/search HTTP/1.1" 200 - 8 0.004 0.008
2026-10-08 05:14:01,023 61 INFO bench werkzeug: 127.0.0.1 - - [08/Oct/2026 05:14:01] "POST /json/2/mrp.bom/create HTTP/1.1" 200 - 31 0.014 0.026
2026-10-08 05:14:01,061 61 INFO bench werkzeug: 127.0.0.1 - - [08/Oct/2026 05:14:01] "POST /json/2/mrp.bom.line/create HTTP/1.1" 200 - 15 0.008 0.016
2026-10-08 05:14:01,097 61 INFO bench werkzeug: 127.0.0.1 - - [08/Oct/2026 05:14:01] "POST /json/2/mrp.bom.line/create HTTP/1.1" 200 - 10 0.006 0.014
2026-10-08 05:14:01,124 61 INFO bench werkzeug: 127.0.0.1 - - [08/Oct/2026 05:14:01] "POST /json/2/product.product/read HTTP/1.1" 200 - 5 0.003 0.008
2026-10-08 05:14:01,149 61 INFO bench werkzeug: 127.0.0.1 - - [08/Oct/2026 05:14:01] "POST /json/2/mrp.bom/search HTTP/1.1" 200 - 3 0.002 0.006
2026-10-08 05:14:01,191 61 INFO bench werkzeug: 127.0.0.1 - - [08/Oct/2026 05:14:01] "POST /json/2/mrp.bom/create HTTP/1.1" 200 - 16 0.008 0.017
2026-10-08 05:14:01,235 61 INFO bench werkzeug: 127.0.0.1 - - [08/Oct/2026 05:14:01] "POST /json/2/mrp.bom.line/create HTTP/1.1" 200 - 10 0.005 0.014
2026-10-08 05:14:01,270 61 INFO bench werkzeug: 127.0.0.1 - - [08/Oct/2026 05:14:01] "POST /json/2/mrp.bom.line/create HTTP/1.1" 200 - 10 0.005 0.013
2026-10-08 05:14:01,295 61 INFO bench werkzeug: 127.0.0.1 - - [08/Oct/2026 05:14:01] "POST /json/2/product.product/read HTTP/1.1" 200 - 5 0.002 0.007
2026-10-08 05:14:01,318 61 INFO bench werkzeug: 127.0.0.1 - - [08/Oct/2026 05:14:01] "POST /json/2/mrp.bom/search HTTP/1.1" 200 - 3 0.002 0.006
2026-10-08 05:14:01,361 61 INFO bench werkzeug: 127.0.0.1 - - [08/Oct/2026 05:14:01] "POST /json/2/mrp.bom/create HTTP/1.1" 200 - 16 0.008 0.017
2026-10-08 05:14:01,396 61 INFO bench werkzeug: 127.0.0.1 - - [08/Oct/2026 05:14:01] "POST /json/2/mrp.bom.line/create HTTP/1.1" 200 - 10 0.005 0.014
2026-10-08 05:14:01,431 61 INFO bench werkzeug: 127.0.0.1 - - [08/Oct/2026 05:14:01] "POST /json/2/mrp.bom.line/create HTTP/1.1" 200 - 10 0.005 0.013
2026-10-08 05:14:01,457 61 INFO bench werkzeug: 127.0.0.1 - - [08/Oct/2026 05:14:01] "POST /json/2/product.product/read HTTP/1.1" 200 - 5 0.002 0.007
2026-10-08 05:14:01,482 61 INFO bench werkzeug: 127.0.0.1 - - [08/Oct/2026 05:14:01] "POST /json/2/mrp.bom/search HTTP/1.1" 200 - 3 0.001 0.005
2026-10-08 05:14:01,521 61 INFO bench werkzeug: 127.0.0.1 - - [08/Oct/2026 05:14:01] "POST /json/2/mrp.bom/create HTTP/1.1" 200 - 16 0.007 0.017
2026-10-08 05:14:01,554 61 INFO bench werkzeug: 127.0.0.1 - - [08/Oct/2026 05:14:01] "POST /json/2/mrp.bom.line/create HTTP/1.1" 200 - 10 0.005 0.014
2026-10-08 05:14:01,580 61 INFO bench werkzeug: 127.0.0.1 - - [08/Oct/2026 05:14:01] "POST /json/2/product.product/read HTTP/1.1" 200 - 5 0.003 0.008
2026-10-08 05:14:01,601 61 INFO bench werkzeug: 127.0.0.1 - - [08/Oct/2026 05:14:01] "POST /json/2/mrp.bom/search HTTP/1.1" 200 - 3 0.001 0.005
2026-10-08 05:14:01,638 61 INFO bench werkzeug: 127.0.0.1 - - [08/Oct/2026 05:14:01] "POST /json/2/mrp.bom/create HTTP/1.1" 200 - 16 0.006 0.017
2026-10-08 05:14:01,683 61 INFO bench werkzeug: 127.0.0.1 - - [08/Oct/2026 05:14:01] "POST /json/2/mrp.bom.line/create HTTP/1.1" 200 - 10 0.006 0.015
2026-10-08 05:14:01,710 61 INFO bench werkzeug: 127.0.0.1 - - [08/Oct/2026 05:14:01] "POST /json/2/product.product/read HTTP/1.1" 200 - 5 0.003 0.008
2026-10-08 05:14:01,734 61 INFO bench werkzeug: 127.0.0.1 - - [08/Oct/2026 05:14:01] "POST /json/2/mrp.bom/search HTTP/1.1" 200 - 3 0.002 0.006
2026-10-08 05:14:01,774 61 INFO bench werkzeug: 127.0.0.1 - - [08/Oct/2026 05:14:01] "POST /json/2/mrp.bom/create HTTP/1.1" 200 - 16 0.008 0.017
2026-10-08 05:14:01,811 61 INFO bench werkzeug: 127.0.0.1 - - [08/Oct/2026 05:14:01] "POST /json/2/mrp.bom.line/create HTTP/1.1" 200 - 10 0.006 0.015
2026-10-08 05:14:01,837 61 INFO bench werkzeug: 127.0.0.1 - - [08/Oct/2026 05:14:01] "POST /json/2/product.product/read HTTP/1.1" 200 - 5 0.003 0.008
2026-10-08 05:14:01,860 61 INFO bench werkzeug: 127.0.0.1 - - [08/Oct/2026 05:14:01] "POST /json/2/mrp.bom/search HTTP/1.1" 200 - 3 0.002 0.006
2026-10-08 05:14:01,903 61 INFO bench werkzeug: 127.0.0.1 - - [08/Oct/2026 05:14:01] "POST /json/2/mrp.bom/create HTTP/1.1" 200 - 16 0.007 0.019
2026-10-08 05:14:01,937 61 INFO bench werkzeug: 127.0.0.1 - - [08/Oct/2026 05:14:01] "POST /json/2/mrp.bom.line/create HTTP/1.1" 200 - 10 0.005 0.013
2026-10-08 05:14:01,963 61 INFO bench werkzeug: 127.0.0.1 - - [08/Oct/2026 05:14:01] "POST /json/2/product.product/read HTTP/1.1" 200 - 5 0.003 0.007
2026-10-08 05:14:01,988 61 INFO bench werkzeug: 127.0.0.1 - - [08/Oct/2026 05:14:01] "POST /json/2/mrp.bom/search HTTP/1.1" 200 - 3 0.002 0.006
2026-10-08 05:14:02,030 61 INFO bench werkzeug: 127.0.0.1 - - [08/Oct/2026 05:14:02] "POST /json/2/mrp.bom/create HTTP/1.1" 200 - 16 0.008 0.018
2026-10-08 05:14:02,063 61 INFO bench werkzeug: 127.0.0.1 - - [08/Oct/2026 05:14:02] "POST /json/2/mrp.bom.line/create HTTP/1.1" 200 - 10 0.005 0.013
2026-10-08 05:14:02,107 61 INFO bench werkzeug: 127.0.0.1 - - [08/Oct/2026 05:14:02] "POST /json/2/mrp.bom.line/create HTTP/1.1" 200 - 10 0.005 0.014
2026-10-08 05:14:02,133 61 INFO bench werkzeug: 127.0.0.1 - - [08/Oct/2026 05:14:02] "POST /json/2/product.product/read HTTP/1.1" 200 - 5 0.003 0.008
2026-10-08 05:14:02,158 61 INFO bench werkzeug: 127.0.0.1 - - [08/Oct/2026 05:14:02] "POST /json/2/mrp.bom/search HTTP/1.1" 200 - 3 0.001 0.006
2026-10-08 05:14:02,200 61 INFO bench werkzeug: 127.0.0.1 - - [08/Oct/2026 05:14:02] "POST /json/2/mrp.bom/create HTTP/1.1" 200 - 16 0.008 0.019
2026-10-08 05:14:02,237 61 INFO bench werkzeug: 127.0.0.1 - - [08/Oct/2026 05:14:02] "POST /json/2/mrp.bom.line/create HTTP/1.1" 200 - 10 0.005 0.015
2026-10-08 05:14:02,273 61 INFO bench werkzeug: 127.0.0.1 - - [08/Oct/2026 05:14:02] "POST /json/2/mrp.bom.line/create HTTP/1.1" 200 - 10 0.006 0.014
2026-10-08 05:14:02,301 61 INFO bench werkzeug: 127.0.0.1 - - [08/Oct/2026 05:14:02] "POST /json/2/product.product/read HTTP/1.1" 200 - 5 0.003 0.008
2026-10-08 05:14:02,325 61 INFO bench werkzeug: 127.0.0.1 - - [08/Oct/2026 05:14:02] "POST /json/2/mrp.bom/search HTTP/1.1" 200 - 3 0.002 0.006
2026-10-08 05:14:02,369 61 INFO bench werkzeug: 127.0.0.1 - - [08/Oct/2026 05:14:02] "POST /json/2/mrp.bom/create HTTP/1.1" 200 - 16 0.009 0.019
2026-10-08 05:14:02,408 61 INFO bench werkzeug: 127.0.0.1 - - [08/Oct/2026 05:14:02] "POST /json/2/mrp.bom.line/create HTTP/1.1" 200 - 10 0.006 0.015
2026-10-08 05:14:02,445 61 INFO bench werkzeug: 127.0.0.1 - - [08/Oct/2026 05:14:02] "POST /json/2/mrp.bom.line/create HTTP/1.1" 200 - 10 0.005 0.014
2026-10-08 05:14:02,470 61 INFO bench werkzeug: 127.0.0.1 - - [08/Oct/2026 05:14:02] "POST /json/2/mrp.bom/read HTTP/1.1" 200 - 3 0.002 0.006
2026-10-08 05:14:02,499 61 INFO bench werkzeug: 127.0.0.1 - - [08/Oct/2026 05:14:02] "POST /json/2/mrp.bom.line/read HTTP/1.1" 200 - 8 0.004 0.008
2026-10-08 05:14:02,529 61 INFO bench werkzeug: 127.0.0.1 - - [08/Oct/2026 05:14:02] "POST /json/2/stock.warehouse/search HTTP/1.1" 200 - 8 0.004 0.008
2026-10-08 05:14:02,554 61 INFO bench werkzeug: 127.0.0.1 - - [08/Oct/2026 05:14:02] "POST /json/2/stock.warehouse/read HTTP/1.1" 200 - 5 0.002 0.006
2026-10-08 05:14:02,581 61 INFO bench werkzeug: 127.0.0.1 - - [08/Oct/2026 05:14:02] "POST /json/2/product.product/read HTTP/1.1" 200 - 5 0.003 0.008
2026-10-08 05:14:02,611 61 INFO bench werkzeug: 127.0.0.1 - - [08/Oct/2026 05:14:02] "POST /json/2/stock.quant/search HTTP/1.1" 200 - 8 0.004 0.008
2026-10-08 05:14:02,654 61 INFO bench werkzeug: 127.0.0.1 - - [08/Oct/2026 05:14:02] "POST /json/2/stock.quant/create HTTP/1.1" 200 - 19 0.008 0.019
2026-10-08 05:14:02,750 61 INFO bench werkzeug: 127.0.0.1 - - [08/Oct/2026 05:14:02] "POST /json/2/stock.quant/action_apply_inventory HTTP/1.1" 200 - 62 0.031 0.049
2026-10-08 05:14:02,775 61 INFO bench werkzeug: 127.0.0.1 - - [08/Oct/2026 05:14:02] "POST /json/2/product.product/read HTTP/1.1" 200 - 5 0.003 0.007
2026-10-08 05:14:02,798 61 INFO bench werkzeug: 127.0.0.1 - - [08/Oct/2026 05:14:02] "POST /json/2/stock.quant/search HTTP/1.1" 200 - 3 0.001 0.005
2026-10-08 05:14:02,834 61 INFO bench werkzeug: 127.0.0.1 - - [08/Oct/2026 05:14:02] "POST /json/2/stock.quant/create HTTP/1.1" 200 - 11 0.005 0.015
2026-10-08 05:14:02,905 61 INFO bench werkzeug: 127.0.0.1 - - [08/Oct/2026 05:14:02] "POST /json/2/stock.quant/action_apply_inventory HTTP/1.1" 200 - 36 0.018 0.037
2026-10-08 05:14:02,932 61 INFO bench werkzeug: 127.0.0.1 - - [08/Oct/2026 05:14:02] "POST /json/2/product.product/read HTTP/1.1" 200 - 5 0.003 0.008
2026-10-08 05:14:02,954 61 INFO bench werkzeug: 127.0.0.1 - - [08/Oct/2026 05:14:02] "POST /json/2/stock.quant/search HTTP/1.1" 200 - 3 0.002 0.006
2026-10-08 05:14:02,997 61 INFO bench werkzeug: 127.0.0.1 - - [08/Oct/2026 05:14:02] "POST /json/2/stock.quant/create HTTP/1.1" 200 - 11 0.005 0.015
2026-10-08 05:14:03,064 61 INFO bench werkzeug: 127.0.0.1 - - [08/Oct/2026 05:14:03] "POST /json/2/stock.quant/action_apply_inventory HTTP/1.1" 200 - 36 0.018 0.033
2026-10-08 05:14:03,093 61 INFO bench werkzeug: 127.0.0.1 - - [08/Oct/2026 05:14:03] "POST /json/2/product.product/read HTTP/1.1" 200 - 5 0.003 0.008
2026-10-08 05:14:03,118 61 INFO bench werkzeug: 127.0.0.1 - - [08/Oct/2026 05:14:03] "POST /json/2/stock.quant/search HTTP/1.1" 200 - 3 0.001 0.006
2026-10-08 05:14:03,154 61 INFO bench werkzeug: 127.0.0.1 - - [08/Oct/2026 05:14:03] "POST /json/2/stock.quant/create HTTP/1.1" 200 - 11 0.005 0.015
2026-10-08 05:14:03,228 61 INFO bench werkzeug: 127.0.0.1 - - [08/Oct/2026 05:14:03] "POST /json/2/stock.quant/action_apply_inventory HTTP/1.1" 200 - 36 0.020 0.038
2026-10-08 05:14:03,261 61 INFO bench werkzeug: 127.0.0.1 - - [08/Oct/2026 05:14:03] "POST /json/2/product.product/read HTTP/1.1" 200 - 5 0.003 0.009
2026-10-08 05:14:03,288 61 INFO bench werkzeug: 127.0.0.1 - - [08/Oct/2026 05:14:03] "POST /json/2/stock.quant/search HTTP/1.1" 200 - 3 0.002 0.007
2026-10-08 05:14:03,330 61 INFO bench werkzeug: 127.0.0.1 - - [08/Oct/2026 05:14:03] "POST /json/2/stock.quant/create HTTP/1.1" 200 - 11 0.007 0.017
2026-10-08 05:14:03,403 61 INFO bench werkzeug: 127.0.0.1 - - [08/Oct/2026 05:14:03] "POST /json/2/stock.quant/action_apply_inventory HTTP/1.1" 200 - 36 0.019 0.037
2026-10-08 05:14:03,432 61 INFO bench werkzeug: 127.0.0.1 - - [08/Oct/2026 05:14:03] "POST /json/2/product.product/read HTTP/1.1" 200 - 5 0.003 0.009
2026-10-08 05:14:03,457 61 INFO bench werkzeug: 127.0.0.1 - - [08/Oct/2026 05:14:03] "POST /json/2/stock.quant/search HTTP/1.1" 200 - 3 0.001 0.006
2026-10-08 05:14:03,494 61 INFO bench werkzeug: 127.0.0.1 - - [08/Oct/2026 05:14:03] "POST /json/2/stock.quant/create HTTP/1.1" 200 - 11 0.005 0.015
2026-10-08 05:14:03,564 61 INFO bench werkzeug: 127.0.0.1 - - [08/Oct/2026 05:14:03] "POST /json/2/stock.quant/action_apply_inventory HTTP/1.1" 200 - 36 0.017 0.036
2026-10-08 05:14:03,600 61 INFO bench werkzeug: 127.0.0.1 - - [08/Oct/2026 05:14:03] "POST /json/2/product.product/read HTTP/1.1" 200 - 5 0.003 0.008
2026-10-08 05:14:03,625 61 INFO bench werkzeug: 127.0.0.1 - - [08/Oct/2026 05:14:03] "POST /json/2/stock.quant/search HTTP/1.1" 200 - 3 0.002 0.006
2026-10-08 05:14:03,661 61 INFO bench werkzeug: 127.0.0.1 - - [08/Oct/2026 05:14:03] "POST /json/2/stock.quant/create HTTP/1.1" 200 - 11 0.005 0.014
2026-10-08 05:14:03,736 61 INFO bench werkzeug: 127.0.0.1 - - [08/Oct/2026 05:14:03] "POST /json/2/stock.quant/action_apply_inventory HTTP/1.1" 200 - 36 0.018 0.039
2026-10-08 05:14:03,765 61 INFO bench werkzeug: 127.0.0.1 - - [08/Oct/2026 05:14:03] "POST /json/2/product.product/read HTTP/1.1" 200 - 5 0.003 0.009
2026-10-08 05:14:03,789 61 INFO bench werkzeug: 127.0.0.1 - - [08/Oct/2026 05:14:03] "POST /json/2/stock.quant/search HTTP/1.1" 200 - 3 0.002 0.006
2026-10-08 05:14:03,827 61 INFO bench werkzeug: 127.0.0.1 - - [08/Oct/2026 05:14:03] "POST /json/2/stock.quant/create HTTP/1.1" 200 - 11 0.005 0.015
2026-10-08 05:14:03,897 61 INFO bench werkzeug: 127.0.0.1 - - [08/Oct/2026 05:14:03] "POST /json/2/stock.quant/action_apply_inventory HTTP/1.1" 200 - 36 0.017 0.036
2026-10-08 05:14:03,923 61 INFO bench werkzeug: 127.0.0.1 - - [08/Oct/2026 05:14:03] "POST /json/2/product.product/read HTTP/1.1" 200 - 5 0.003 0.008
2026-10-08 05:14:03,947 61 INFO bench werkzeug: 127.0.0.1 - - [08/Oct/2026 05:14:03] "POST /json/2/stock.quant/search HTTP/1.1" 200 - 3 0.002 0.006
2026-10-08 05:14:03,983 61 INFO bench werkzeug: 127.0.0.1 - - [08/Oct/2026 05:14:03] "POST /json/2/stock.quant/create HTTP/1.1" 200 - 11 0.004 0.015
2026-10-08 05:14:04,056 61 INFO bench werkzeug: 127.0.0.1 - - [08/Oct/2026 05:14:04] "POST /json/2/stock.quant/action_apply_inventory HTTP/1.1" 200 - 36 0.016 0.038
2026-10-08 05:14:04,082 61 INFO bench werkzeug: 127.0.0.1 - - [08/Oct/2026 05:14:04] "POST /json/2/product.product/read HTTP/1.1" 200 - 5 0.003 0.008
2026-10-08 05:14:04,112 61 INFO bench werkzeug: 127.0.0.1 - - [08/Oct/2026 05:14:04] "POST /json/2/stock.quant/search HTTP/1.1" 200 - 3 0.001 0.006
2026-10-08 05:14:04,148 61 INFO bench werkzeug: 127.0.0.1 - - [08/Oct/2026 05:14:04] "POST /json/2/stock.quant/create HTTP/1.1" 200 - 11 0.004 0.015
2026-10-08 05:14:04,218 61 INFO bench werkzeug: 127.0.0.1 - - [08/Oct/2026 05:14:04] "POST /json/2/stock.quant/action_apply_inventory HTTP/1.1" 200 - 36 0.018 0.038
2026-10-08 05:14:04,248 61 INFO bench werkzeug: 127.0.0.1 - - [08/Oct/2026 05:14:04] "POST /json/2/product.product/read HTTP/1.1" 200 - 5 0.003 0.009
2026-10-08 05:14:04,276 61 INFO bench werkzeug: 127.0.0.1 - - [08/Oct/2026 05:14:04] "POST /json/2/stock.quant/search HTTP/1.1" 200 - 3 0.002 0.007
2026-10-08 05:14:04,318 61 INFO bench werkzeug: 127.0.0.1 - - [08/Oct/2026 05:14:04] "POST /json/2/stock.quant/create HTTP/1.1" 200 - 11 0.006 0.018
2026-10-08 05:14:04,399 61 INFO bench werkzeug: 127.0.0.1 - - [08/Oct/2026 05:14:04] "POST /json/2/stock.quant/action_apply_inventory HTTP/1.1" 200 - 36 0.021 0.042
2026-10-08 05:14:04,430 61 INFO bench werkzeug: 127.0.0.1 - - [08/Oct/2026 05:14:04] "POST /json/2/product.product/read HTTP/1.1" 200 - 5 0.003 0.009
2026-10-08 05:14:04,455 61 INFO bench werkzeug: 127.0.0.1 - - [08/Oct/2026 05:14:04] "POST /json/2/stock.quant/search HTTP/1.1" 200 - 3 0.002 0.007
2026-10-08 05:14:04,497 61 INFO bench werkzeug: 127.0.0.1 - - [08/Oct/2026 05:14:04] "POST /json/2/stock.quant/create HTTP/1.1" 200 - 11 0.006 0.017
2026-10-08 05:14:04,580 61 INFO bench werkzeug: 127.0.0.1 - - [08/Oct/2026 05:14:04] "POST /json/2/stock.quant/action_apply_inventory HTTP/1.1" 200 - 36 0.020 0.043
2026-10-08 05:14:04,610 61 INFO bench werkzeug: 127.0.0.1 - - [08/Oct/2026 05:14:04] "POST /json/2/product.product/read HTTP/1.1" 200 - 5 0.003 0.008
2026-10-08 05:14:04,637 61 INFO bench werkzeug: 127.0.0.1 - - [08/Oct/2026 05:14:04] "POST /json/2/stock.quant/search HTTP/1.1" 200 - 3 0.002 0.007
2026-10-08 05:14:04,686 61 INFO bench werkzeug: 127.0.0.1 - - [08/Oct/2026 05:14:04] "POST /json/2/stock.quant/create HTTP/1.1" 200 - 11 0.006 0.016
2026-10-08 05:14:04,762 61 INFO bench werkzeug: 127.0.0.1 - - [08/Oct/2026 05:14:04] "POST /json/2/stock.quant/action_apply_inventory HTTP/1.1" 200 - 36 0.020 0.040
2026-10-08 05:14:04,792 61 INFO bench werkzeug: 127.0.0.1 - - [08/Oct/2026 05:14:04] "POST /json/2/product.product/read HTTP/1.1" 200 - 5 0.003 0.009
2026-10-08 05:14:04,819 61 INFO bench werkzeug: 127.0.0.1 - - [08/Oct/2026 05:14:04] "POST /json/2/stock.quant/search HTTP/1.1" 200 - 3 0.002 0.006
2026-10-08 05:14:04,856 61 INFO bench werkzeug: 127.0.0.1 - - [08/Oct/2026 05:14:04] "POST /json/2/stock.quant/create HTTP/1.1" 200 - 11 0.005 0.015
2026-10-08 05:14:04,938 61 INFO bench werkzeug: 127.0.0.1 - - [08/Oct/2026 05:14:04] "POST /json/2/stock.quant/action_apply_inventory HTTP/1.1" 200 - 36 0.022 0.042
2026-10-08 05:14:04,970 61 INFO bench werkzeug: 127.0.0.1 - - [08/Oct/2026 05:14:04] "POST /json/2/product.product/read HTTP/1.1" 200 - 5 0.004 0.009
2026-10-08 05:14:04,995 61 INFO bench werkzeug: 127.0.0.1 - - [08/Oct/2026 05:14:04] "POST /json/2/stock.quant/search HTTP/1.1" 200 - 3 0.002 0.006
2026-10-08 05:14:05,036 61 INFO bench werkzeug: 127.0.0.1 - - [08/Oct/2026 05:14:05] "POST /json/2/stock.quant/create HTTP/1.1" 200 - 11 0.007 0.017
2026-10-08 05:14:05,110 61 INFO bench werkzeug: 127.0.0.1 - - [08/Oct/2026 05:14:05] "POST /json/2/stock.quant/action_apply_inventory HTTP/1.1" 200 - 36 0.018 0.038
2026-10-08 05:14:05,138 61 INFO bench werkzeug: 127.0.0.1 - - [08/Oct/2026 05:14:05] "POST /json/2/product.product/read HTTP/1.1" 200 - 5 0.003 0.008
2026-10-08 05:14:05,162 61 INFO bench werkzeug: 127.0.0.1 - - [08/Oct/2026 05:14:05] "POST /json/2/stock.quant/search HTTP/1.1" 200 - 3 0.001 0.006
2026-10-08 05:14:05,198 61 INFO bench werkzeug: 127.0.0.1 - - [08/Oct/2026 05:14:05] "POST /json/2/stock.quant/create HTTP/1.1" 200 - 11 0.005 0.015
2026-10-08 05:14:05,279 61 INFO bench werkzeug: 127.0.0.1 - - [08/Oct/2026 05:14:05] "POST /json/2/stock.quant/action_apply_inventory HTTP/1.1" 200 - 36 0.020 0.037
2026-10-08 05:14:05,306 61 INFO bench werkzeug: 127.0.0.1 - - [08/Oct/2026 05:14:05] "POST /json/2/product.product/read HTTP/1.1" 200 - 5 0.003 0.008
2026-10-08 05:14:05,329 61 INFO bench werkzeug: 127.0.0.1 - - [08/Oct/2026 05:14:05] "POST /json/2/stock.quant/search HTTP/1.1" 200 - 3 0.002 0.006
2026-10-08 05:14:05,372 61 INFO bench werkzeug: 127.0.0.1 - - [08/Oct/2026 05:14:05] "POST /json/2/stock.quant/create HTTP/1.1" 200 - 11 0.006 0.016
2026-10-08 05:14:05,449 61 INFO bench werkzeug: 127.0.0.1 - - [08/Oct/2026 05:14:05] "POST /json/2/stock.quant/action_apply_inventory HTTP/1.1" 200 - 36 0.020 0.038
2026-10-08 05:14:05,478 61 INFO bench werkzeug: 127.0.0.1 - - [08/Oct/2026 05:14:05] "POST /json/2/product.product/read HTTP/1.1" 200 - 5 0.003 0.009
2026-10-08 05:14:05,503 61 INFO bench werkzeug: 127.0.0.1 - - [08/Oct/2026 05:14:05] "POST /json/2/stock.quant/search HTTP/1.1" 200 - 3 0.002 0.007
2026-10-08 05:14:05,541 61 INFO bench werkzeug: 127.0.0.1 - - [08/Oct/2026 05:14:05] "POST /json/2/stock.quant/create HTTP/1.1" 200 - 11 0.005 0.016
2026-10-08 05:14:05,612 61 INFO bench werkzeug: 127.0.0.1 - - [08/Oct/2026 05:14:05] "POST /json/2/stock.quant/action_apply_inventory HTTP/1.1" 200 - 36 0.018 0.037
2026-10-08 05:14:05,640 61 INFO bench werkzeug: 127.0.0.1 - - [08/Oct/2026 05:14:05] "POST /json/2/product.product/read HTTP/1.1" 200 - 5 0.003 0.008
2026-10-08 05:14:05,663 61 INFO bench werkzeug: 127.0.0.1 - - [08/Oct/2026 05:14:05] "POST /json/2/stock.quant/search HTTP/1.1" 200 - 3 0.001 0.006
2026-10-08 05:14:05,698 61 INFO bench werkzeug: 127.0.0.1 - - [08/Oct/2026 05:14:05] "POST /json/2/stock.quant/create HTTP/1.1" 200 - 11 0.005 0.014
2026-10-08 05:14:05,768 61 INFO bench werkzeug: 127.0.0.1 - - [08/Oct/2026 05:14:05] "POST /json/2/stock.quant/action_apply_inventory HTTP/1.1" 200 - 36 0.017 0.035
2026-10-08 05:14:05,805 61 INFO bench werkzeug: 127.0.0.1 - - [08/Oct/2026 05:14:05] "POST /json/2/product.product/read HTTP/1.1" 200 - 5 0.003 0.008
2026-10-08 05:14:05,829 61 INFO bench werkzeug: 127.0.0.1 - - [08/Oct/2026 05:14:05] "POST /json/2/stock.quant/search HTTP/1.1" 200 - 3 0.001 0.006
2026-10-08 05:14:05,866 61 INFO bench werkzeug: 127.0.0.1 - - [08/Oct/2026 05:14:05] "POST /json/2/stock.quant/create HTTP/1.1" 200 - 11 0.005 0.015
2026-10-08 05:14:05,935 61 INFO bench werkzeug: 127.0.0.1 - - [08/Oct/2026 05:14:05] "POST /json/2/stock.quant/action_apply_inventory HTTP/1.1" 200 - 36 0.017 0.036
2026-10-08 05:14:05,961 61 INFO bench werkzeug: 127.0.0.1 - - [08/Oct/2026 05:14:05] "POST /json/2/product.product/read HTTP/1.1" 200 - 5 0.002 0.007
2026-10-08 05:14:05,986 61 INFO bench werkzeug: 127.0.0.1 - - [08/Oct/2026 05:14:05] "POST /json/2/stock.quant/search HTTP/1.1" 200 - 3 0.002 0.007
2026-10-08 05:14:06,027 61 INFO bench werkzeug: 127.0.0.1 - - [08/Oct/2026 05:14:06] "POST /json/2/stock.quant/create HTTP/1.1" 200 - 11 0.005 0.017
2026-10-08 05:14:06,101 61 INFO bench werkzeug: 127.0.0.1 - - [08/Oct/2026 05:14:06] "POST /json/2/stock.quant/action_apply_inventory HTTP/1.1" 200 - 36 0.018 0.039
2026-10-08 05:14:06,129 61 INFO bench werkzeug: 127.0.0.1 - - [08/Oct/2026 05:14:06] "POST /json/2/product.product/read HTTP/1.1" 200 - 5 0.003 0.008
2026-10-08 05:14:06,152 61 INFO bench werkzeug: 127.0.0.1 - - [08/Oct/2026 05:14:06] "POST /json/2/stock.quant/search HTTP/1.1" 200 - 3 0.002 0.006
2026-10-08 05:14:06,188 61 INFO bench werkzeug: 127.0.0.1 - - [08/Oct/2026 05:14:06] "POST /json/2/stock.quant/create HTTP/1.1" 200 - 11 0.006 0.015
2026-10-08 05:14:06,260 61 INFO bench werkzeug: 127.0.0.1 - - [08/Oct/2026 05:14:06] "POST /json/2/stock.quant/action_apply_inventory HTTP/1.1" 200 - 36 0.019 0.037
2026-10-08 05:14:06,287 61 INFO bench werkzeug: 127.0.0.1 - - [08/Oct/2026 05:14:06] "POST /json/2/product.product/read HTTP/1.1" 200 - 5 0.003 0.008
2026-10-08 05:14:06,321 61 INFO bench werkzeug: 127.0.0.1 - - [08/Oct/2026 05:14:06] "POST /json/2/stock.quant/search HTTP/1.1" 200 - 3 0.002 0.006
2026-10-08 05:14:06,361 61 INFO bench werkzeug: 127.0.0.1 - - [08/Oct/2026 05:14:06] "POST /json/2/stock.quant/create HTTP/1.1" 200 - 11 0.005 0.017
2026-10-08 05:14:06,441 61 INFO bench werkzeug: 127.0.0.1 - - [08/Oct/2026 05:14:06] "POST /json/2/stock.quant/action_apply_inventory HTTP/1.1" 200 - 36 0.020 0.041
2026-10-08 05:14:06,469 61 INFO bench werkzeug: 127.0.0.1 - - [08/Oct/2026 05:14:06] "POST /json/2/product.product/read HTTP/1.1" 200 - 5 0.003 0.009
2026-10-08 05:14:06,495 61 INFO bench werkzeug: 127.0.0.1 - - [08/Oct/2026 05:14:06] "POST /json/2/stock.quant/search HTTP/1.1" 200 - 3 0.002 0.007
2026-10-08 05:14:06,532 61 INFO bench werkzeug: 127.0.0.1 - - [08/Oct/2026 05:14:06] "POST /json/2/stock.quant/create HTTP/1.1" 200 - 11 0.005 0.016
2026-10-08 05:14:06,602 61 INFO bench werkzeug: 127.0.0.1 - - [08/Oct/2026 05:14:06] "GET /web/health HTTP/1.1" 200 - 2 0.005 0.017
2026-10-08 05:14:06,607 61 INFO bench werkzeug: 127.0.0.1 - - [08/Oct/2026 05:14:06] "POST /json/2/stock.quant/action_apply_inventory HTTP/1.1" 200 - 36 0.020 0.039
2026-10-08 05:14:06,641 61 INFO bench werkzeug: 127.0.0.1 - - [08/Oct/2026 05:14:06] "POST /json/2/product.product/read HTTP/1.1" 200 - 5 0.004 0.010
2026-10-08 05:14:06,667 61 INFO bench werkzeug: 127.0.0.1 - - [08/Oct/2026 05:14:06] "POST /json/2/stock.quant/search HTTP/1.1" 200 - 3 0.002 0.006
2026-10-08 05:14:06,707 61 INFO bench werkzeug: 127.0.0.1 - - [08/Oct/2026 05:14:06] "POST /json/2/stock.quant/create HTTP/1.1" 200 - 11 0.006 0.016
2026-10-08 05:14:06,779 61 INFO bench werkzeug: 127.0.0.1 - - [08/Oct/2026 05:14:06] "POST /json/2/stock.quant/action_apply_inventory HTTP/1.1" 200 - 36 0.018 0.037
2026-10-08 05:14:06,809 61 INFO bench werkzeug: 127.0.0.1 - - [08/Oct/2026 05:14:06] "POST /json/2/product.product/read HTTP/1.1" 200 - 5 0.003 0.009
2026-10-08 05:14:06,832 61 INFO bench werkzeug: 127.0.0.1 - - [08/Oct/2026 05:14:06] "POST /json/2/stock.quant/search HTTP/1.1" 200 - 3 0.001 0.006
2026-10-08 05:14:06,876 61 INFO bench werkzeug: 127.0.0.1 - - [08/Oct/2026 05:14:06] "POST /json/2/stock.quant/create HTTP/1.1" 200 - 11 0.005 0.014
2026-10-08 05:14:06,946 61 INFO bench werkzeug: 127.0.0.1 - - [08/Oct/2026 05:14:06] "POST /json/2/stock.quant/action_apply_inventory HTTP/1.1" 200 - 36 0.018 0.035
2026-10-08 05:14:06,973 61 INFO bench werkzeug: 127.0.0.1 - - [08/Oct/2026 05:14:06] "POST /json/2/product.product/read HTTP/1.1" 200 - 5 0.003 0.008
2026-10-08 05:14:06,997 61 INFO bench werkzeug: 127.0.0.1 - - [08/Oct/2026 05:14:06] "POST /json/2/stock.quant/search HTTP/1.1" 200 - 3 0.002 0.006
2026-10-08 05:14:07,034 61 INFO bench werkzeug: 127.0.0.1 - - [08/Oct/2026 05:14:07] "POST /json/2/stock.quant/create HTTP/1.1" 200 - 11 0.005 0.015
2026-10-08 05:14:07,102 61 INFO bench werkzeug: 127.0.0.1 - - [08/Oct/2026 05:14:07] "POST /json/2/stock.quant/action_apply_inventory HTTP/1.1" 200 - 36 0.016 0.036
2026-10-08 05:14:07,129 61 INFO bench werkzeug: 127.0.0.1 - - [08/Oct/2026 05:14:07] "POST /json/2/product.product/read HTTP/1.1" 200 - 5 0.002 0.007
2026-10-08 05:14:07,152 61 INFO bench werkzeug: 127.0.0.1 - - [08/Oct/2026 05:14:07] "POST /json/2/stock.quant/search HTTP/1.1" 200 - 3 0.002 0.006
2026-10-08 05:14:07,198 61 INFO bench werkzeug: 127.0.0.1 - - [08/Oct/2026 05:14:07] "POST /json/2/stock.quant/create HTTP/1.1" 200 - 11 0.005 0.025
2026-10-08 05:14:07,268 61 INFO bench werkzeug: 127.0.0.1 - - [08/Oct/2026 05:14:07] "POST /json/2/stock.quant/action_apply_inventory HTTP/1.1" 200 - 36 0.018 0.036
2026-10-08 05:14:07,294 61 INFO bench werkzeug: 127.0.0.1 - - [08/Oct/2026 05:14:07] "POST /json/2/product.product/read HTTP/1.1" 200 - 5 0.003 0.008
2026-10-08 05:14:07,317 61 INFO bench werkzeug: 127.0.0.1 - - [08/Oct/2026 05:14:07] "POST /json/2/stock.quant/search HTTP/1.1" 200 - 3 0.002 0.006
2026-10-08 05:14:07,355 61 INFO bench werkzeug: 127.0.0.1 - - [08/Oct/2026 05:14:07] "POST /json/2/stock.quant/create HTTP/1.1" 200 - 11 0.006 0.015
2026-10-08 05:14:07,436 61 INFO bench werkzeug: 127.0.0.1 - - [08/Oct/2026 05:14:07] "POST /json/2/stock.quant/action_apply_inventory HTTP/1.1" 200 - 36 0.019 0.035
2026-10-08 05:14:07,462 61 INFO bench werkzeug: 127.0.0.1 - - [08/Oct/2026 05:14:07] "POST /json/2/product.product/read HTTP/1.1" 200 - 5 0.003 0.008
2026-10-08 05:14:07,488 61 INFO bench werkzeug: 127.0.0.1 - - [08/Oct/2026 05:14:07] "POST /json/2/stock.quant/search HTTP/1.1" 200 - 3 0.001 0.006
2026-10-08 05:14:07,522 61 INFO bench werkzeug: 127.0.0.1 - - [08/Oct/2026 05:14:07] "POST /json/2/stock.quant/create HTTP/1.1" 200 - 11 0.004 0.014
2026-10-08 05:14:07,592 61 INFO bench werkzeug: 127.0.0.1 - - [08/Oct/2026 05:14:07] "POST /json/2/stock.quant/action_apply_inventory HTTP/1.1" 200 - 36 0.017 0.037
2026-10-08 05:14:07,618 61 INFO bench werkzeug: 127.0.0.1 - - [08/Oct/2026 05:14:07] "POST /json/2/product.product/read HTTP/1.1" 200 - 5 0.003 0.008
2026-10-08 05:14:07,643 61 INFO bench werkzeug: 127.0.0.1 - - [08/Oct/2026 05:14:07] "POST /json/2/stock.quant/search HTTP/1.1" 200 - 3 0.002 0.006
2026-10-08 05:14:07,683 61 INFO bench werkzeug: 127.0.0.1 - - [08/Oct/2026 05:14:07] "POST /json/2/stock.quant/create HTTP/1.1" 200 - 11 0.005 0.016
2026-10-08 05:14:07,764 61 INFO bench werkzeug: 127.0.0.1 - - [08/Oct/2026 05:14:07] "POST /json/2/stock.quant/action_apply_inventory HTTP/1.1" 200 - 36 0.019 0.044
2026-10-08 05:14:07,791 61 INFO bench werkzeug: 127.0.0.1 - - [08/Oct/2026 05:14:07] "POST /json/2/product.product/read HTTP/1.1" 200 - 5 0.003 0.008
2026-10-08 05:14:07,816 61 INFO bench werkzeug: 127.0.0.1 - - [08/Oct/2026 05:14:07] "POST /json/2/stock.quant/search HTTP/1.1" 200 - 3 0.002 0.006
2026-10-08 05:14:07,854 61 INFO bench werkzeug: 127.0.0.1 - - [08/Oct/2026 05:14:07] "POST /json/2/stock.quant/create HTTP/1.1" 200 - 11 0.005 0.015
2026-10-08 05:14:07,930 61 INFO bench werkzeug: 127.0.0.1 - - [08/Oct/2026 05:14:07] "POST /json/2/stock.quant/action_apply_inventory HTTP/1.1" 200 - 36 0.020 0.039
2026-10-08 05:14:07,967 61 INFO bench werkzeug: 127.0.0.1 - - [08/Oct/2026 05:14:07] "POST /json/2/product.product/read HTTP/1.1" 200 - 5 0.003 0.008
2026-10-08 05:14:07,992 61 INFO bench werkzeug: 127.0.0.1 - - [08/Oct/2026 05:14:07] "POST /json/2/stock.quant/search HTTP/1.1" 200 - 3 0.002 0.006
2026-10-08 05:14:08,031 61 INFO bench werkzeug: 127.0.0.1 - - [08/Oct/2026 05:14:08] "POST /json/2/stock.quant/create HTTP/1.1" 200 - 11 0.005 0.016
2026-10-08 05:14:08,105 61 INFO bench werkzeug: 127.0.0.1 - - [08/Oct/2026 05:14:08] "POST /json/2/stock.quant/action_apply_inventory HTTP/1.1" 200 - 36 0.018 0.038
2026-10-08 05:14:08,133 61 INFO bench werkzeug: 127.0.0.1 - - [08/Oct/2026 05:14:08] "POST /json/2/product.product/read HTTP/1.1" 200 - 5 0.003 0.008
2026-10-08 05:14:08,157 61 INFO bench werkzeug: 127.0.0.1 - - [08/Oct/2026 05:14:08] "POST /json/2/stock.quant/search HTTP/1.1" 200 - 3 0.001 0.006
2026-10-08 05:14:08,194 61 INFO bench werkzeug: 127.0.0.1 - - [08/Oct/2026 05:14:08] "POST /json/2/stock.quant/create HTTP/1.1" 200 - 11 0.005 0.015
2026-10-08 05:14:08,264 61 INFO bench werkzeug: 127.0.0.1 - - [08/Oct/2026 05:14:08] "POST /json/2/stock.quant/action_apply_inventory HTTP/1.1" 200 - 36 0.018 0.036
2026-10-08 05:14:08,293 61 INFO bench werkzeug: 127.0.0.1 - - [08/Oct/2026 05:14:08] "POST /json/2/product.product/read HTTP/1.1" 200 - 5 0.004 0.008
2026-10-08 05:14:08,317 61 INFO bench werkzeug: 127.0.0.1 - - [08/Oct/2026 05:14:08] "POST /json/2/stock.quant/search HTTP/1.1" 200 - 3 0.002 0.006
2026-10-08 05:14:08,357 61 INFO bench werkzeug: 127.0.0.1 - - [08/Oct/2026 05:14:08] "POST /json/2/stock.quant/create HTTP/1.1" 200 - 11 0.007 0.015
2026-10-08 05:14:08,428 61 INFO bench werkzeug: 127.0.0.1 - - [08/Oct/2026 05:14:08] "POST /json/2/stock.quant/action_apply_inventory HTTP/1.1" 200 - 36 0.018 0.037
2026-10-08 05:14:08,456 61 INFO bench werkzeug: 127.0.0.1 - - [08/Oct/2026 05:14:08] "POST /json/2/product.product/read HTTP/1.1" 200 - 5 0.003 0.009
2026-10-08 05:14:08,489 61 INFO bench werkzeug: 127.0.0.1 - - [08/Oct/2026 05:14:08] "POST /json/2/stock.quant/search HTTP/1.1" 200 - 3 0.002 0.006
2026-10-08 05:14:08,524 61 INFO bench werkzeug: 127.0.0.1 - - [08/Oct/2026 05:14:08] "POST /json/2/stock.quant/create HTTP/1.1" 200 - 11 0.005 0.015
2026-10-08 05:14:08,589 61 INFO bench werkzeug: 127.0.0.1 - - [08/Oct/2026 05:14:08] "POST /json/2/stock.quant/action_apply_inventory HTTP/1.1" 200 - 36 0.016 0.034
2026-10-08 05:14:08,615 61 INFO bench werkzeug: 127.0.0.1 - - [08/Oct/2026 05:14:08] "POST /json/2/product.product/read HTTP/1.1" 200 - 5 0.003 0.008
2026-10-08 05:14:08,638 61 INFO bench werkzeug: 127.0.0.1 - - [08/Oct/2026 05:14:08] "POST /json/2/stock.quant/search HTTP/1.1" 200 - 3 0.002 0.006
2026-10-08 05:14:08,675 61 INFO bench werkzeug: 127.0.0.1 - - [08/Oct/2026 05:14:08] "POST /json/2/stock.quant/create HTTP/1.1" 200 - 11 0.005 0.014
2026-10-08 05:14:08,741 61 INFO bench werkzeug: 127.0.0.1 - - [08/Oct/2026 05:14:08] "POST /json/2/stock.quant/action_apply_inventory HTTP/1.1" 200 - 36 0.016 0.034
2026-10-08 05:14:08,769 61 INFO bench werkzeug: 127.0.0.1 - - [08/Oct/2026 05:14:08] "POST /json/2/product.product/read HTTP/1.1" 200 - 5 0.003 0.009
2026-10-08 05:14:08,793 61 INFO bench werkzeug: 127.0.0.1 - - [08/Oct/2026 05:14:08] "POST /json/2/stock.quant/search HTTP/1.1" 200 - 3 0.002 0.006
2026-10-08 05:14:08,828 61 INFO bench werkzeug: 127.0.0.1 - - [08/Oct/2026 05:14:08] "POST /json/2/stock.quant/create HTTP/1.1" 200 - 11 0.004 0.013
2026-10-08 05:14:08,899 61 INFO bench werkzeug: 127.0.0.1 - - [08/Oct/2026 05:14:08] "POST /json/2/stock.quant/action_apply_inventory HTTP/1.1" 200 - 36 0.018 0.036
2026-10-08 05:14:08,925 61 INFO bench werkzeug: 127.0.0.1 - - [08/Oct/2026 05:14:08] "POST /json/2/product.product/read HTTP/1.1" 200 - 5 0.003 0.008
2026-10-08 05:14:08,950 61 INFO bench werkzeug: 127.0.0.1 - - [08/Oct/2026 05:14:08] "POST /json/2/stock.quant/search HTTP/1.1" 200 - 3 0.002 0.006
2026-10-08 05:14:08,999 61 INFO bench werkzeug: 127.0.0.1 - - [08/Oct/2026 05:14:08] "POST /json/2/stock.quant/create HTTP/1.1" 200 - 11 0.005 0.014
2026-10-08 05:14:09,065 61 INFO bench werkzeug: 127.0.0.1 - - [08/Oct/2026 05:14:09] "POST /json/2/stock.quant/action_apply_inventory HTTP/1.1" 200 - 36 0.017 0.033
2026-10-08 05:14:09,092 61 INFO bench werkzeug: 127.0.0.1 - - [08/Oct/2026 05:14:09] "POST /json/2/product.product/read HTTP/1.1" 200 - 5 0.003 0.009
2026-10-08 05:14:09,117 61 INFO bench werkzeug: 127.0.0.1 - - [08/Oct/2026 05:14:09] "POST /json/2/stock.quant/search HTTP/1.1" 200 - 3 0.002 0.006
2026-10-08 05:14:09,154 61 INFO bench werkzeug: 127.0.0.1 - - [08/Oct/2026 05:14:09] "POST /json/2/stock.quant/create HTTP/1.1" 200 - 11 0.005 0.015
2026-10-08 05:14:09,224 61 INFO bench werkzeug: 127.0.0.1 - - [08/Oct/2026 05:14:09] "POST /json/2/stock.quant/action_apply_inventory HTTP/1.1" 200 - 36 0.018 0.036
2026-10-08 05:14:09,252 61 INFO bench werkzeug: 127.0.0.1 - - [08/Oct/2026 05:14:09] "POST /json/2/product.product/read HTTP/1.1" 200 - 5 0.003 0.008
2026-10-08 05:14:09,277 61 INFO bench werkzeug: 127.0.0.1 - - [08/Oct/2026 05:14:09] "POST /json/2/stock.quant/search HTTP/1.1" 200 - 3 0.002 0.006
2026-10-08 05:14:09,312 61 INFO bench werkzeug: 127.0.0.1 - - [08/Oct/2026 05:14:09] "POST /json/2/stock.quant/create HTTP/1.1" 200 - 11 0.004 0.015
2026-10-08 05:14:09,381 61 INFO bench werkzeug: 127.0.0.1 - - [08/Oct/2026 05:14:09] "POST /json/2/stock.quant/action_apply_inventory HTTP/1.1" 200 - 36 0.017 0.036
2026-10-08 05:14:09,407 61 INFO bench werkzeug: 127.0.0.1 - - [08/Oct/2026 05:14:09] "POST /json/2/product.product/read HTTP/1.1" 200 - 5 0.003 0.008
2026-10-08 05:14:09,431 61 INFO bench werkzeug: 127.0.0.1 - - [08/Oct/2026 05:14:09] "POST /json/2/stock.quant/search HTTP/1.1" 200 - 3 0.002 0.006
2026-10-08 05:14:09,469 61 INFO bench werkzeug: 127.0.0.1 - - [08/Oct/2026 05:14:09] "POST /json/2/stock.quant/create HTTP/1.1" 200 - 11 0.005 0.017
2026-10-08 05:14:09,542 61 INFO bench werkzeug: 127.0.0.1 - - [08/Oct/2026 05:14:09] "POST /json/2/stock.quant/action_apply_inventory HTTP/1.1" 200 - 36 0.016 0.034
2026-10-08 05:14:09,569 61 INFO bench werkzeug: 127.0.0.1 - - [08/Oct/2026 05:14:09] "POST /json/2/product.product/read HTTP/1.1" 200 - 5 0.003 0.009
2026-10-08 05:14:09,594 61 INFO bench werkzeug: 127.0.0.1 - - [08/Oct/2026 05:14:09] "POST /json/2/stock.quant/search HTTP/1.1" 200 - 3 0.002 0.006
2026-10-08 05:14:09,633 61 INFO bench werkzeug: 127.0.0.1 - - [08/Oct/2026 05:14:09] "POST /json/2/stock.quant/create HTTP/1.1" 200 - 11 0.006 0.016
2026-10-08 05:14:09,705 61 INFO bench werkzeug: 127.0.0.1 - - [08/Oct/2026 05:14:09] "POST /json/2/stock.quant/action_apply_inventory HTTP/1.1" 200 - 36 0.020 0.035
2026-10-08 05:14:09,732 61 INFO bench werkzeug: 127.0.0.1 - - [08/Oct/2026 05:14:09] "POST /json/2/product.product/read HTTP/1.1" 200 - 5 0.003 0.008
2026-10-08 05:14:09,757 61 INFO bench werkzeug: 127.0.0.1 - - [08/Oct/2026 05:14:09] "POST /json/2/stock.quant/search HTTP/1.1" 200 - 3 0.002 0.006
2026-10-08 05:14:09,795 61 INFO bench werkzeug: 127.0.0.1 - - [08/Oct/2026 05:14:09] "POST /json/2/stock.quant/create HTTP/1.1" 200 - 11 0.006 0.014
2026-10-08 05:14:09,864 61 INFO bench werkzeug: 127.0.0.1 - - [08/Oct/2026 05:14:09] "POST /json/2/stock.quant/action_apply_inventory HTTP/1.1" 200 - 36 0.017 0.036
2026-10-08 05:14:09,891 61 INFO bench werkzeug: 127.0.0.1 - - [08/Oct/2026 05:14:09] "POST /json/2/product.product/read HTTP/1.1" 200 - 5 0.003 0.008
2026-10-08 05:14:09,915 61 INFO bench werkzeug: 127.0.0.1 - - [08/Oct/2026 05:14:09] "POST /json/2/stock.quant/search HTTP/1.1" 200 - 3 0.001 0.006
2026-10-08 05:14:09,951 61 INFO bench werkzeug: 127.0.0.1 - - [08/Oct/2026 05:14:09] "POST /json/2/stock.quant/create HTTP/1.1" 200 - 11 0.005 0.014
2026-10-08 05:14:10,016 61 INFO bench werkzeug: 127.0.0.1 - - [08/Oct/2026 05:14:10] "POST /json/2/stock.quant/action_apply_inventory HTTP/1.1" 200 - 36 0.016 0.034
2026-10-08 05:14:10,051 61 INFO bench werkzeug: 127.0.0.1 - - [08/Oct/2026 05:14:10] "POST /json/2/product.product/read HTTP/1.1" 200 - 5 0.003 0.008
2026-10-08 05:14:10,075 61 INFO bench werkzeug: 127.0.0.1 - - [08/Oct/2026 05:14:10] "POST /json/2/stock.quant/search HTTP/1.1" 200 - 3 0.002 0.006
2026-10-08 05:14:10,111 61 INFO bench werkzeug: 127.0.0.1 - - [08/Oct/2026 05:14:10] "POST /json/2/stock.quant/create HTTP/1.1" 200 - 11 0.005 0.015
2026-10-08 05:14:10,183 61 INFO bench werkzeug: 127.0.0.1 - - [08/Oct/2026 05:14:10] "POST /json/2/stock.quant/action_apply_inventory HTTP/1.1" 200 - 36 0.018 0.037
2026-10-08 05:14:10,210 61 INFO bench werkzeug: 127.0.0.1 - - [08/Oct/2026 05:14:10] "POST /json/2/product.product/read HTTP/1.1" 200 - 5 0.003 0.008
2026-10-08 05:14:10,233 61 INFO bench werkzeug: 127.0.0.1 - - [08/Oct/2026 05:14:10] "POST /json/2/stock.quant/search HTTP/1.1" 200 - 3 0.002 0.006
2026-10-08 05:14:10,271 61 INFO bench werkzeug: 127.0.0.1 - - [08/Oct/2026 05:14:10] "POST /json/2/stock.quant/create HTTP/1.1" 200 - 11 0.006 0.016
2026-10-08 05:14:10,340 61 INFO bench werkzeug: 127.0.0.1 - - [08/Oct/2026 05:14:10] "POST /json/2/stock.quant/action_apply_inventory HTTP/1.1" 200 - 36 0.017 0.037
2026-10-08 05:14:10,367 61 INFO bench werkzeug: 127.0.0.1 - - [08/Oct/2026 05:14:10] "POST /json/2/product.product/read HTTP/1.1" 200 - 5 0.003 0.008
2026-10-08 05:14:10,390 61 INFO bench werkzeug: 127.0.0.1 - - [08/Oct/2026 05:14:10] "POST /json/2/stock.quant/search HTTP/1.1" 200 - 3 0.001 0.006
2026-10-08 05:14:10,426 61 INFO bench werkzeug: 127.0.0.1 - - [08/Oct/2026 05:14:10] "POST /json/2/stock.quant/create HTTP/1.1" 200 - 11 0.005 0.015
2026-10-08 05:14:10,490 61 INFO bench werkzeug: 127.0.0.1 - - [08/Oct/2026 05:14:10] "POST /json/2/stock.quant/action_apply_inventory HTTP/1.1" 200 - 36 0.015 0.033
2026-10-08 05:14:10,516 61 INFO bench werkzeug: 127.0.0.1 - - [08/Oct/2026 05:14:10] "POST /json/2/product.product/read HTTP/1.1" 200 - 5 0.003 0.008
2026-10-08 05:14:10,545 61 INFO bench werkzeug: 127.0.0.1 - - [08/Oct/2026 05:14:10] "POST /json/2/stock.quant/search HTTP/1.1" 200 - 3 0.002 0.006
2026-10-08 05:14:10,580 61 INFO bench werkzeug: 127.0.0.1 - - [08/Oct/2026 05:14:10] "POST /json/2/stock.quant/create HTTP/1.1" 200 - 11 0.004 0.014
2026-10-08 05:14:10,648 61 INFO bench werkzeug: 127.0.0.1 - - [08/Oct/2026 05:14:10] "POST /json/2/stock.quant/action_apply_inventory HTTP/1.1" 200 - 36 0.018 0.034
2026-10-08 05:14:10,674 61 INFO bench werkzeug: 127.0.0.1 - - [08/Oct/2026 05:14:10] "POST /json/2/product.product/read HTTP/1.1" 200 - 5 0.003 0.008
2026-10-08 05:14:10,697 61 INFO bench werkzeug: 127.0.0.1 - - [08/Oct/2026 05:14:10] "POST /json/2/stock.quant/search HTTP/1.1" 200 - 3 0.001 0.005
2026-10-08 05:14:10,734 61 INFO bench werkzeug: 127.0.0.1 - - [08/Oct/2026 05:14:10] "POST /json/2/stock.quant/create HTTP/1.1" 200 - 11 0.005 0.017
2026-10-08 05:14:10,803 61 INFO bench werkzeug: 127.0.0.1 - - [08/Oct/2026 05:14:10] "POST /json/2/stock.quant/action_apply_inventory HTTP/1.1" 200 - 36 0.017 0.036
2026-10-08 05:14:10,830 61 INFO bench werkzeug: 127.0.0.1 - - [08/Oct/2026 05:14:10] "POST /json/2/product.product/read HTTP/1.1" 200 - 5 0.003 0.008
2026-10-08 05:14:10,854 61 INFO bench werkzeug: 127.0.0.1 - - [08/Oct/2026 05:14:10] "POST /json/2/stock.quant/search HTTP/1.1" 200 - 3 0.001 0.006
2026-10-08 05:14:10,890 61 INFO bench werkzeug: 127.0.0.1 - - [08/Oct/2026 05:14:10] "POST /json/2/stock.quant/create HTTP/1.1" 200 - 11 0.006 0.014
2026-10-08 05:14:10,959 61 INFO bench werkzeug: 127.0.0.1 - - [08/Oct/2026 05:14:10] "POST /json/2/stock.quant/action_apply_inventory HTTP/1.1" 200 - 36 0.017 0.035
2026-10-08 05:14:11,153 61 INFO bench werkzeug: 127.0.0.1 - - [08/Oct/2026 05:14:11] "GET /doc-bearer/ir.config_parameter.json HTTP/1.1" 200 - 9 0.004 0.174
2026-10-08 05:14:11,195 61 INFO bench odoo.registry: Caches invalidated, signaling through the database: ['stable'] 
2026-10-08 05:14:11,200 61 INFO bench werkzeug: 127.0.0.1 - - [08/Oct/2026 05:14:11] "POST /json/2/ir.config_parameter/set_param HTTP/1.1" 200 - 12 0.006 0.018
2026-10-08 05:14:11,234 61 INFO bench werkzeug: 127.0.0.1 - - [08/Oct/2026 05:14:11] "POST /json/2/res.partner/search HTTP/1.1" 200 - 15 0.007 0.011
2026-10-08 05:14:11,260 61 INFO bench werkzeug: 127.0.0.1 - - [08/Oct/2026 05:14:11] "POST /json/2/res.partner/search HTTP/1.1" 200 - 4 0.002 0.007
2026-10-08 05:14:11,285 61 INFO bench werkzeug: 127.0.0.1 - - [08/Oct/2026 05:14:11] "POST /json/2/res.partner/search HTTP/1.1" 200 - 4 0.003 0.007
2026-10-08 05:14:11,312 61 INFO bench werkzeug: 127.0.0.1 - - [08/Oct/2026 05:14:11] "POST /json/2/res.partner/search HTTP/1.1" 200 - 4 0.003 0.007
2026-10-08 05:14:11,337 61 INFO bench werkzeug: 127.0.0.1 - - [08/Oct/2026 05:14:11] "POST /json/2/res.partner/search HTTP/1.1" 200 - 4 0.003 0.007
2026-10-08 05:14:11,362 61 INFO bench werkzeug: 127.0.0.1 - - [08/Oct/2026 05:14:11] "POST /json/2/res.partner/search HTTP/1.1" 200 - 4 0.002 0.007
2026-10-08 05:14:11,386 61 INFO bench werkzeug: 127.0.0.1 - - [08/Oct/2026 05:14:11] "POST /json/2/res.partner/search HTTP/1.1" 200 - 4 0.002 0.007
2026-10-08 05:14:11,412 61 INFO bench werkzeug: 127.0.0.1 - - [08/Oct/2026 05:14:11] "POST /json/2/res.partner/search HTTP/1.1" 200 - 4 0.002 0.007
2026-10-08 05:14:11,435 61 INFO bench werkzeug: 127.0.0.1 - - [08/Oct/2026 05:14:11] "POST /json/2/res.partner/search HTTP/1.1" 200 - 4 0.002 0.007
2026-10-08 05:14:11,461 61 INFO bench werkzeug: 127.0.0.1 - - [08/Oct/2026 05:14:11] "POST /json/2/res.partner/search HTTP/1.1" 200 - 4 0.002 0.007
2026-10-08 05:14:11,487 61 INFO bench werkzeug: 127.0.0.1 - - [08/Oct/2026 05:14:11] "POST /json/2/res.partner/search HTTP/1.1" 200 - 4 0.002 0.008
2026-10-08 05:14:11,513 61 INFO bench werkzeug: 127.0.0.1 - - [08/Oct/2026 05:14:11] "POST /json/2/res.partner/search HTTP/1.1" 200 - 4 0.002 0.007
2026-10-08 05:14:11,545 61 INFO bench werkzeug: 127.0.0.1 - - [08/Oct/2026 05:14:11] "POST /json/2/res.partner/search HTTP/1.1" 200 - 4 0.002 0.007
2026-10-08 05:14:11,571 61 INFO bench werkzeug: 127.0.0.1 - - [08/Oct/2026 05:14:11] "POST /json/2/res.partner/search HTTP/1.1" 200 - 4 0.002 0.007
2026-10-08 05:14:11,595 61 INFO bench werkzeug: 127.0.0.1 - - [08/Oct/2026 05:14:11] "POST /json/2/res.partner/search HTTP/1.1" 200 - 4 0.002 0.007
2026-10-08 05:14:11,620 61 INFO bench werkzeug: 127.0.0.1 - - [08/Oct/2026 05:14:11] "POST /json/2/res.partner/search HTTP/1.1" 200 - 4 0.003 0.007
2026-10-08 05:14:11,645 61 INFO bench werkzeug: 127.0.0.1 - - [08/Oct/2026 05:14:11] "POST /json/2/res.partner/search HTTP/1.1" 200 - 4 0.002 0.007
2026-10-08 05:14:11,671 61 INFO bench werkzeug: 127.0.0.1 - - [08/Oct/2026 05:14:11] "POST /json/2/res.partner/search HTTP/1.1" 200 - 4 0.002 0.007
2026-10-08 05:14:11,699 61 INFO bench werkzeug: 127.0.0.1 - - [08/Oct/2026 05:14:11] "POST /json/2/res.partner/search HTTP/1.1" 200 - 4 0.003 0.008
2026-10-08 05:14:11,728 61 INFO bench werkzeug: 127.0.0.1 - - [08/Oct/2026 05:14:11] "POST /json/2/res.partner/search HTTP/1.1" 200 - 4 0.003 0.009
2026-10-08 05:14:11,755 61 INFO bench werkzeug: 127.0.0.1 - - [08/Oct/2026 05:14:11] "POST /json/2/res.partner/search HTTP/1.1" 200 - 4 0.002 0.007
2026-10-08 05:14:11,784 61 INFO bench werkzeug: 127.0.0.1 - - [08/Oct/2026 05:14:11] "POST /json/2/res.partner/search HTTP/1.1" 200 - 4 0.003 0.007
2026-10-08 05:14:11,812 61 INFO bench werkzeug: 127.0.0.1 - - [08/Oct/2026 05:14:11] "POST /json/2/res.partner/search HTTP/1.1" 200 - 4 0.003 0.009
2026-10-08 05:14:11,839 61 INFO bench werkzeug: 127.0.0.1 - - [08/Oct/2026 05:14:11] "POST /json/2/res.partner/search HTTP/1.1" 200 - 4 0.003 0.008
2026-10-08 05:14:11,866 61 INFO bench werkzeug: 127.0.0.1 - - [08/Oct/2026 05:14:11] "POST /json/2/res.partner/search HTTP/1.1" 200 - 4 0.003 0.008
2026-10-08 05:14:11,902 61 INFO bench werkzeug: 127.0.0.1 - - [08/Oct/2026 05:14:11] "POST /json/2/res.partner/search HTTP/1.1" 200 - 4 0.003 0.007
2026-10-08 05:14:11,928 61 INFO bench werkzeug: 127.0.0.1 - - [08/Oct/2026 05:14:11] "POST /json/2/res.partner/search HTTP/1.1" 200 - 4 0.002 0.007
2026-10-08 05:14:11,953 61 INFO bench werkzeug: 127.0.0.1 - - [08/Oct/2026 05:14:11] "POST /json/2/res.partner/search HTTP/1.1" 200 - 4 0.002 0.007
2026-10-08 05:14:11,979 61 INFO bench werkzeug: 127.0.0.1 - - [08/Oct/2026 05:14:11] "POST /json/2/res.partner/search HTTP/1.1" 200 - 4 0.003 0.008
2026-10-08 05:14:12,004 61 INFO bench werkzeug: 127.0.0.1 - - [08/Oct/2026 05:14:12] "POST /json/2/res.partner/search HTTP/1.1" 200 - 4 0.002 0.007
2026-10-08 05:14:12,032 61 INFO bench werkzeug: 127.0.0.1 - - [08/Oct/2026 05:14:12] "POST /json/2/res.partner/search HTTP/1.1" 200 - 4 0.003 0.008
2026-10-08 05:14:12,057 61 INFO bench werkzeug: 127.0.0.1 - - [08/Oct/2026 05:14:12] "POST /json/2/res.partner/search HTTP/1.1" 200 - 4 0.002 0.007
2026-10-08 05:14:12,084 61 INFO bench werkzeug: 127.0.0.1 - - [08/Oct/2026 05:14:12] "POST /json/2/res.partner/search HTTP/1.1" 200 - 4 0.002 0.007
2026-10-08 05:14:12,111 61 INFO bench werkzeug: 127.0.0.1 - - [08/Oct/2026 05:14:12] "POST /json/2/res.partner/search HTTP/1.1" 200 - 4 0.003 0.007
2026-10-08 05:14:12,136 61 INFO bench werkzeug: 127.0.0.1 - - [08/Oct/2026 05:14:12] "POST /json/2/res.partner/search HTTP/1.1" 200 - 4 0.002 0.007
2026-10-08 05:14:12,162 61 INFO bench werkzeug: 127.0.0.1 - - [08/Oct/2026 05:14:12] "POST /json/2/res.partner/search HTTP/1.1" 200 - 4 0.002 0.007
2026-10-08 05:14:12,187 61 INFO bench werkzeug: 127.0.0.1 - - [08/Oct/2026 05:14:12] "POST /json/2/res.partner/search HTTP/1.1" 200 - 4 0.002 0.007
2026-10-08 05:14:12,213 61 INFO bench werkzeug: 127.0.0.1 - - [08/Oct/2026 05:14:12] "POST /json/2/res.partner/search HTTP/1.1" 200 - 4 0.002 0.007
2026-10-08 05:14:12,246 61 INFO bench werkzeug: 127.0.0.1 - - [08/Oct/2026 05:14:12] "POST /json/2/res.partner/search HTTP/1.1" 200 - 4 0.002 0.007
2026-10-08 05:14:12,272 61 INFO bench werkzeug: 127.0.0.1 - - [08/Oct/2026 05:14:12] "POST /json/2/res.partner/search HTTP/1.1" 200 - 4 0.002 0.007
2026-10-08 05:14:12,300 61 INFO bench werkzeug: 127.0.0.1 - - [08/Oct/2026 05:14:12] "POST /json/2/res.partner/search HTTP/1.1" 200 - 4 0.003 0.008
2026-10-08 05:14:12,326 61 INFO bench werkzeug: 127.0.0.1 - - [08/Oct/2026 05:14:12] "POST /json/2/res.partner/search HTTP/1.1" 200 - 4 0.002 0.007
2026-10-08 05:14:12,350 61 INFO bench werkzeug: 127.0.0.1 - - [08/Oct/2026 05:14:12] "POST /json/2/res.partner/search HTTP/1.1" 200 - 4 0.002 0.007
2026-10-08 05:14:12,375 61 INFO bench werkzeug: 127.0.0.1 - - [08/Oct/2026 05:14:12] "POST /json/2/res.partner/search HTTP/1.1" 200 - 4 0.002 0.007
2026-10-08 05:14:12,402 61 INFO bench werkzeug: 127.0.0.1 - - [08/Oct/2026 05:14:12] "POST /json/2/res.partner/search HTTP/1.1" 200 - 4 0.002 0.007
2026-10-08 05:14:12,427 61 INFO bench werkzeug: 127.0.0.1 - - [08/Oct/2026 05:14:12] "POST /json/2/res.partner/search HTTP/1.1" 200 - 4 0.002 0.007
2026-10-08 05:14:12,452 61 INFO bench werkzeug: 127.0.0.1 - - [08/Oct/2026 05:14:12] "POST /json/2/res.partner/search HTTP/1.1" 200 - 4 0.002 0.007
2026-10-08 05:14:12,478 61 INFO bench werkzeug: 127.0.0.1 - - [08/Oct/2026 05:14:12] "POST /json/2/res.partner/search HTTP/1.1" 200 - 4 0.002 0.007
2026-10-08 05:14:12,503 61 INFO bench werkzeug: 127.0.0.1 - - [08/Oct/2026 05:14:12] "POST /json/2/res.partner/search HTTP/1.1" 200 - 4 0.002 0.007
2026-10-08 05:14:12,527 61 INFO bench werkzeug: 127.0.0.1 - - [08/Oct/2026 05:14:12] "POST /json/2/res.partner/search HTTP/1.1" 200 - 4 0.002 0.007
2026-10-08 05:14:12,552 61 INFO bench werkzeug: 127.0.0.1 - - [08/Oct/2026 05:14:12] "POST /json/2/res.partner/search HTTP/1.1" 200 - 4 0.002 0.007
2026-10-08 05:14:12,583 61 INFO bench werkzeug: 127.0.0.1 - - [08/Oct/2026 05:14:12] "POST /json/2/res.partner/search HTTP/1.1" 200 - 4 0.002 0.007
2026-10-08 05:14:12,609 61 INFO bench werkzeug: 127.0.0.1 - - [08/Oct/2026 05:14:12] "POST /json/2/res.partner/search HTTP/1.1" 200 - 4 0.003 0.007
2026-10-08 05:14:12,635 61 INFO bench werkzeug: 127.0.0.1 - - [08/Oct/2026 05:14:12] "POST /json/2/res.partner/search HTTP/1.1" 200 - 4 0.003 0.007
2026-10-08 05:14:12,660 61 INFO bench werkzeug: 127.0.0.1 - - [08/Oct/2026 05:14:12] "POST /json/2/res.partner/search HTTP/1.1" 200 - 4 0.003 0.007
2026-10-08 05:14:12,686 61 INFO bench werkzeug: 127.0.0.1 - - [08/Oct/2026 05:14:12] "POST /json/2/res.partner/search HTTP/1.1" 200 - 4 0.003 0.007
2026-10-08 05:14:12,711 61 INFO bench werkzeug: 127.0.0.1 - - [08/Oct/2026 05:14:12] "POST /json/2/res.partner/search HTTP/1.1" 200 - 4 0.003 0.007
2026-10-08 05:14:12,736 61 INFO bench werkzeug: 127.0.0.1 - - [08/Oct/2026 05:14:12] "POST /json/2/res.partner/search HTTP/1.1" 200 - 4 0.003 0.007
2026-10-08 05:14:12,762 61 INFO bench werkzeug: 127.0.0.1 - - [08/Oct/2026 05:14:12] "POST /json/2/res.partner/search HTTP/1.1" 200 - 4 0.002 0.007
2026-10-08 05:14:12,789 61 INFO bench werkzeug: 127.0.0.1 - - [08/Oct/2026 05:14:12] "POST /json/2/res.partner/search HTTP/1.1" 200 - 4 0.003 0.007
2026-10-08 05:14:12,814 61 INFO bench werkzeug: 127.0.0.1 - - [08/Oct/2026 05:14:12] "POST /json/2/res.partner/search HTTP/1.1" 200 - 4 0.002 0.007
2026-10-08 05:14:12,839 61 INFO bench werkzeug: 127.0.0.1 - - [08/Oct/2026 05:14:12] "POST /json/2/res.partner/search HTTP/1.1" 200 - 4 0.003 0.007
2026-10-08 05:14:12,865 61 INFO bench werkzeug: 127.0.0.1 - - [08/Oct/2026 05:14:12] "POST /json/2/res.partner/search HTTP/1.1" 200 - 4 0.003 0.007
2026-10-08 05:14:12,891 61 INFO bench werkzeug: 127.0.0.1 - - [08/Oct/2026 05:14:12] "POST /json/2/res.partner/search HTTP/1.1" 200 - 4 0.002 0.007
2026-10-08 05:14:12,927 61 INFO bench werkzeug: 127.0.0.1 - - [08/Oct/2026 05:14:12] "POST /json/2/res.partner/search HTTP/1.1" 200 - 4 0.002 0.007
2026-10-08 05:14:12,954 61 INFO bench werkzeug: 127.0.0.1 - - [08/Oct/2026 05:14:12] "POST /json/2/res.partner/search HTTP/1.1" 200 - 4 0.002 0.007
2026-10-08 05:14:12,979 61 INFO bench werkzeug: 127.0.0.1 - - [08/Oct/2026 05:14:12] "POST /json/2/res.partner/search HTTP/1.1" 200 - 4 0.002 0.007
2026-10-08 05:14:13,002 61 INFO bench werkzeug: 127.0.0.1 - - [08/Oct/2026 05:14:13] "POST /json/2/res.partner/search HTTP/1.1" 200 - 4 0.002 0.006
2026-10-08 05:14:13,027 61 INFO bench werkzeug: 127.0.0.1 - - [08/Oct/2026 05:14:13] "POST /json/2/res.partner/search HTTP/1.1" 200 - 4 0.002 0.007
2026-10-08 05:14:13,056 61 INFO bench werkzeug: 127.0.0.1 - - [08/Oct/2026 05:14:13] "POST /json/2/res.partner/search HTTP/1.1" 200 - 4 0.003 0.008
2026-10-08 05:14:13,082 61 INFO bench werkzeug: 127.0.0.1 - - [08/Oct/2026 05:14:13] "POST /json/2/res.partner/search HTTP/1.1" 200 - 4 0.003 0.007
2026-10-08 05:14:13,111 61 INFO bench werkzeug: 127.0.0.1 - - [08/Oct/2026 05:14:13] "POST /json/2/res.partner/search HTTP/1.1" 200 - 4 0.002 0.007
2026-10-08 05:14:13,137 61 INFO bench werkzeug: 127.0.0.1 - - [08/Oct/2026 05:14:13] "POST /json/2/res.partner/search HTTP/1.1" 200 - 4 0.002 0.008
2026-10-08 05:14:13,164 61 INFO bench werkzeug: 127.0.0.1 - - [08/Oct/2026 05:14:13] "POST /json/2/res.partner/search HTTP/1.1" 200 - 4 0.002 0.007
2026-10-08 05:14:13,191 61 INFO bench werkzeug: 127.0.0.1 - - [08/Oct/2026 05:14:13] "POST /json/2/res.partner/search HTTP/1.1" 200 - 4 0.002 0.007
2026-10-08 05:14:13,222 61 INFO bench werkzeug: 127.0.0.1 - - [08/Oct/2026 05:14:13] "POST /json/2/res.partner/search HTTP/1.1" 200 - 4 0.002 0.012
2026-10-08 05:14:13,249 61 INFO bench werkzeug: 127.0.0.1 - - [08/Oct/2026 05:14:13] "POST /json/2/res.partner/search HTTP/1.1" 200 - 4 0.003 0.007
2026-10-08 05:14:13,286 61 INFO bench werkzeug: 127.0.0.1 - - [08/Oct/2026 05:14:13] "POST /json/2/res.partner/search HTTP/1.1" 200 - 4 0.003 0.007
2026-10-08 05:14:13,313 61 INFO bench werkzeug: 127.0.0.1 - - [08/Oct/2026 05:14:13] "POST /json/2/res.partner/search HTTP/1.1" 200 - 4 0.003 0.007
2026-10-08 05:14:13,341 61 INFO bench werkzeug: 127.0.0.1 - - [08/Oct/2026 05:14:13] "POST /json/2/res.partner/search HTTP/1.1" 200 - 4 0.003 0.007
2026-10-08 05:14:13,368 61 INFO bench werkzeug: 127.0.0.1 - - [08/Oct/2026 05:14:13] "POST /json/2/res.partner/search HTTP/1.1" 200 - 4 0.002 0.008
2026-10-08 05:14:13,396 61 INFO bench werkzeug: 127.0.0.1 - - [08/Oct/2026 05:14:13] "POST /json/2/res.partner/search HTTP/1.1" 200 - 4 0.002 0.007
2026-10-08 05:14:13,424 61 INFO bench werkzeug: 127.0.0.1 - - [08/Oct/2026 05:14:13] "POST /json/2/res.partner/search HTTP/1.1" 200 - 4 0.002 0.007
2026-10-08 05:14:13,452 61 INFO bench werkzeug: 127.0.0.1 - - [08/Oct/2026 05:14:13] "POST /json/2/res.partner/search HTTP/1.1" 200 - 4 0.003 0.008
2026-10-08 05:14:13,478 61 INFO bench werkzeug: 127.0.0.1 - - [08/Oct/2026 05:14:13] "POST /json/2/res.partner/search HTTP/1.1" 200 - 4 0.002 0.007
2026-10-08 05:14:13,505 61 INFO bench werkzeug: 127.0.0.1 - - [08/Oct/2026 05:14:13] "POST /json/2/res.partner/search HTTP/1.1" 200 - 4 0.002 0.007
2026-10-08 05:14:13,531 61 INFO bench werkzeug: 127.0.0.1 - - [08/Oct/2026 05:14:13] "POST /json/2/res.partner/search HTTP/1.1" 200 - 4 0.002 0.007
2026-10-08 05:14:13,556 61 INFO bench werkzeug: 127.0.0.1 - - [08/Oct/2026 05:14:13] "POST /json/2/res.partner/search HTTP/1.1" 200 - 4 0.002 0.007
2026-10-08 05:14:13,580 61 INFO bench werkzeug: 127.0.0.1 - - [08/Oct/2026 05:14:13] "POST /json/2/res.partner/search HTTP/1.1" 200 - 4 0.002 0.007
2026-10-08 05:14:13,610 61 INFO bench werkzeug: 127.0.0.1 - - [08/Oct/2026 05:14:13] "POST /json/2/res.partner/search HTTP/1.1" 200 - 4 0.002 0.007
2026-10-08 05:14:13,636 61 INFO bench werkzeug: 127.0.0.1 - - [08/Oct/2026 05:14:13] "POST /json/2/res.partner/search HTTP/1.1" 200 - 4 0.002 0.007
2026-10-08 05:14:13,664 61 INFO bench werkzeug: 127.0.0.1 - - [08/Oct/2026 05:14:13] "POST /json/2/res.partner/search HTTP/1.1" 200 - 4 0.002 0.007
2026-10-08 05:14:13,689 61 INFO bench werkzeug: 127.0.0.1 - - [08/Oct/2026 05:14:13] "POST /json/2/res.partner/search HTTP/1.1" 200 - 4 0.002 0.007
2026-10-08 05:14:13,715 61 INFO bench werkzeug: 127.0.0.1 - - [08/Oct/2026 05:14:13] "POST /json/2/res.partner/search HTTP/1.1" 200 - 4 0.002 0.007
2026-10-08 05:14:13,740 61 INFO bench werkzeug: 127.0.0.1 - - [08/Oct/2026 05:14:13] "POST /json/2/res.partner/search HTTP/1.1" 200 - 4 0.002 0.007
2026-10-08 05:14:13,765 61 INFO bench werkzeug: 127.0.0.1 - - [08/Oct/2026 05:14:13] "POST /json/2/res.partner/search HTTP/1.1" 200 - 4 0.002 0.007
2026-10-08 05:14:13,789 61 INFO bench werkzeug: 127.0.0.1 - - [08/Oct/2026 05:14:13] "POST /json/2/res.partner/search HTTP/1.1" 200 - 4 0.002 0.007
2026-10-08 05:14:13,816 61 INFO bench werkzeug: 127.0.0.1 - - [08/Oct/2026 05:14:13] "POST /json/2/res.partner/search HTTP/1.1" 200 - 4 0.002 0.007
2026-10-08 05:14:13,840 61 INFO bench werkzeug: 127.0.0.1 - - [08/Oct/2026 05:14:13] "POST /json/2/res.partner/search HTTP/1.1" 200 - 4 0.002 0.007
2026-10-08 05:14:13,870 61 INFO bench werkzeug: 127.0.0.1 - - [08/Oct/2026 05:14:13] "POST /json/2/res.partner/search HTTP/1.1" 200 - 4 0.002 0.009
2026-10-08 05:14:13,896 61 INFO bench werkzeug: 127.0.0.1 - - [08/Oct/2026 05:14:13] "POST /json/2/res.partner/search HTTP/1.1" 200 - 4 0.002 0.007
2026-10-08 05:14:13,924 61 INFO bench werkzeug: 127.0.0.1 - - [08/Oct/2026 05:14:13] "POST /json/2/res.partner/search HTTP/1.1" 200 - 4 0.002 0.008
2026-10-08 05:14:13,967 61 INFO bench werkzeug: 127.0.0.1 - - [08/Oct/2026 05:14:13] "POST /json/2/res.partner/search HTTP/1.1" 200 - 4 0.002 0.008
2026-10-08 05:14:13,997 61 INFO bench werkzeug: 127.0.0.1 - - [08/Oct/2026 05:14:13] "POST /json/2/res.partner/search HTTP/1.1" 200 - 4 0.003 0.007
2026-10-08 05:14:14,022 61 INFO bench werkzeug: 127.0.0.1 - - [08/Oct/2026 05:14:14] "POST /json/2/res.partner/search HTTP/1.1" 200 - 4 0.002 0.007
2026-10-08 05:14:14,048 61 INFO bench werkzeug: 127.0.0.1 - - [08/Oct/2026 05:14:14] "POST /json/2/res.partner/search HTTP/1.1" 200 - 4 0.002 0.007
2026-10-08 05:14:14,071 61 INFO bench werkzeug: 127.0.0.1 - - [08/Oct/2026 05:14:14] "POST /json/2/res.partner/search HTTP/1.1" 200 - 4 0.002 0.007
2026-10-08 05:14:14,096 61 INFO bench werkzeug: 127.0.0.1 - - [08/Oct/2026 05:14:14] "POST /json/2/res.partner/search HTTP/1.1" 200 - 4 0.003 0.007
2026-10-08 05:14:14,126 61 INFO bench werkzeug: 127.0.0.1 - - [08/Oct/2026 05:14:14] "POST /json/2/product.product/search HTTP/1.1" 200 - 10 0.005 0.010
2026-10-08 05:14:14,151 61 INFO bench werkzeug: 127.0.0.1 - - [08/Oct/2026 05:14:14] "POST /json/2/product.product/search HTTP/1.1" 200 - 4 0.002 0.007
2026-10-08 05:14:14,176 61 INFO bench werkzeug: 127.0.0.1 - - [08/Oct/2026 05:14:14] "POST /json/2/product.product/search HTTP/1.1" 200 - 4 0.002 0.007
2026-10-08 05:14:14,200 61 INFO bench werkzeug: 127.0.0.1 - - [08/Oct/2026 05:14:14] "POST /json/2/product.product/search HTTP/1.1" 200 - 4 0.003 0.007
2026-10-08 05:14:14,226 61 INFO bench werkzeug: 127.0.0.1 - - [08/Oct/2026 05:14:14] "POST /json/2/product.product/search HTTP/1.1" 200 - 4 0.002 0.007
2026-10-08 05:14:14,252 61 INFO bench werkzeug: 127.0.0.1 - - [08/Oct/2026 05:14:14] "POST /json/2/product.product/search HTTP/1.1" 200 - 4 0.002 0.007
2026-10-08 05:14:14,279 61 INFO bench werkzeug: 127.0.0.1 - - [08/Oct/2026 05:14:14] "POST /json/2/product.product/search HTTP/1.1" 200 - 4 0.003 0.008
2026-10-08 05:14:14,306 61 INFO bench werkzeug: 127.0.0.1 - - [08/Oct/2026 05:14:14] "POST /json/2/product.product/search HTTP/1.1" 200 - 4 0.002 0.007
2026-10-08 05:14:14,338 61 INFO bench werkzeug: 127.0.0.1 - - [08/Oct/2026 05:14:14] "POST /json/2/product.product/search HTTP/1.1" 200 - 4 0.002 0.007
2026-10-08 05:14:14,363 61 INFO bench werkzeug: 127.0.0.1 - - [08/Oct/2026 05:14:14] "POST /json/2/product.product/search HTTP/1.1" 200 - 4 0.002 0.007
2026-10-08 05:14:14,388 61 INFO bench werkzeug: 127.0.0.1 - - [08/Oct/2026 05:14:14] "POST /json/2/product.product/search HTTP/1.1" 200 - 4 0.002 0.007
2026-10-08 05:14:14,414 61 INFO bench werkzeug: 127.0.0.1 - - [08/Oct/2026 05:14:14] "POST /json/2/product.product/search HTTP/1.1" 200 - 4 0.003 0.007
2026-10-08 05:14:14,439 61 INFO bench werkzeug: 127.0.0.1 - - [08/Oct/2026 05:14:14] "POST /json/2/product.product/search HTTP/1.1" 200 - 4 0.002 0.007
2026-10-08 05:14:14,463 61 INFO bench werkzeug: 127.0.0.1 - - [08/Oct/2026 05:14:14] "POST /json/2/product.product/search HTTP/1.1" 200 - 4 0.002 0.007
2026-10-08 05:14:14,488 61 INFO bench werkzeug: 127.0.0.1 - - [08/Oct/2026 05:14:14] "POST /json/2/product.product/search HTTP/1.1" 200 - 4 0.002 0.007
2026-10-08 05:14:14,511 61 INFO bench werkzeug: 127.0.0.1 - - [08/Oct/2026 05:14:14] "POST /json/2/product.product/search HTTP/1.1" 200 - 4 0.002 0.007
2026-10-08 05:14:14,537 61 INFO bench werkzeug: 127.0.0.1 - - [08/Oct/2026 05:14:14] "POST /json/2/product.product/search HTTP/1.1" 200 - 4 0.002 0.007
2026-10-08 05:14:14,563 61 INFO bench werkzeug: 127.0.0.1 - - [08/Oct/2026 05:14:14] "POST /json/2/product.product/search HTTP/1.1" 200 - 4 0.003 0.007
2026-10-08 05:14:14,587 61 INFO bench werkzeug: 127.0.0.1 - - [08/Oct/2026 05:14:14] "POST /json/2/product.product/search HTTP/1.1" 200 - 4 0.003 0.007
2026-10-08 05:14:14,611 61 INFO bench werkzeug: 127.0.0.1 - - [08/Oct/2026 05:14:14] "POST /json/2/product.product/search HTTP/1.1" 200 - 4 0.002 0.007
2026-10-08 05:14:14,637 61 INFO bench werkzeug: 127.0.0.1 - - [08/Oct/2026 05:14:14] "POST /json/2/product.product/search HTTP/1.1" 200 - 4 0.002 0.007
2026-10-08 05:14:14,669 61 INFO bench werkzeug: 127.0.0.1 - - [08/Oct/2026 05:14:14] "POST /json/2/product.product/search HTTP/1.1" 200 - 4 0.002 0.008
2026-10-08 05:14:14,692 61 INFO bench werkzeug: 127.0.0.1 - - [08/Oct/2026 05:14:14] "POST /json/2/product.product/search HTTP/1.1" 200 - 4 0.002 0.007
2026-10-08 05:14:14,718 61 INFO bench werkzeug: 127.0.0.1 - - [08/Oct/2026 05:14:14] "POST /json/2/product.product/search HTTP/1.1" 200 - 4 0.002 0.007
2026-10-08 05:14:14,743 61 INFO bench werkzeug: 127.0.0.1 - - [08/Oct/2026 05:14:14] "POST /json/2/product.product/search HTTP/1.1" 200 - 4 0.002 0.007
2026-10-08 05:14:14,768 61 INFO bench werkzeug: 127.0.0.1 - - [08/Oct/2026 05:14:14] "POST /json/2/product.product/search HTTP/1.1" 200 - 4 0.002 0.007
2026-10-08 05:14:14,794 61 INFO bench werkzeug: 127.0.0.1 - - [08/Oct/2026 05:14:14] "POST /json/2/product.product/search HTTP/1.1" 200 - 4 0.002 0.007
2026-10-08 05:14:14,820 61 INFO bench werkzeug: 127.0.0.1 - - [08/Oct/2026 05:14:14] "POST /json/2/product.product/search HTTP/1.1" 200 - 4 0.003 0.007
2026-10-08 05:14:14,846 61 INFO bench werkzeug: 127.0.0.1 - - [08/Oct/2026 05:14:14] "POST /json/2/product.product/search HTTP/1.1" 200 - 4 0.002 0.007
2026-10-08 05:14:14,872 61 INFO bench werkzeug: 127.0.0.1 - - [08/Oct/2026 05:14:14] "POST /json/2/product.product/search HTTP/1.1" 200 - 4 0.003 0.008
2026-10-08 05:14:14,900 61 INFO bench werkzeug: 127.0.0.1 - - [08/Oct/2026 05:14:14] "POST /json/2/product.product/search HTTP/1.1" 200 - 4 0.003 0.008
2026-10-08 05:14:14,925 61 INFO bench werkzeug: 127.0.0.1 - - [08/Oct/2026 05:14:14] "POST /json/2/product.product/search HTTP/1.1" 200 - 4 0.003 0.007
2026-10-08 05:14:14,952 61 INFO bench werkzeug: 127.0.0.1 - - [08/Oct/2026 05:14:14] "POST /json/2/product.product/search HTTP/1.1" 200 - 4 0.003 0.007
2026-10-08 05:14:14,978 61 INFO bench werkzeug: 127.0.0.1 - - [08/Oct/2026 05:14:14] "POST /json/2/product.product/search HTTP/1.1" 200 - 4 0.002 0.007
2026-10-08 05:14:15,012 61 INFO bench werkzeug: 127.0.0.1 - - [08/Oct/2026 05:14:15] "POST /json/2/product.product/search HTTP/1.1" 200 - 4 0.002 0.007
2026-10-08 05:14:16,677 61 INFO bench werkzeug: 127.0.0.1 - - [08/Oct/2026 05:14:16] "POST /json/2/product.product/search HTTP/1.1" 200 - 4 1.641 0.007
2026-10-08 05:14:16,704 61 INFO bench werkzeug: 127.0.0.1 - - [08/Oct/2026 05:14:16] "POST /json/2/product.product/search HTTP/1.1" 200 - 4 0.003 0.008
2026-10-08 05:14:16,729 61 INFO bench werkzeug: 127.0.0.1 - - [08/Oct/2026 05:14:16] "POST /json/2/product.product/search HTTP/1.1" 200 - 4 0.002 0.007
2026-10-08 05:14:16,756 61 INFO bench werkzeug: 127.0.0.1 - - [08/Oct/2026 05:14:16] "POST /json/2/product.product/search HTTP/1.1" 200 - 4 0.002 0.007
2026-10-08 05:14:16,783 61 INFO bench werkzeug: 127.0.0.1 - - [08/Oct/2026 05:14:16] "POST /json/2/product.product/search HTTP/1.1" 200 - 4 0.002 0.007
2026-10-08 05:14:16,808 61 INFO bench werkzeug: 127.0.0.1 - - [08/Oct/2026 05:14:16] "POST /json/2/product.product/search HTTP/1.1" 200 - 4 0.002 0.007
2026-10-08 05:14:16,833 61 INFO bench werkzeug: 127.0.0.1 - - [08/Oct/2026 05:14:16] "POST /json/2/product.product/search HTTP/1.1" 200 - 4 0.002 0.007
2026-10-08 05:14:16,855 61 INFO bench werkzeug: 127.0.0.1 - - [08/Oct/2026 05:14:16] "POST /json/2/product.product/search HTTP/1.1" 200 - 4 0.002 0.006
2026-10-08 05:14:16,879 61 INFO bench werkzeug: 127.0.0.1 - - [08/Oct/2026 05:14:16] "POST /json/2/product.product/search HTTP/1.1" 200 - 4 0.003 0.007
2026-10-08 05:14:16,904 61 INFO bench werkzeug: 127.0.0.1 - - [08/Oct/2026 05:14:16] "POST /json/2/product.product/search HTTP/1.1" 200 - 4 0.002 0.007
2026-10-08 05:14:16,929 61 INFO bench werkzeug: 127.0.0.1 - - [08/Oct/2026 05:14:16] "POST /json/2/product.product/search HTTP/1.1" 200 - 4 0.002 0.007
2026-10-08 05:14:16,953 61 INFO bench werkzeug: 127.0.0.1 - - [08/Oct/2026 05:14:16] "POST /json/2/product.product/search HTTP/1.1" 200 - 4 0.002 0.007
2026-10-08 05:14:16,986 61 INFO bench werkzeug: 127.0.0.1 - - [08/Oct/2026 05:14:16] "POST /json/2/product.product/search HTTP/1.1" 200 - 4 0.002 0.008
2026-10-08 05:14:17,011 61 INFO bench werkzeug: 127.0.0.1 - - [08/Oct/2026 05:14:17] "POST /json/2/product.product/search HTTP/1.1" 200 - 4 0.003 0.007
2026-10-08 05:14:17,035 61 INFO bench werkzeug: 127.0.0.1 - - [08/Oct/2026 05:14:17] "POST /json/2/product.product/search HTTP/1.1" 200 - 4 0.003 0.007
2026-10-08 05:14:17,061 61 INFO bench werkzeug: 127.0.0.1 - - [08/Oct/2026 05:14:17] "POST /json/2/product.product/search HTTP/1.1" 200 - 4 0.002 0.008
2026-10-08 05:14:17,090 61 INFO bench werkzeug: 127.0.0.1 - - [08/Oct/2026 05:14:17] "POST /json/2/mrp.bom/search HTTP/1.1" 200 - 9 0.004 0.010
2026-10-08 05:14:17,116 61 INFO bench werkzeug: 127.0.0.1 - - [08/Oct/2026 05:14:17] "POST /json/2/mrp.bom/search HTTP/1.1" 200 - 4 0.003 0.007
2026-10-08 05:14:17,141 61 INFO bench werkzeug: 127.0.0.1 - - [08/Oct/2026 05:14:17] "POST /json/2/mrp.bom/search HTTP/1.1" 200 - 4 0.003 0.007
2026-10-08 05:14:17,165 61 INFO bench werkzeug: 127.0.0.1 - - [08/Oct/2026 05:14:17] "POST /json/2/mrp.bom/search HTTP/1.1" 200 - 4 0.002 0.007
2026-10-08 05:14:17,190 61 INFO bench werkzeug: 127.0.0.1 - - [08/Oct/2026 05:14:17] "POST /json/2/mrp.bom/search HTTP/1.1" 200 - 4 0.002 0.007
2026-10-08 05:14:17,215 61 INFO bench werkzeug: 127.0.0.1 - - [08/Oct/2026 05:14:17] "POST /json/2/mrp.bom/search HTTP/1.1" 200 - 4 0.002 0.007
2026-10-08 05:14:17,241 61 INFO bench werkzeug: 127.0.0.1 - - [08/Oct/2026 05:14:17] "POST /json/2/mrp.bom/search HTTP/1.1" 200 - 4 0.002 0.007
2026-10-08 05:14:17,266 61 INFO bench werkzeug: 127.0.0.1 - - [08/Oct/2026 05:14:17] "POST /json/2/mrp.bom/search HTTP/1.1" 200 - 4 0.002 0.007
2026-10-08 05:14:17,291 61 INFO bench werkzeug: 127.0.0.1 - - [08/Oct/2026 05:14:17] "POST /json/2/mrp.bom/search HTTP/1.1" 200 - 4 0.002 0.007
2026-10-08 05:14:17,323 61 INFO bench werkzeug: 127.0.0.1 - - [08/Oct/2026 05:14:17] "POST /json/2/mrp.bom/search HTTP/1.1" 200 - 4 0.002 0.008
2026-10-08 05:14:17,347 61 INFO bench werkzeug: 127.0.0.1 - - [08/Oct/2026 05:14:17] "POST /json/2/product.product/search HTTP/1.1" 200 - 4 0.002 0.007
2026-10-08 05:14:17,376 61 INFO bench werkzeug: 127.0.0.1 - - [08/Oct/2026 05:14:17] "POST /json/2/stock.quant/search HTTP/1.1" 200 - 9 0.004 0.009
2026-10-08 05:14:17,401 61 INFO bench werkzeug: 127.0.0.1 - - [08/Oct/2026 05:14:17] "POST /json/2/product.product/search HTTP/1.1" 200 - 4 0.003 0.007
2026-10-08 05:14:17,425 61 INFO bench werkzeug: 127.0.0.1 - - [08/Oct/2026 05:14:17] "POST /json/2/stock.quant/search HTTP/1.1" 200 - 3 0.002 0.006
2026-10-08 05:14:17,451 61 INFO bench werkzeug: 127.0.0.1 - - [08/Oct/2026 05:14:17] "POST /json/2/product.product/search HTTP/1.1" 200 - 4 0.003 0.007
2026-10-08 05:14:17,475 61 INFO bench werkzeug: 127.0.0.1 - - [08/Oct/2026 05:14:17] "POST /json/2/stock.quant/search HTTP/1.1" 200 - 3 0.002 0.006
2026-10-08 05:14:17,501 61 INFO bench werkzeug: 127.0.0.1 - - [08/Oct/2026 05:14:17] "POST /json/2/product.product/search HTTP/1.1" 200 - 4 0.002 0.007
2026-10-08 05:14:17,525 61 INFO bench werkzeug: 127.0.0.1 - - [08/Oct/2026 05:14:17] "POST /json/2/stock.quant/search HTTP/1.1" 200 - 3 0.002 0.007
2026-10-08 05:14:17,552 61 INFO bench werkzeug: 127.0.0.1 - - [08/Oct/2026 05:14:17] "POST /json/2/product.product/search HTTP/1.1" 200 - 4 0.003 0.007
2026-10-08 05:14:17,579 61 INFO bench werkzeug: 127.0.0.1 - - [08/Oct/2026 05:14:17] "POST /json/2/stock.quant/search HTTP/1.1" 200 - 3 0.002 0.007
2026-10-08 05:14:17,605 61 INFO bench werkzeug: 127.0.0.1 - - [08/Oct/2026 05:14:17] "POST /json/2/product.product/search HTTP/1.1" 200 - 4 0.002 0.008
2026-10-08 05:14:17,630 61 INFO bench werkzeug: 127.0.0.1 - - [08/Oct/2026 05:14:17] "POST /json/2/stock.quant/search HTTP/1.1" 200 - 3 0.001 0.006
2026-10-08 05:14:17,666 61 INFO bench werkzeug: 127.0.0.1 - - [08/Oct/2026 05:14:17] "POST /json/2/product.product/search HTTP/1.1" 200 - 4 0.003 0.008
2026-10-08 05:14:17,690 61 INFO bench werkzeug: 127.0.0.1 - - [08/Oct/2026 05:14:17] "POST /json/2/stock.quant/search HTTP/1.1" 200 - 3 0.002 0.006
2026-10-08 05:14:17,717 61 INFO bench werkzeug: 127.0.0.1 - - [08/Oct/2026 05:14:17] "POST /json/2/product.product/search HTTP/1.1" 200 - 4 0.003 0.007
2026-10-08 05:14:17,741 61 INFO bench werkzeug: 127.0.0.1 - - [08/Oct/2026 05:14:17] "POST /json/2/stock.quant/search HTTP/1.1" 200 - 3 0.002 0.006
2026-10-08 05:14:17,767 61 INFO bench werkzeug: 127.0.0.1 - - [08/Oct/2026 05:14:17] "POST /json/2/product.product/search HTTP/1.1" 200 - 4 0.002 0.007
2026-10-08 05:14:17,790 61 INFO bench werkzeug: 127.0.0.1 - - [08/Oct/2026 05:14:17] "POST /json/2/stock.quant/search HTTP/1.1" 200 - 3 0.002 0.006
2026-10-08 05:14:17,815 61 INFO bench werkzeug: 127.0.0.1 - - [08/Oct/2026 05:14:17] "POST /json/2/product.product/search HTTP/1.1" 200 - 4 0.003 0.008
2026-10-08 05:14:17,839 61 INFO bench werkzeug: 127.0.0.1 - - [08/Oct/2026 05:14:17] "POST /json/2/stock.quant/search HTTP/1.1" 200 - 3 0.001 0.006
2026-10-08 05:14:17,864 61 INFO bench werkzeug: 127.0.0.1 - - [08/Oct/2026 05:14:17] "POST /json/2/product.product/search HTTP/1.1" 200 - 4 0.002 0.007
2026-10-08 05:14:17,888 61 INFO bench werkzeug: 127.0.0.1 - - [08/Oct/2026 05:14:17] "POST /json/2/stock.quant/search HTTP/1.1" 200 - 3 0.002 0.007
2026-10-08 05:14:17,912 61 INFO bench werkzeug: 127.0.0.1 - - [08/Oct/2026 05:14:17] "POST /json/2/product.product/search HTTP/1.1" 200 - 4 0.002 0.007
2026-10-08 05:14:17,934 61 INFO bench werkzeug: 127.0.0.1 - - [08/Oct/2026 05:14:17] "POST /json/2/stock.quant/search HTTP/1.1" 200 - 3 0.001 0.005
2026-10-08 05:14:17,960 61 INFO bench werkzeug: 127.0.0.1 - - [08/Oct/2026 05:14:17] "POST /json/2/product.product/search HTTP/1.1" 200 - 4 0.002 0.007
2026-10-08 05:14:17,991 61 INFO bench werkzeug: 127.0.0.1 - - [08/Oct/2026 05:14:17] "POST /json/2/stock.quant/search HTTP/1.1" 200 - 3 0.002 0.005
2026-10-08 05:14:18,017 61 INFO bench werkzeug: 127.0.0.1 - - [08/Oct/2026 05:14:18] "POST /json/2/product.product/search HTTP/1.1" 200 - 4 0.003 0.007
2026-10-08 05:14:18,040 61 INFO bench werkzeug: 127.0.0.1 - - [08/Oct/2026 05:14:18] "POST /json/2/stock.quant/search HTTP/1.1" 200 - 3 0.001 0.005
2026-10-08 05:14:18,064 61 INFO bench werkzeug: 127.0.0.1 - - [08/Oct/2026 05:14:18] "POST /json/2/product.product/search HTTP/1.1" 200 - 4 0.002 0.007
2026-10-08 05:14:18,087 61 INFO bench werkzeug: 127.0.0.1 - - [08/Oct/2026 05:14:18] "POST /json/2/stock.quant/search HTTP/1.1" 200 - 3 0.001 0.005
2026-10-08 05:14:18,112 61 INFO bench werkzeug: 127.0.0.1 - - [08/Oct/2026 05:14:18] "POST /json/2/product.product/search HTTP/1.1" 200 - 4 0.002 0.007
2026-10-08 05:14:18,135 61 INFO bench werkzeug: 127.0.0.1 - - [08/Oct/2026 05:14:18] "POST /json/2/stock.quant/search HTTP/1.1" 200 - 3 0.001 0.006
2026-10-08 05:14:18,159 61 INFO bench werkzeug: 127.0.0.1 - - [08/Oct/2026 05:14:18] "POST /json/2/product.product/search HTTP/1.1" 200 - 4 0.002 0.007
2026-10-08 05:14:18,182 61 INFO bench werkzeug: 127.0.0.1 - - [08/Oct/2026 05:14:18] "POST /json/2/stock.quant/search HTTP/1.1" 200 - 3 0.002 0.006
2026-10-08 05:14:18,207 61 INFO bench werkzeug: 127.0.0.1 - - [08/Oct/2026 05:14:18] "POST /json/2/product.product/search HTTP/1.1" 200 - 4 0.002 0.007
2026-10-08 05:14:18,230 61 INFO bench werkzeug: 127.0.0.1 - - [08/Oct/2026 05:14:18] "POST /json/2/stock.quant/search HTTP/1.1" 200 - 3 0.001 0.005
2026-10-08 05:14:18,254 61 INFO bench werkzeug: 127.0.0.1 - - [08/Oct/2026 05:14:18] "POST /json/2/product.product/search HTTP/1.1" 200 - 4 0.002 0.007
2026-10-08 05:14:18,278 61 INFO bench werkzeug: 127.0.0.1 - - [08/Oct/2026 05:14:18] "POST /json/2/stock.quant/search HTTP/1.1" 200 - 3 0.002 0.006
2026-10-08 05:14:18,312 61 INFO bench werkzeug: 127.0.0.1 - - [08/Oct/2026 05:14:18] "POST /json/2/product.product/search HTTP/1.1" 200 - 4 0.003 0.007
2026-10-08 05:14:18,334 61 INFO bench werkzeug: 127.0.0.1 - - [08/Oct/2026 05:14:18] "POST /json/2/stock.quant/search HTTP/1.1" 200 - 3 0.002 0.006
2026-10-08 05:14:18,359 61 INFO bench werkzeug: 127.0.0.1 - - [08/Oct/2026 05:14:18] "POST /json/2/product.product/search HTTP/1.1" 200 - 4 0.002 0.007
2026-10-08 05:14:18,383 61 INFO bench werkzeug: 127.0.0.1 - - [08/Oct/2026 05:14:18] "POST /json/2/stock.quant/search HTTP/1.1" 200 - 3 0.002 0.006
2026-10-08 05:14:18,409 61 INFO bench werkzeug: 127.0.0.1 - - [08/Oct/2026 05:14:18] "POST /json/2/product.product/search HTTP/1.1" 200 - 4 0.003 0.007
2026-10-08 05:14:18,432 61 INFO bench werkzeug: 127.0.0.1 - - [08/Oct/2026 05:14:18] "POST /json/2/stock.quant/search HTTP/1.1" 200 - 3 0.001 0.006
2026-10-08 05:14:18,460 61 INFO bench werkzeug: 127.0.0.1 - - [08/Oct/2026 05:14:18] "POST /json/2/product.product/search HTTP/1.1" 200 - 4 0.003 0.007
2026-10-08 05:14:18,483 61 INFO bench werkzeug: 127.0.0.1 - - [08/Oct/2026 05:14:18] "POST /json/2/stock.quant/search HTTP/1.1" 200 - 3 0.002 0.006
2026-10-08 05:14:18,510 61 INFO bench werkzeug: 127.0.0.1 - - [08/Oct/2026 05:14:18] "POST /json/2/product.product/search HTTP/1.1" 200 - 4 0.002 0.008
2026-10-08 05:14:18,533 61 INFO bench werkzeug: 127.0.0.1 - - [08/Oct/2026 05:14:18] "POST /json/2/stock.quant/search HTTP/1.1" 200 - 3 0.001 0.006
2026-10-08 05:14:18,563 61 INFO bench werkzeug: 127.0.0.1 - - [08/Oct/2026 05:14:18] "POST /json/2/product.product/search HTTP/1.1" 200 - 4 0.002 0.011
2026-10-08 05:14:18,587 61 INFO bench werkzeug: 127.0.0.1 - - [08/Oct/2026 05:14:18] "POST /json/2/stock.quant/search HTTP/1.1" 200 - 3 0.002 0.006
2026-10-08 05:14:18,613 61 INFO bench werkzeug: 127.0.0.1 - - [08/Oct/2026 05:14:18] "POST /json/2/product.product/search HTTP/1.1" 200 - 4 0.002 0.007
2026-10-08 05:14:18,644 61 INFO bench werkzeug: 127.0.0.1 - - [08/Oct/2026 05:14:18] "POST /json/2/stock.quant/search HTTP/1.1" 200 - 3 0.002 0.006
2026-10-08 05:14:18,668 61 INFO bench werkzeug: 127.0.0.1 - - [08/Oct/2026 05:14:18] "POST /json/2/product.product/search HTTP/1.1" 200 - 4 0.002 0.007
2026-10-08 05:14:18,691 61 INFO bench werkzeug: 127.0.0.1 - - [08/Oct/2026 05:14:18] "POST /json/2/stock.quant/search HTTP/1.1" 200 - 3 0.001 0.005
2026-10-08 05:14:18,716 61 INFO bench werkzeug: 127.0.0.1 - - [08/Oct/2026 05:14:18] "POST /json/2/product.product/search HTTP/1.1" 200 - 4 0.003 0.007
2026-10-08 05:14:18,740 61 INFO bench werkzeug: 127.0.0.1 - - [08/Oct/2026 05:14:18] "POST /json/2/stock.quant/search HTTP/1.1" 200 - 3 0.002 0.006
2026-10-08 05:14:18,764 61 INFO bench werkzeug: 127.0.0.1 - - [08/Oct/2026 05:14:18] "POST /json/2/product.product/search HTTP/1.1" 200 - 4 0.002 0.007
2026-10-08 05:14:18,787 61 INFO bench werkzeug: 127.0.0.1 - - [08/Oct/2026 05:14:18] "POST /json/2/stock.quant/search HTTP/1.1" 200 - 3 0.001 0.005
2026-10-08 05:14:18,813 61 INFO bench werkzeug: 127.0.0.1 - - [08/Oct/2026 05:14:18] "POST /json/2/product.product/search HTTP/1.1" 200 - 4 0.002 0.007
2026-10-08 05:14:18,836 61 INFO bench werkzeug: 127.0.0.1 - - [08/Oct/2026 05:14:18] "POST /json/2/stock.quant/search HTTP/1.1" 200 - 3 0.002 0.006
2026-10-08 05:14:18,860 61 INFO bench werkzeug: 127.0.0.1 - - [08/Oct/2026 05:14:18] "POST /json/2/product.product/search HTTP/1.1" 200 - 4 0.002 0.007
2026-10-08 05:14:18,884 61 INFO bench werkzeug: 127.0.0.1 - - [08/Oct/2026 05:14:18] "POST /json/2/stock.quant/search HTTP/1.1" 200 - 3 0.001 0.006
2026-10-08 05:14:18,909 61 INFO bench werkzeug: 127.0.0.1 - - [08/Oct/2026 05:14:18] "POST /json/2/product.product/search HTTP/1.1" 200 - 4 0.002 0.007
2026-10-08 05:14:18,932 61 INFO bench werkzeug: 127.0.0.1 - - [08/Oct/2026 05:14:18] "POST /json/2/stock.quant/search HTTP/1.1" 200 - 3 0.001 0.005
2026-10-08 05:14:18,966 61 INFO bench werkzeug: 127.0.0.1 - - [08/Oct/2026 05:14:18] "POST /json/2/product.product/search HTTP/1.1" 200 - 4 0.003 0.007
2026-10-08 05:14:18,988 61 INFO bench werkzeug: 127.0.0.1 - - [08/Oct/2026 05:14:18] "POST /json/2/stock.quant/search HTTP/1.1" 200 - 3 0.001 0.006
2026-10-08 05:14:19,016 61 INFO bench werkzeug: 127.0.0.1 - - [08/Oct/2026 05:14:19] "POST /json/2/product.product/search HTTP/1.1" 200 - 4 0.004 0.007
2026-10-08 05:14:19,040 61 INFO bench werkzeug: 127.0.0.1 - - [08/Oct/2026 05:14:19] "POST /json/2/stock.quant/search HTTP/1.1" 200 - 3 0.002 0.007
2026-10-08 05:14:19,064 61 INFO bench werkzeug: 127.0.0.1 - - [08/Oct/2026 05:14:19] "POST /json/2/product.product/search HTTP/1.1" 200 - 4 0.002 0.007
2026-10-08 05:14:19,087 61 INFO bench werkzeug: 127.0.0.1 - - [08/Oct/2026 05:14:19] "POST /json/2/stock.quant/search HTTP/1.1" 200 - 3 0.002 0.005
2026-10-08 05:14:19,114 61 INFO bench werkzeug: 127.0.0.1 - - [08/Oct/2026 05:14:19] "POST /json/2/product.product/search HTTP/1.1" 200 - 4 0.002 0.007
2026-10-08 05:14:19,138 61 INFO bench werkzeug: 127.0.0.1 - - [08/Oct/2026 05:14:19] "POST /json/2/stock.quant/search HTTP/1.1" 200 - 3 0.002 0.006
2026-10-08 05:14:19,165 61 INFO bench werkzeug: 127.0.0.1 - - [08/Oct/2026 05:14:19] "POST /json/2/product.product/search HTTP/1.1" 200 - 4 0.003 0.007
2026-10-08 05:14:19,188 61 INFO bench werkzeug: 127.0.0.1 - - [08/Oct/2026 05:14:19] "POST /json/2/stock.quant/search HTTP/1.1" 200 - 3 0.002 0.006
2026-10-08 05:14:19,213 61 INFO bench werkzeug: 127.0.0.1 - - [08/Oct/2026 05:14:19] "POST /json/2/product.product/search HTTP/1.1" 200 - 4 0.002 0.007
2026-10-08 05:14:19,235 61 INFO bench werkzeug: 127.0.0.1 - - [08/Oct/2026 05:14:19] "POST /json/2/stock.quant/search HTTP/1.1" 200 - 3 0.001 0.005
2026-10-08 05:14:19,260 61 INFO bench werkzeug: 127.0.0.1 - - [08/Oct/2026 05:14:19] "POST /json/2/product.product/search HTTP/1.1" 200 - 4 0.002 0.007
2026-10-08 05:14:19,292 61 INFO bench werkzeug: 127.0.0.1 - - [08/Oct/2026 05:14:19] "POST /json/2/stock.quant/search HTTP/1.1" 200 - 3 0.002 0.006
2026-10-08 05:14:19,318 61 INFO bench werkzeug: 127.0.0.1 - - [08/Oct/2026 05:14:19] "POST /json/2/product.product/search HTTP/1.1" 200 - 4 0.003 0.007
2026-10-08 05:14:19,343 61 INFO bench werkzeug: 127.0.0.1 - - [08/Oct/2026 05:14:19] "POST /json/2/stock.quant/search HTTP/1.1" 200 - 3 0.002 0.006
2026-10-08 05:14:19,369 61 INFO bench werkzeug: 127.0.0.1 - - [08/Oct/2026 05:14:19] "POST /json/2/product.product/search HTTP/1.1" 200 - 4 0.003 0.007
2026-10-08 05:14:19,393 61 INFO bench werkzeug: 127.0.0.1 - - [08/Oct/2026 05:14:19] "POST /json/2/stock.quant/search HTTP/1.1" 200 - 3 0.001 0.006
2026-10-08 05:14:19,419 61 INFO bench werkzeug: 127.0.0.1 - - [08/Oct/2026 05:14:19] "POST /json/2/product.product/search HTTP/1.1" 200 - 4 0.003 0.007
2026-10-08 05:14:19,443 61 INFO bench werkzeug: 127.0.0.1 - - [08/Oct/2026 05:14:19] "POST /json/2/stock.quant/search HTTP/1.1" 200 - 3 0.002 0.006
2026-10-08 05:14:19,470 61 INFO bench werkzeug: 127.0.0.1 - - [08/Oct/2026 05:14:19] "POST /json/2/product.product/search HTTP/1.1" 200 - 4 0.002 0.007
2026-10-08 05:14:19,493 61 INFO bench werkzeug: 127.0.0.1 - - [08/Oct/2026 05:14:19] "POST /json/2/stock.quant/search HTTP/1.1" 200 - 3 0.001 0.006
2026-10-08 05:14:19,520 61 INFO bench werkzeug: 127.0.0.1 - - [08/Oct/2026 05:14:19] "POST /json/2/product.product/search HTTP/1.1" 200 - 4 0.003 0.007
2026-10-08 05:14:19,543 61 INFO bench werkzeug: 127.0.0.1 - - [08/Oct/2026 05:14:19] "POST /json/2/stock.quant/search HTTP/1.1" 200 - 3 0.002 0.006
2026-10-08 05:14:19,568 61 INFO bench werkzeug: 127.0.0.1 - - [08/Oct/2026 05:14:19] "POST /json/2/product.product/search HTTP/1.1" 200 - 4 0.002 0.007
2026-10-08 05:14:19,595 61 INFO bench werkzeug: 127.0.0.1 - - [08/Oct/2026 05:14:19] "POST /json/2/stock.quant/search HTTP/1.1" 200 - 3 0.001 0.005
2026-10-08 05:14:19,636 61 INFO bench werkzeug: 127.0.0.1 - - [08/Oct/2026 05:14:19] "POST /json/2/product.product/search HTTP/1.1" 200 - 4 0.003 0.007
2026-10-08 05:14:19,657 61 INFO bench werkzeug: 127.0.0.1 - - [08/Oct/2026 05:14:19] "POST /json/2/stock.quant/search HTTP/1.1" 200 - 3 0.001 0.005
2026-10-08 05:14:19,684 61 INFO bench werkzeug: 127.0.0.1 - - [08/Oct/2026 05:14:19] "POST /json/2/product.product/search HTTP/1.1" 200 - 4 0.002 0.007
2026-10-08 05:14:19,712 61 INFO bench werkzeug: 127.0.0.1 - - [08/Oct/2026 05:14:19] "POST /json/2/stock.quant/search HTTP/1.1" 200 - 3 0.002 0.006
2026-10-08 05:14:19,739 61 INFO bench werkzeug: 127.0.0.1 - - [08/Oct/2026 05:14:19] "POST /json/2/product.product/search HTTP/1.1" 200 - 4 0.003 0.008
2026-10-08 05:14:19,765 61 INFO bench werkzeug: 127.0.0.1 - - [08/Oct/2026 05:14:19] "POST /json/2/stock.quant/search HTTP/1.1" 200 - 3 0.002 0.006
2026-10-08 05:14:19,791 61 INFO bench werkzeug: 127.0.0.1 - - [08/Oct/2026 05:14:19] "POST /json/2/product.product/search HTTP/1.1" 200 - 4 0.003 0.007
2026-10-08 05:14:19,818 61 INFO bench werkzeug: 127.0.0.1 - - [08/Oct/2026 05:14:19] "POST /json/2/stock.quant/search HTTP/1.1" 200 - 3 0.002 0.006
2026-10-08 05:14:19,845 61 INFO bench werkzeug: 127.0.0.1 - - [08/Oct/2026 05:14:19] "POST /json/2/product.product/search HTTP/1.1" 200 - 4 0.003 0.007
2026-10-08 05:14:19,869 61 INFO bench werkzeug: 127.0.0.1 - - [08/Oct/2026 05:14:19] "POST /json/2/stock.quant/search HTTP/1.1" 200 - 3 0.002 0.006
2026-10-08 05:14:19,897 61 INFO bench werkzeug: 127.0.0.1 - - [08/Oct/2026 05:14:19] "POST /json/2/product.product/search HTTP/1.1" 200 - 4 0.003 0.009
2026-10-08 05:14:19,921 61 INFO bench werkzeug: 127.0.0.1 - - [08/Oct/2026 05:14:19] "POST /json/2/stock.quant/search HTTP/1.1" 200 - 3 0.002 0.006
2026-10-08 05:14:21,913 61 INFO bench werkzeug: 127.0.0.1 - - [08/Oct/2026 05:14:21] "GET /web/health HTTP/1.1" 200 - 2 0.002 0.012
